schema_version,map_name,frame_id,building_id,source_component_id,ring_role,ring_index,vertex_order,next_vertex_order,ring_vertex_count,winding,x_enu_m,y_enu_m,foundation_z_m,ground_reference_z_m,roof_z_m,height_above_ground_m
1,city_uav,gazebo_world_enu,building_001,1046,outer,0,0,1,4,CCW,-363.344,356.3635,-0.05,0,48.2352941176,48.2352941176
1,city_uav,gazebo_world_enu,building_001,1046,outer,0,1,2,4,CCW,-327.687,342.1635,-0.05,0,48.2352941176,48.2352941176
1,city_uav,gazebo_world_enu,building_001,1046,outer,0,2,3,4,CCW,-318.774,363.467,-0.05,0,48.2352941176,48.2352941176
1,city_uav,gazebo_world_enu,building_001,1046,outer,0,3,0,4,CCW,-354.431,378.259,-0.05,0,48.2352941176,48.2352941176
1,city_uav,gazebo_world_enu,building_002,1052,outer,0,0,1,4,CCW,-340.76375,397.7875,-0.05,0,30.1470588235,30.1470588235
1,city_uav,gazebo_world_enu,building_002,1052,outer,0,1,2,4,CCW,-312.23825,386.54575,-0.05,0,30.1470588235,30.1470588235
1,city_uav,gazebo_world_enu,building_002,1052,outer,0,2,3,4,CCW,-304.51375,405.48225,-0.05,0,30.1470588235,30.1470588235
1,city_uav,gazebo_world_enu,building_002,1052,outer,0,3,0,4,CCW,-333.03925,416.724,-0.05,0,30.1470588235,30.1470588235
1,city_uav,gazebo_world_enu,building_004,1055,outer,0,0,1,4,CCW,-604.0315,538.0205,-0.05,0,23.0882352941,23.0882352941
1,city_uav,gazebo_world_enu,building_004,1055,outer,0,1,2,4,CCW,-585.0145,528.55325,-0.05,0,23.0882352941,23.0882352941
1,city_uav,gazebo_world_enu,building_004,1055,outer,0,2,3,4,CCW,-575.507,548.0815,-0.05,0,23.0882352941,23.0882352941
1,city_uav,gazebo_world_enu,building_004,1055,outer,0,3,0,4,CCW,-594.524,557.54875,-0.05,0,23.0882352941,23.0882352941
1,city_uav,gazebo_world_enu,building_005,1057,outer,0,0,1,4,CCW,551.222,552.3005,-0.05,0,33.5294117647,33.5294117647
1,city_uav,gazebo_world_enu,building_005,1057,outer,0,1,2,4,CCW,551.22375,535.13975,-0.05,0,33.5294117647,33.5294117647
1,city_uav,gazebo_world_enu,building_005,1057,outer,0,2,3,4,CCW,591.03975,535.1435,-0.05,0,33.5294117647,33.5294117647
1,city_uav,gazebo_world_enu,building_005,1057,outer,0,3,0,4,CCW,591.038,551.7125,-0.05,0,33.5294117647,33.5294117647
1,city_uav,gazebo_world_enu,building_007,1063,outer,0,0,1,4,CCW,418.102,602.58725,-0.05,0,38.3823529412,38.3823529412
1,city_uav,gazebo_world_enu,building_007,1063,outer,0,1,2,4,CCW,418.10325,587.7935,-0.05,0,38.3823529412,38.3823529412
1,city_uav,gazebo_world_enu,building_007,1063,outer,0,2,3,4,CCW,490.60375,587.8,-0.05,0,38.3823529412,38.3823529412
1,city_uav,gazebo_world_enu,building_007,1063,outer,0,3,0,4,CCW,490.60225,602.59375,-0.05,0,38.3823529412,38.3823529412
1,city_uav,gazebo_world_enu,building_009,1086,outer,0,0,1,4,CCW,-284.85,-553.74675,-0.05,0,34.4117647059,34.4117647059
1,city_uav,gazebo_world_enu,building_009,1086,outer,0,1,2,4,CCW,-283.65875,-599.9035,-0.05,0,34.4117647059,34.4117647059
1,city_uav,gazebo_world_enu,building_009,1086,outer,0,2,3,4,CCW,-242.058,-599.30925,-0.05,0,34.4117647059,34.4117647059
1,city_uav,gazebo_world_enu,building_009,1086,outer,0,3,0,4,CCW,-242.655,-552.561,-0.05,0,34.4117647059,34.4117647059
1,city_uav,gazebo_world_enu,building_010,1087,outer,0,0,1,4,CCW,387.8525,-61.953,-0.05,0,46.9117647059,46.9117647059
1,city_uav,gazebo_world_enu,building_010,1087,outer,0,1,2,4,CCW,387.85575,-101.6005,-0.05,0,46.9117647059,46.9117647059
1,city_uav,gazebo_world_enu,building_010,1087,outer,0,2,3,4,CCW,430.64425,-101.005,-0.05,0,46.9117647059,46.9117647059
1,city_uav,gazebo_world_enu,building_010,1087,outer,0,3,0,4,CCW,430.64075,-61.94925,-0.05,0,46.9117647059,46.9117647059
1,city_uav,gazebo_world_enu,building_011,1089,outer,0,0,1,6,CCW,509.0485,343.99975,-0.05,0,29.2647058824,29.2647058824
1,city_uav,gazebo_world_enu,building_011,1089,outer,0,1,2,6,CCW,520.93425,342.81725,-0.05,0,29.2647058824,29.2647058824
1,city_uav,gazebo_world_enu,building_011,1089,outer,0,2,3,6,CCW,520.934,344.00075,-0.05,0,29.2647058824,29.2647058824
1,city_uav,gazebo_world_enu,building_011,1089,outer,0,3,4,6,CCW,532.22525,342.8185,-0.05,0,29.2647058824,29.2647058824
1,city_uav,gazebo_world_enu,building_011,1089,outer,0,4,5,6,CCW,535.78775,377.14025,-0.05,0,29.2647058824,29.2647058824
1,city_uav,gazebo_world_enu,building_011,1089,outer,0,5,0,6,CCW,513.20525,379.50525,-0.05,0,29.2647058824,29.2647058824
1,city_uav,gazebo_world_enu,building_012,1090,outer,0,0,1,6,CCW,433.5875,214.39925,-0.05,0,25.7352941176,25.7352941176
1,city_uav,gazebo_world_enu,building_012,1090,outer,0,1,2,6,CCW,433.58875,201.3805,-0.05,0,25.7352941176,25.7352941176
1,city_uav,gazebo_world_enu,building_012,1090,outer,0,2,3,6,CCW,469.8395,201.38375,-0.05,0,25.7352941176,25.7352941176
1,city_uav,gazebo_world_enu,building_012,1090,outer,0,3,4,6,CCW,470.43175,223.27875,-0.05,0,25.7352941176,25.7352941176
1,city_uav,gazebo_world_enu,building_012,1090,outer,0,4,5,6,CCW,435.3695,223.2755,-0.05,0,25.7352941176,25.7352941176
1,city_uav,gazebo_world_enu,building_012,1090,outer,0,5,0,6,CCW,435.3705,214.39925,-0.05,0,25.7352941176,25.7352941176
1,city_uav,gazebo_world_enu,building_014,1093,outer,0,0,1,6,CCW,551.2455,305.53975,-0.05,0,41.9117647059,41.9117647059
1,city_uav,gazebo_world_enu,building_014,1093,outer,0,1,2,6,CCW,552.4355,290.74625,-0.05,0,41.9117647059,41.9117647059
1,city_uav,gazebo_world_enu,building_014,1093,outer,0,2,3,6,CCW,553.624,290.74625,-0.05,0,41.9117647059,41.9117647059
1,city_uav,gazebo_world_enu,building_014,1093,outer,0,3,4,6,CCW,553.62475,283.64525,-0.05,0,41.9117647059,41.9117647059
1,city_uav,gazebo_world_enu,building_014,1093,outer,0,4,5,6,CCW,588.68675,286.60725,-0.05,0,41.9117647059,41.9117647059
1,city_uav,gazebo_world_enu,building_014,1093,outer,0,5,0,6,CCW,586.90175,308.502,-0.05,0,41.9117647059,41.9117647059
1,city_uav,gazebo_world_enu,building_015,1096,outer,0,0,1,6,CCW,-92.893,-533.61575,-0.05,0,34.1176470588,34.1176470588
1,city_uav,gazebo_world_enu,building_015,1096,outer,0,1,2,6,CCW,-73.281,-535.38975,-0.05,0,34.1176470588,34.1176470588
1,city_uav,gazebo_world_enu,building_015,1096,outer,0,2,3,6,CCW,-72.68725,-527.10525,-0.05,0,34.1176470588,34.1176470588
1,city_uav,gazebo_world_enu,building_015,1096,outer,0,3,4,6,CCW,-64.9615,-527.6965,-0.05,0,34.1176470588,34.1176470588
1,city_uav,gazebo_world_enu,building_015,1096,outer,0,4,5,6,CCW,-64.36775,-517.045,-0.05,0,34.1176470588,34.1176470588
1,city_uav,gazebo_world_enu,building_015,1096,outer,0,5,0,6,CCW,-91.70575,-514.67975,-0.05,0,34.1176470588,34.1176470588
1,city_uav,gazebo_world_enu,building_018,1106,outer,0,0,1,6,CCW,-605.80725,364.04525,-0.05,0,20.5882352941,20.5882352941
1,city_uav,gazebo_world_enu,building_018,1106,outer,0,1,2,6,CCW,-590.3555,345.11,-0.05,0,20.5882352941,20.5882352941
1,city_uav,gazebo_world_enu,building_018,1106,outer,0,2,3,6,CCW,-602.2405,335.64125,-0.05,0,20.5882352941,20.5882352941
1,city_uav,gazebo_world_enu,building_018,1106,outer,0,3,4,6,CCW,-590.3545,321.43975,-0.05,0,20.5882352941,20.5882352941
1,city_uav,gazebo_world_enu,building_018,1106,outer,0,4,5,6,CCW,-559.4535,347.47825,-0.05,0,20.5882352941,20.5882352941
1,city_uav,gazebo_world_enu,building_018,1106,outer,0,5,0,6,CCW,-586.79125,380.0235,-0.05,0,20.5882352941,20.5882352941
1,city_uav,gazebo_world_enu,building_019,1107,outer,0,0,1,6,CCW,459.12925,349.91275,-0.05,0,29.5588235294,29.5588235294
1,city_uav,gazebo_world_enu,building_019,1107,outer,0,1,2,6,CCW,471.01475,348.73025,-0.05,0,29.5588235294,29.5588235294
1,city_uav,gazebo_world_enu,building_019,1107,outer,0,2,3,6,CCW,471.0145,349.91375,-0.05,0,29.5588235294,29.5588235294
1,city_uav,gazebo_world_enu,building_019,1107,outer,0,3,4,6,CCW,480.523,348.73125,-0.05,0,29.5588235294,29.5588235294
1,city_uav,gazebo_world_enu,building_019,1107,outer,0,4,5,6,CCW,484.67975,383.05325,-0.05,0,29.5588235294,29.5588235294
1,city_uav,gazebo_world_enu,building_019,1107,outer,0,5,0,6,CCW,463.28575,385.41825,-0.05,0,29.5588235294,29.5588235294
1,city_uav,gazebo_world_enu,building_020,1111,outer,0,0,1,6,CCW,432.99475,197.23825,-0.05,0,27.7941176471,27.7941176471
1,city_uav,gazebo_world_enu,building_020,1111,outer,0,1,2,6,CCW,432.99675,175.3435,-0.05,0,27.7941176471,27.7941176471
1,city_uav,gazebo_world_enu,building_020,1111,outer,0,2,3,6,CCW,472.219,175.347,-0.05,0,27.7941176471,27.7941176471
1,city_uav,gazebo_world_enu,building_020,1111,outer,0,3,4,6,CCW,472.218,185.9985,-0.05,0,27.7941176471,27.7941176471
1,city_uav,gazebo_world_enu,building_020,1111,outer,0,4,5,6,CCW,471.0295,185.9985,-0.05,0,27.7941176471,27.7941176471
1,city_uav,gazebo_world_enu,building_020,1111,outer,0,5,0,6,CCW,471.0285,197.24175,-0.05,0,27.7941176471,27.7941176471
1,city_uav,gazebo_world_enu,building_022,1113,outer,0,0,1,6,CCW,547.1245,-104.54475,-0.05,0,44.8529411765,44.8529411765
1,city_uav,gazebo_world_enu,building_022,1113,outer,0,1,2,6,CCW,547.12625,-122.889,-0.05,0,44.8529411765,44.8529411765
1,city_uav,gazebo_world_enu,building_022,1113,outer,0,2,3,6,CCW,587.53775,-122.88525,-0.05,0,44.8529411765,44.8529411765
1,city_uav,gazebo_world_enu,building_022,1113,outer,0,3,4,6,CCW,587.53325,-77.32025,-0.05,0,44.8529411765,44.8529411765
1,city_uav,gazebo_world_enu,building_022,1113,outer,0,4,5,6,CCW,563.16775,-77.32275,-0.05,0,44.8529411765,44.8529411765
1,city_uav,gazebo_world_enu,building_022,1113,outer,0,5,0,6,CCW,563.17025,-104.54325,-0.05,0,44.8529411765,44.8529411765
1,city_uav,gazebo_world_enu,building_026,1119,outer,0,0,1,6,CCW,437.79875,-357.233,-0.05,0,46.3235294118,46.3235294118
1,city_uav,gazebo_world_enu,building_026,1119,outer,0,1,2,6,CCW,438.39675,-398.06375,-0.05,0,46.3235294118,46.3235294118
1,city_uav,gazebo_world_enu,building_026,1119,outer,0,2,3,6,CCW,480.5915,-397.46825,-0.05,0,46.3235294118,46.3235294118
1,city_uav,gazebo_world_enu,building_026,1119,outer,0,3,4,6,CCW,479.99475,-371.43125,-0.05,0,46.3235294118,46.3235294118
1,city_uav,gazebo_world_enu,building_026,1119,outer,0,4,5,6,CCW,456.223,-372.025,-0.05,0,46.3235294118,46.3235294118
1,city_uav,gazebo_world_enu,building_026,1119,outer,0,5,0,6,CCW,455.6275,-357.23125,-0.05,0,46.3235294118,46.3235294118
1,city_uav,gazebo_world_enu,building_027,1121,outer,0,0,1,6,CCW,-283.668,-433.62125,-0.05,0,42.9411764706,42.9411764706
1,city_uav,gazebo_world_enu,building_027,1121,outer,0,1,2,6,CCW,-283.667,-451.9655,-0.05,0,42.9411764706,42.9411764706
1,city_uav,gazebo_world_enu,building_027,1121,outer,0,2,3,6,CCW,-243.84925,-451.96325,-0.05,0,42.9411764706,42.9411764706
1,city_uav,gazebo_world_enu,building_027,1121,outer,0,3,4,6,CCW,-243.25725,-409.94875,-0.05,0,42.9411764706,42.9411764706
1,city_uav,gazebo_world_enu,building_027,1121,outer,0,4,5,6,CCW,-268.812,-409.95025,-0.05,0,42.9411764706,42.9411764706
1,city_uav,gazebo_world_enu,building_027,1121,outer,0,5,0,6,CCW,-268.81075,-433.62025,-0.05,0,42.9411764706,42.9411764706
1,city_uav,gazebo_world_enu,building_028,1122,outer,0,0,1,6,CCW,-397.178,-437.76925,-0.05,0,38.0882352941,38.0882352941
1,city_uav,gazebo_world_enu,building_028,1122,outer,0,1,2,6,CCW,-396.58175,-480.3755,-0.05,0,38.0882352941,38.0882352941
1,city_uav,gazebo_world_enu,building_028,1122,outer,0,2,3,6,CCW,-371.62125,-479.7825,-0.05,0,38.0882352941,38.0882352941
1,city_uav,gazebo_world_enu,building_028,1122,outer,0,3,4,6,CCW,-371.6225,-454.929,-0.05,0,38.0882352941,38.0882352941
1,city_uav,gazebo_world_enu,building_028,1122,outer,0,4,5,6,CCW,-355.5765,-454.928,-0.05,0,38.0882352941,38.0882352941
1,city_uav,gazebo_world_enu,building_028,1122,outer,0,5,0,6,CCW,-356.17175,-437.1755,-0.05,0,38.0882352941,38.0882352941
1,city_uav,gazebo_world_enu,building_031,1125,outer,0,0,1,6,CCW,137.687,-436.5525,-0.05,0,42.0588235294,42.0588235294
1,city_uav,gazebo_world_enu,building_031,1125,outer,0,1,2,6,CCW,138.28425,-476.19975,-0.05,0,42.0588235294,42.0588235294
1,city_uav,gazebo_world_enu,building_031,1125,outer,0,2,3,6,CCW,154.9245,-476.1985,-0.05,0,42.0588235294,42.0588235294
1,city_uav,gazebo_world_enu,building_031,1125,outer,0,3,4,6,CCW,155.51775,-461.40475,-0.05,0,42.0588235294,42.0588235294
1,city_uav,gazebo_world_enu,building_031,1125,outer,0,4,5,6,CCW,179.2895,-461.9945,-0.05,0,42.0588235294,42.0588235294
1,city_uav,gazebo_world_enu,building_031,1125,outer,0,5,0,6,CCW,179.882,-437.141,-0.05,0,42.0588235294,42.0588235294
1,city_uav,gazebo_world_enu,building_032,1129,outer,0,0,1,6,CCW,188.7525,126.79925,-0.05,0,47.0588235294,47.0588235294
1,city_uav,gazebo_world_enu,building_032,1129,outer,0,1,2,6,CCW,189.3485,105.49625,-0.05,0,47.0588235294,47.0588235294
1,city_uav,gazebo_world_enu,building_032,1129,outer,0,2,3,6,CCW,214.30825,105.49825,-0.05,0,47.0588235294,47.0588235294
1,city_uav,gazebo_world_enu,building_032,1129,outer,0,3,4,6,CCW,214.30775,110.824,-0.05,0,47.0588235294,47.0588235294
1,city_uav,gazebo_world_enu,building_032,1129,outer,0,4,5,6,CCW,228.5705,110.82525,-0.05,0,47.0588235294,47.0588235294
1,city_uav,gazebo_world_enu,building_032,1129,outer,0,5,0,6,CCW,228.56925,126.8025,-0.05,0,47.0588235294,47.0588235294
1,city_uav,gazebo_world_enu,building_033,1130,outer,0,0,1,6,CCW,189.982,-398.67625,-0.05,0,45.2941176471,45.2941176471
1,city_uav,gazebo_world_enu,building_033,1130,outer,0,1,2,6,CCW,235.14825,-399.2645,-0.05,0,45.2941176471,45.2941176471
1,city_uav,gazebo_world_enu,building_033,1130,outer,0,2,3,6,CCW,235.145,-358.43375,-0.05,0,45.2941176471,45.2941176471
1,city_uav,gazebo_world_enu,building_033,1130,outer,0,3,4,6,CCW,214.93925,-358.43525,-0.05,0,45.2941176471,45.2941176471
1,city_uav,gazebo_world_enu,building_033,1130,outer,0,4,5,6,CCW,214.346,-373.82075,-0.05,0,45.2941176471,45.2941176471
1,city_uav,gazebo_world_enu,building_033,1130,outer,0,5,0,6,CCW,190.57425,-373.231,-0.05,0,45.2941176471,45.2941176471
1,city_uav,gazebo_world_enu,building_034,1135,outer,0,0,1,6,CCW,88.9315,-115.8265,-0.05,0,43.8235294118,43.8235294118
1,city_uav,gazebo_world_enu,building_034,1135,outer,0,1,2,6,CCW,88.93275,-134.17075,-0.05,0,43.8235294118,43.8235294118
1,city_uav,gazebo_world_enu,building_034,1135,outer,0,2,3,6,CCW,128.15575,-134.75975,-0.05,0,43.8235294118,43.8235294118
1,city_uav,gazebo_world_enu,building_034,1135,outer,0,3,4,6,CCW,128.1525,-92.1535,-0.05,0,43.8235294118,43.8235294118
1,city_uav,gazebo_world_enu,building_034,1135,outer,0,4,5,6,CCW,103.78675,-92.15525,-0.05,0,43.8235294118,43.8235294118
1,city_uav,gazebo_world_enu,building_034,1135,outer,0,5,0,6,CCW,89.524,-91.5645,-0.05,0,43.8235294118,43.8235294118
1,city_uav,gazebo_world_enu,building_036,1137,outer,0,0,1,6,CCW,-99.44875,-244.2495,-0.05,0,25.8823529412,25.8823529412
1,city_uav,gazebo_world_enu,building_036,1137,outer,0,1,2,6,CCW,-99.4475,-263.1855,-0.05,0,25.8823529412,25.8823529412
1,city_uav,gazebo_world_enu,building_036,1137,outer,0,2,3,6,CCW,-82.21325,-263.1845,-0.05,0,25.8823529412,25.8823529412
1,city_uav,gazebo_world_enu,building_036,1137,outer,0,3,4,6,CCW,-82.2115,-288.62975,-0.05,0,25.8823529412,25.8823529412
1,city_uav,gazebo_world_enu,building_036,1137,outer,0,4,5,6,CCW,-59.03425,-288.62825,-0.05,0,25.8823529412,25.8823529412
1,city_uav,gazebo_world_enu,building_036,1137,outer,0,5,0,6,CCW,-58.44275,-244.83875,-0.05,0,25.8823529412,25.8823529412
1,city_uav,gazebo_world_enu,building_038,1141,outer,0,0,1,6,CCW,-208.798,-243.07275,-0.05,0,25.2941176471,25.2941176471
1,city_uav,gazebo_world_enu,building_038,1141,outer,0,1,2,6,CCW,-208.7955,-288.046,-0.05,0,25.2941176471,25.2941176471
1,city_uav,gazebo_world_enu,building_038,1141,outer,0,2,3,6,CCW,-187.401,-288.04475,-0.05,0,25.2941176471,25.2941176471
1,city_uav,gazebo_world_enu,building_038,1141,outer,0,3,4,6,CCW,-187.40275,-257.86525,-0.05,0,25.2941176471,25.2941176471
1,city_uav,gazebo_world_enu,building_038,1141,outer,0,4,5,6,CCW,-167.79125,-257.864,-0.05,0,25.2941176471,25.2941176471
1,city_uav,gazebo_world_enu,building_038,1141,outer,0,5,0,6,CCW,-167.79225,-243.07025,-0.05,0,25.2941176471,25.2941176471
1,city_uav,gazebo_world_enu,building_040,1143,outer,0,0,1,6,CCW,-396.60125,-86.8605,-0.05,0,36.7647058824,36.7647058824
1,city_uav,gazebo_world_enu,building_040,1143,outer,0,1,2,6,CCW,-396.59925,-125.916,-0.05,0,36.7647058824,36.7647058824
1,city_uav,gazebo_world_enu,building_040,1143,outer,0,2,3,6,CCW,-358.565,-126.50575,-0.05,0,36.7647058824,36.7647058824
1,city_uav,gazebo_world_enu,building_040,1143,outer,0,3,4,6,CCW,-357.973,-82.71625,-0.05,0,36.7647058824,36.7647058824
1,city_uav,gazebo_world_enu,building_040,1143,outer,0,4,5,6,CCW,-387.093,-82.126,-0.05,0,36.7647058824,36.7647058824
1,city_uav,gazebo_world_enu,building_040,1143,outer,0,5,0,6,CCW,-387.09275,-86.86,-0.05,0,36.7647058824,36.7647058824
1,city_uav,gazebo_world_enu,building_042,1146,outer,0,0,1,6,CCW,295.1245,175.92325,-0.05,0,49.5588235294,49.5588235294
1,city_uav,gazebo_world_enu,building_042,1146,outer,0,1,2,6,CCW,295.12575,159.946,-0.05,0,49.5588235294,49.5588235294
1,city_uav,gazebo_world_enu,building_042,1146,outer,0,2,3,6,CCW,309.98275,159.94725,-0.05,0,49.5588235294,49.5588235294
1,city_uav,gazebo_world_enu,building_042,1146,outer,0,3,4,6,CCW,309.985,133.3185,-0.05,0,49.5588235294,49.5588235294
1,city_uav,gazebo_world_enu,building_042,1146,outer,0,4,5,6,CCW,334.35025,133.3205,-0.05,0,49.5588235294,49.5588235294
1,city_uav,gazebo_world_enu,building_042,1146,outer,0,5,0,6,CCW,334.34675,175.33475,-0.05,0,49.5588235294,49.5588235294
1,city_uav,gazebo_world_enu,building_043,1151,outer,0,0,1,7,CCW,-220.717,325.60025,-0.05,0,36.0294117647,36.0294117647
1,city_uav,gazebo_world_enu,building_043,1151,outer,0,1,2,7,CCW,-207.64275,320.867,-0.05,0,36.0294117647,36.0294117647
1,city_uav,gazebo_world_enu,building_043,1151,outer,0,2,3,7,CCW,-215.961,297.78825,-0.05,0,36.0294117647,36.0294117647
1,city_uav,gazebo_world_enu,building_043,1151,outer,0,3,4,7,CCW,-193.37825,289.505,-0.05,0,36.0294117647,36.0294117647
1,city_uav,gazebo_world_enu,building_043,1151,outer,0,4,5,7,CCW,-184.4655,313.17575,-0.05,0,36.0294117647,36.0294117647
1,city_uav,gazebo_world_enu,building_043,1151,outer,0,5,6,7,CCW,-178.52375,329.745,-0.05,0,36.0294117647,36.0294117647
1,city_uav,gazebo_world_enu,building_043,1151,outer,0,6,0,7,CCW,-214.77525,342.7615,-0.05,0,36.0294117647,36.0294117647
1,city_uav,gazebo_world_enu,building_045,1162,outer,0,0,1,8,CCW,-21.0025,-247.20325,-0.05,0,43.3823529412,43.3823529412
1,city_uav,gazebo_world_enu,building_045,1162,outer,0,1,2,8,CCW,-20.40525,-288.62575,-0.05,0,43.3823529412,43.3823529412
1,city_uav,gazebo_world_enu,building_045,1162,outer,0,2,3,8,CCW,4.55475,-288.624,-0.05,0,43.3823529412,43.3823529412
1,city_uav,gazebo_world_enu,building_045,1162,outer,0,3,4,8,CCW,3.959,-264.36225,-0.05,0,43.3823529412,43.3823529412
1,city_uav,gazebo_world_enu,building_045,1162,outer,0,4,5,8,CCW,20.00475,-264.36125,-0.05,0,43.3823529412,43.3823529412
1,city_uav,gazebo_world_enu,building_045,1162,outer,0,5,6,8,CCW,19.409,-242.46625,-0.05,0,43.3823529412,43.3823529412
1,city_uav,gazebo_world_enu,building_045,1162,outer,0,6,7,8,CCW,-1.9855,-242.46775,-0.05,0,43.3823529412,43.3823529412
1,city_uav,gazebo_world_enu,building_045,1162,outer,0,7,0,8,CCW,-1.98525,-247.20175,-0.05,0,43.3823529412,43.3823529412
1,city_uav,gazebo_world_enu,building_046,1164,outer,0,0,1,8,CCW,-17.42925,-357.8605,-0.05,0,26.9117647059,26.9117647059
1,city_uav,gazebo_world_enu,building_046,1164,outer,0,1,2,8,CCW,-17.426,-403.4255,-0.05,0,26.9117647059,26.9117647059
1,city_uav,gazebo_world_enu,building_046,1164,outer,0,2,3,8,CCW,20.01425,-402.831,-0.05,0,26.9117647059,26.9117647059
1,city_uav,gazebo_world_enu,building_046,1164,outer,0,3,4,8,CCW,20.013,-384.48675,-0.05,0,26.9117647059,26.9117647059
1,city_uav,gazebo_world_enu,building_046,1164,outer,0,4,5,8,CCW,6.9385,-384.48775,-0.05,0,26.9117647059,26.9117647059
1,city_uav,gazebo_world_enu,building_046,1164,outer,0,5,6,8,CCW,6.93825,-377.9785,-0.05,0,26.9117647059,26.9117647059
1,city_uav,gazebo_world_enu,building_046,1164,outer,0,6,7,8,CCW,5.15525,-377.9785,-0.05,0,26.9117647059,26.9117647059
1,city_uav,gazebo_world_enu,building_046,1164,outer,0,7,0,8,CCW,5.154,-357.859,-0.05,0,26.9117647059,26.9117647059
1,city_uav,gazebo_world_enu,building_047,1166,outer,0,0,1,8,CCW,554.816,255.24125,-0.05,0,39.2647058824,39.2647058824
1,city_uav,gazebo_world_enu,building_047,1166,outer,0,1,2,8,CCW,555.41125,244.58975,-0.05,0,39.2647058824,39.2647058824
1,city_uav,gazebo_world_enu,building_047,1166,outer,0,2,3,8,CCW,557.194,244.59,-0.05,0,39.2647058824,39.2647058824
1,city_uav,gazebo_world_enu,building_047,1166,outer,0,3,4,8,CCW,557.7895,233.34675,-0.05,0,39.2647058824,39.2647058824
1,city_uav,gazebo_world_enu,building_047,1166,outer,0,4,5,8,CCW,567.29775,233.93925,-0.05,0,39.2647058824,39.2647058824
1,city_uav,gazebo_world_enu,building_047,1166,outer,0,5,6,8,CCW,567.29775,235.12275,-0.05,0,39.2647058824,39.2647058824
1,city_uav,gazebo_world_enu,building_047,1166,outer,0,6,7,8,CCW,592.85125,236.9005,-0.05,0,39.2647058824,39.2647058824
1,city_uav,gazebo_world_enu,building_047,1166,outer,0,7,0,8,CCW,591.0665,258.2035,-0.05,0,39.2647058824,39.2647058824
1,city_uav,gazebo_world_enu,building_048,1169,outer,0,0,1,8,CCW,178.072,-84.457,-0.05,0,49.4117647059,49.4117647059
1,city_uav,gazebo_world_enu,building_048,1169,outer,0,1,2,8,CCW,206.59975,-111.67525,-0.05,0,49.4117647059,49.4117647059
1,city_uav,gazebo_world_enu,building_048,1169,outer,0,2,3,8,CCW,219.07875,-99.2475,-0.05,0,49.4117647059,49.4117647059
1,city_uav,gazebo_world_enu,building_048,1169,outer,0,3,4,8,CCW,208.975,-89.1885,-0.05,0,49.4117647059,49.4117647059
1,city_uav,gazebo_world_enu,building_048,1169,outer,0,4,5,8,CCW,213.729,-84.45425,-0.05,0,49.4117647059,49.4117647059
1,city_uav,gazebo_world_enu,building_048,1169,outer,0,5,6,8,CCW,211.946,-82.679,-0.05,0,49.4117647059,49.4117647059
1,city_uav,gazebo_world_enu,building_048,1169,outer,0,6,7,8,CCW,225.019,-68.476,-0.05,0,49.4117647059,49.4117647059
1,city_uav,gazebo_world_enu,building_048,1169,outer,0,7,0,8,CCW,208.97225,-52.5,-0.05,0,49.4117647059,49.4117647059
1,city_uav,gazebo_world_enu,building_049,1170,outer,0,0,1,8,CCW,295.12425,178.882,-0.05,0,21.6176470588,21.6176470588
1,city_uav,gazebo_world_enu,building_049,1170,outer,0,1,2,8,CCW,347.4205,178.8865,-0.05,0,21.6176470588,21.6176470588
1,city_uav,gazebo_world_enu,building_049,1170,outer,0,2,3,8,CCW,347.419,197.23075,-0.05,0,21.6176470588,21.6176470588
1,city_uav,gazebo_world_enu,building_049,1170,outer,0,3,4,8,CCW,334.93925,197.22975,-0.05,0,21.6176470588,21.6176470588
1,city_uav,gazebo_world_enu,building_049,1170,outer,0,4,5,8,CCW,335.53125,223.85875,-0.05,0,21.6176470588,21.6176470588
1,city_uav,gazebo_world_enu,building_049,1170,outer,0,5,6,8,CCW,309.383,223.8565,-0.05,0,21.6176470588,21.6176470588
1,city_uav,gazebo_world_enu,building_049,1170,outer,0,6,7,8,CCW,309.38525,197.2275,-0.05,0,21.6176470588,21.6176470588
1,city_uav,gazebo_world_enu,building_049,1170,outer,0,7,0,8,CCW,295.717,197.2265,-0.05,0,21.6176470588,21.6176470588
1,city_uav,gazebo_world_enu,building_050,1171,outer,0,0,1,8,CCW,485.27975,322.6945,-0.05,0,37.0588235294,37.0588235294
1,city_uav,gazebo_world_enu,building_050,1171,outer,0,1,2,8,CCW,485.28175,300.79975,-0.05,0,37.0588235294,37.0588235294
1,city_uav,gazebo_world_enu,building_050,1171,outer,0,2,3,8,CCW,520.938,300.21125,-0.05,0,37.0588235294,37.0588235294
1,city_uav,gazebo_world_enu,building_050,1171,outer,0,3,4,8,CCW,520.937,310.86275,-0.05,0,37.0588235294,37.0588235294
1,city_uav,gazebo_world_enu,building_050,1171,outer,0,4,5,8,CCW,522.72,310.863,-0.05,0,37.0588235294,37.0588235294
1,city_uav,gazebo_world_enu,building_050,1171,outer,0,5,6,8,CCW,522.71875,322.698,-0.05,0,37.0588235294,37.0588235294
1,city_uav,gazebo_world_enu,building_050,1171,outer,0,6,7,8,CCW,499.54225,323.2875,-0.05,0,37.0588235294,37.0588235294
1,city_uav,gazebo_world_enu,building_050,1171,outer,0,7,0,8,CCW,499.54225,322.104,-0.05,0,37.0588235294,37.0588235294
1,city_uav,gazebo_world_enu,building_051,1172,outer,0,0,1,8,CCW,487.07025,236.8905,-0.05,0,43.6764705882,43.6764705882
1,city_uav,gazebo_world_enu,building_051,1172,outer,0,1,2,8,CCW,487.07125,225.64725,-0.05,0,43.6764705882,43.6764705882
1,city_uav,gazebo_world_enu,building_051,1172,outer,0,2,3,8,CCW,523.32225,225.059,-0.05,0,43.6764705882,43.6764705882
1,city_uav,gazebo_world_enu,building_051,1172,outer,0,3,4,8,CCW,523.3215,232.75175,-0.05,0,43.6764705882,43.6764705882
1,city_uav,gazebo_world_enu,building_051,1172,outer,0,4,5,8,CCW,525.10425,232.75175,-0.05,0,43.6764705882,43.6764705882
1,city_uav,gazebo_world_enu,building_051,1172,outer,0,5,6,8,CCW,525.103,246.954,-0.05,0,43.6764705882,43.6764705882
1,city_uav,gazebo_world_enu,building_051,1172,outer,0,6,7,8,CCW,488.258,247.54225,-0.05,0,43.6764705882,43.6764705882
1,city_uav,gazebo_world_enu,building_051,1172,outer,0,7,0,8,CCW,488.259,236.89075,-0.05,0,43.6764705882,43.6764705882
1,city_uav,gazebo_world_enu,building_053,1177,outer,0,0,1,8,CCW,488.8475,298.433,-0.05,0,38.5294117647,38.5294117647
1,city_uav,gazebo_world_enu,building_053,1177,outer,0,1,2,8,CCW,488.8495,276.53825,-0.05,0,38.5294117647,38.5294117647
1,city_uav,gazebo_world_enu,building_053,1177,outer,0,2,3,8,CCW,525.6945,275.94975,-0.05,0,38.5294117647,38.5294117647
1,city_uav,gazebo_world_enu,building_053,1177,outer,0,3,4,8,CCW,525.6935,287.193,-0.05,0,38.5294117647,38.5294117647
1,city_uav,gazebo_world_enu,building_053,1177,outer,0,4,5,8,CCW,523.91075,287.193,-0.05,0,38.5294117647,38.5294117647
1,city_uav,gazebo_world_enu,building_053,1177,outer,0,5,6,8,CCW,524.50425,294.294,-0.05,0,38.5294117647,38.5294117647
1,city_uav,gazebo_world_enu,building_053,1177,outer,0,6,7,8,CCW,523.31575,294.294,-0.05,0,38.5294117647,38.5294117647
1,city_uav,gazebo_world_enu,building_053,1177,outer,0,7,0,8,CCW,523.90975,297.8445,-0.05,0,38.5294117647,38.5294117647
1,city_uav,gazebo_world_enu,building_054,1180,outer,0,0,1,8,CCW,-154.1575,311.40225,-0.05,0,21.4705882353,21.4705882353
1,city_uav,gazebo_world_enu,building_054,1180,outer,0,1,2,8,CCW,-139.89375,293.05875,-0.05,0,21.4705882353,21.4705882353
1,city_uav,gazebo_world_enu,building_054,1180,outer,0,2,3,8,CCW,-107.21025,317.9145,-0.05,0,21.4705882353,21.4705882353
1,city_uav,gazebo_world_enu,building_054,1180,outer,0,3,4,8,CCW,-114.34225,326.79025,-0.05,0,21.4705882353,21.4705882353
1,city_uav,gazebo_world_enu,building_054,1180,outer,0,4,5,8,CCW,-103.0515,335.0755,-0.05,0,21.4705882353,21.4705882353
1,city_uav,gazebo_world_enu,building_054,1180,outer,0,5,6,8,CCW,-117.9095,354.60225,-0.05,0,21.4705882353,21.4705882353
1,city_uav,gazebo_world_enu,building_054,1180,outer,0,6,7,8,CCW,-132.1715,343.95,-0.05,0,21.4705882353,21.4705882353
1,city_uav,gazebo_world_enu,building_054,1180,outer,0,7,0,8,CCW,-124.44525,333.89075,-0.05,0,21.4705882353,21.4705882353
1,city_uav,gazebo_world_enu,building_055,1182,outer,0,0,1,8,CCW,-608.174,101.899,-0.05,0,36.6176470588,36.6176470588
1,city_uav,gazebo_world_enu,building_055,1182,outer,0,1,2,8,CCW,-601.041,59.29325,-0.05,0,36.6176470588,36.6176470588
1,city_uav,gazebo_world_enu,building_055,1182,outer,0,2,3,8,CCW,-583.21275,62.8445,-0.05,0,36.6176470588,36.6176470588
1,city_uav,gazebo_world_enu,building_055,1182,outer,0,3,4,8,CCW,-580.2405,45.68375,-0.05,0,36.6176470588,36.6176470588
1,city_uav,gazebo_world_enu,building_055,1182,outer,0,4,5,8,CCW,-559.441,49.235,-0.05,0,36.6176470588,36.6176470588
1,city_uav,gazebo_world_enu,building_055,1182,outer,0,5,6,8,CCW,-565.9795,85.33175,-0.05,0,36.6176470588,36.6176470588
1,city_uav,gazebo_world_enu,building_055,1182,outer,0,6,7,8,CCW,-584.99625,82.37225,-0.05,0,36.6176470588,36.6176470588
1,city_uav,gazebo_world_enu,building_055,1182,outer,0,7,0,8,CCW,-589.15725,105.45025,-0.05,0,36.6176470588,36.6176470588
1,city_uav,gazebo_world_enu,building_056,1188,outer,0,0,1,8,CCW,-185.06625,420.8745,-0.05,0,38.2352941176,38.2352941176
1,city_uav,gazebo_world_enu,building_056,1188,outer,0,1,2,8,CCW,-143.4665,406.08325,-0.05,0,38.2352941176,38.2352941176
1,city_uav,gazebo_world_enu,building_056,1188,outer,0,2,3,8,CCW,-129.8005,443.3645,-0.05,0,38.2352941176,38.2352941176
1,city_uav,gazebo_world_enu,building_056,1188,outer,0,3,4,8,CCW,-147.629,449.28075,-0.05,0,38.2352941176,38.2352941176
1,city_uav,gazebo_world_enu,building_056,1188,outer,0,4,5,8,CCW,-152.38225,435.67025,-0.05,0,38.2352941176,38.2352941176
1,city_uav,gazebo_world_enu,building_056,1188,outer,0,5,6,8,CCW,-157.73075,437.44525,-0.05,0,38.2352941176,38.2352941176
1,city_uav,gazebo_world_enu,building_056,1188,outer,0,6,7,8,CCW,-158.91925,435.07825,-0.05,0,38.2352941176,38.2352941176
1,city_uav,gazebo_world_enu,building_056,1188,outer,0,7,0,8,CCW,-177.342,441.58625,-0.05,0,38.2352941176,38.2352941176
1,city_uav,gazebo_world_enu,building_057,1189,outer,0,0,1,8,CCW,-108.344,-544.86,-0.05,0,44.2647058824,44.2647058824
1,city_uav,gazebo_world_enu,building_057,1189,outer,0,1,2,8,CCW,-84.57025,-572.671,-0.05,0,44.2647058824,44.2647058824
1,city_uav,gazebo_world_enu,building_057,1189,outer,0,2,3,8,CCW,-47.726,-541.30575,-0.05,0,44.2647058824,44.2647058824
1,city_uav,gazebo_world_enu,building_057,1189,outer,0,3,4,8,CCW,-60.20725,-526.51275,-0.05,0,44.2647058824,44.2647058824
1,city_uav,gazebo_world_enu,building_057,1189,outer,0,4,5,8,CCW,-78.035,-541.8995,-0.05,0,44.2647058824,44.2647058824
1,city_uav,gazebo_world_enu,building_057,1189,outer,0,5,6,8,CCW,-79.818,-540.716,-0.05,0,44.2647058824,44.2647058824
1,city_uav,gazebo_world_enu,building_057,1189,outer,0,6,7,8,CCW,-84.57225,-544.8585,-0.05,0,44.2647058824,44.2647058824
1,city_uav,gazebo_world_enu,building_057,1189,outer,0,7,0,8,CCW,-94.676,-533.02425,-0.05,0,44.2647058824,44.2647058824
1,city_uav,gazebo_world_enu,building_058,1192,outer,0,0,1,8,CCW,-449.5025,122.0255,-0.05,0,41.1764705882,41.1764705882
1,city_uav,gazebo_world_enu,building_058,1192,outer,0,1,2,8,CCW,-449.50125,96.58025,-0.05,0,41.1764705882,41.1764705882
1,city_uav,gazebo_world_enu,building_058,1192,outer,0,2,3,8,CCW,-407.30725,95.9905,-0.05,0,41.1764705882,41.1764705882
1,city_uav,gazebo_world_enu,building_058,1192,outer,0,3,4,8,CCW,-407.30825,115.51825,-0.05,0,41.1764705882,41.1764705882
1,city_uav,gazebo_world_enu,building_058,1192,outer,0,4,5,8,CCW,-405.5255,115.51825,-0.05,0,41.1764705882,41.1764705882
1,city_uav,gazebo_world_enu,building_058,1192,outer,0,5,6,8,CCW,-404.93225,135.638,-0.05,0,41.1764705882,41.1764705882
1,city_uav,gazebo_world_enu,building_058,1192,outer,0,6,7,8,CCW,-424.5435,136.22875,-0.05,0,41.1764705882,41.1764705882
1,city_uav,gazebo_world_enu,building_058,1192,outer,0,7,0,8,CCW,-424.54275,122.02675,-0.05,0,41.1764705882,41.1764705882
1,city_uav,gazebo_world_enu,building_059,1194,outer,0,0,1,8,CCW,-296.19725,464.066,-0.05,0,40.2941176471,40.2941176471
1,city_uav,gazebo_world_enu,building_059,1194,outer,0,1,2,8,CCW,-255.786,446.9075,-0.05,0,40.2941176471,40.2941176471
1,city_uav,gazebo_world_enu,building_059,1194,outer,0,2,3,8,CCW,-246.873,468.211,-0.05,0,40.2941176471,40.2941176471
1,city_uav,gazebo_world_enu,building_059,1194,outer,0,3,4,8,CCW,-263.513,475.31125,-0.05,0,40.2941176471,40.2941176471
1,city_uav,gazebo_world_enu,building_059,1194,outer,0,4,5,8,CCW,-262.91875,477.67825,-0.05,0,40.2941176471,40.2941176471
1,city_uav,gazebo_world_enu,building_059,1194,outer,0,5,6,8,CCW,-269.456,480.6365,-0.05,0,40.2941176471,40.2941176471
1,city_uav,gazebo_world_enu,building_059,1194,outer,0,6,7,8,CCW,-263.514,494.839,-0.05,0,40.2941176471,40.2941176471
1,city_uav,gazebo_world_enu,building_059,1194,outer,0,7,0,8,CCW,-279.55975,501.939,-0.05,0,40.2941176471,40.2941176471
1,city_uav,gazebo_world_enu,building_060,1196,outer,0,0,1,8,CCW,-561.2335,280.01825,-0.05,0,37.5,37.5
1,city_uav,gazebo_world_enu,building_060,1196,outer,0,1,2,8,CCW,-552.31875,264.63325,-0.05,0,37.5,37.5
1,city_uav,gazebo_world_enu,building_060,1196,outer,0,2,3,8,CCW,-539.245,272.91825,-0.05,0,37.5,37.5
1,city_uav,gazebo_world_enu,building_060,1196,outer,0,3,4,8,CCW,-527.35875,253.391,-0.05,0,37.5,37.5
1,city_uav,gazebo_world_enu,building_060,1196,outer,0,4,5,8,CCW,-493.486,274.10375,-0.05,0,37.5,37.5
1,city_uav,gazebo_world_enu,building_060,1196,outer,0,5,6,8,CCW,-502.995,289.489,-0.05,0,37.5,37.5
1,city_uav,gazebo_world_enu,building_060,1196,outer,0,6,7,8,CCW,-515.4745,281.7955,-0.05,0,37.5,37.5
1,city_uav,gazebo_world_enu,building_060,1196,outer,0,7,0,8,CCW,-527.36075,300.731,-0.05,0,37.5,37.5
1,city_uav,gazebo_world_enu,building_062,1201,outer,0,0,1,8,CCW,547.127,-130.58175,-0.05,0,31.3235294118,31.3235294118
1,city_uav,gazebo_world_enu,building_062,1201,outer,0,1,2,8,CCW,547.129,-150.7015,-0.05,0,31.3235294118,31.3235294118
1,city_uav,gazebo_world_enu,building_062,1201,outer,0,2,3,8,CCW,559.609,-150.70025,-0.05,0,31.3235294118,31.3235294118
1,city_uav,gazebo_world_enu,building_062,1201,outer,0,3,4,8,CCW,559.6115,-177.329,-0.05,0,31.3235294118,31.3235294118
1,city_uav,gazebo_world_enu,building_062,1201,outer,0,4,5,8,CCW,585.16575,-177.32675,-0.05,0,31.3235294118,31.3235294118
1,city_uav,gazebo_world_enu,building_062,1201,outer,0,5,6,8,CCW,585.1615,-132.3535,-0.05,0,31.3235294118,31.3235294118
1,city_uav,gazebo_world_enu,building_062,1201,outer,0,6,7,8,CCW,563.173,-132.3555,-0.05,0,31.3235294118,31.3235294118
1,city_uav,gazebo_world_enu,building_062,1201,outer,0,7,0,8,CCW,563.17275,-130.58025,-0.05,0,31.3235294118,31.3235294118
1,city_uav,gazebo_world_enu,building_063,1202,outer,0,0,1,8,CCW,-479.199,-255.51375,-0.05,0,42.3529411765,42.3529411765
1,city_uav,gazebo_world_enu,building_063,1202,outer,0,1,2,8,CCW,-478.604,-275.0415,-0.05,0,42.3529411765,42.3529411765
1,city_uav,gazebo_world_enu,building_063,1202,outer,0,2,3,8,CCW,-459.5865,-275.0405,-0.05,0,42.3529411765,42.3529411765
1,city_uav,gazebo_world_enu,building_063,1202,outer,0,3,4,8,CCW,-459.58675,-273.857,-0.05,0,42.3529411765,42.3529411765
1,city_uav,gazebo_world_enu,building_063,1202,outer,0,4,5,8,CCW,-439.975,-273.2645,-0.05,0,42.3529411765,42.3529411765
1,city_uav,gazebo_world_enu,building_063,1202,outer,0,5,6,8,CCW,-441.16575,-230.65825,-0.05,0,42.3529411765,42.3529411765
1,city_uav,gazebo_world_enu,building_063,1202,outer,0,6,7,8,CCW,-466.12575,-231.25125,-0.05,0,42.3529411765,42.3529411765
1,city_uav,gazebo_world_enu,building_063,1202,outer,0,7,0,8,CCW,-465.5305,-255.513,-0.05,0,42.3529411765,42.3529411765
1,city_uav,gazebo_world_enu,building_064,1204,outer,0,0,1,8,CCW,-592.7075,-274.45475,-0.05,0,39.4117647059,39.4117647059
1,city_uav,gazebo_world_enu,building_064,1204,outer,0,1,2,8,CCW,-592.70575,-320.0195,-0.05,0,39.4117647059,39.4117647059
1,city_uav,gazebo_world_enu,building_064,1204,outer,0,2,3,8,CCW,-573.6885,-320.01875,-0.05,0,39.4117647059,39.4117647059
1,city_uav,gazebo_world_enu,building_064,1204,outer,0,3,4,8,CCW,-573.68925,-302.26625,-0.05,0,39.4117647059,39.4117647059
1,city_uav,gazebo_world_enu,building_064,1204,outer,0,4,5,8,CCW,-562.39775,-302.26575,-0.05,0,39.4117647059,39.4117647059
1,city_uav,gazebo_world_enu,building_064,1204,outer,0,5,6,8,CCW,-562.39775,-300.4905,-0.05,0,39.4117647059,39.4117647059
1,city_uav,gazebo_world_enu,building_064,1204,outer,0,6,7,8,CCW,-546.94625,-300.48975,-0.05,0,39.4117647059,39.4117647059
1,city_uav,gazebo_world_enu,building_064,1204,outer,0,7,0,8,CCW,-546.94725,-274.45275,-0.05,0,39.4117647059,39.4117647059
1,city_uav,gazebo_world_enu,building_065,1206,outer,0,0,1,8,CCW,435.388,16.16225,-0.05,0,48.5294117647,48.5294117647
1,city_uav,gazebo_world_enu,building_065,1206,outer,0,1,2,8,CCW,435.39175,-24.6685,-0.05,0,48.5294117647,48.5294117647
1,city_uav,gazebo_world_enu,building_065,1206,outer,0,2,3,8,CCW,480.55725,-24.6645,-0.05,0,48.5294117647,48.5294117647
1,city_uav,gazebo_world_enu,building_065,1206,outer,0,3,4,8,CCW,480.55525,-1.58625,-0.05,0,48.5294117647,48.5294117647
1,city_uav,gazebo_world_enu,building_065,1206,outer,0,4,5,8,CCW,460.3495,-1.588,-0.05,0,48.5294117647,48.5294117647
1,city_uav,gazebo_world_enu,building_065,1206,outer,0,5,6,8,CCW,460.34925,1.37075,-0.05,0,48.5294117647,48.5294117647
1,city_uav,gazebo_world_enu,building_065,1206,outer,0,6,7,8,CCW,453.81225,1.37025,-0.05,0,48.5294117647,48.5294117647
1,city_uav,gazebo_world_enu,building_065,1206,outer,0,7,0,8,CCW,453.81075,16.164,-0.05,0,48.5294117647,48.5294117647
1,city_uav,gazebo_world_enu,building_067,1209,outer,0,0,1,8,CCW,436.00225,-206.928,-0.05,0,43.0882352941,43.0882352941
1,city_uav,gazebo_world_enu,building_067,1209,outer,0,1,2,8,CCW,482.357,-208.1075,-0.05,0,43.0882352941,43.0882352941
1,city_uav,gazebo_world_enu,building_067,1209,outer,0,2,3,8,CCW,482.949,-185.029,-0.05,0,43.0882352941,43.0882352941
1,city_uav,gazebo_world_enu,building_067,1209,outer,0,3,4,8,CCW,463.3375,-184.439,-0.05,0,43.0882352941,43.0882352941
1,city_uav,gazebo_world_enu,building_067,1209,outer,0,4,5,8,CCW,463.33725,-182.072,-0.05,0,43.0882352941,43.0882352941
1,city_uav,gazebo_world_enu,building_067,1209,outer,0,5,6,8,CCW,455.6115,-181.481,-0.05,0,43.0882352941,43.0882352941
1,city_uav,gazebo_world_enu,building_067,1209,outer,0,6,7,8,CCW,455.61025,-166.68725,-0.05,0,43.0882352941,43.0882352941
1,city_uav,gazebo_world_enu,building_067,1209,outer,0,7,0,8,CCW,437.18725,-166.097,-0.05,0,43.0882352941,43.0882352941
1,city_uav,gazebo_world_enu,building_069,1213,outer,0,0,1,8,CCW,-285.46625,-153.7225,-0.05,0,26.3235294118,26.3235294118
1,city_uav,gazebo_world_enu,building_069,1213,outer,0,1,2,8,CCW,-271.2035,-153.72175,-0.05,0,26.3235294118,26.3235294118
1,city_uav,gazebo_world_enu,building_069,1213,outer,0,2,3,8,CCW,-271.796,-184.493,-0.05,0,26.3235294118,26.3235294118
1,city_uav,gazebo_world_enu,building_069,1213,outer,0,3,4,8,CCW,-246.836,-184.4915,-0.05,0,26.3235294118,26.3235294118
1,city_uav,gazebo_world_enu,building_069,1213,outer,0,4,5,8,CCW,-246.83825,-142.477,-0.05,0,26.3235294118,26.3235294118
1,city_uav,gazebo_world_enu,building_069,1213,outer,0,5,6,8,CCW,-265.26125,-142.47825,-0.05,0,26.3235294118,26.3235294118
1,city_uav,gazebo_world_enu,building_069,1213,outer,0,6,7,8,CCW,-265.2615,-136.56075,-0.05,0,26.3235294118,26.3235294118
1,city_uav,gazebo_world_enu,building_069,1213,outer,0,7,0,8,CCW,-284.873,-136.56175,-0.05,0,26.3235294118,26.3235294118
1,city_uav,gazebo_world_enu,building_070,1215,outer,0,0,1,8,CCW,-19.24,55.774,-0.05,0,36.3235294118,36.3235294118
1,city_uav,gazebo_world_enu,building_070,1215,outer,0,1,2,8,CCW,20.57675,53.40975,-0.05,0,36.3235294118,36.3235294118
1,city_uav,gazebo_world_enu,building_070,1215,outer,0,2,3,8,CCW,21.76425,69.97875,-0.05,0,36.3235294118,36.3235294118
1,city_uav,gazebo_world_enu,building_070,1215,outer,0,3,4,8,CCW,6.313,71.16125,-0.05,0,36.3235294118,36.3235294118
1,city_uav,gazebo_world_enu,building_070,1215,outer,0,4,5,8,CCW,6.3125,77.07875,-0.05,0,36.3235294118,36.3235294118
1,city_uav,gazebo_world_enu,building_070,1215,outer,0,5,6,8,CCW,3.93525,77.07875,-0.05,0,36.3235294118,36.3235294118
1,city_uav,gazebo_world_enu,building_070,1215,outer,0,6,7,8,CCW,5.1225,98.38175,-0.05,0,36.3235294118,36.3235294118
1,city_uav,gazebo_world_enu,building_070,1215,outer,0,7,0,8,CCW,-16.27175,99.56375,-0.05,0,36.3235294118,36.3235294118
1,city_uav,gazebo_world_enu,building_072,1218,outer,0,0,1,8,CCW,-284.2875,24.39475,-0.05,0,24.2647058824,24.2647058824
1,city_uav,gazebo_world_enu,building_072,1218,outer,0,1,2,8,CCW,-243.87625,21.43825,-0.05,0,24.2647058824,24.2647058824
1,city_uav,gazebo_world_enu,building_072,1218,outer,0,2,3,8,CCW,-240.9075,66.41175,-0.05,0,24.2647058824,24.2647058824
1,city_uav,gazebo_world_enu,building_072,1218,outer,0,3,4,8,CCW,-263.49025,68.18575,-0.05,0,24.2647058824,24.2647058824
1,city_uav,gazebo_world_enu,building_072,1218,outer,0,4,5,8,CCW,-265.272,48.65775,-0.05,0,24.2647058824,24.2647058824
1,city_uav,gazebo_world_enu,building_072,1218,outer,0,5,6,8,CCW,-267.05475,48.65775,-0.05,0,24.2647058824,24.2647058824
1,city_uav,gazebo_world_enu,building_072,1218,outer,0,6,7,8,CCW,-267.6485,41.5565,-0.05,0,24.2647058824,24.2647058824
1,city_uav,gazebo_world_enu,building_072,1218,outer,0,7,0,8,CCW,-283.1,42.73925,-0.05,0,24.2647058824,24.2647058824
1,city_uav,gazebo_world_enu,building_073,1220,outer,0,0,1,8,CCW,362.2625,352.27125,-0.05,0,45.7352941176,45.7352941176
1,city_uav,gazebo_world_enu,building_073,1220,outer,0,1,2,8,CCW,364.0455,352.27125,-0.05,0,45.7352941176,45.7352941176
1,city_uav,gazebo_world_enu,building_073,1220,outer,0,2,3,8,CCW,364.0465,340.43625,-0.05,0,45.7352941176,45.7352941176
1,city_uav,gazebo_world_enu,building_073,1220,outer,0,3,4,8,CCW,401.4855,339.84775,-0.05,0,45.7352941176,45.7352941176
1,city_uav,gazebo_world_enu,building_073,1220,outer,0,4,5,8,CCW,401.485,347.5405,-0.05,0,45.7352941176,45.7352941176
1,city_uav,gazebo_world_enu,building_073,1220,outer,0,5,6,8,CCW,402.07925,347.5405,-0.05,0,45.7352941176,45.7352941176
1,city_uav,gazebo_world_enu,building_073,1220,outer,0,6,7,8,CCW,402.67225,362.92625,-0.05,0,45.7352941176,45.7352941176
1,city_uav,gazebo_world_enu,building_073,1220,outer,0,7,0,8,CCW,362.856,362.92275,-0.05,0,45.7352941176,45.7352941176
1,city_uav,gazebo_world_enu,building_074,1221,outer,0,0,1,8,CCW,-207.6215,-37.143,-0.05,0,46.0294117647,46.0294117647
1,city_uav,gazebo_world_enu,building_074,1221,outer,0,1,2,8,CCW,-207.61925,-79.1575,-0.05,0,46.0294117647,46.0294117647
1,city_uav,gazebo_world_enu,building_074,1221,outer,0,2,3,8,CCW,-184.442,-79.156,-0.05,0,46.0294117647,46.0294117647
1,city_uav,gazebo_world_enu,building_074,1221,outer,0,3,4,8,CCW,-184.442,-80.93125,-0.05,0,46.0294117647,46.0294117647
1,city_uav,gazebo_world_enu,building_074,1221,outer,0,4,5,8,CCW,-168.39625,-80.93025,-0.05,0,46.0294117647,46.0294117647
1,city_uav,gazebo_world_enu,building_074,1221,outer,0,5,6,8,CCW,-168.3975,-61.4025,-0.05,0,46.0294117647,46.0294117647
1,city_uav,gazebo_world_enu,building_074,1221,outer,0,6,7,8,CCW,-182.066,-61.40325,-0.05,0,46.0294117647,46.0294117647
1,city_uav,gazebo_world_enu,building_074,1221,outer,0,7,0,8,CCW,-182.0675,-37.1415,-0.05,0,46.0294117647,46.0294117647
1,city_uav,gazebo_world_enu,building_076,1224,outer,0,0,1,8,CCW,363.46025,245.75575,-0.05,0,44.7058823529,44.7058823529
1,city_uav,gazebo_world_enu,building_076,1224,outer,0,1,2,8,CCW,364.64875,245.756,-0.05,0,44.7058823529,44.7058823529
1,city_uav,gazebo_world_enu,building_076,1224,outer,0,2,3,8,CCW,364.0555,233.92075,-0.05,0,44.7058823529,44.7058823529
1,city_uav,gazebo_world_enu,building_076,1224,outer,0,3,4,8,CCW,400.90075,233.33225,-0.05,0,44.7058823529,44.7058823529
1,city_uav,gazebo_world_enu,building_076,1224,outer,0,4,5,8,CCW,400.89975,243.392,-0.05,0,44.7058823529,44.7058823529
1,city_uav,gazebo_world_enu,building_076,1224,outer,0,5,6,8,CCW,402.08825,243.39225,-0.05,0,44.7058823529,44.7058823529
1,city_uav,gazebo_world_enu,building_076,1224,outer,0,6,7,8,CCW,402.08725,257.0025,-0.05,0,44.7058823529,44.7058823529
1,city_uav,gazebo_world_enu,building_076,1224,outer,0,7,0,8,CCW,364.0535,256.99925,-0.05,0,44.7058823529,44.7058823529
1,city_uav,gazebo_world_enu,building_078,1226,outer,0,0,1,8,CCW,135.90125,-399.27225,-0.05,0,38.9705882353,38.9705882353
1,city_uav,gazebo_world_enu,building_078,1226,outer,0,1,2,8,CCW,181.662,-399.26875,-0.05,0,38.9705882353,38.9705882353
1,city_uav,gazebo_world_enu,building_078,1226,outer,0,2,3,8,CCW,181.66025,-376.78225,-0.05,0,38.9705882353,38.9705882353
1,city_uav,gazebo_world_enu,building_078,1226,outer,0,3,4,8,CCW,161.45425,-376.78375,-0.05,0,38.9705882353,38.9705882353
1,city_uav,gazebo_world_enu,building_078,1226,outer,0,4,5,8,CCW,161.454,-374.41675,-0.05,0,38.9705882353,38.9705882353
1,city_uav,gazebo_world_enu,building_078,1226,outer,0,5,6,8,CCW,154.91675,-374.41725,-0.05,0,38.9705882353,38.9705882353
1,city_uav,gazebo_world_enu,building_078,1226,outer,0,6,7,8,CCW,154.9155,-358.44,-0.05,0,38.9705882353,38.9705882353
1,city_uav,gazebo_world_enu,building_078,1226,outer,0,7,0,8,CCW,136.4925,-358.44125,-0.05,0,38.9705882353,38.9705882353
1,city_uav,gazebo_world_enu,building_082,1231,outer,0,0,1,8,CCW,139.41075,348.111,-0.05,0,32.9411764706,32.9411764706
1,city_uav,gazebo_world_enu,building_082,1231,outer,0,1,2,8,CCW,164.96475,345.154,-0.05,0,32.9411764706,32.9411764706
1,city_uav,gazebo_world_enu,building_082,1231,outer,0,2,3,8,CCW,164.37075,341.01175,-0.05,0,32.9411764706,32.9411764706
1,city_uav,gazebo_world_enu,building_082,1231,outer,0,3,4,8,CCW,181.60475,338.646,-0.05,0,32.9411764706,32.9411764706
1,city_uav,gazebo_world_enu,building_082,1231,outer,0,4,5,8,CCW,186.94975,383.61975,-0.05,0,32.9411764706,32.9411764706
1,city_uav,gazebo_world_enu,building_082,1231,outer,0,5,6,8,CCW,168.52725,385.98525,-0.05,0,32.9411764706,32.9411764706
1,city_uav,gazebo_world_enu,building_082,1231,outer,0,6,7,8,CCW,166.7455,371.19125,-0.05,0,32.9411764706,32.9411764706
1,city_uav,gazebo_world_enu,building_082,1231,outer,0,7,0,8,CCW,142.38025,374.14825,-0.05,0,32.9411764706,32.9411764706
1,city_uav,gazebo_world_enu,building_083,1232,outer,0,0,1,8,CCW,64.00525,-586.271,-0.05,0,21.9117647059,21.9117647059
1,city_uav,gazebo_world_enu,building_083,1232,outer,0,1,2,8,CCW,109.76625,-586.26775,-0.05,0,21.9117647059,21.9117647059
1,city_uav,gazebo_world_enu,building_083,1232,outer,0,2,3,8,CCW,110.3575,-544.845,-0.05,0,21.9117647059,21.9117647059
1,city_uav,gazebo_world_enu,building_083,1232,outer,0,3,4,8,CCW,91.34,-544.8465,-0.05,0,21.9117647059,21.9117647059
1,city_uav,gazebo_world_enu,building_083,1232,outer,0,4,5,8,CCW,90.74675,-559.64025,-0.05,0,21.9117647059,21.9117647059
1,city_uav,gazebo_world_enu,building_083,1232,outer,0,5,6,8,CCW,84.80375,-559.64075,-0.05,0,21.9117647059,21.9117647059
1,city_uav,gazebo_world_enu,building_083,1232,outer,0,6,7,8,CCW,84.804,-563.19125,-0.05,0,21.9117647059,21.9117647059
1,city_uav,gazebo_world_enu,building_083,1232,outer,0,7,0,8,CCW,64.59775,-563.19275,-0.05,0,21.9117647059,21.9117647059
1,city_uav,gazebo_world_enu,building_084,1240,outer,0,0,1,8,CCW,-159.451,-589.24475,-0.05,0,33.6764705882,33.6764705882
1,city_uav,gazebo_world_enu,building_084,1240,outer,0,1,2,8,CCW,-117.2555,-592.20075,-0.05,0,33.6764705882,33.6764705882
1,city_uav,gazebo_world_enu,building_084,1240,outer,0,2,3,8,CCW,-114.2865,-553.145,-0.05,0,33.6764705882,33.6764705882
1,city_uav,gazebo_world_enu,building_084,1240,outer,0,3,4,8,CCW,-132.1155,-551.9625,-0.05,0,33.6764705882,33.6764705882
1,city_uav,gazebo_world_enu,building_084,1240,outer,0,4,5,8,CCW,-133.30325,-567.94,-0.05,0,33.6764705882,33.6764705882
1,city_uav,gazebo_world_enu,building_084,1240,outer,0,5,6,8,CCW,-139.24625,-567.3485,-0.05,0,33.6764705882,33.6764705882
1,city_uav,gazebo_world_enu,building_084,1240,outer,0,6,7,8,CCW,-139.246,-569.7155,-0.05,0,33.6764705882,33.6764705882
1,city_uav,gazebo_world_enu,building_084,1240,outer,0,7,0,8,CCW,-158.26375,-568.53325,-0.05,0,33.6764705882,33.6764705882
1,city_uav,gazebo_world_enu,building_086,1243,outer,0,0,1,8,CCW,-536.272,235.04625,-0.05,0,42.7941176471,42.7941176471
1,city_uav,gazebo_world_enu,building_086,1243,outer,0,1,2,8,CCW,-529.73425,217.88575,-0.05,0,42.7941176471,42.7941176471
1,city_uav,gazebo_world_enu,building_086,1243,outer,0,2,3,8,CCW,-515.47175,223.212,-0.05,0,42.7941176471,42.7941176471
1,city_uav,gazebo_world_enu,building_086,1243,outer,0,3,4,8,CCW,-512.5,215.5195,-0.05,0,42.7941176471,42.7941176471
1,city_uav,gazebo_world_enu,building_086,1243,outer,0,4,5,8,CCW,-510.71725,216.703,-0.05,0,42.7941176471,42.7941176471
1,city_uav,gazebo_world_enu,building_086,1243,outer,0,5,6,8,CCW,-503.58525,198.359,-0.05,0,42.7941176471,42.7941176471
1,city_uav,gazebo_world_enu,building_086,1243,outer,0,6,7,8,CCW,-482.786,206.6445,-0.05,0,42.7941176471,42.7941176471
1,city_uav,gazebo_world_enu,building_086,1243,outer,0,7,0,8,CCW,-498.83325,249.25,-0.05,0,42.7941176471,42.7941176471
1,city_uav,gazebo_world_enu,building_087,1244,outer,0,0,1,8,CCW,300.45575,383.037,-0.05,0,37.9411764706,37.9411764706
1,city_uav,gazebo_world_enu,building_087,1244,outer,0,1,2,8,CCW,300.45975,333.32975,-0.05,0,37.9411764706,37.9411764706
1,city_uav,gazebo_world_enu,building_087,1244,outer,0,2,3,8,CCW,324.825,333.332,-0.05,0,37.9411764706,37.9411764706
1,city_uav,gazebo_world_enu,building_087,1244,outer,0,3,4,8,CCW,324.82475,336.8825,-0.05,0,37.9411764706,37.9411764706
1,city_uav,gazebo_world_enu,building_087,1244,outer,0,4,5,8,CCW,344.43575,336.884,-0.05,0,37.9411764706,37.9411764706
1,city_uav,gazebo_world_enu,building_087,1244,outer,0,5,6,8,CCW,344.434,356.412,-0.05,0,37.9411764706,37.9411764706
1,city_uav,gazebo_world_enu,building_087,1244,outer,0,6,7,8,CCW,326.606,356.41025,-0.05,0,37.9411764706,37.9411764706
1,city_uav,gazebo_world_enu,building_087,1244,outer,0,7,0,8,CCW,326.60375,382.4475,-0.05,0,37.9411764706,37.9411764706
1,city_uav,gazebo_world_enu,building_088,1249,outer,0,0,1,8,CCW,-114.35725,564.083,-0.05,0,48.9705882353,48.9705882353
1,city_uav,gazebo_world_enu,building_088,1249,outer,0,1,2,8,CCW,-87.02025,554.6165,-0.05,0,48.9705882353,48.9705882353
1,city_uav,gazebo_world_enu,building_088,1249,outer,0,2,3,8,CCW,-92.36775,539.23075,-0.05,0,48.9705882353,48.9705882353
1,city_uav,gazebo_world_enu,building_088,1249,outer,0,3,4,8,CCW,-75.72775,533.31425,-0.05,0,48.9705882353,48.9705882353
1,city_uav,gazebo_world_enu,building_088,1249,outer,0,4,5,8,CCW,-57.309,584.798,-0.05,0,48.9705882353,48.9705882353
1,city_uav,gazebo_world_enu,building_088,1249,outer,0,5,6,8,CCW,-76.32575,591.306,-0.05,0,48.9705882353,48.9705882353
1,city_uav,gazebo_world_enu,building_088,1249,outer,0,6,7,8,CCW,-81.079,577.69525,-0.05,0,48.9705882353,48.9705882353
1,city_uav,gazebo_world_enu,building_088,1249,outer,0,7,0,8,CCW,-106.633,586.57,-0.05,0,48.9705882353,48.9705882353
1,city_uav,gazebo_world_enu,building_089,1250,outer,0,0,1,8,CCW,344.41625,565.89225,-0.05,0,48.0882352941,48.0882352941
1,city_uav,gazebo_world_enu,building_089,1250,outer,0,1,2,8,CCW,345.01725,486.5975,-0.05,0,48.0882352941,48.0882352941
1,city_uav,gazebo_world_enu,building_089,1250,outer,0,2,3,8,CCW,377.702,487.192,-0.05,0,48.0882352941,48.0882352941
1,city_uav,gazebo_world_enu,building_089,1250,outer,0,3,4,8,CCW,377.70025,506.128,-0.05,0,48.0882352941,48.0882352941
1,city_uav,gazebo_world_enu,building_089,1250,outer,0,4,5,8,CCW,379.483,506.12825,-0.05,0,48.0882352941,48.0882352941
1,city_uav,gazebo_world_enu,building_089,1250,outer,0,5,6,8,CCW,379.47975,545.7755,-0.05,0,48.0882352941,48.0882352941
1,city_uav,gazebo_world_enu,building_089,1250,outer,0,6,7,8,CCW,377.1025,545.7755,-0.05,0,48.0882352941,48.0882352941
1,city_uav,gazebo_world_enu,building_089,1250,outer,0,7,0,8,CCW,377.10075,566.48675,-0.05,0,48.0882352941,48.0882352941
1,city_uav,gazebo_world_enu,building_090,1252,outer,0,0,1,8,CCW,192.89575,342.78925,-0.05,0,29.7058823529,29.7058823529
1,city_uav,gazebo_world_enu,building_090,1252,outer,0,1,2,8,CCW,239.84325,341.6095,-0.05,0,29.7058823529,29.7058823529
1,city_uav,gazebo_world_enu,building_090,1252,outer,0,2,3,8,CCW,240.43575,364.68775,-0.05,0,29.7058823529,29.7058823529
1,city_uav,gazebo_world_enu,building_090,1252,outer,0,3,4,8,CCW,219.042,365.27775,-0.05,0,29.7058823529,29.7058823529
1,city_uav,gazebo_world_enu,building_090,1252,outer,0,4,5,8,CCW,219.04175,367.64475,-0.05,0,29.7058823529,29.7058823529
1,city_uav,gazebo_world_enu,building_090,1252,outer,0,5,6,8,CCW,213.099,367.6445,-0.05,0,29.7058823529,29.7058823529
1,city_uav,gazebo_world_enu,building_090,1252,outer,0,6,7,8,CCW,213.69225,381.25475,-0.05,0,29.7058823529,29.7058823529
1,city_uav,gazebo_world_enu,building_090,1252,outer,0,7,0,8,CCW,194.08125,381.845,-0.05,0,29.7058823529,29.7058823529
1,city_uav,gazebo_world_enu,building_091,1253,outer,0,0,1,8,CCW,-186.83425,174.7055,-0.05,0,40.8823529412,40.8823529412
1,city_uav,gazebo_world_enu,building_091,1253,outer,0,1,2,8,CCW,-147.01725,167.015,-0.05,0,40.8823529412,40.8823529412
1,city_uav,gazebo_world_enu,building_091,1253,outer,0,2,3,8,CCW,-143.45275,184.768,-0.05,0,40.8823529412,40.8823529412
1,city_uav,gazebo_world_enu,building_091,1253,outer,0,3,4,8,CCW,-158.30975,187.72575,-0.05,0,40.8823529412,40.8823529412
1,city_uav,gazebo_world_enu,building_091,1253,outer,0,4,5,8,CCW,-157.12175,194.235,-0.05,0,40.8823529412,40.8823529412
1,city_uav,gazebo_world_enu,building_091,1253,outer,0,5,6,8,CCW,-159.49875,194.82675,-0.05,0,40.8823529412,40.8823529412
1,city_uav,gazebo_world_enu,building_091,1253,outer,0,6,7,8,CCW,-155.34,214.35475,-0.05,0,40.8823529412,40.8823529412
1,city_uav,gazebo_world_enu,building_091,1253,outer,0,7,0,8,CCW,-177.92275,219.0875,-0.05,0,40.8823529412,40.8823529412
1,city_uav,gazebo_world_enu,building_092,1254,outer,0,0,1,8,CCW,-376.41025,201.32375,-0.05,0,47.3529411765,47.3529411765
1,city_uav,gazebo_world_enu,building_092,1254,outer,0,1,2,8,CCW,-359.176,198.95775,-0.05,0,47.3529411765,47.3529411765
1,city_uav,gazebo_world_enu,building_092,1254,outer,0,2,3,8,CCW,-356.79975,214.3435,-0.05,0,47.3529411765,47.3529411765
1,city_uav,gazebo_world_enu,building_092,1254,outer,0,3,4,8,CCW,-330.65125,210.79425,-0.05,0,47.3529411765,47.3529411765
1,city_uav,gazebo_world_enu,building_092,1254,outer,0,4,5,8,CCW,-327.087,236.23975,-0.05,0,47.3529411765,47.3529411765
1,city_uav,gazebo_world_enu,building_092,1254,outer,0,5,6,8,CCW,-371.658,242.155,-0.05,0,47.3529411765,47.3529411765
1,city_uav,gazebo_world_enu,building_092,1254,outer,0,6,7,8,CCW,-375.22225,216.11775,-0.05,0,47.3529411765,47.3529411765
1,city_uav,gazebo_world_enu,building_092,1254,outer,0,7,0,8,CCW,-374.628,216.11775,-0.05,0,47.3529411765,47.3529411765
1,city_uav,gazebo_world_enu,building_093,1255,outer,0,0,1,8,CCW,-71.54525,184.18075,-0.05,0,22.2058823529,22.2058823529
1,city_uav,gazebo_world_enu,building_093,1255,outer,0,1,2,8,CCW,-26.97375,175.3075,-0.05,0,22.2058823529,22.2058823529
1,city_uav,gazebo_world_enu,building_093,1255,outer,0,2,3,8,CCW,-18.65675,215.547,-0.05,0,22.2058823529,22.2058823529
1,city_uav,gazebo_world_enu,building_093,1255,outer,0,3,4,8,CCW,-36.48525,219.0965,-0.05,0,22.2058823529,22.2058823529
1,city_uav,gazebo_world_enu,building_093,1255,outer,0,4,5,8,CCW,-40.04975,203.7105,-0.05,0,22.2058823529,22.2058823529
1,city_uav,gazebo_world_enu,building_093,1255,outer,0,5,6,8,CCW,-48.36975,205.48525,-0.05,0,22.2058823529,22.2058823529
1,city_uav,gazebo_world_enu,building_093,1255,outer,0,6,7,8,CCW,-48.964,203.11825,-0.05,0,22.2058823529,22.2058823529
1,city_uav,gazebo_world_enu,building_093,1255,outer,0,7,0,8,CCW,-67.38675,206.6675,-0.05,0,22.2058823529,22.2058823529
1,city_uav,gazebo_world_enu,building_095,1264,outer,0,0,1,8,CCW,237.52525,-396.89725,-0.05,0,28.6764705882,28.6764705882
1,city_uav,gazebo_world_enu,building_095,1264,outer,0,1,2,8,CCW,281.503,-397.4855,-0.05,0,28.6764705882,28.6764705882
1,city_uav,gazebo_world_enu,building_095,1264,outer,0,2,3,8,CCW,281.50125,-374.999,-0.05,0,28.6764705882,28.6764705882
1,city_uav,gazebo_world_enu,building_095,1264,outer,0,3,4,8,CCW,263.6725,-375.0005,-0.05,0,28.6764705882,28.6764705882
1,city_uav,gazebo_world_enu,building_095,1264,outer,0,4,5,8,CCW,263.67225,-372.0415,-0.05,0,28.6764705882,28.6764705882
1,city_uav,gazebo_world_enu,building_095,1264,outer,0,5,6,8,CCW,257.135,-372.04225,-0.05,0,28.6764705882,28.6764705882
1,city_uav,gazebo_world_enu,building_095,1264,outer,0,6,7,8,CCW,257.72825,-358.43175,-0.05,0,28.6764705882,28.6764705882
1,city_uav,gazebo_world_enu,building_095,1264,outer,0,7,0,8,CCW,238.1165,-358.4335,-0.05,0,28.6764705882,28.6764705882
1,city_uav,gazebo_world_enu,building_097,1267,outer,0,0,1,8,CCW,238.702,-246.59225,-0.05,0,20.4411764706,20.4411764706
1,city_uav,gazebo_world_enu,building_097,1267,outer,0,1,2,8,CCW,239.29925,-285.056,-0.05,0,20.4411764706,20.4411764706
1,city_uav,gazebo_world_enu,building_097,1267,outer,0,2,3,8,CCW,257.128,-285.0545,-0.05,0,20.4411764706,20.4411764706
1,city_uav,gazebo_world_enu,building_097,1267,outer,0,3,4,8,CCW,257.12675,-271.44425,-0.05,0,20.4411764706,20.4411764706
1,city_uav,gazebo_world_enu,building_097,1267,outer,0,4,5,8,CCW,264.25825,-271.44375,-0.05,0,20.4411764706,20.4411764706
1,city_uav,gazebo_world_enu,building_097,1267,outer,0,5,6,8,CCW,264.258,-268.485,-0.05,0,20.4411764706,20.4411764706
1,city_uav,gazebo_world_enu,building_097,1267,outer,0,6,7,8,CCW,284.464,-268.48325,-0.05,0,20.4411764706,20.4411764706
1,city_uav,gazebo_world_enu,building_097,1267,outer,0,7,0,8,CCW,284.462,-245.99675,-0.05,0,20.4411764706,20.4411764706
1,city_uav,gazebo_world_enu,building_099,1270,outer,0,0,1,8,CCW,88.9385,-210.50675,-0.05,0,31.0294117647,31.0294117647
1,city_uav,gazebo_world_enu,building_099,1270,outer,0,1,2,8,CCW,88.9395,-227.07575,-0.05,0,31.0294117647,31.0294117647
1,city_uav,gazebo_world_enu,building_099,1270,outer,0,2,3,8,CCW,110.92825,-227.07425,-0.05,0,31.0294117647,31.0294117647
1,city_uav,gazebo_world_enu,building_099,1270,outer,0,3,4,8,CCW,110.92825,-228.25775,-0.05,0,31.0294117647,31.0294117647
1,city_uav,gazebo_world_enu,building_099,1270,outer,0,4,5,8,CCW,129.9455,-228.25625,-0.05,0,31.0294117647,31.0294117647
1,city_uav,gazebo_world_enu,building_099,1270,outer,0,5,6,8,CCW,129.9425,-185.65025,-0.05,0,31.0294117647,31.0294117647
1,city_uav,gazebo_world_enu,building_099,1270,outer,0,6,7,8,CCW,104.388,-185.652,-0.05,0,31.0294117647,31.0294117647
1,city_uav,gazebo_world_enu,building_099,1270,outer,0,7,0,8,CCW,104.38975,-210.50575,-0.05,0,31.0294117647,31.0294117647
1,city_uav,gazebo_world_enu,building_100,1272,outer,0,0,1,8,CCW,-100.654,16.12125,-0.05,0,48.6764705882,48.6764705882
1,city_uav,gazebo_world_enu,building_100,1272,outer,0,1,2,8,CCW,-79.25975,14.34725,-0.05,0,48.6764705882,48.6764705882
1,city_uav,gazebo_world_enu,building_100,1272,outer,0,2,3,8,CCW,-79.26,16.12275,-0.05,0,48.6764705882,48.6764705882
1,city_uav,gazebo_world_enu,building_100,1272,outer,0,3,4,8,CCW,-60.24275,14.3485,-0.05,0,48.6764705882,48.6764705882
1,city_uav,gazebo_world_enu,building_100,1272,outer,0,4,5,8,CCW,-56.08575,58.73025,-0.05,0,48.6764705882,48.6764705882
1,city_uav,gazebo_world_enu,building_100,1272,outer,0,5,6,8,CCW,-81.04575,61.09575,-0.05,0,48.6764705882,48.6764705882
1,city_uav,gazebo_world_enu,building_100,1272,outer,0,6,7,8,CCW,-83.421,33.875,-0.05,0,48.6764705882,48.6764705882
1,city_uav,gazebo_world_enu,building_100,1272,outer,0,7,0,8,CCW,-98.8725,35.0575,-0.05,0,48.6764705882,48.6764705882
1,city_uav,gazebo_world_enu,building_102,1277,outer,0,0,1,8,CCW,-99.4415,-359.0495,-0.05,0,45.5882352941,45.5882352941
1,city_uav,gazebo_world_enu,building_102,1277,outer,0,1,2,8,CCW,-99.44025,-376.802,-0.05,0,45.5882352941,45.5882352941
1,city_uav,gazebo_world_enu,building_102,1277,outer,0,2,3,8,CCW,-82.80025,-376.801,-0.05,0,45.5882352941,45.5882352941
1,city_uav,gazebo_world_enu,building_102,1277,outer,0,3,4,8,CCW,-82.7995,-386.86075,-0.05,0,45.5882352941,45.5882352941
1,city_uav,gazebo_world_enu,building_102,1277,outer,0,4,5,8,CCW,-99.43975,-386.86175,-0.05,0,45.5882352941,45.5882352941
1,city_uav,gazebo_world_enu,building_102,1277,outer,0,5,6,8,CCW,-99.4385,-404.61425,-0.05,0,45.5882352941,45.5882352941
1,city_uav,gazebo_world_enu,building_102,1277,outer,0,6,7,8,CCW,-57.838,-404.61175,-0.05,0,45.5882352941,45.5882352941
1,city_uav,gazebo_world_enu,building_102,1277,outer,0,7,0,8,CCW,-57.841,-359.04675,-0.05,0,45.5882352941,45.5882352941
1,city_uav,gazebo_world_enu,building_103,1278,outer,0,0,1,8,CCW,-98.8695,-8.73225,-0.05,0,33.2352941176,33.2352941176
1,city_uav,gazebo_world_enu,building_103,1278,outer,0,1,2,8,CCW,-87.57825,-8.7315,-0.05,0,33.2352941176,33.2352941176
1,city_uav,gazebo_world_enu,building_103,1278,outer,0,2,3,8,CCW,-87.5775,-18.1995,-0.05,0,33.2352941176,33.2352941176
1,city_uav,gazebo_world_enu,building_103,1278,outer,0,3,4,8,CCW,-85.2005,-18.1995,-0.05,0,33.2352941176,33.2352941176
1,city_uav,gazebo_world_enu,building_103,1278,outer,0,4,5,8,CCW,-85.7935,-37.1355,-0.05,0,33.2352941176,33.2352941176
1,city_uav,gazebo_world_enu,building_103,1278,outer,0,5,6,8,CCW,-57.86225,-38.31725,-0.05,0,33.2352941176,33.2352941176
1,city_uav,gazebo_world_enu,building_103,1278,outer,0,6,7,8,CCW,-56.6765,7.24775,-0.05,0,33.2352941176,33.2352941176
1,city_uav,gazebo_world_enu,building_103,1278,outer,0,7,0,8,CCW,-98.2765,8.4285,-0.05,0,33.2352941176,33.2352941176
1,city_uav,gazebo_world_enu,building_104,1280,outer,0,0,1,8,CCW,-98.2495,-411.71525,-0.05,0,35,35
1,city_uav,gazebo_world_enu,building_104,1280,outer,0,1,2,8,CCW,-98.24825,-430.0595,-0.05,0,35,35
1,city_uav,gazebo_world_enu,building_104,1280,outer,0,2,3,8,CCW,-83.391,-430.6505,-0.05,0,35,35
1,city_uav,gazebo_world_enu,building_104,1280,outer,0,3,4,8,CCW,-83.39025,-440.1185,-0.05,0,35,35
1,city_uav,gazebo_world_enu,building_104,1280,outer,0,4,5,8,CCW,-80.41875,-440.11825,-0.05,0,35,35
1,city_uav,gazebo_world_enu,building_104,1280,outer,0,5,6,8,CCW,-80.41775,-457.279,-0.05,0,35,35
1,city_uav,gazebo_world_enu,building_104,1280,outer,0,6,7,8,CCW,-57.24025,-457.2775,-0.05,0,35,35
1,city_uav,gazebo_world_enu,building_104,1280,outer,0,7,0,8,CCW,-57.24325,-411.7125,-0.05,0,35,35
1,city_uav,gazebo_world_enu,building_105,1282,outer,0,0,1,8,CCW,-590.92725,-214.6875,-0.05,0,34.5588235294,34.5588235294
1,city_uav,gazebo_world_enu,building_105,1282,outer,0,1,2,8,CCW,-546.94975,-215.2775,-0.05,0,34.5588235294,34.5588235294
1,city_uav,gazebo_world_enu,building_105,1282,outer,0,2,3,8,CCW,-546.9505,-195.74975,-0.05,0,34.5588235294,34.5588235294
1,city_uav,gazebo_world_enu,building_105,1282,outer,0,3,4,8,CCW,-560.025,-195.75025,-0.05,0,34.5588235294,34.5588235294
1,city_uav,gazebo_world_enu,building_105,1282,outer,0,4,5,8,CCW,-560.02525,-189.241,-0.05,0,34.5588235294,34.5588235294
1,city_uav,gazebo_world_enu,building_105,1282,outer,0,5,6,8,CCW,-550.5165,-189.2405,-0.05,0,34.5588235294,34.5588235294
1,city_uav,gazebo_world_enu,building_105,1282,outer,0,6,7,8,CCW,-549.923,-170.3045,-0.05,0,34.5588235294,34.5588235294
1,city_uav,gazebo_world_enu,building_105,1282,outer,0,7,0,8,CCW,-590.33475,-169.7145,-0.05,0,34.5588235294,34.5588235294
1,city_uav,gazebo_world_enu,building_106,1283,outer,0,0,1,8,CCW,-286.6615,-31.82175,-0.05,0,33.8235294118,33.8235294118
1,city_uav,gazebo_world_enu,building_106,1283,outer,0,1,2,8,CCW,-247.43875,-33.003,-0.05,0,33.8235294118,33.8235294118
1,city_uav,gazebo_world_enu,building_106,1283,outer,0,2,3,8,CCW,-246.2525,8.41975,-0.05,0,33.8235294118,33.8235294118
1,city_uav,gazebo_world_enu,building_106,1283,outer,0,3,4,8,CCW,-251.60125,8.4195,-0.05,0,33.8235294118,33.8235294118
1,city_uav,gazebo_world_enu,building_106,1283,outer,0,4,5,8,CCW,-251.60125,9.603,-0.05,0,33.8235294118,33.8235294118
1,city_uav,gazebo_world_enu,building_106,1283,outer,0,5,6,8,CCW,-259.92125,9.6025,-0.05,0,33.8235294118,33.8235294118
1,city_uav,gazebo_world_enu,building_106,1283,outer,0,6,7,8,CCW,-259.3275,18.47875,-0.05,0,33.8235294118,33.8235294118
1,city_uav,gazebo_world_enu,building_106,1283,outer,0,7,0,8,CCW,-285.47575,19.069,-0.05,0,33.8235294118,33.8235294118
1,city_uav,gazebo_world_enu,building_108,1286,outer,0,0,1,8,CCW,-588.552,-162.61325,-0.05,0,28.9705882353,28.9705882353
1,city_uav,gazebo_world_enu,building_108,1286,outer,0,1,2,8,CCW,-566.5635,-163.20425,-0.05,0,28.9705882353,28.9705882353
1,city_uav,gazebo_world_enu,building_108,1286,outer,0,2,3,8,CCW,-566.56425,-144.268,-0.05,0,28.9705882353,28.9705882353
1,city_uav,gazebo_world_enu,building_108,1286,outer,0,3,4,8,CCW,-562.9985,-144.268,-0.05,0,28.9705882353,28.9705882353
1,city_uav,gazebo_world_enu,building_108,1286,outer,0,4,5,8,CCW,-562.999,-135.39175,-0.05,0,28.9705882353,28.9705882353
1,city_uav,gazebo_world_enu,building_108,1286,outer,0,5,6,8,CCW,-546.95325,-134.79925,-0.05,0,28.9705882353,28.9705882353
1,city_uav,gazebo_world_enu,building_108,1286,outer,0,6,7,8,CCW,-547.54825,-117.04675,-0.05,0,28.9705882353,28.9705882353
1,city_uav,gazebo_world_enu,building_108,1286,outer,0,7,0,8,CCW,-587.95975,-117.64025,-0.05,0,28.9705882353,28.9705882353
1,city_uav,gazebo_world_enu,building_109,1287,outer,0,0,1,8,CCW,-208.207,-188.03975,-0.05,0,21.3235294118,21.3235294118
1,city_uav,gazebo_world_enu,building_109,1287,outer,0,1,2,8,CCW,-208.20425,-233.60475,-0.05,0,21.3235294118,21.3235294118
1,city_uav,gazebo_world_enu,building_109,1287,outer,0,2,3,8,CCW,-185.027,-233.60325,-0.05,0,21.3235294118,21.3235294118
1,city_uav,gazebo_world_enu,building_109,1287,outer,0,3,4,8,CCW,-185.02825,-214.66725,-0.05,0,21.3235294118,21.3235294118
1,city_uav,gazebo_world_enu,building_109,1287,outer,0,4,5,8,CCW,-182.651,-214.667,-0.05,0,21.3235294118,21.3235294118
1,city_uav,gazebo_world_enu,building_109,1287,outer,0,5,6,8,CCW,-182.6515,-206.3825,-0.05,0,21.3235294118,21.3235294118
1,city_uav,gazebo_world_enu,building_109,1287,outer,0,6,7,8,CCW,-167.2,-206.38175,-0.05,0,21.3235294118,21.3235294118
1,city_uav,gazebo_world_enu,building_109,1287,outer,0,7,0,8,CCW,-167.20125,-188.03725,-0.05,0,21.3235294118,21.3235294118
1,city_uav,gazebo_world_enu,building_110,1288,outer,0,0,1,8,CCW,-208.21025,-134.19025,-0.05,0,24.5588235294,24.5588235294
1,city_uav,gazebo_world_enu,building_110,1288,outer,0,1,2,8,CCW,-183.8445,-134.78075,-0.05,0,24.5588235294,24.5588235294
1,city_uav,gazebo_world_enu,building_110,1288,outer,0,2,3,8,CCW,-183.84575,-114.06925,-0.05,0,24.5588235294,24.5588235294
1,city_uav,gazebo_world_enu,building_110,1288,outer,0,3,4,8,CCW,-181.4685,-114.06925,-0.05,0,24.5588235294,24.5588235294
1,city_uav,gazebo_world_enu,building_110,1288,outer,0,4,5,8,CCW,-181.469,-106.96825,-0.05,0,24.5588235294,24.5588235294
1,city_uav,gazebo_world_enu,building_110,1288,outer,0,5,6,8,CCW,-168.39475,-107.55925,-0.05,0,24.5588235294,24.5588235294
1,city_uav,gazebo_world_enu,building_110,1288,outer,0,6,7,8,CCW,-167.8015,-87.4395,-0.05,0,24.5588235294,24.5588235294
1,city_uav,gazebo_world_enu,building_110,1288,outer,0,7,0,8,CCW,-207.0245,-86.85025,-0.05,0,24.5588235294,24.5588235294
1,city_uav,gazebo_world_enu,building_111,1289,outer,0,0,1,8,CCW,-90.5565,98.3755,-0.05,0,38.6764705882,38.6764705882
1,city_uav,gazebo_world_enu,building_111,1289,outer,0,1,2,8,CCW,-75.105,96.0095,-0.05,0,38.6764705882,38.6764705882
1,city_uav,gazebo_world_enu,building_111,1289,outer,0,2,3,8,CCW,-76.29325,88.90825,-0.05,0,38.6764705882,38.6764705882
1,city_uav,gazebo_world_enu,building_111,1289,outer,0,3,4,8,CCW,-73.32175,88.31675,-0.05,0,38.6764705882,38.6764705882
1,city_uav,gazebo_world_enu,building_111,1289,outer,0,4,5,8,CCW,-76.88625,68.78875,-0.05,0,38.6764705882,38.6764705882
1,city_uav,gazebo_world_enu,building_111,1289,outer,0,5,6,8,CCW,-54.30325,64.648,-0.05,0,38.6764705882,38.6764705882
1,city_uav,gazebo_world_enu,building_111,1289,outer,0,6,7,8,CCW,-47.17475,109.6215,-0.05,0,38.6764705882,38.6764705882
1,city_uav,gazebo_world_enu,building_111,1289,outer,0,7,0,8,CCW,-87.58625,116.12825,-0.05,0,38.6764705882,38.6764705882
1,city_uav,gazebo_world_enu,building_113,1291,outer,0,0,1,8,CCW,295.1285,126.21625,-0.05,0,24.7058823529,24.7058823529
1,city_uav,gazebo_world_enu,building_113,1291,outer,0,1,2,8,CCW,295.13,109.05525,-0.05,0,24.7058823529,24.7058823529
1,city_uav,gazebo_world_enu,building_113,1291,outer,0,2,3,8,CCW,315.3355,109.057,-0.05,0,24.7058823529,24.7058823529
1,city_uav,gazebo_world_enu,building_113,1291,outer,0,3,4,8,CCW,315.337,91.3045,-0.05,0,24.7058823529,24.7058823529
1,city_uav,gazebo_world_enu,building_113,1291,outer,0,4,5,8,CCW,312.95975,91.30425,-0.05,0,24.7058823529,24.7058823529
1,city_uav,gazebo_world_enu,building_113,1291,outer,0,5,6,8,CCW,312.9605,82.428,-0.05,0,24.7058823529,24.7058823529
1,city_uav,gazebo_world_enu,building_113,1291,outer,0,6,7,8,CCW,335.54325,82.43,-0.05,0,24.7058823529,24.7058823529
1,city_uav,gazebo_world_enu,building_113,1291,outer,0,7,0,8,CCW,335.5395,126.2195,-0.05,0,24.7058823529,24.7058823529
1,city_uav,gazebo_world_enu,building_114,1292,outer,0,0,1,9,CCW,485.27725,349.32325,-0.05,0,35.4411764706,35.4411764706
1,city_uav,gazebo_world_enu,building_114,1292,outer,0,1,2,9,CCW,489.43725,347.5485,-0.05,0,35.4411764706,35.4411764706
1,city_uav,gazebo_world_enu,building_114,1292,outer,0,2,3,9,CCW,494.1915,346.95725,-0.05,0,35.4411764706,35.4411764706
1,city_uav,gazebo_world_enu,building_114,1292,outer,0,3,4,9,CCW,497.163,346.36575,-0.05,0,35.4411764706,35.4411764706
1,city_uav,gazebo_world_enu,building_114,1292,outer,0,4,5,9,CCW,499.54,346.36575,-0.05,0,35.4411764706,35.4411764706
1,city_uav,gazebo_world_enu,building_114,1292,outer,0,5,6,9,CCW,501.91725,345.77425,-0.05,0,35.4411764706,35.4411764706
1,city_uav,gazebo_world_enu,building_114,1292,outer,0,6,7,9,CCW,507.26525,348.14175,-0.05,0,35.4411764706,35.4411764706
1,city_uav,gazebo_world_enu,building_114,1292,outer,0,7,8,9,CCW,510.828,381.28025,-0.05,0,35.4411764706,35.4411764706
1,city_uav,gazebo_world_enu,building_114,1292,outer,0,8,0,9,CCW,488.83975,383.64525,-0.05,0,35.4411764706,35.4411764706
1,city_uav,gazebo_world_enu,building_116,1296,outer,0,0,1,8,CCW,262.4975,-543.64975,-0.05,0,27.3529411765,27.3529411765
1,city_uav,gazebo_world_enu,building_116,1296,outer,0,1,2,8,CCW,262.50075,-581.522,-0.05,0,27.3529411765,27.3529411765
1,city_uav,gazebo_world_enu,building_116,1296,outer,0,2,3,8,CCW,269.63225,-581.52125,-0.05,0,27.3529411765,27.3529411765
1,city_uav,gazebo_world_enu,building_116,1296,outer,0,3,4,8,CCW,269.633,-590.98925,-0.05,0,27.3529411765,27.3529411765
1,city_uav,gazebo_world_enu,building_116,1296,outer,0,4,5,8,CCW,283.302,-590.98825,-0.05,0,27.3529411765,27.3529411765
1,city_uav,gazebo_world_enu,building_116,1296,outer,0,5,6,8,CCW,283.30125,-582.112,-0.05,0,27.3529411765,27.3529411765
1,city_uav,gazebo_world_enu,building_116,1296,outer,0,6,7,8,CCW,308.26175,-582.10975,-0.05,0,27.3529411765,27.3529411765
1,city_uav,gazebo_world_enu,building_116,1296,outer,0,7,0,8,CCW,308.85275,-544.23775,-0.05,0,27.3529411765,27.3529411765
1,city_uav,gazebo_world_enu,building_117,1298,outer,0,0,1,8,CCW,-267.65575,169.96675,-0.05,0,22.0588235294,22.0588235294
1,city_uav,gazebo_world_enu,building_117,1298,outer,0,1,2,8,CCW,-252.2045,166.41725,-0.05,0,22.0588235294,22.0588235294
1,city_uav,gazebo_world_enu,building_117,1298,outer,0,2,3,8,CCW,-253.3925,159.90775,-0.05,0,22.0588235294,22.0588235294
1,city_uav,gazebo_world_enu,building_117,1298,outer,0,3,4,8,CCW,-250.42125,159.31625,-0.05,0,22.0588235294,22.0588235294
1,city_uav,gazebo_world_enu,building_117,1298,outer,0,4,5,8,CCW,-254.58,140.97175,-0.05,0,22.0588235294,22.0588235294
1,city_uav,gazebo_world_enu,building_117,1298,outer,0,5,6,8,CCW,-232.5915,135.64725,-0.05,0,22.0588235294,22.0588235294
1,city_uav,gazebo_world_enu,building_117,1298,outer,0,6,7,8,CCW,-223.0855,178.25375,-0.05,0,22.0588235294,22.0588235294
1,city_uav,gazebo_world_enu,building_117,1298,outer,0,7,0,8,CCW,-263.49675,187.12775,-0.05,0,22.0588235294,22.0588235294
1,city_uav,gazebo_world_enu,building_118,1299,outer,0,0,1,8,CCW,188.7815,-244.821,-0.05,0,40.4411764706,40.4411764706
1,city_uav,gazebo_world_enu,building_118,1299,outer,0,1,2,8,CCW,188.78325,-266.71575,-0.05,0,40.4411764706,40.4411764706
1,city_uav,gazebo_world_enu,building_118,1299,outer,0,2,3,8,CCW,201.26325,-266.71475,-0.05,0,40.4411764706,40.4411764706
1,city_uav,gazebo_world_enu,building_118,1299,outer,0,3,4,8,CCW,201.2635,-269.6735,-0.05,0,40.4411764706,40.4411764706
1,city_uav,gazebo_world_enu,building_118,1299,outer,0,4,5,8,CCW,214.93225,-269.6725,-0.05,0,40.4411764706,40.4411764706
1,city_uav,gazebo_world_enu,building_118,1299,outer,0,5,6,8,CCW,214.9335,-285.64975,-0.05,0,40.4411764706,40.4411764706
1,city_uav,gazebo_world_enu,building_118,1299,outer,0,6,7,8,CCW,233.95075,-285.64825,-0.05,0,40.4411764706,40.4411764706
1,city_uav,gazebo_world_enu,building_118,1299,outer,0,7,0,8,CCW,233.9475,-244.81725,-0.05,0,40.4411764706,40.4411764706
1,city_uav,gazebo_world_enu,building_119,1301,outer,0,0,1,8,CCW,115.11175,-544.84475,-0.05,0,35.5882352941,35.5882352941
1,city_uav,gazebo_world_enu,building_119,1301,outer,0,1,2,8,CCW,115.115,-586.26725,-0.05,0,35.5882352941,35.5882352941
1,city_uav,gazebo_world_enu,building_119,1301,outer,0,2,3,8,CCW,159.6875,-586.85575,-0.05,0,35.5882352941,35.5882352941
1,city_uav,gazebo_world_enu,building_119,1301,outer,0,3,4,8,CCW,160.2785,-544.84125,-0.05,0,35.5882352941,35.5882352941
1,city_uav,gazebo_world_enu,building_119,1301,outer,0,4,5,8,CCW,141.261,-544.84275,-0.05,0,35.5882352941,35.5882352941
1,city_uav,gazebo_world_enu,building_119,1301,outer,0,5,6,8,CCW,140.66775,-560.22825,-0.05,0,35.5882352941,35.5882352941
1,city_uav,gazebo_world_enu,building_119,1301,outer,0,6,7,8,CCW,133.53625,-560.229,-0.05,0,35.5882352941,35.5882352941
1,city_uav,gazebo_world_enu,building_119,1301,outer,0,7,0,8,CCW,133.535,-544.84325,-0.05,0,35.5882352941,35.5882352941
1,city_uav,gazebo_world_enu,building_120,1310,outer,0,0,1,8,CCW,122.7765,277.69125,-0.05,0,26.6176470588,26.6176470588
1,city_uav,gazebo_world_enu,building_120,1310,outer,0,1,2,8,CCW,163.782,268.22625,-0.05,0,26.6176470588,26.6176470588
1,city_uav,gazebo_world_enu,building_120,1310,outer,0,2,3,8,CCW,173.8815,309.64975,-0.05,0,26.6176470588,26.6176470588
1,city_uav,gazebo_world_enu,building_120,1310,outer,0,3,4,8,CCW,132.876,319.70625,-0.05,0,26.6176470588,26.6176470588
1,city_uav,gazebo_world_enu,building_120,1310,outer,0,4,5,8,CCW,128.7175,301.36175,-0.05,0,26.6176470588,26.6176470588
1,city_uav,gazebo_world_enu,building_120,1310,outer,0,5,6,8,CCW,144.16875,297.81225,-0.05,0,26.6176470588,26.6176470588
1,city_uav,gazebo_world_enu,building_120,1310,outer,0,6,7,8,CCW,141.7925,288.344,-0.05,0,26.6176470588,26.6176470588
1,city_uav,gazebo_world_enu,building_120,1310,outer,0,7,0,8,CCW,126.341,291.8935,-0.05,0,26.6176470588,26.6176470588
1,city_uav,gazebo_world_enu,building_121,1311,outer,0,0,1,8,CCW,9.26975,280.64175,-0.05,0,37.3529411765,37.3529411765
1,city_uav,gazebo_world_enu,building_121,1311,outer,0,1,2,8,CCW,24.72125,277.09225,-0.05,0,37.3529411765,37.3529411765
1,city_uav,gazebo_world_enu,building_121,1311,outer,0,2,3,8,CCW,27.6915,291.88625,-0.05,0,37.3529411765,37.3529411765
1,city_uav,gazebo_world_enu,building_121,1311,outer,0,3,4,8,CCW,32.44575,290.70325,-0.05,0,37.3529411765,37.3529411765
1,city_uav,gazebo_world_enu,building_121,1311,outer,0,4,5,8,CCW,32.44575,293.07025,-0.05,0,37.3529411765,37.3529411765
1,city_uav,gazebo_world_enu,building_121,1311,outer,0,5,6,8,CCW,54.434,288.9295,-0.05,0,37.3529411765,37.3529411765
1,city_uav,gazebo_world_enu,building_121,1311,outer,0,6,7,8,CCW,59.1865,312.00825,-0.05,0,37.3529411765,37.3529411765
1,city_uav,gazebo_world_enu,building_121,1311,outer,0,7,0,8,CCW,16.99275,320.28975,-0.05,0,37.3529411765,37.3529411765
1,city_uav,gazebo_world_enu,building_124,1317,outer,0,0,1,8,CCW,87.76775,-457.85925,-0.05,0,22.3529411765,22.3529411765
1,city_uav,gazebo_world_enu,building_124,1317,outer,0,1,2,8,CCW,108.56825,-458.4495,-0.05,0,22.3529411765,22.3529411765
1,city_uav,gazebo_world_enu,building_124,1317,outer,0,2,3,8,CCW,108.5685,-461.40825,-0.05,0,22.3529411765,22.3529411765
1,city_uav,gazebo_world_enu,building_124,1317,outer,0,3,4,8,CCW,115.10575,-461.40775,-0.05,0,22.3529411765,22.3529411765
1,city_uav,gazebo_world_enu,building_124,1317,outer,0,4,5,8,CCW,115.10675,-476.79325,-0.05,0,22.3529411765,22.3529411765
1,city_uav,gazebo_world_enu,building_124,1317,outer,0,5,6,8,CCW,132.93575,-477.38375,-0.05,0,22.3529411765,22.3529411765
1,city_uav,gazebo_world_enu,building_124,1317,outer,0,6,7,8,CCW,133.527,-437.1445,-0.05,0,22.3529411765,22.3529411765
1,city_uav,gazebo_world_enu,building_124,1317,outer,0,7,0,8,CCW,88.3605,-435.96425,-0.05,0,22.3529411765,22.3529411765
1,city_uav,gazebo_world_enu,building_125,1318,outer,0,0,1,8,CCW,87.739,-60.79375,-0.05,0,30,30
1,city_uav,gazebo_world_enu,building_125,1318,outer,0,1,2,8,CCW,103.19025,-60.7925,-0.05,0,30,30
1,city_uav,gazebo_world_enu,building_125,1318,outer,0,2,3,8,CCW,103.19075,-67.8935,-0.05,0,30,30
1,city_uav,gazebo_world_enu,building_125,1318,outer,0,3,4,8,CCW,87.7395,-67.89475,-0.05,0,30,30
1,city_uav,gazebo_world_enu,building_125,1318,outer,0,4,5,8,CCW,87.74075,-86.239,-0.05,0,30,30
1,city_uav,gazebo_world_enu,building_125,1318,outer,0,5,6,8,CCW,128.152,-86.236,-0.05,0,30,30
1,city_uav,gazebo_world_enu,building_125,1318,outer,0,6,7,8,CCW,128.149,-44.2215,-0.05,0,30,30
1,city_uav,gazebo_world_enu,building_125,1318,outer,0,7,0,8,CCW,88.332,-43.63275,-0.05,0,30,30
1,city_uav,gazebo_world_enu,building_126,1319,outer,0,0,1,8,CCW,239.87575,-62.55725,-0.05,0,37.2058823529,37.2058823529
1,city_uav,gazebo_world_enu,building_126,1319,outer,0,1,2,8,CCW,239.8775,-84.452,-0.05,0,37.2058823529,37.2058823529
1,city_uav,gazebo_world_enu,building_126,1319,outer,0,2,3,8,CCW,259.48875,-84.4505,-0.05,0,37.2058823529,37.2058823529
1,city_uav,gazebo_world_enu,building_126,1319,outer,0,3,4,8,CCW,259.489,-87.40925,-0.05,0,37.2058823529,37.2058823529
1,city_uav,gazebo_world_enu,building_126,1319,outer,0,4,5,8,CCW,266.6205,-87.40875,-0.05,0,37.2058823529,37.2058823529
1,city_uav,gazebo_world_enu,building_126,1319,outer,0,5,6,8,CCW,266.6215,-99.8355,-0.05,0,37.2058823529,37.2058823529
1,city_uav,gazebo_world_enu,building_126,1319,outer,0,6,7,8,CCW,283.85575,-100.42575,-0.05,0,37.2058823529,37.2058823529
1,city_uav,gazebo_world_enu,building_126,1319,outer,0,7,0,8,CCW,284.447,-62.55375,-0.05,0,37.2058823529,37.2058823529
1,city_uav,gazebo_world_enu,building_127,1322,outer,0,0,1,8,CCW,-100.63975,-208.7445,-0.05,0,40.7352941176,40.7352941176
1,city_uav,gazebo_world_enu,building_127,1322,outer,0,1,2,8,CCW,-83.9995,-208.7435,-0.05,0,40.7352941176,40.7352941176
1,city_uav,gazebo_world_enu,building_127,1322,outer,0,2,3,8,CCW,-83.999,-216.43625,-0.05,0,40.7352941176,40.7352941176
1,city_uav,gazebo_world_enu,building_127,1322,outer,0,3,4,8,CCW,-81.02775,-216.436,-0.05,0,40.7352941176,40.7352941176
1,city_uav,gazebo_world_enu,building_127,1322,outer,0,4,5,8,CCW,-81.62075,-234.7805,-0.05,0,40.7352941176,40.7352941176
1,city_uav,gazebo_world_enu,building_127,1322,outer,0,5,6,8,CCW,-59.03775,-235.37075,-0.05,0,40.7352941176,40.7352941176
1,city_uav,gazebo_world_enu,building_127,1322,outer,0,6,7,8,CCW,-58.44625,-190.98925,-0.05,0,40.7352941176,40.7352941176
1,city_uav,gazebo_world_enu,building_127,1322,outer,0,7,0,8,CCW,-100.0465,-190.40025,-0.05,0,40.7352941176,40.7352941176
1,city_uav,gazebo_world_enu,building_128,1326,outer,0,0,1,8,CCW,-479.78975,-331.84975,-0.05,0,26.1764705882,26.1764705882
1,city_uav,gazebo_world_enu,building_128,1326,outer,0,1,2,8,CCW,-479.19475,-349.0105,-0.05,0,26.1764705882,26.1764705882
1,city_uav,gazebo_world_enu,building_128,1326,outer,0,2,3,8,CCW,-463.74325,-349.00975,-0.05,0,26.1764705882,26.1764705882
1,city_uav,gazebo_world_enu,building_128,1326,outer,0,3,4,8,CCW,-463.74275,-359.0695,-0.05,0,26.1764705882,26.1764705882
1,city_uav,gazebo_world_enu,building_128,1326,outer,0,4,5,8,CCW,-479.19425,-359.07025,-0.05,0,26.1764705882,26.1764705882
1,city_uav,gazebo_world_enu,building_128,1326,outer,0,5,6,8,CCW,-479.1935,-376.82275,-0.05,0,26.1764705882,26.1764705882
1,city_uav,gazebo_world_enu,building_128,1326,outer,0,6,7,8,CCW,-436.4045,-376.229,-0.05,0,26.1764705882,26.1764705882
1,city_uav,gazebo_world_enu,building_128,1326,outer,0,7,0,8,CCW,-437.001,-331.256,-0.05,0,26.1764705882,26.1764705882
1,city_uav,gazebo_world_enu,building_129,1328,outer,0,0,1,8,CCW,-283.66675,-456.10775,-0.05,0,25.5882352941,25.5882352941
1,city_uav,gazebo_world_enu,building_129,1328,outer,0,1,2,8,CCW,-283.66575,-475.04375,-0.05,0,25.5882352941,25.5882352941
1,city_uav,gazebo_world_enu,building_129,1328,outer,0,2,3,8,CCW,-269.40275,-474.45125,-0.05,0,25.5882352941,25.5882352941
1,city_uav,gazebo_world_enu,building_129,1328,outer,0,3,4,8,CCW,-269.40225,-482.144,-0.05,0,25.5882352941,25.5882352941
1,city_uav,gazebo_world_enu,building_129,1328,outer,0,4,5,8,CCW,-283.66525,-482.7365,-0.05,0,25.5882352941,25.5882352941
1,city_uav,gazebo_world_enu,building_129,1328,outer,0,5,6,8,CCW,-283.6645,-499.3055,-0.05,0,25.5882352941,25.5882352941
1,city_uav,gazebo_world_enu,building_129,1328,outer,0,6,7,8,CCW,-243.25225,-499.30325,-0.05,0,25.5882352941,25.5882352941
1,city_uav,gazebo_world_enu,building_129,1328,outer,0,7,0,8,CCW,-243.25475,-456.1055,-0.05,0,25.5882352941,25.5882352941
1,city_uav,gazebo_world_enu,building_130,1331,outer,0,0,1,9,CCW,516.7955,113.809,-0.05,0,23.3823529412,23.3823529412
1,city_uav,gazebo_world_enu,building_130,1331,outer,0,1,2,9,CCW,525.71025,109.6675,-0.05,0,23.3823529412,23.3823529412
1,city_uav,gazebo_world_enu,building_130,1331,outer,0,2,3,9,CCW,517.39175,93.0975,-0.05,0,23.3823529412,23.3823529412
1,city_uav,gazebo_world_enu,building_130,1331,outer,0,3,4,9,CCW,533.438,85.40625,-0.05,0,23.3823529412,23.3823529412
1,city_uav,gazebo_world_enu,building_130,1331,outer,0,4,5,9,CCW,539.97375,99.609,-0.05,0,23.3823529412,23.3823529412
1,city_uav,gazebo_world_enu,building_130,1331,outer,0,5,6,9,CCW,562.5575,88.9595,-0.05,0,23.3823529412,23.3823529412
1,city_uav,gazebo_world_enu,building_130,1331,outer,0,6,7,9,CCW,577.4115,119.73225,-0.05,0,23.3823529412,23.3823529412
1,city_uav,gazebo_world_enu,building_130,1331,outer,0,7,8,9,CCW,539.376,137.481,-0.05,0,23.3823529412,23.3823529412
1,city_uav,gazebo_world_enu,building_130,1331,outer,0,8,0,9,CCW,525.708,132.154,-0.05,0,23.3823529412,23.3823529412
1,city_uav,gazebo_world_enu,building_131,1332,outer,0,0,1,9,CCW,-611.16425,577.66775,-0.05,0,46.7647058824,46.7647058824
1,city_uav,gazebo_world_enu,building_131,1332,outer,0,1,2,9,CCW,-603.43875,575.301,-0.05,0,46.7647058824,46.7647058824
1,city_uav,gazebo_world_enu,building_131,1332,outer,0,2,3,9,CCW,-598.68425,571.159,-0.05,0,46.7647058824,46.7647058824
1,city_uav,gazebo_world_enu,building_131,1332,outer,0,3,4,9,CCW,-571.942,561.692,-0.05,0,46.7647058824,46.7647058824
1,city_uav,gazebo_world_enu,building_131,1332,outer,0,4,5,9,CCW,-564.2175,582.4035,-0.05,0,46.7647058824,46.7647058824
1,city_uav,gazebo_world_enu,building_131,1332,outer,0,5,6,9,CCW,-578.48,587.72875,-0.05,0,46.7647058824,46.7647058824
1,city_uav,gazebo_world_enu,building_131,1332,outer,0,6,7,9,CCW,-570.7555,610.8075,-0.05,0,46.7647058824,46.7647058824
1,city_uav,gazebo_world_enu,building_131,1332,outer,0,7,8,9,CCW,-582.04675,617.31625,-0.05,0,46.7647058824,46.7647058824
1,city_uav,gazebo_world_enu,building_131,1332,outer,0,8,0,9,CCW,-596.30925,619.68275,-0.05,0,46.7647058824,46.7647058824
1,city_uav,gazebo_world_enu,building_132,1336,outer,0,0,1,8,CCW,88.933,-137.72125,-0.05,0,25.1470588235,25.1470588235
1,city_uav,gazebo_world_enu,building_132,1336,outer,0,1,2,8,CCW,88.9345,-156.06575,-0.05,0,25.1470588235,25.1470588235
1,city_uav,gazebo_world_enu,building_132,1336,outer,0,2,3,8,CCW,103.7915,-156.0645,-0.05,0,25.1470588235,25.1470588235
1,city_uav,gazebo_world_enu,building_132,1336,outer,0,3,4,8,CCW,103.792,-160.7985,-0.05,0,25.1470588235,25.1470588235
1,city_uav,gazebo_world_enu,building_132,1336,outer,0,4,5,8,CCW,90.12325,-160.7995,-0.05,0,25.1470588235,25.1470588235
1,city_uav,gazebo_world_enu,building_132,1336,outer,0,5,6,8,CCW,89.5305,-180.3275,-0.05,0,25.1470588235,25.1470588235
1,city_uav,gazebo_world_enu,building_132,1336,outer,0,6,7,8,CCW,128.7535,-180.3245,-0.05,0,25.1470588235,25.1470588235
1,city_uav,gazebo_world_enu,building_132,1336,outer,0,7,0,8,CCW,129.3445,-138.31,-0.05,0,25.1470588235,25.1470588235
1,city_uav,gazebo_world_enu,building_133,1340,outer,0,0,1,10,CCW,547.6775,330.98475,-0.05,0,28.0882352941,28.0882352941
1,city_uav,gazebo_world_enu,building_133,1340,outer,0,1,2,10,CCW,548.867,319.74175,-0.05,0,28.0882352941,28.0882352941
1,city_uav,gazebo_world_enu,building_133,1340,outer,0,2,3,10,CCW,550.0555,320.3335,-0.05,0,28.0882352941,28.0882352941
1,city_uav,gazebo_world_enu,building_133,1340,outer,0,3,4,10,CCW,551.24525,307.90675,-0.05,0,28.0882352941,28.0882352941
1,city_uav,gazebo_world_enu,building_133,1340,outer,0,4,5,10,CCW,585.713,310.869,-0.05,0,28.0882352941,28.0882352941
1,city_uav,gazebo_world_enu,building_133,1340,outer,0,5,6,10,CCW,583.928,333.35525,-0.05,0,28.0882352941,28.0882352941
1,city_uav,gazebo_world_enu,building_133,1340,outer,0,6,7,10,CCW,570.854,332.1705,-0.05,0,28.0882352941,28.0882352941
1,city_uav,gazebo_world_enu,building_133,1340,outer,0,7,8,10,CCW,570.85375,334.5375,-0.05,0,28.0882352941,28.0882352941
1,city_uav,gazebo_world_enu,building_133,1340,outer,0,8,9,10,CCW,560.157,333.353,-0.05,0,28.0882352941,28.0882352941
1,city_uav,gazebo_world_enu,building_133,1340,outer,0,9,0,10,CCW,560.7515,331.57775,-0.05,0,28.0882352941,28.0882352941
1,city_uav,gazebo_world_enu,building_134,1341,outer,0,0,1,10,CCW,-592.71575,-70.892,-0.05,0,27.2058823529,27.2058823529
1,city_uav,gazebo_world_enu,building_134,1341,outer,0,1,2,10,CCW,-591.5255,-113.498,-0.05,0,27.2058823529,27.2058823529
1,city_uav,gazebo_world_enu,building_134,1341,outer,0,2,3,10,CCW,-564.78275,-112.90525,-0.05,0,27.2058823529,27.2058823529
1,city_uav,gazebo_world_enu,building_134,1341,outer,0,3,4,10,CCW,-564.78325,-96.928,-0.05,0,27.2058823529,27.2058823529
1,city_uav,gazebo_world_enu,building_134,1341,outer,0,4,5,10,CCW,-561.812,-96.92775,-0.05,0,27.2058823529,27.2058823529
1,city_uav,gazebo_world_enu,building_134,1341,outer,0,5,6,10,CCW,-562.40675,-86.868,-0.05,0,27.2058823529,27.2058823529
1,city_uav,gazebo_world_enu,building_134,1341,outer,0,6,7,10,CCW,-548.738,-86.27575,-0.05,0,27.2058823529,27.2058823529
1,city_uav,gazebo_world_enu,building_134,1341,outer,0,7,8,10,CCW,-548.739,-67.3395,-0.05,0,27.2058823529,27.2058823529
1,city_uav,gazebo_world_enu,building_134,1341,outer,0,8,9,10,CCW,-568.9445,-67.93225,-0.05,0,27.2058823529,27.2058823529
1,city_uav,gazebo_world_enu,building_134,1341,outer,0,9,0,10,CCW,-568.9445,-70.29925,-0.05,0,27.2058823529,27.2058823529
1,city_uav,gazebo_world_enu,building_135,1344,outer,0,0,1,10,CCW,-19.81775,-188.61975,-0.05,0,41.6176470588,41.6176470588
1,city_uav,gazebo_world_enu,building_135,1344,outer,0,1,2,10,CCW,19.40525,-189.20875,-0.05,0,41.6176470588,41.6176470588
1,city_uav,gazebo_world_enu,building_135,1344,outer,0,2,3,10,CCW,19.998,-168.49725,-0.05,0,41.6176470588,41.6176470588
1,city_uav,gazebo_world_enu,building_135,1344,outer,0,3,4,10,CCW,17.0265,-168.4975,-0.05,0,41.6176470588,41.6176470588
1,city_uav,gazebo_world_enu,building_135,1344,outer,0,4,5,10,CCW,17.02625,-164.35525,-0.05,0,41.6176470588,41.6176470588
1,city_uav,gazebo_world_enu,building_135,1344,outer,0,5,6,10,CCW,19.4035,-164.355,-0.05,0,41.6176470588,41.6176470588
1,city_uav,gazebo_world_enu,building_135,1344,outer,0,6,7,10,CCW,19.40225,-146.01075,-0.05,0,41.6176470588,41.6176470588
1,city_uav,gazebo_world_enu,building_135,1344,outer,0,7,8,10,CCW,-9.71775,-146.01275,-0.05,0,41.6176470588,41.6176470588
1,city_uav,gazebo_world_enu,building_135,1344,outer,0,8,9,10,CCW,-9.7175,-151.3385,-0.05,0,41.6176470588,41.6176470588
1,city_uav,gazebo_world_enu,building_135,1344,outer,0,9,0,10,CCW,-19.226,-151.33925,-0.05,0,41.6176470588,41.6176470588
1,city_uav,gazebo_world_enu,building_136,1346,outer,0,0,1,10,CCW,-474.44975,-148.40625,-0.05,0,21.7647058824,21.7647058824
1,city_uav,gazebo_world_enu,building_136,1346,outer,0,1,2,10,CCW,-474.4485,-173.26,-0.05,0,21.7647058824,21.7647058824
1,city_uav,gazebo_world_enu,building_136,1346,outer,0,2,3,10,CCW,-436.41425,-173.25825,-0.05,0,21.7647058824,21.7647058824
1,city_uav,gazebo_world_enu,building_136,1346,outer,0,3,4,10,CCW,-436.41525,-150.17975,-0.05,0,21.7647058824,21.7647058824
1,city_uav,gazebo_world_enu,building_136,1346,outer,0,4,5,10,CCW,-433.44375,-150.17975,-0.05,0,21.7647058824,21.7647058824
1,city_uav,gazebo_world_enu,building_136,1346,outer,0,5,6,10,CCW,-434.039,-130.06025,-0.05,0,21.7647058824,21.7647058824
1,city_uav,gazebo_world_enu,building_136,1346,outer,0,6,7,10,CCW,-453.05625,-130.65275,-0.05,0,21.7647058824,21.7647058824
1,city_uav,gazebo_world_enu,building_136,1346,outer,0,7,8,10,CCW,-453.0555,-146.03825,-0.05,0,21.7647058824,21.7647058824
1,city_uav,gazebo_world_enu,building_136,1346,outer,0,8,9,10,CCW,-463.75275,-146.03875,-0.05,0,21.7647058824,21.7647058824
1,city_uav,gazebo_world_enu,building_136,1346,outer,0,9,0,10,CCW,-463.15825,-148.40575,-0.05,0,21.7647058824,21.7647058824
1,city_uav,gazebo_world_enu,building_137,1347,outer,0,0,1,10,CCW,-18.02,-408.75125,-0.05,0,46.6176470588,46.6176470588
1,city_uav,gazebo_world_enu,building_137,1347,outer,0,1,2,10,CCW,-17.42325,-447.215,-0.05,0,46.6176470588,46.6176470588
1,city_uav,gazebo_world_enu,building_137,1347,outer,0,2,3,10,CCW,-7.9145,-447.2145,-0.05,0,46.6176470588,46.6176470588
1,city_uav,gazebo_world_enu,building_137,1347,outer,0,3,4,10,CCW,-7.914,-453.132,-0.05,0,46.6176470588,46.6176470588
1,city_uav,gazebo_world_enu,building_137,1347,outer,0,4,5,10,CCW,21.2065,-452.53825,-0.05,0,46.6176470588,46.6176470588
1,city_uav,gazebo_world_enu,building_137,1347,outer,0,5,6,10,CCW,21.205,-433.01025,-0.05,0,46.6176470588,46.6176470588
1,city_uav,gazebo_world_enu,building_137,1347,outer,0,6,7,10,CCW,7.53625,-433.01125,-0.05,0,46.6176470588,46.6176470588
1,city_uav,gazebo_world_enu,building_137,1347,outer,0,7,8,10,CCW,7.53575,-426.502,-0.05,0,46.6176470588,46.6176470588
1,city_uav,gazebo_world_enu,building_137,1347,outer,0,8,9,10,CCW,4.56425,-426.50225,-0.05,0,46.6176470588,46.6176470588
1,city_uav,gazebo_world_enu,building_137,1347,outer,0,9,0,10,CCW,3.96875,-408.74975,-0.05,0,46.6176470588,46.6176470588
1,city_uav,gazebo_world_enu,building_139,1350,outer,0,0,1,10,CCW,-131.581,404.9005,-0.05,0,35.1470588235,35.1470588235
1,city_uav,gazebo_world_enu,building_139,1350,outer,0,1,2,10,CCW,-95.32975,393.06775,-0.05,0,35.1470588235,35.1470588235
1,city_uav,gazebo_world_enu,building_139,1350,outer,0,2,3,10,CCW,-92.359,403.12775,-0.05,0,35.1470588235,35.1470588235
1,city_uav,gazebo_world_enu,building_139,1350,outer,0,3,4,10,CCW,-86.416,401.35275,-0.05,0,35.1470588235,35.1470588235
1,city_uav,gazebo_world_enu,building_139,1350,outer,0,4,5,10,CCW,-77.50375,428.574,-0.05,0,35.1470588235,35.1470588235
1,city_uav,gazebo_world_enu,building_139,1350,outer,0,5,6,10,CCW,-97.11525,435.082,-0.05,0,35.1470588235,35.1470588235
1,city_uav,gazebo_world_enu,building_139,1350,outer,0,6,7,10,CCW,-101.86825,419.1045,-0.05,0,35.1470588235,35.1470588235
1,city_uav,gazebo_world_enu,building_139,1350,outer,0,7,8,10,CCW,-106.6225,420.2875,-0.05,0,35.1470588235,35.1470588235
1,city_uav,gazebo_world_enu,building_139,1350,outer,0,8,9,10,CCW,-101.275,435.6735,-0.05,0,35.1470588235,35.1470588235
1,city_uav,gazebo_world_enu,building_139,1350,outer,0,9,0,10,CCW,-119.69775,441.58975,-0.05,0,35.1470588235,35.1470588235
1,city_uav,gazebo_world_enu,building_141,1352,outer,0,0,1,10,CCW,362.85925,323.27525,-0.05,0,27.0588235294,27.0588235294
1,city_uav,gazebo_world_enu,building_141,1352,outer,0,1,2,10,CCW,362.86025,313.2155,-0.05,0,27.0588235294,27.0588235294
1,city_uav,gazebo_world_enu,building_141,1352,outer,0,2,3,10,CCW,397.92225,312.62675,-0.05,0,27.0588235294,27.0588235294
1,city_uav,gazebo_world_enu,building_141,1352,outer,0,3,4,10,CCW,397.9225,311.44325,-0.05,0,27.0588235294,27.0588235294
1,city_uav,gazebo_world_enu,building_141,1352,outer,0,4,5,10,CCW,402.67675,311.44375,-0.05,0,27.0588235294,27.0588235294
1,city_uav,gazebo_world_enu,building_141,1352,outer,0,5,6,10,CCW,403.26875,336.2975,-0.05,0,27.0588235294,27.0588235294
1,city_uav,gazebo_world_enu,building_141,1352,outer,0,6,7,10,CCW,387.81775,336.296,-0.05,0,27.0588235294,27.0588235294
1,city_uav,gazebo_world_enu,building_141,1352,outer,0,7,8,10,CCW,387.81775,335.1125,-0.05,0,27.0588235294,27.0588235294
1,city_uav,gazebo_world_enu,building_141,1352,outer,0,8,9,10,CCW,364.641,335.70225,-0.05,0,27.0588235294,27.0588235294
1,city_uav,gazebo_world_enu,building_141,1352,outer,0,9,0,10,CCW,364.04775,323.2755,-0.05,0,27.0588235294,27.0588235294
1,city_uav,gazebo_world_enu,building_142,1353,outer,0,0,1,10,CCW,363.459,259.36625,-0.05,0,25.4411764706,25.4411764706
1,city_uav,gazebo_world_enu,building_142,1353,outer,0,1,2,10,CCW,401.49275,258.77775,-0.05,0,25.4411764706,25.4411764706
1,city_uav,gazebo_world_enu,building_142,1353,outer,0,2,3,10,CCW,401.49225,263.51175,-0.05,0,25.4411764706,25.4411764706
1,city_uav,gazebo_world_enu,building_142,1353,outer,0,3,4,10,CCW,402.681,263.51175,-0.05,0,25.4411764706,25.4411764706
1,city_uav,gazebo_world_enu,building_142,1353,outer,0,4,5,10,CCW,402.68,274.755,-0.05,0,25.4411764706,25.4411764706
1,city_uav,gazebo_world_enu,building_142,1353,outer,0,5,6,10,CCW,401.49125,274.755,-0.05,0,25.4411764706,25.4411764706
1,city_uav,gazebo_world_enu,building_142,1353,outer,0,6,7,10,CCW,402.085,281.856,-0.05,0,25.4411764706,25.4411764706
1,city_uav,gazebo_world_enu,building_142,1353,outer,0,7,8,10,CCW,365.24,282.44475,-0.05,0,25.4411764706,25.4411764706
1,city_uav,gazebo_world_enu,building_142,1353,outer,0,8,9,10,CCW,365.241,271.20125,-0.05,0,25.4411764706,25.4411764706
1,city_uav,gazebo_world_enu,building_142,1353,outer,0,9,0,10,CCW,364.05225,271.20125,-0.05,0,25.4411764706,25.4411764706
1,city_uav,gazebo_world_enu,building_143,1354,outer,0,0,1,10,CCW,363.46275,217.9435,-0.05,0,20.8823529412,20.8823529412
1,city_uav,gazebo_world_enu,building_143,1354,outer,0,1,2,10,CCW,363.4635,207.88375,-0.05,0,20.8823529412,20.8823529412
1,city_uav,gazebo_world_enu,building_143,1354,outer,0,2,3,10,CCW,401.49725,207.29525,-0.05,0,20.8823529412,20.8823529412
1,city_uav,gazebo_world_enu,building_143,1354,outer,0,3,4,10,CCW,401.497,211.4375,-0.05,0,20.8823529412,20.8823529412
1,city_uav,gazebo_world_enu,building_143,1354,outer,0,4,5,10,CCW,402.6855,211.43775,-0.05,0,20.8823529412,20.8823529412
1,city_uav,gazebo_world_enu,building_143,1354,outer,0,5,6,10,CCW,402.68475,220.314,-0.05,0,20.8823529412,20.8823529412
1,city_uav,gazebo_world_enu,building_143,1354,outer,0,6,7,10,CCW,401.496,220.31375,-0.05,0,20.8823529412,20.8823529412
1,city_uav,gazebo_world_enu,building_143,1354,outer,0,7,8,10,CCW,401.49525,229.19,-0.05,0,20.8823529412,20.8823529412
1,city_uav,gazebo_world_enu,building_143,1354,outer,0,8,9,10,CCW,364.65025,229.187,-0.05,0,20.8823529412,20.8823529412
1,city_uav,gazebo_world_enu,building_143,1354,outer,0,9,0,10,CCW,364.65125,217.9435,-0.05,0,20.8823529412,20.8823529412
1,city_uav,gazebo_world_enu,building_144,1359,outer,0,0,1,10,CCW,-166.65275,567.0385,-0.05,0,45.1470588235,45.1470588235
1,city_uav,gazebo_world_enu,building_144,1359,outer,0,1,2,10,CCW,-148.23,559.9385,-0.05,0,45.1470588235,45.1470588235
1,city_uav,gazebo_world_enu,building_144,1359,outer,0,2,3,10,CCW,-142.8825,572.36575,-0.05,0,45.1470588235,45.1470588235
1,city_uav,gazebo_world_enu,building_144,1359,outer,0,3,4,10,CCW,-135.15675,569.40725,-0.05,0,45.1470588235,45.1470588235
1,city_uav,gazebo_world_enu,building_144,1359,outer,0,4,5,10,CCW,-133.37425,572.958,-0.05,0,45.1470588235,45.1470588235
1,city_uav,gazebo_world_enu,building_144,1359,outer,0,5,6,10,CCW,-119.70575,567.04125,-0.05,0,45.1470588235,45.1470588235
1,city_uav,gazebo_world_enu,building_144,1359,outer,0,6,7,10,CCW,-111.9815,587.753,-0.05,0,45.1470588235,45.1470588235
1,city_uav,gazebo_world_enu,building_144,1359,outer,0,7,8,10,CCW,-145.26125,600.7695,-0.05,0,45.1470588235,45.1470588235
1,city_uav,gazebo_world_enu,building_144,1359,outer,0,8,9,10,CCW,-150.01475,590.11775,-0.05,0,45.1470588235,45.1470588235
1,city_uav,gazebo_world_enu,building_144,1359,outer,0,9,0,10,CCW,-156.55175,592.48425,-0.05,0,45.1470588235,45.1470588235
1,city_uav,gazebo_world_enu,building_145,1360,outer,0,0,1,10,CCW,289.7905,-2.1945,-0.05,0,26.4705882353,26.4705882353
1,city_uav,gazebo_world_enu,building_145,1360,outer,0,1,2,10,CCW,289.7925,-25.27275,-0.05,0,26.4705882353,26.4705882353
1,city_uav,gazebo_world_enu,building_145,1360,outer,0,2,3,10,CCW,333.17525,-25.861,-0.05,0,26.4705882353,26.4705882353
1,city_uav,gazebo_world_enu,building_145,1360,outer,0,3,4,10,CCW,333.173,-0.4155,-0.05,0,26.4705882353,26.4705882353
1,city_uav,gazebo_world_enu,building_145,1360,outer,0,4,5,10,CCW,334.3615,-0.4155,-0.05,0,26.4705882353,26.4705882353
1,city_uav,gazebo_world_enu,building_145,1360,outer,0,5,6,10,CCW,334.36025,16.1535,-0.05,0,26.4705882353,26.4705882353
1,city_uav,gazebo_world_enu,building_145,1360,outer,0,6,7,10,CCW,315.9375,16.152,-0.05,0,26.4705882353,26.4705882353
1,city_uav,gazebo_world_enu,building_145,1360,outer,0,7,8,10,CCW,315.93875,0.17475,-0.05,0,26.4705882353,26.4705882353
1,city_uav,gazebo_world_enu,building_145,1360,outer,0,8,9,10,CCW,307.0245,0.174,-0.05,0,26.4705882353,26.4705882353
1,city_uav,gazebo_world_enu,building_145,1360,outer,0,9,0,10,CCW,307.02475,-2.193,-0.05,0,26.4705882353,26.4705882353
1,city_uav,gazebo_world_enu,building_146,1362,outer,0,0,1,10,CCW,557.79075,220.32825,-0.05,0,49.7058823529,49.7058823529
1,city_uav,gazebo_world_enu,building_146,1362,outer,0,1,2,10,CCW,558.386,210.86025,-0.05,0,49.7058823529,49.7058823529
1,city_uav,gazebo_world_enu,building_146,1362,outer,0,2,3,10,CCW,560.16875,210.86025,-0.05,0,49.7058823529,49.7058823529
1,city_uav,gazebo_world_enu,building_146,1362,outer,0,3,4,10,CCW,560.169,208.49325,-0.05,0,49.7058823529,49.7058823529
1,city_uav,gazebo_world_enu,building_146,1362,outer,0,4,5,10,CCW,580.9685,209.67875,-0.05,0,49.7058823529,49.7058823529
1,city_uav,gazebo_world_enu,building_146,1362,outer,0,5,6,10,CCW,580.96825,212.6375,-0.05,0,49.7058823529,49.7058823529
1,city_uav,gazebo_world_enu,building_146,1362,outer,0,6,7,10,CCW,594.04225,213.2305,-0.05,0,49.7058823529,49.7058823529
1,city_uav,gazebo_world_enu,building_146,1362,outer,0,7,8,10,CCW,592.85175,233.35,-0.05,0,49.7058823529,49.7058823529
1,city_uav,gazebo_world_enu,building_146,1362,outer,0,8,9,10,CCW,558.384,230.97975,-0.05,0,49.7058823529,49.7058823529
1,city_uav,gazebo_world_enu,building_146,1362,outer,0,9,0,10,CCW,558.97925,220.32825,-0.05,0,49.7058823529,49.7058823529
1,city_uav,gazebo_world_enu,building_147,1363,outer,0,0,1,10,CCW,558.3895,173.57975,-0.05,0,21.1764705882,21.1764705882
1,city_uav,gazebo_world_enu,building_147,1363,outer,0,1,2,10,CCW,558.3915,151.685,-0.05,0,21.1764705882,21.1764705882
1,city_uav,gazebo_world_enu,building_147,1363,outer,0,2,3,10,CCW,600.58525,151.689,-0.05,0,21.1764705882,21.1764705882
1,city_uav,gazebo_world_enu,building_147,1363,outer,0,3,4,10,CCW,600.58425,161.74875,-0.05,0,21.1764705882,21.1764705882
1,city_uav,gazebo_world_enu,building_147,1363,outer,0,4,5,10,CCW,599.39575,161.74875,-0.05,0,21.1764705882,21.1764705882
1,city_uav,gazebo_world_enu,building_147,1363,outer,0,5,6,10,CCW,599.39475,172.40025,-0.05,0,21.1764705882,21.1764705882
1,city_uav,gazebo_world_enu,building_147,1363,outer,0,6,7,10,CCW,591.669,172.3995,-0.05,0,21.1764705882,21.1764705882
1,city_uav,gazebo_world_enu,building_147,1363,outer,0,7,8,10,CCW,591.66925,171.216,-0.05,0,21.1764705882,21.1764705882
1,city_uav,gazebo_world_enu,building_147,1363,outer,0,8,9,10,CCW,578.595,171.21475,-0.05,0,21.1764705882,21.1764705882
1,city_uav,gazebo_world_enu,building_147,1363,outer,0,9,0,10,CCW,578.59475,173.58175,-0.05,0,21.1764705882,21.1764705882
1,city_uav,gazebo_world_enu,building_148,1367,outer,0,0,1,10,CCW,485.88425,210.2615,-0.05,0,27.6470588235,27.6470588235
1,city_uav,gazebo_world_enu,building_148,1367,outer,0,1,2,10,CCW,485.88525,199.61,-0.05,0,27.6470588235,27.6470588235
1,city_uav,gazebo_world_enu,building_148,1367,outer,0,2,3,10,CCW,525.1075,199.022,-0.05,0,27.6470588235,27.6470588235
1,city_uav,gazebo_world_enu,building_148,1367,outer,0,3,4,10,CCW,525.107,203.756,-0.05,0,27.6470588235,27.6470588235
1,city_uav,gazebo_world_enu,building_148,1367,outer,0,4,5,10,CCW,525.70125,203.756,-0.05,0,27.6470588235,27.6470588235
1,city_uav,gazebo_world_enu,building_148,1367,outer,0,5,6,10,CCW,525.70025,214.4075,-0.05,0,27.6470588235,27.6470588235
1,city_uav,gazebo_world_enu,building_148,1367,outer,0,6,7,10,CCW,525.106,214.4075,-0.05,0,27.6470588235,27.6470588235
1,city_uav,gazebo_world_enu,building_148,1367,outer,0,7,8,10,CCW,525.1055,221.5085,-0.05,0,27.6470588235,27.6470588235
1,city_uav,gazebo_world_enu,building_148,1367,outer,0,8,9,10,CCW,488.26025,222.097,-0.05,0,27.6470588235,27.6470588235
1,city_uav,gazebo_world_enu,building_148,1367,outer,0,9,0,10,CCW,487.667,210.26175,-0.05,0,27.6470588235,27.6470588235
1,city_uav,gazebo_world_enu,building_150,1370,outer,0,0,1,10,CCW,487.6625,261.1525,-0.05,0,32.2058823529,32.2058823529
1,city_uav,gazebo_world_enu,building_150,1370,outer,0,1,2,10,CCW,487.66325,250.501,-0.05,0,32.2058823529,32.2058823529
1,city_uav,gazebo_world_enu,building_150,1370,outer,0,2,3,10,CCW,525.697,249.91275,-0.05,0,32.2058823529,32.2058823529
1,city_uav,gazebo_world_enu,building_150,1370,outer,0,3,4,10,CCW,525.69675,254.055,-0.05,0,32.2058823529,32.2058823529
1,city_uav,gazebo_world_enu,building_150,1370,outer,0,4,5,10,CCW,526.88525,254.055,-0.05,0,32.2058823529,32.2058823529
1,city_uav,gazebo_world_enu,building_150,1370,outer,0,5,6,10,CCW,526.88425,265.29825,-0.05,0,32.2058823529,32.2058823529
1,city_uav,gazebo_world_enu,building_150,1370,outer,0,6,7,10,CCW,525.6955,265.29825,-0.05,0,32.2058823529,32.2058823529
1,city_uav,gazebo_world_enu,building_150,1370,outer,0,7,8,10,CCW,525.695,271.8075,-0.05,0,32.2058823529,32.2058823529
1,city_uav,gazebo_world_enu,building_150,1370,outer,0,8,9,10,CCW,488.85,272.39575,-0.05,0,32.2058823529,32.2058823529
1,city_uav,gazebo_world_enu,building_150,1370,outer,0,9,0,10,CCW,488.851,261.1525,-0.05,0,32.2058823529,32.2058823529
1,city_uav,gazebo_world_enu,building_153,1378,outer,0,0,1,10,CCW,113.2715,230.942,-0.05,0,39.1176470588,39.1176470588
1,city_uav,gazebo_world_enu,building_153,1378,outer,0,1,2,10,CCW,143.58,224.435,-0.05,0,39.1176470588,39.1176470588
1,city_uav,gazebo_world_enu,building_153,1378,outer,0,2,3,10,CCW,144.76825,229.76075,-0.05,0,39.1176470588,39.1176470588
1,city_uav,gazebo_world_enu,building_153,1378,outer,0,3,4,10,CCW,154.27675,227.3945,-0.05,0,39.1176470588,39.1176470588
1,city_uav,gazebo_world_enu,building_153,1378,outer,0,4,5,10,CCW,161.9995,264.08375,-0.05,0,39.1176470588,39.1176470588
1,city_uav,gazebo_world_enu,building_153,1378,outer,0,5,6,10,CCW,140.011,268.81625,-0.05,0,39.1176470588,39.1176470588
1,city_uav,gazebo_world_enu,building_153,1378,outer,0,6,7,10,CCW,136.44675,251.06325,-0.05,0,39.1176470588,39.1176470588
1,city_uav,gazebo_world_enu,building_153,1378,outer,0,7,8,10,CCW,133.47525,251.65475,-0.05,0,39.1176470588,39.1176470588
1,city_uav,gazebo_world_enu,building_153,1378,outer,0,8,9,10,CCW,132.28725,245.73725,-0.05,0,39.1176470588,39.1176470588
1,city_uav,gazebo_world_enu,building_153,1378,outer,0,9,0,10,CCW,116.83575,249.2865,-0.05,0,39.1176470588,39.1176470588
1,city_uav,gazebo_world_enu,building_154,1379,outer,0,0,1,10,CCW,-608.1475,-566.78075,-0.05,0,31.6176470588,31.6176470588
1,city_uav,gazebo_world_enu,building_154,1379,outer,0,1,2,10,CCW,-608.1465,-590.45075,-0.05,0,31.6176470588,31.6176470588
1,city_uav,gazebo_world_enu,building_154,1379,outer,0,2,3,10,CCW,-562.3855,-590.449,-0.05,0,31.6176470588,31.6176470588
1,city_uav,gazebo_world_enu,building_154,1379,outer,0,3,4,10,CCW,-562.386,-581.5725,-0.05,0,31.6176470588,31.6176470588
1,city_uav,gazebo_world_enu,building_154,1379,outer,0,4,5,10,CCW,-564.16875,-581.57275,-0.05,0,31.6176470588,31.6176470588
1,city_uav,gazebo_world_enu,building_154,1379,outer,0,5,6,10,CCW,-564.17025,-549.02625,-0.05,0,31.6176470588,31.6176470588
1,city_uav,gazebo_world_enu,building_154,1379,outer,0,6,7,10,CCW,-580.8105,-548.43525,-0.05,0,31.6176470588,31.6176470588
1,city_uav,gazebo_world_enu,building_154,1379,outer,0,7,8,10,CCW,-581.40425,-564.4125,-0.05,0,31.6176470588,31.6176470588
1,city_uav,gazebo_world_enu,building_154,1379,outer,0,8,9,10,CCW,-587.9415,-564.41275,-0.05,0,31.6176470588,31.6176470588
1,city_uav,gazebo_world_enu,building_154,1379,outer,0,9,0,10,CCW,-587.9415,-567.37175,-0.05,0,31.6176470588,31.6176470588
1,city_uav,gazebo_world_enu,building_155,1381,outer,0,0,1,10,CCW,457.366,132.7395,-0.05,0,28.3823529412,28.3823529412
1,city_uav,gazebo_world_enu,building_155,1381,outer,0,1,2,10,CCW,457.3705,83.624,-0.05,0,28.3823529412,28.3823529412
1,city_uav,gazebo_world_enu,building_155,1381,outer,0,2,3,10,CCW,476.3875,83.62575,-0.05,0,28.3823529412,28.3823529412
1,city_uav,gazebo_world_enu,building_155,1381,outer,0,3,4,10,CCW,476.386,97.82775,-0.05,0,28.3823529412,28.3823529412
1,city_uav,gazebo_world_enu,building_155,1381,outer,0,4,5,10,CCW,483.5175,97.8285,-0.05,0,28.3823529412,28.3823529412
1,city_uav,gazebo_world_enu,building_155,1381,outer,0,5,6,10,CCW,483.51725,99.60375,-0.05,0,28.3823529412,28.3823529412
1,city_uav,gazebo_world_enu,building_155,1381,outer,0,6,7,10,CCW,504.91125,99.60575,-0.05,0,28.3823529412,28.3823529412
1,city_uav,gazebo_world_enu,building_155,1381,outer,0,7,8,10,CCW,504.90925,123.27575,-0.05,0,28.3823529412,28.3823529412
1,city_uav,gazebo_world_enu,building_155,1381,outer,0,8,9,10,CCW,474.00675,123.273,-0.05,0,28.3823529412,28.3823529412
1,city_uav,gazebo_world_enu,building_155,1381,outer,0,9,0,10,CCW,474.00575,132.741,-0.05,0,28.3823529412,28.3823529412
1,city_uav,gazebo_world_enu,building_156,1385,outer,0,0,1,10,CCW,385.47175,-22.89775,-0.05,0,43.2352941176,43.2352941176
1,city_uav,gazebo_world_enu,building_156,1385,outer,0,1,2,10,CCW,424.10025,-22.89425,-0.05,0,43.2352941176,43.2352941176
1,city_uav,gazebo_world_enu,building_156,1385,outer,0,2,3,10,CCW,424.09925,-12.8345,-0.05,0,43.2352941176,43.2352941176
1,city_uav,gazebo_world_enu,building_156,1385,outer,0,3,4,10,CCW,428.8535,-12.834,-0.05,0,43.2352941176,43.2352941176
1,city_uav,gazebo_world_enu,building_156,1385,outer,0,4,5,10,CCW,428.851,16.16175,-0.05,0,43.2352941176,43.2352941176
1,city_uav,gazebo_world_enu,building_156,1385,outer,0,5,6,10,CCW,410.42825,16.16025,-0.05,0,43.2352941176,43.2352941176
1,city_uav,gazebo_world_enu,building_156,1385,outer,0,6,7,10,CCW,410.4295,1.958,-0.05,0,43.2352941176,43.2352941176
1,city_uav,gazebo_world_enu,building_156,1385,outer,0,7,8,10,CCW,404.48675,1.9575,-0.05,0,43.2352941176,43.2352941176
1,city_uav,gazebo_world_enu,building_156,1385,outer,0,8,9,10,CCW,404.487,-1.00125,-0.05,0,43.2352941176,43.2352941176
1,city_uav,gazebo_world_enu,building_156,1385,outer,0,9,0,10,CCW,386.06425,-1.00275,-0.05,0,43.2352941176,43.2352941176
1,city_uav,gazebo_world_enu,building_157,1387,outer,0,0,1,10,CCW,-524.9915,484.76625,-0.05,0,34.8529411765,34.8529411765
1,city_uav,gazebo_world_enu,building_157,1387,outer,0,1,2,10,CCW,-479.82625,465.24025,-0.05,0,34.8529411765,34.8529411765
1,city_uav,gazebo_world_enu,building_157,1387,outer,0,2,3,10,CCW,-472.696,482.4015,-0.05,0,34.8529411765,34.8529411765
1,city_uav,gazebo_world_enu,building_157,1387,outer,0,3,4,10,CCW,-480.4215,485.36,-0.05,0,34.8529411765,34.8529411765
1,city_uav,gazebo_world_enu,building_157,1387,outer,0,4,5,10,CCW,-469.1315,510.80575,-0.05,0,34.8529411765,34.8529411765
1,city_uav,gazebo_world_enu,building_157,1387,outer,0,5,6,10,CCW,-489.93125,519.681,-0.05,0,34.8529411765,34.8529411765
1,city_uav,gazebo_world_enu,building_157,1387,outer,0,6,7,10,CCW,-498.25025,501.92825,-0.05,0,34.8529411765,34.8529411765
1,city_uav,gazebo_world_enu,building_157,1387,outer,0,7,8,10,CCW,-500.6275,503.1115,-0.05,0,34.8529411765,34.8529411765
1,city_uav,gazebo_world_enu,building_157,1387,outer,0,8,9,10,CCW,-503.5985,496.0105,-0.05,0,34.8529411765,34.8529411765
1,city_uav,gazebo_world_enu,building_157,1387,outer,0,9,0,10,CCW,-517.267,501.92725,-0.05,0,34.8529411765,34.8529411765
1,city_uav,gazebo_world_enu,building_158,1388,outer,0,0,1,10,CCW,160.1975,514.9865,-0.05,0,23.5294117647,23.5294117647
1,city_uav,gazebo_world_enu,building_158,1388,outer,0,1,2,10,CCW,175.05425,513.80425,-0.05,0,23.5294117647,23.5294117647
1,city_uav,gazebo_world_enu,building_158,1388,outer,0,2,3,10,CCW,173.2735,490.134,-0.05,0,23.5294117647,23.5294117647
1,city_uav,gazebo_world_enu,building_158,1388,outer,0,3,4,10,CCW,197.6385,488.9525,-0.05,0,23.5294117647,23.5294117647
1,city_uav,gazebo_world_enu,building_158,1388,outer,0,4,5,10,CCW,198.826,503.1545,-0.05,0,23.5294117647,23.5294117647
1,city_uav,gazebo_world_enu,building_158,1388,outer,0,5,6,10,CCW,206.5515,502.5635,-0.05,0,23.5294117647,23.5294117647
1,city_uav,gazebo_world_enu,building_158,1388,outer,0,6,7,10,CCW,207.73825,525.64175,-0.05,0,23.5294117647,23.5294117647
1,city_uav,gazebo_world_enu,building_158,1388,outer,0,7,8,10,CCW,185.156,526.8235,-0.05,0,23.5294117647,23.5294117647
1,city_uav,gazebo_world_enu,building_158,1388,outer,0,8,9,10,CCW,185.1555,530.96575,-0.05,0,23.5294117647,23.5294117647
1,city_uav,gazebo_world_enu,building_158,1388,outer,0,9,0,10,CCW,161.38475,532.73925,-0.05,0,23.5294117647,23.5294117647
1,city_uav,gazebo_world_enu,building_159,1390,outer,0,0,1,10,CCW,161.4395,-185.056,-0.05,0,32.0588235294,32.0588235294
1,city_uav,gazebo_world_enu,building_159,1390,outer,0,1,2,10,CCW,172.138,-200.44075,-0.05,0,32.0588235294,32.0588235294
1,city_uav,gazebo_world_enu,building_159,1390,outer,0,2,3,10,CCW,183.42875,-192.74725,-0.05,0,32.0588235294,32.0588235294
1,city_uav,gazebo_world_enu,building_159,1390,outer,0,3,4,10,CCW,206.60875,-227.067,-0.05,0,32.0588235294,32.0588235294
1,city_uav,gazebo_world_enu,building_159,1390,outer,0,4,5,10,CCW,227.40775,-212.86325,-0.05,0,32.0588235294,32.0588235294
1,city_uav,gazebo_world_enu,building_159,1390,outer,0,5,6,10,CCW,205.4165,-180.9105,-0.05,0,32.0588235294,32.0588235294
1,city_uav,gazebo_world_enu,building_159,1390,outer,0,6,7,10,CCW,218.49025,-172.033,-0.05,0,32.0588235294,32.0588235294
1,city_uav,gazebo_world_enu,building_159,1390,outer,0,7,8,10,CCW,208.386,-156.64825,-0.05,0,32.0588235294,32.0588235294
1,city_uav,gazebo_world_enu,building_159,1390,outer,0,8,9,10,CCW,182.23875,-174.403,-0.05,0,32.0588235294,32.0588235294
1,city_uav,gazebo_world_enu,building_159,1390,outer,0,9,0,10,CCW,180.45575,-172.036,-0.05,0,32.0588235294,32.0588235294
1,city_uav,gazebo_world_enu,building_161,1393,outer,0,0,1,10,CCW,356.3395,122.67075,-0.05,0,22.6470588235,22.6470588235
1,city_uav,gazebo_world_enu,building_161,1393,outer,0,1,2,10,CCW,356.937,84.207,-0.05,0,22.6470588235,22.6470588235
1,city_uav,gazebo_world_enu,building_161,1393,outer,0,2,3,10,CCW,375.35975,84.2085,-0.05,0,22.6470588235,22.6470588235
1,city_uav,gazebo_world_enu,building_161,1393,outer,0,3,4,10,CCW,375.3585,99.594,-0.05,0,22.6470588235,22.6470588235
1,city_uav,gazebo_world_enu,building_161,1393,outer,0,4,5,10,CCW,403.88375,99.5965,-0.05,0,22.6470588235,22.6470588235
1,city_uav,gazebo_world_enu,building_161,1393,outer,0,5,6,10,CCW,403.28675,130.9595,-0.05,0,22.6470588235,22.6470588235
1,city_uav,gazebo_world_enu,building_161,1393,outer,0,6,7,10,CCW,384.86425,130.95775,-0.05,0,22.6470588235,22.6470588235
1,city_uav,gazebo_world_enu,building_161,1393,outer,0,7,8,10,CCW,384.86425,129.77425,-0.05,0,22.6470588235,22.6470588235
1,city_uav,gazebo_world_enu,building_161,1393,outer,0,8,9,10,CCW,368.2245,129.181,-0.05,0,22.6470588235,22.6470588235
1,city_uav,gazebo_world_enu,building_161,1393,outer,0,9,0,10,CCW,368.225,122.67175,-0.05,0,22.6470588235,22.6470588235
1,city_uav,gazebo_world_enu,building_162,1396,outer,0,0,1,10,CCW,547.1595,-473.798,-0.05,0,31.4705882353,31.4705882353
1,city_uav,gazebo_world_enu,building_162,1396,outer,0,1,2,10,CCW,562.017,-473.7965,-0.05,0,31.4705882353,31.4705882353
1,city_uav,gazebo_world_enu,building_162,1396,outer,0,2,3,10,CCW,562.0175,-480.30575,-0.05,0,31.4705882353,31.4705882353
1,city_uav,gazebo_world_enu,building_162,1396,outer,0,3,4,10,CCW,564.39475,-480.30575,-0.05,0,31.4705882353,31.4705882353
1,city_uav,gazebo_world_enu,building_162,1396,outer,0,4,5,10,CCW,564.39675,-500.42525,-0.05,0,31.4705882353,31.4705882353
1,city_uav,gazebo_world_enu,building_162,1396,outer,0,5,6,10,CCW,597.67725,-501.01375,-0.05,0,31.4705882353,31.4705882353
1,city_uav,gazebo_world_enu,building_162,1396,outer,0,6,7,10,CCW,597.673,-456.0405,-0.05,0,31.4705882353,31.4705882353
1,city_uav,gazebo_world_enu,building_162,1396,outer,0,7,8,10,CCW,566.7695,-455.45175,-0.05,0,31.4705882353,31.4705882353
1,city_uav,gazebo_world_enu,building_162,1396,outer,0,8,9,10,CCW,566.7695,-454.26825,-0.05,0,31.4705882353,31.4705882353
1,city_uav,gazebo_world_enu,building_162,1396,outer,0,9,0,10,CCW,547.752,-454.27025,-0.05,0,31.4705882353,31.4705882353
1,city_uav,gazebo_world_enu,building_165,1399,outer,0,0,1,10,CCW,547.745,-380.30125,-0.05,0,47.7941176471,47.7941176471
1,city_uav,gazebo_world_enu,building_165,1399,outer,0,1,2,10,CCW,547.747,-401.0125,-0.05,0,47.7941176471,47.7941176471
1,city_uav,gazebo_world_enu,building_165,1399,outer,0,2,3,10,CCW,600.04475,-400.41575,-0.05,0,47.7941176471,47.7941176471
1,city_uav,gazebo_world_enu,building_165,1399,outer,0,3,4,10,CCW,600.0425,-376.7455,-0.05,0,47.7941176471,47.7941176471
1,city_uav,gazebo_world_enu,building_165,1399,outer,0,4,5,10,CCW,586.968,-376.74675,-0.05,0,47.7941176471,47.7941176471
1,city_uav,gazebo_world_enu,building_165,1399,outer,0,5,6,10,CCW,586.966,-356.0355,-0.05,0,47.7941176471,47.7941176471
1,city_uav,gazebo_world_enu,building_165,1399,outer,0,6,7,10,CCW,564.38275,-356.03775,-0.05,0,47.7941176471,47.7941176471
1,city_uav,gazebo_world_enu,building_165,1399,outer,0,7,8,10,CCW,564.38475,-374.97375,-0.05,0,47.7941176471,47.7941176471
1,city_uav,gazebo_world_enu,building_165,1399,outer,0,8,9,10,CCW,562.0075,-374.974,-0.05,0,47.7941176471,47.7941176471
1,city_uav,gazebo_world_enu,building_165,1399,outer,0,9,0,10,CCW,562.008,-380.29975,-0.05,0,47.7941176471,47.7941176471
1,city_uav,gazebo_world_enu,building_166,1400,outer,0,0,1,10,CCW,244.64,-186.82475,-0.05,0,36.1764705882,36.1764705882
1,city_uav,gazebo_world_enu,building_166,1400,outer,0,1,2,10,CCW,244.64175,-208.7195,-0.05,0,36.1764705882,36.1764705882
1,city_uav,gazebo_world_enu,building_166,1400,outer,0,2,3,10,CCW,283.2705,-208.12475,-0.05,0,36.1764705882,36.1764705882
1,city_uav,gazebo_world_enu,building_166,1400,outer,0,3,4,10,CCW,283.26975,-199.2485,-0.05,0,36.1764705882,36.1764705882
1,city_uav,gazebo_world_enu,building_166,1400,outer,0,4,5,10,CCW,286.8355,-199.24825,-0.05,0,36.1764705882,36.1764705882
1,city_uav,gazebo_world_enu,building_166,1400,outer,0,5,6,10,CCW,286.833,-168.477,-0.05,0,36.1764705882,36.1764705882
1,city_uav,gazebo_world_enu,building_166,1400,outer,0,6,7,10,CCW,267.81575,-168.4785,-0.05,0,36.1764705882,36.1764705882
1,city_uav,gazebo_world_enu,building_166,1400,outer,0,7,8,10,CCW,267.817,-185.04775,-0.05,0,36.1764705882,36.1764705882
1,city_uav,gazebo_world_enu,building_166,1400,outer,0,8,9,10,CCW,258.3085,-185.0485,-0.05,0,36.1764705882,36.1764705882
1,city_uav,gazebo_world_enu,building_166,1400,outer,0,9,0,10,CCW,258.903,-186.82375,-0.05,0,36.1764705882,36.1764705882
1,city_uav,gazebo_world_enu,building_167,1401,outer,0,0,1,10,CCW,-591.51425,-391.6215,-0.05,0,41.7647058824,41.7647058824
1,city_uav,gazebo_world_enu,building_167,1401,outer,0,1,2,10,CCW,-587.9485,-391.62125,-0.05,0,41.7647058824,41.7647058824
1,city_uav,gazebo_world_enu,building_167,1401,outer,0,2,3,10,CCW,-588.54175,-417.06675,-0.05,0,41.7647058824,41.7647058824
1,city_uav,gazebo_world_enu,building_167,1401,outer,0,3,4,10,CCW,-562.987,-417.6575,-0.05,0,41.7647058824,41.7647058824
1,city_uav,gazebo_world_enu,building_167,1401,outer,0,4,5,10,CCW,-562.987,-418.24925,-0.05,0,41.7647058824,41.7647058824
1,city_uav,gazebo_world_enu,building_167,1401,outer,0,5,6,10,CCW,-546.94125,-418.2485,-0.05,0,41.7647058824,41.7647058824
1,city_uav,gazebo_world_enu,building_167,1401,outer,0,6,7,10,CCW,-546.34875,-372.09175,-0.05,0,41.7647058824,41.7647058824
1,city_uav,gazebo_world_enu,building_167,1401,outer,0,7,8,10,CCW,-567.149,-372.09275,-0.05,0,41.7647058824,41.7647058824
1,city_uav,gazebo_world_enu,building_167,1401,outer,0,8,9,10,CCW,-567.149,-373.868,-0.05,0,41.7647058824,41.7647058824
1,city_uav,gazebo_world_enu,building_167,1401,outer,0,9,0,10,CCW,-590.92075,-373.27725,-0.05,0,41.7647058824,41.7647058824
1,city_uav,gazebo_world_enu,building_169,1403,outer,0,0,1,10,CCW,436.0055,-242.43325,-0.05,0,32.7941176471,32.7941176471
1,city_uav,gazebo_world_enu,building_169,1403,outer,0,1,2,10,CCW,436.00775,-267.8785,-0.05,0,32.7941176471,32.7941176471
1,city_uav,gazebo_world_enu,building_169,1403,outer,0,2,3,10,CCW,437.1965,-267.8785,-0.05,0,32.7941176471,32.7941176471
1,city_uav,gazebo_world_enu,building_169,1403,outer,0,3,4,10,CCW,437.19775,-283.85575,-0.05,0,32.7941176471,32.7941176471
1,city_uav,gazebo_world_enu,building_169,1403,outer,0,4,5,10,CCW,455.62075,-283.854,-0.05,0,32.7941176471,32.7941176471
1,city_uav,gazebo_world_enu,building_169,1403,outer,0,5,6,10,CCW,455.6195,-269.652,-0.05,0,32.7941176471,32.7941176471
1,city_uav,gazebo_world_enu,building_169,1403,outer,0,6,7,10,CCW,462.15675,-269.6515,-0.05,0,32.7941176471,32.7941176471
1,city_uav,gazebo_world_enu,building_169,1403,outer,0,7,8,10,CCW,462.1565,-266.69275,-0.05,0,32.7941176471,32.7941176471
1,city_uav,gazebo_world_enu,building_169,1403,outer,0,8,9,10,CCW,484.14525,-266.69075,-0.05,0,32.7941176471,32.7941176471
1,city_uav,gazebo_world_enu,building_169,1403,outer,0,9,0,10,CCW,484.143,-242.42875,-0.05,0,32.7941176471,32.7941176471
1,city_uav,gazebo_world_enu,building_170,1404,outer,0,0,1,10,CCW,-286.06675,-39.5145,-0.05,0,23.2352941176,23.2352941176
1,city_uav,gazebo_world_enu,building_170,1404,outer,0,1,2,10,CCW,-286.06575,-59.04225,-0.05,0,23.2352941176,23.2352941176
1,city_uav,gazebo_world_enu,building_170,1404,outer,0,2,3,10,CCW,-271.20875,-59.0415,-0.05,0,23.2352941176,23.2352941176
1,city_uav,gazebo_world_enu,building_170,1404,outer,0,3,4,10,CCW,-271.2085,-64.36725,-0.05,0,23.2352941176,23.2352941176
1,city_uav,gazebo_world_enu,building_170,1404,outer,0,4,5,10,CCW,-268.83125,-64.367,-0.05,0,23.2352941176,23.2352941176
1,city_uav,gazebo_world_enu,building_170,1404,outer,0,5,6,10,CCW,-268.83025,-83.895,-0.05,0,23.2352941176,23.2352941176
1,city_uav,gazebo_world_enu,building_170,1404,outer,0,6,7,10,CCW,-246.84175,-83.89375,-0.05,0,23.2352941176,23.2352941176
1,city_uav,gazebo_world_enu,building_170,1404,outer,0,7,8,10,CCW,-246.84275,-62.5905,-0.05,0,23.2352941176,23.2352941176
1,city_uav,gazebo_world_enu,building_170,1404,outer,0,8,9,10,CCW,-237.9285,-62.59,-0.05,0,23.2352941176,23.2352941176
1,city_uav,gazebo_world_enu,building_170,1404,outer,0,9,0,10,CCW,-237.3355,-40.1035,-0.05,0,23.2352941176,23.2352941176
1,city_uav,gazebo_world_enu,building_171,1405,outer,0,0,1,10,CCW,-286.06425,-87.4465,-0.05,0,50,50
1,city_uav,gazebo_world_enu,building_171,1405,outer,0,1,2,10,CCW,-286.06325,-105.199,-0.05,0,50,50
1,city_uav,gazebo_world_enu,building_171,1405,outer,0,2,3,10,CCW,-270.61175,-105.198,-0.05,0,50,50
1,city_uav,gazebo_world_enu,building_171,1405,outer,0,3,4,10,CCW,-270.6115,-111.70725,-0.05,0,50,50
1,city_uav,gazebo_world_enu,building_171,1405,outer,0,4,5,10,CCW,-267.64,-111.70725,-0.05,0,50,50
1,city_uav,gazebo_world_enu,building_171,1405,outer,0,5,6,10,CCW,-267.63875,-133.01025,-0.05,0,50,50
1,city_uav,gazebo_world_enu,building_171,1405,outer,0,6,7,10,CCW,-245.056,-133.009,-0.05,0,50,50
1,city_uav,gazebo_world_enu,building_171,1405,outer,0,7,8,10,CCW,-245.0575,-104.605,-0.05,0,50,50
1,city_uav,gazebo_world_enu,building_171,1405,outer,0,8,9,10,CCW,-237.33175,-105.19625,-0.05,0,50,50
1,city_uav,gazebo_world_enu,building_171,1405,outer,0,9,0,10,CCW,-237.333,-87.44375,-0.05,0,50,50
1,city_uav,gazebo_world_enu,building_172,1406,outer,0,0,1,10,CCW,360.56,-583.289,-0.05,0,44.1176470588,44.1176470588
1,city_uav,gazebo_world_enu,building_172,1406,outer,0,1,2,10,CCW,395.0295,-583.87775,-0.05,0,44.1176470588,44.1176470588
1,city_uav,gazebo_world_enu,building_172,1406,outer,0,2,3,10,CCW,395.0295,-585.06125,-0.05,0,44.1176470588,44.1176470588
1,city_uav,gazebo_world_enu,building_172,1406,outer,0,3,4,10,CCW,405.727,-585.06025,-0.05,0,44.1176470588,44.1176470588
1,city_uav,gazebo_world_enu,building_172,1406,outer,0,4,5,10,CCW,406.31925,-561.39025,-0.05,0,44.1176470588,44.1176470588
1,city_uav,gazebo_world_enu,building_172,1406,outer,0,5,6,10,CCW,388.49025,-561.39175,-0.05,0,44.1176470588,44.1176470588
1,city_uav,gazebo_world_enu,building_172,1406,outer,0,6,7,10,CCW,388.49,-559.02475,-0.05,0,44.1176470588,44.1176470588
1,city_uav,gazebo_world_enu,building_172,1406,outer,0,7,8,10,CCW,379.5755,-559.0255,-0.05,0,44.1176470588,44.1176470588
1,city_uav,gazebo_world_enu,building_172,1406,outer,0,8,9,10,CCW,379.57425,-543.64,-0.05,0,44.1176470588,44.1176470588
1,city_uav,gazebo_world_enu,building_172,1406,outer,0,9,0,10,CCW,361.151,-543.04975,-0.05,0,44.1176470588,44.1176470588
1,city_uav,gazebo_world_enu,building_174,1410,outer,0,0,1,10,CCW,-18.01375,-503.4315,-0.05,0,36.9117647059,36.9117647059
1,city_uav,gazebo_world_enu,building_174,1410,outer,0,1,2,10,CCW,11.70125,-504.02125,-0.05,0,36.9117647059,36.9117647059
1,city_uav,gazebo_world_enu,building_174,1410,outer,0,2,3,10,CCW,12.294,-482.71825,-0.05,0,36.9117647059,36.9117647059
1,city_uav,gazebo_world_enu,building_174,1410,outer,0,3,4,10,CCW,8.134,-482.7185,-0.05,0,36.9117647059,36.9117647059
1,city_uav,gazebo_world_enu,building_174,1410,outer,0,4,5,10,CCW,8.13375,-479.168,-0.05,0,36.9117647059,36.9117647059
1,city_uav,gazebo_world_enu,building_174,1410,outer,0,5,6,10,CCW,20.614,-479.167,-0.05,0,36.9117647059,36.9117647059
1,city_uav,gazebo_world_enu,building_174,1410,outer,0,6,7,10,CCW,20.61275,-460.231,-0.05,0,36.9117647059,36.9117647059
1,city_uav,gazebo_world_enu,building_174,1410,outer,0,7,8,10,CCW,6.94375,-460.232,-0.05,0,36.9117647059,36.9117647059
1,city_uav,gazebo_world_enu,building_174,1410,outer,0,8,9,10,CCW,6.94375,-457.27325,-0.05,0,36.9117647059,36.9117647059
1,city_uav,gazebo_world_enu,building_174,1410,outer,0,9,0,10,CCW,-17.4225,-457.27475,-0.05,0,36.9117647059,36.9117647059
1,city_uav,gazebo_world_enu,building_175,1411,outer,0,0,1,10,CCW,248.1615,362.3215,-0.05,0,33.9705882353,33.9705882353
1,city_uav,gazebo_world_enu,building_175,1411,outer,0,1,2,10,CCW,248.16325,339.243,-0.05,0,33.9705882353,33.9705882353
1,city_uav,gazebo_world_enu,building_175,1411,outer,0,2,3,10,CCW,289.16825,339.2465,-0.05,0,33.9705882353,33.9705882353
1,city_uav,gazebo_world_enu,building_175,1411,outer,0,3,4,10,CCW,289.16725,349.30625,-0.05,0,33.9705882353,33.9705882353
1,city_uav,gazebo_world_enu,building_175,1411,outer,0,4,5,10,CCW,290.35575,349.30625,-0.05,0,33.9705882353,33.9705882353
1,city_uav,gazebo_world_enu,building_175,1411,outer,0,5,6,10,CCW,290.35325,380.0775,-0.05,0,33.9705882353,33.9705882353
1,city_uav,gazebo_world_enu,building_175,1411,outer,0,6,7,10,CCW,272.52525,380.076,-0.05,0,33.9705882353,33.9705882353
1,city_uav,gazebo_world_enu,building_175,1411,outer,0,7,8,10,CCW,272.5265,364.09875,-0.05,0,33.9705882353,33.9705882353
1,city_uav,gazebo_world_enu,building_175,1411,outer,0,8,9,10,CCW,267.178,364.09825,-0.05,0,33.9705882353,33.9705882353
1,city_uav,gazebo_world_enu,building_175,1411,outer,0,9,0,10,CCW,267.17825,362.323,-0.05,0,33.9705882353,33.9705882353
1,city_uav,gazebo_world_enu,building_176,1412,outer,0,0,1,10,CCW,362.26725,299.0135,-0.05,0,20.2941176471,20.2941176471
1,city_uav,gazebo_world_enu,building_176,1412,outer,0,1,2,10,CCW,364.64425,299.01375,-0.05,0,20.2941176471,20.2941176471
1,city_uav,gazebo_world_enu,building_176,1412,outer,0,2,3,10,CCW,364.051,287.1785,-0.05,0,20.2941176471,20.2941176471
1,city_uav,gazebo_world_enu,building_176,1412,outer,0,3,4,10,CCW,400.896,287.18175,-0.05,0,20.2941176471,20.2941176471
1,city_uav,gazebo_world_enu,building_176,1412,outer,0,4,5,10,CCW,400.89525,295.46625,-0.05,0,20.2941176471,20.2941176471
1,city_uav,gazebo_world_enu,building_176,1412,outer,0,5,6,10,CCW,402.08375,295.4665,-0.05,0,20.2941176471,20.2941176471
1,city_uav,gazebo_world_enu,building_176,1412,outer,0,6,7,10,CCW,402.08275,306.118,-0.05,0,20.2941176471,20.2941176471
1,city_uav,gazebo_world_enu,building_176,1412,outer,0,7,8,10,CCW,400.89425,306.11775,-0.05,0,20.2941176471,20.2941176471
1,city_uav,gazebo_world_enu,building_176,1412,outer,0,8,9,10,CCW,400.894,309.66825,-0.05,0,20.2941176471,20.2941176471
1,city_uav,gazebo_world_enu,building_176,1412,outer,0,9,0,10,CCW,362.8605,309.665,-0.05,0,20.2941176471,20.2941176471
1,city_uav,gazebo_world_enu,building_178,1415,outer,0,0,1,10,CCW,-206.9995,-511.13625,-0.05,0,46.4705882353,46.4705882353
1,city_uav,gazebo_world_enu,building_178,1415,outer,0,1,2,10,CCW,-173.1245,-512.31775,-0.05,0,46.4705882353,46.4705882353
1,city_uav,gazebo_world_enu,building_178,1415,outer,0,2,3,10,CCW,-167.183,-487.46375,-0.05,0,46.4705882353,46.4705882353
1,city_uav,gazebo_world_enu,building_178,1415,outer,0,3,4,10,CCW,-183.229,-486.873,-0.05,0,46.4705882353,46.4705882353
1,city_uav,gazebo_world_enu,building_178,1415,outer,0,4,5,10,CCW,-183.22925,-483.3225,-0.05,0,46.4705882353,46.4705882353
1,city_uav,gazebo_world_enu,building_178,1415,outer,0,5,6,10,CCW,-165.40025,-483.91325,-0.05,0,46.4705882353,46.4705882353
1,city_uav,gazebo_world_enu,building_178,1415,outer,0,6,7,10,CCW,-164.80725,-464.977,-0.05,0,46.4705882353,46.4705882353
1,city_uav,gazebo_world_enu,building_178,1415,outer,0,7,8,10,CCW,-184.419,-464.3865,-0.05,0,46.4705882353,46.4705882353
1,city_uav,gazebo_world_enu,building_178,1415,outer,0,8,9,10,CCW,-184.419,-466.16175,-0.05,0,46.4705882353,46.4705882353
1,city_uav,gazebo_world_enu,building_178,1415,outer,0,9,0,10,CCW,-205.8135,-465.57125,-0.05,0,46.4705882353,46.4705882353
1,city_uav,gazebo_world_enu,building_179,1416,outer,0,0,1,10,CCW,363.464,203.7415,-0.05,0,30.2941176471,30.2941176471
1,city_uav,gazebo_world_enu,building_179,1416,outer,0,1,2,10,CCW,363.46475,192.49825,-0.05,0,30.2941176471,30.2941176471
1,city_uav,gazebo_world_enu,building_179,1416,outer,0,2,3,10,CCW,364.6535,192.49825,-0.05,0,30.2941176471,30.2941176471
1,city_uav,gazebo_world_enu,building_179,1416,outer,0,3,4,10,CCW,364.65425,181.255,-0.05,0,30.2941176471,30.2941176471
1,city_uav,gazebo_world_enu,building_179,1416,outer,0,4,5,10,CCW,400.90525,180.66625,-0.05,0,30.2941176471,30.2941176471
1,city_uav,gazebo_world_enu,building_179,1416,outer,0,5,6,10,CCW,400.9045,188.951,-0.05,0,30.2941176471,30.2941176471
1,city_uav,gazebo_world_enu,building_179,1416,outer,0,6,7,10,CCW,402.09325,188.951,-0.05,0,30.2941176471,30.2941176471
1,city_uav,gazebo_world_enu,building_179,1416,outer,0,7,8,10,CCW,402.09225,199.6025,-0.05,0,30.2941176471,30.2941176471
1,city_uav,gazebo_world_enu,building_179,1416,outer,0,8,9,10,CCW,401.498,199.6025,-0.05,0,30.2941176471,30.2941176471
1,city_uav,gazebo_world_enu,building_179,1416,outer,0,9,0,10,CCW,401.49775,203.153,-0.05,0,30.2941176471,30.2941176471
1,city_uav,gazebo_world_enu,building_180,1418,outer,0,0,1,10,CCW,-548.16625,439.792,-0.05,0,44.5588235294,44.5588235294
1,city_uav,gazebo_world_enu,building_180,1418,outer,0,1,2,10,CCW,-532.1205,431.50825,-0.05,0,44.5588235294,44.5588235294
1,city_uav,gazebo_world_enu,building_180,1418,outer,0,2,3,10,CCW,-531.52625,433.2835,-0.05,0,44.5588235294,44.5588235294
1,city_uav,gazebo_world_enu,building_180,1418,outer,0,3,4,10,CCW,-512.50925,423.81625,-0.05,0,44.5588235294,44.5588235294
1,city_uav,gazebo_world_enu,building_180,1418,outer,0,4,5,10,CCW,-492.30575,462.87275,-0.05,0,44.5588235294,44.5588235294
1,city_uav,gazebo_world_enu,building_180,1418,outer,0,5,6,10,CCW,-511.91725,472.93175,-0.05,0,44.5588235294,44.5588235294
1,city_uav,gazebo_world_enu,building_180,1418,outer,0,6,7,10,CCW,-521.42475,455.17875,-0.05,0,44.5588235294,44.5588235294
1,city_uav,gazebo_world_enu,building_180,1418,outer,0,7,8,10,CCW,-524.39625,456.95375,-0.05,0,44.5588235294,44.5588235294
1,city_uav,gazebo_world_enu,building_180,1418,outer,0,8,9,10,CCW,-527.36725,451.03625,-0.05,0,44.5588235294,44.5588235294
1,city_uav,gazebo_world_enu,building_180,1418,outer,0,9,0,10,CCW,-539.253,457.545,-0.05,0,44.5588235294,44.5588235294
1,city_uav,gazebo_world_enu,building_181,1419,outer,0,0,1,10,CCW,288.63125,-357.8375,-0.05,0,20.7352941176,20.7352941176
1,city_uav,gazebo_world_enu,building_181,1419,outer,0,1,2,10,CCW,288.63475,-398.07675,-0.05,0,20.7352941176,20.7352941176
1,city_uav,gazebo_world_enu,building_181,1419,outer,0,2,3,10,CCW,326.6695,-398.0735,-0.05,0,20.7352941176,20.7352941176
1,city_uav,gazebo_world_enu,building_181,1419,outer,0,3,4,10,CCW,326.66875,-388.6055,-0.05,0,20.7352941176,20.7352941176
1,city_uav,gazebo_world_enu,building_181,1419,outer,0,4,5,10,CCW,331.423,-388.605,-0.05,0,20.7352941176,20.7352941176
1,city_uav,gazebo_world_enu,building_181,1419,outer,0,5,6,10,CCW,331.4205,-357.834,-0.05,0,20.7352941176,20.7352941176
1,city_uav,gazebo_world_enu,building_181,1419,outer,0,6,7,10,CCW,317.75175,-357.835,-0.05,0,20.7352941176,20.7352941176
1,city_uav,gazebo_world_enu,building_181,1419,outer,0,7,8,10,CCW,317.1575,-360.20225,-0.05,0,20.7352941176,20.7352941176
1,city_uav,gazebo_world_enu,building_181,1419,outer,0,8,9,10,CCW,305.866,-360.203,-0.05,0,20.7352941176,20.7352941176
1,city_uav,gazebo_world_enu,building_181,1419,outer,0,9,0,10,CCW,305.86575,-357.836,-0.05,0,20.7352941176,20.7352941176
1,city_uav,gazebo_world_enu,building_182,1420,outer,0,0,1,10,CCW,289.21625,-244.221,-0.05,0,38.8235294118,38.8235294118
1,city_uav,gazebo_world_enu,building_182,1420,outer,0,1,2,10,CCW,289.8125,-269.07475,-0.05,0,38.8235294118,38.8235294118
1,city_uav,gazebo_world_enu,building_182,1420,outer,0,2,3,10,CCW,317.15,-269.07225,-0.05,0,38.8235294118,38.8235294118
1,city_uav,gazebo_world_enu,building_182,1420,outer,0,3,4,10,CCW,317.15125,-284.458,-0.05,0,38.8235294118,38.8235294118
1,city_uav,gazebo_world_enu,building_182,1420,outer,0,4,5,10,CCW,335.57425,-284.45625,-0.05,0,38.8235294118,38.8235294118
1,city_uav,gazebo_world_enu,building_182,1420,outer,0,5,6,10,CCW,335.57075,-244.21725,-0.05,0,38.8235294118,38.8235294118
1,city_uav,gazebo_world_enu,building_182,1420,outer,0,6,7,10,CCW,333.19375,-244.2175,-0.05,0,38.8235294118,38.8235294118
1,city_uav,gazebo_world_enu,building_182,1420,outer,0,7,8,10,CCW,333.1925,-231.199,-0.05,0,38.8235294118,38.8235294118
1,city_uav,gazebo_world_enu,building_182,1420,outer,0,8,9,10,CCW,318.33525,-231.20025,-0.05,0,38.8235294118,38.8235294118
1,city_uav,gazebo_world_enu,building_182,1420,outer,0,9,0,10,CCW,318.3365,-244.21875,-0.05,0,38.8235294118,38.8235294118
1,city_uav,gazebo_world_enu,building_183,1421,outer,0,0,1,10,CCW,-204.6535,19.07375,-0.05,0,29.8529411765,29.8529411765
1,city_uav,gazebo_world_enu,building_183,1421,outer,0,1,2,10,CCW,-180.88225,17.8915,-0.05,0,29.8529411765,29.8529411765
1,city_uav,gazebo_world_enu,building_183,1421,outer,0,2,3,10,CCW,-179.10075,42.74525,-0.05,0,29.8529411765,29.8529411765
1,city_uav,gazebo_world_enu,building_183,1421,outer,0,3,4,10,CCW,-167.21525,42.15425,-0.05,0,29.8529411765,29.8529411765
1,city_uav,gazebo_world_enu,building_183,1421,outer,0,4,5,10,CCW,-166.02775,60.4985,-0.05,0,29.8529411765,29.8529411765
1,city_uav,gazebo_world_enu,building_183,1421,outer,0,5,6,10,CCW,-176.72475,61.08975,-0.05,0,29.8529411765,29.8529411765
1,city_uav,gazebo_world_enu,building_183,1421,outer,0,6,7,10,CCW,-176.72475,61.6815,-0.05,0,29.8529411765,29.8529411765
1,city_uav,gazebo_world_enu,building_183,1421,outer,0,7,8,10,CCW,-183.262,62.27275,-0.05,0,29.8529411765,29.8529411765
1,city_uav,gazebo_world_enu,building_183,1421,outer,0,8,9,10,CCW,-183.262,61.08925,-0.05,0,29.8529411765,29.8529411765
1,city_uav,gazebo_world_enu,building_183,1421,outer,0,9,0,10,CCW,-202.279,61.68,-0.05,0,29.8529411765,29.8529411765
1,city_uav,gazebo_world_enu,building_184,1422,outer,0,0,1,10,CCW,24.12025,372.956,-0.05,0,35.2941176471,35.2941176471
1,city_uav,gazebo_world_enu,building_184,1422,outer,0,1,2,10,CCW,30.65725,371.773,-0.05,0,35.2941176471,35.2941176471
1,city_uav,gazebo_world_enu,building_184,1422,outer,0,2,3,10,CCW,27.687,355.20375,-0.05,0,35.2941176471,35.2941176471
1,city_uav,gazebo_world_enu,building_184,1422,outer,0,3,4,10,CCW,73.4465,348.106,-0.05,0,35.2941176471,35.2941176471
1,city_uav,gazebo_world_enu,building_184,1422,outer,0,4,5,10,CCW,78.1985,377.694,-0.05,0,35.2941176471,35.2941176471
1,city_uav,gazebo_world_enu,building_184,1422,outer,0,5,6,10,CCW,50.86175,382.426,-0.05,0,35.2941176471,35.2941176471
1,city_uav,gazebo_world_enu,building_184,1422,outer,0,6,7,10,CCW,51.456,384.20125,-0.05,0,35.2941176471,35.2941176471
1,city_uav,gazebo_world_enu,building_184,1422,outer,0,7,8,10,CCW,44.91875,385.3845,-0.05,0,35.2941176471,35.2941176471
1,city_uav,gazebo_world_enu,building_184,1422,outer,0,8,9,10,CCW,47.295,398.403,-0.05,0,35.2941176471,35.2941176471
1,city_uav,gazebo_world_enu,building_184,1422,outer,0,9,0,10,CCW,28.87225,401.95225,-0.05,0,35.2941176471,35.2941176471
1,city_uav,gazebo_world_enu,building_186,1425,outer,0,0,1,10,CCW,-12.1415,535.09375,-0.05,0,45,45
1,city_uav,gazebo_world_enu,building_186,1425,outer,0,1,2,10,CCW,6.8755,530.95275,-0.05,0,45,45
1,city_uav,gazebo_world_enu,building_186,1425,outer,0,2,3,10,CCW,6.2815,527.40225,-0.05,0,45,45
1,city_uav,gazebo_world_enu,building_186,1425,outer,0,3,4,10,CCW,11.63,526.219,-0.05,0,45,45
1,city_uav,gazebo_world_enu,building_186,1425,outer,0,4,5,10,CCW,9.25375,513.792,-0.05,0,45,45
1,city_uav,gazebo_world_enu,building_186,1425,outer,0,5,6,10,CCW,29.459,509.65125,-0.05,0,45,45
1,city_uav,gazebo_world_enu,building_186,1425,outer,0,6,7,10,CCW,33.0235,527.99575,-0.05,0,45,45
1,city_uav,gazebo_world_enu,building_186,1425,outer,0,7,8,10,CCW,31.835,527.99575,-0.05,0,45,45
1,city_uav,gazebo_world_enu,building_186,1425,outer,0,8,9,10,CCW,35.9935,547.52375,-0.05,0,45,45
1,city_uav,gazebo_world_enu,building_186,1425,outer,0,9,0,10,CCW,-7.983,556.98875,-0.05,0,45,45
1,city_uav,gazebo_world_enu,building_187,1427,outer,0,0,1,10,CCW,292.777,-182.08675,-0.05,0,33.3823529412,33.3823529412
1,city_uav,gazebo_world_enu,building_187,1427,outer,0,1,2,10,CCW,292.779,-208.124,-0.05,0,33.3823529412,33.3823529412
1,city_uav,gazebo_world_enu,building_187,1427,outer,0,2,3,10,CCW,314.76775,-207.53025,-0.05,0,33.3823529412,33.3823529412
1,city_uav,gazebo_world_enu,building_187,1427,outer,0,3,4,10,CCW,314.76825,-215.22325,-0.05,0,33.3823529412,33.3823529412
1,city_uav,gazebo_world_enu,building_187,1427,outer,0,4,5,10,CCW,332.00275,-215.22175,-0.05,0,33.3823529412,33.3823529412
1,city_uav,gazebo_world_enu,building_187,1427,outer,0,5,6,10,CCW,332.002,-207.529,-0.05,0,33.3823529412,33.3823529412
1,city_uav,gazebo_world_enu,building_187,1427,outer,0,6,7,10,CCW,334.9735,-207.52875,-0.05,0,33.3823529412,33.3823529412
1,city_uav,gazebo_world_enu,building_187,1427,outer,0,7,8,10,CCW,334.37575,-166.69775,-0.05,0,33.3823529412,33.3823529412
1,city_uav,gazebo_world_enu,building_187,1427,outer,0,8,9,10,CCW,316.547,-166.69925,-0.05,0,33.3823529412,33.3823529412
1,city_uav,gazebo_world_enu,building_187,1427,outer,0,9,0,10,CCW,316.54825,-181.49325,-0.05,0,33.3823529412,33.3823529412
1,city_uav,gazebo_world_enu,building_188,1428,outer,0,0,1,10,CCW,406.85325,122.67525,-0.05,0,24.8529411765,24.8529411765
1,city_uav,gazebo_world_enu,building_188,1428,outer,0,1,2,10,CCW,406.85525,99.59675,-0.05,0,24.8529411765,24.8529411765
1,city_uav,gazebo_world_enu,building_188,1428,outer,0,2,3,10,CCW,427.06075,100.1905,-0.05,0,24.8529411765,24.8529411765
1,city_uav,gazebo_world_enu,building_188,1428,outer,0,3,4,10,CCW,427.061,97.8235,-0.05,0,24.8529411765,24.8529411765
1,city_uav,gazebo_world_enu,building_188,1428,outer,0,4,5,10,CCW,433.598,98.41575,-0.05,0,24.8529411765,24.8529411765
1,city_uav,gazebo_world_enu,building_188,1428,outer,0,5,6,10,CCW,433.59925,83.622,-0.05,0,24.8529411765,24.8529411765
1,city_uav,gazebo_world_enu,building_188,1428,outer,0,6,7,10,CCW,453.80475,84.2155,-0.05,0,24.8529411765,24.8529411765
1,city_uav,gazebo_world_enu,building_188,1428,outer,0,7,8,10,CCW,453.20875,102.55975,-0.05,0,24.8529411765,24.8529411765
1,city_uav,gazebo_world_enu,building_188,1428,outer,0,8,9,10,CCW,452.02025,102.55975,-0.05,0,24.8529411765,24.8529411765
1,city_uav,gazebo_world_enu,building_188,1428,outer,0,9,0,10,CCW,451.424,123.271,-0.05,0,24.8529411765,24.8529411765
1,city_uav,gazebo_world_enu,building_189,1433,outer,0,0,1,10,CCW,-44.80975,291.2895,-0.05,0,26.7647058824,26.7647058824
1,city_uav,gazebo_world_enu,building_189,1433,outer,0,1,2,10,CCW,-27.5755,287.1485,-0.05,0,26.7647058824,26.7647058824
1,city_uav,gazebo_world_enu,building_189,1433,outer,0,2,3,10,CCW,-26.3875,294.2495,-0.05,0,26.7647058824,26.7647058824
1,city_uav,gazebo_world_enu,building_189,1433,outer,0,3,4,10,CCW,-20.44475,292.47475,-0.05,0,26.7647058824,26.7647058824
1,city_uav,gazebo_world_enu,building_189,1433,outer,0,4,5,10,CCW,-19.8505,294.25,-0.05,0,26.7647058824,26.7647058824
1,city_uav,gazebo_world_enu,building_189,1433,outer,0,5,6,10,CCW,-2.022,290.109,-0.05,0,26.7647058824,26.7647058824
1,city_uav,gazebo_world_enu,building_189,1433,outer,0,6,7,10,CCW,5.107,321.47225,-0.05,0,26.7647058824,26.7647058824
1,city_uav,gazebo_world_enu,building_189,1433,outer,0,7,8,10,CCW,-34.1155,329.75425,-0.05,0,26.7647058824,26.7647058824
1,city_uav,gazebo_world_enu,building_189,1433,outer,0,8,9,10,CCW,-36.492,319.69425,-0.05,0,26.7647058824,26.7647058824
1,city_uav,gazebo_world_enu,building_189,1433,outer,0,9,0,10,CCW,-38.27475,320.286,-0.05,0,26.7647058824,26.7647058824
1,city_uav,gazebo_world_enu,building_190,1435,outer,0,0,1,10,CCW,336.18125,-434.76125,-0.05,0,20,20
1,city_uav,gazebo_world_enu,building_190,1435,outer,0,1,2,10,CCW,336.18475,-474.40875,-0.05,0,20,20
1,city_uav,gazebo_world_enu,building_190,1435,outer,0,2,3,10,CCW,355.202,-474.407,-0.05,0,20,20
1,city_uav,gazebo_world_enu,building_190,1435,outer,0,3,4,10,CCW,355.20075,-460.205,-0.05,0,20,20
1,city_uav,gazebo_world_enu,building_190,1435,outer,0,4,5,10,CCW,362.3325,-460.2045,-0.05,0,20,20
1,city_uav,gazebo_world_enu,building_190,1435,outer,0,5,6,10,CCW,362.33225,-457.24575,-0.05,0,20,20
1,city_uav,gazebo_world_enu,building_190,1435,outer,0,6,7,10,CCW,381.3495,-457.244,-0.05,0,20,20
1,city_uav,gazebo_world_enu,building_190,1435,outer,0,7,8,10,CCW,381.347,-426.473,-0.05,0,20,20
1,city_uav,gazebo_world_enu,building_190,1435,outer,0,8,9,10,CCW,344.50075,-426.476,-0.05,0,20,20
1,city_uav,gazebo_world_enu,building_190,1435,outer,0,9,0,10,CCW,344.5015,-434.7605,-0.05,0,20,20
1,city_uav,gazebo_world_enu,building_191,1436,outer,0,0,1,10,CCW,488.85675,196.6515,-0.05,0,27.9411764706,27.9411764706
1,city_uav,gazebo_world_enu,building_191,1436,outer,0,1,2,10,CCW,488.858,185.40825,-0.05,0,27.9411764706,27.9411764706
1,city_uav,gazebo_world_enu,building_191,1436,outer,0,2,3,10,CCW,490.0465,185.4085,-0.05,0,27.9411764706,27.9411764706
1,city_uav,gazebo_world_enu,building_191,1436,outer,0,3,4,10,CCW,489.453,175.94025,-0.05,0,27.9411764706,27.9411764706
1,city_uav,gazebo_world_enu,building_191,1436,outer,0,4,5,10,CCW,502.52725,175.9415,-0.05,0,27.9411764706,27.9411764706
1,city_uav,gazebo_world_enu,building_191,1436,outer,0,5,6,10,CCW,502.52725,175.34975,-0.05,0,27.9411764706,27.9411764706
1,city_uav,gazebo_world_enu,building_191,1436,outer,0,6,7,10,CCW,514.41275,175.351,-0.05,0,27.9411764706,27.9411764706
1,city_uav,gazebo_world_enu,building_191,1436,outer,0,7,8,10,CCW,514.41275,175.94275,-0.05,0,27.9411764706,27.9411764706
1,city_uav,gazebo_world_enu,building_191,1436,outer,0,8,9,10,CCW,526.29825,175.352,-0.05,0,27.9411764706,27.9411764706
1,city_uav,gazebo_world_enu,building_191,1436,outer,0,9,0,10,CCW,526.8905,196.06325,-0.05,0,27.9411764706,27.9411764706
1,city_uav,gazebo_world_enu,building_193,1447,outer,0,0,1,10,CCW,384.90675,-357.2375,-0.05,0,24.4117647059,24.4117647059
1,city_uav,gazebo_world_enu,building_193,1447,outer,0,1,2,10,CCW,385.50425,-396.29325,-0.05,0,24.4117647059,24.4117647059
1,city_uav,gazebo_world_enu,building_193,1447,outer,0,2,3,10,CCW,424.1335,-395.698,-0.05,0,24.4117647059,24.4117647059
1,city_uav,gazebo_world_enu,building_193,1447,outer,0,3,4,10,CCW,423.53825,-386.82175,-0.05,0,24.4117647059,24.4117647059
1,city_uav,gazebo_world_enu,building_193,1447,outer,0,4,5,10,CCW,430.0755,-386.2295,-0.05,0,24.4117647059,24.4117647059
1,city_uav,gazebo_world_enu,building_193,1447,outer,0,5,6,10,CCW,429.4785,-356.642,-0.05,0,24.4117647059,24.4117647059
1,city_uav,gazebo_world_enu,building_193,1447,outer,0,6,7,10,CCW,406.8955,-356.644,-0.05,0,24.4117647059,24.4117647059
1,city_uav,gazebo_world_enu,building_193,1447,outer,0,7,8,10,CCW,406.896,-363.745,-0.05,0,24.4117647059,24.4117647059
1,city_uav,gazebo_world_enu,building_193,1447,outer,0,8,9,10,CCW,398.576,-363.74575,-0.05,0,24.4117647059,24.4117647059
1,city_uav,gazebo_world_enu,building_193,1447,outer,0,9,0,10,CCW,397.981,-357.2365,-0.05,0,24.4117647059,24.4117647059
1,city_uav,gazebo_world_enu,building_194,1449,outer,0,0,1,10,CCW,387.29075,-435.9405,-0.05,0,41.4705882353,41.4705882353
1,city_uav,gazebo_world_enu,building_194,1449,outer,0,1,2,10,CCW,387.88675,-457.2435,-0.05,0,41.4705882353,41.4705882353
1,city_uav,gazebo_world_enu,building_194,1449,outer,0,2,3,10,CCW,406.90425,-456.65,-0.05,0,41.4705882353,41.4705882353
1,city_uav,gazebo_world_enu,building_194,1449,outer,0,3,4,10,CCW,406.9045,-459.60875,-0.05,0,41.4705882353,41.4705882353
1,city_uav,gazebo_world_enu,building_194,1449,outer,0,4,5,10,CCW,412.25325,-459.60825,-0.05,0,41.4705882353,41.4705882353
1,city_uav,gazebo_world_enu,building_194,1449,outer,0,5,6,10,CCW,412.84875,-475.5855,-0.05,0,41.4705882353,41.4705882353
1,city_uav,gazebo_world_enu,building_194,1449,outer,0,6,7,10,CCW,430.67775,-474.99225,-0.05,0,41.4705882353,41.4705882353
1,city_uav,gazebo_world_enu,building_194,1449,outer,0,7,8,10,CCW,430.08075,-444.813,-0.05,0,41.4705882353,41.4705882353
1,city_uav,gazebo_world_enu,building_194,1449,outer,0,8,9,10,CCW,426.515,-444.81325,-0.05,0,41.4705882353,41.4705882353
1,city_uav,gazebo_world_enu,building_194,1449,outer,0,9,0,10,CCW,426.514,-435.34525,-0.05,0,41.4705882353,41.4705882353
1,city_uav,gazebo_world_enu,building_195,1451,outer,0,0,1,10,CCW,235.74475,-426.485,-0.05,0,39.7058823529,39.7058823529
1,city_uav,gazebo_world_enu,building_195,1451,outer,0,1,2,10,CCW,235.74575,-436.54475,-0.05,0,39.7058823529,39.7058823529
1,city_uav,gazebo_world_enu,building_195,1451,outer,0,2,3,10,CCW,238.12275,-436.54475,-0.05,0,39.7058823529,39.7058823529
1,city_uav,gazebo_world_enu,building_195,1451,outer,0,3,4,10,CCW,238.126,-476.192,-0.05,0,39.7058823529,39.7058823529
1,city_uav,gazebo_world_enu,building_195,1451,outer,0,4,5,10,CCW,256.54925,-476.1905,-0.05,0,39.7058823529,39.7058823529
1,city_uav,gazebo_world_enu,building_195,1451,outer,0,5,6,10,CCW,256.548,-461.39675,-0.05,0,39.7058823529,39.7058823529
1,city_uav,gazebo_world_enu,building_195,1451,outer,0,6,7,10,CCW,280.31975,-461.39475,-0.05,0,39.7058823529,39.7058823529
1,city_uav,gazebo_world_enu,building_195,1451,outer,0,7,8,10,CCW,280.31775,-435.9495,-0.05,0,39.7058823529,39.7058823529
1,city_uav,gazebo_world_enu,building_195,1451,outer,0,8,9,10,CCW,253.5745,-435.95175,-0.05,0,39.7058823529,39.7058823529
1,city_uav,gazebo_world_enu,building_195,1451,outer,0,9,0,10,CCW,253.57375,-426.4835,-0.05,0,39.7058823529,39.7058823529
1,city_uav,gazebo_world_enu,building_197,1457,outer,0,0,1,10,CCW,389.65125,-244.80425,-0.05,0,42.5,42.5
1,city_uav,gazebo_world_enu,building_197,1457,outer,0,1,2,10,CCW,389.6535,-270.24975,-0.05,0,42.5,42.5
1,city_uav,gazebo_world_enu,building_197,1457,outer,0,2,3,10,CCW,414.01925,-270.2475,-0.05,0,42.5,42.5
1,city_uav,gazebo_world_enu,building_197,1457,outer,0,3,4,10,CCW,414.0205,-285.04125,-0.05,0,42.5,42.5
1,city_uav,gazebo_world_enu,building_197,1457,outer,0,4,5,10,CCW,431.84925,-285.03975,-0.05,0,42.5,42.5
1,city_uav,gazebo_world_enu,building_197,1457,outer,0,5,6,10,CCW,431.84575,-244.8005,-0.05,0,42.5,42.5
1,city_uav,gazebo_world_enu,building_197,1457,outer,0,6,7,10,CCW,428.28,-244.801,-0.05,0,42.5,42.5
1,city_uav,gazebo_world_enu,building_197,1457,outer,0,7,8,10,CCW,428.27925,-236.5165,-0.05,0,42.5,42.5
1,city_uav,gazebo_world_enu,building_197,1457,outer,0,8,9,10,CCW,412.2335,-236.51775,-0.05,0,42.5,42.5
1,city_uav,gazebo_world_enu,building_197,1457,outer,0,9,0,10,CCW,412.23425,-244.80225,-0.05,0,42.5,42.5
1,city_uav,gazebo_world_enu,building_198,1458,outer,0,0,1,10,CCW,-484.55925,-1.0605,-0.05,0,43.5294117647,43.5294117647
1,city_uav,gazebo_world_enu,building_198,1458,outer,0,1,2,10,CCW,-482.181,-26.50575,-0.05,0,43.5294117647,43.5294117647
1,city_uav,gazebo_world_enu,building_198,1458,outer,0,2,3,10,CCW,-439.39275,-22.95325,-0.05,0,43.5294117647,43.5294117647
1,city_uav,gazebo_world_enu,building_198,1458,outer,0,3,4,10,CCW,-441.17675,0.125,-0.05,0,43.5294117647,43.5294117647
1,city_uav,gazebo_world_enu,building_198,1458,outer,0,4,5,10,CCW,-438.7995,0.71675,-0.05,0,43.5294117647,43.5294117647
1,city_uav,gazebo_world_enu,building_198,1458,outer,0,5,6,10,CCW,-439.989,20.2445,-0.05,0,43.5294117647,43.5294117647
1,city_uav,gazebo_world_enu,building_198,1458,outer,0,6,7,10,CCW,-459.60025,18.4685,-0.05,0,43.5294117647,43.5294117647
1,city_uav,gazebo_world_enu,building_198,1458,outer,0,7,8,10,CCW,-458.411,3.083,-0.05,0,43.5294117647,43.5294117647
1,city_uav,gazebo_world_enu,building_198,1458,outer,0,8,9,10,CCW,-468.51375,1.899,-0.05,0,43.5294117647,43.5294117647
1,city_uav,gazebo_world_enu,building_198,1458,outer,0,9,0,10,CCW,-468.51375,0.12375,-0.05,0,43.5294117647,43.5294117647
1,city_uav,gazebo_world_enu,building_200,1460,outer,0,0,1,10,CCW,162.5715,556.4095,-0.05,0,22.9411764706,22.9411764706
1,city_uav,gazebo_world_enu,building_200,1460,outer,0,1,2,10,CCW,162.573,538.065,-0.05,0,22.9411764706,22.9411764706
1,city_uav,gazebo_world_enu,building_200,1460,outer,0,2,3,10,CCW,216.057,538.661,-0.05,0,22.9411764706,22.9411764706
1,city_uav,gazebo_world_enu,building_200,1460,outer,0,3,4,10,CCW,215.4615,554.0465,-0.05,0,22.9411764706,22.9411764706
1,city_uav,gazebo_world_enu,building_200,1460,outer,0,4,5,10,CCW,202.98175,554.0455,-0.05,0,22.9411764706,22.9411764706
1,city_uav,gazebo_world_enu,building_200,1460,outer,0,5,6,10,CCW,202.38525,583.04125,-0.05,0,22.9411764706,22.9411764706
1,city_uav,gazebo_world_enu,building_200,1460,outer,0,6,7,10,CCW,180.3975,583.03975,-0.05,0,22.9411764706,22.9411764706
1,city_uav,gazebo_world_enu,building_200,1460,outer,0,7,8,10,CCW,180.399,563.51175,-0.05,0,22.9411764706,22.9411764706
1,city_uav,gazebo_world_enu,building_200,1460,outer,0,8,9,10,CCW,177.4275,563.5115,-0.05,0,22.9411764706,22.9411764706
1,city_uav,gazebo_world_enu,building_200,1460,outer,0,9,0,10,CCW,177.42825,556.4105,-0.05,0,22.9411764706,22.9411764706
1,city_uav,gazebo_world_enu,building_202,1464,outer,0,0,1,10,CCW,49.6595,575.929,-0.05,0,31.1764705882,31.1764705882
1,city_uav,gazebo_world_enu,building_202,1464,outer,0,1,2,10,CCW,73.43025,575.339,-0.05,0,31.1764705882,31.1764705882
1,city_uav,gazebo_world_enu,building_202,1464,outer,0,2,3,10,CCW,73.42875,596.05025,-0.05,0,31.1764705882,31.1764705882
1,city_uav,gazebo_world_enu,building_202,1464,outer,0,3,4,10,CCW,75.80575,596.0505,-0.05,0,31.1764705882,31.1764705882
1,city_uav,gazebo_world_enu,building_202,1464,outer,0,4,5,10,CCW,75.80525,603.1515,-0.05,0,31.1764705882,31.1764705882
1,city_uav,gazebo_world_enu,building_202,1464,outer,0,5,6,10,CCW,88.879,603.15225,-0.05,0,31.1764705882,31.1764705882
1,city_uav,gazebo_world_enu,building_202,1464,outer,0,6,7,10,CCW,89.472,622.0885,-0.05,0,31.1764705882,31.1764705882
1,city_uav,gazebo_world_enu,building_202,1464,outer,0,7,8,10,CCW,72.23825,622.08725,-0.05,0,31.1764705882,31.1764705882
1,city_uav,gazebo_world_enu,building_202,1464,outer,0,8,9,10,CCW,72.2385,619.72025,-0.05,0,31.1764705882,31.1764705882
1,city_uav,gazebo_world_enu,building_202,1464,outer,0,9,0,10,CCW,50.2505,620.3105,-0.05,0,31.1764705882,31.1764705882
1,city_uav,gazebo_world_enu,building_204,1466,outer,0,0,1,10,CCW,-405.502,-357.88325,-0.05,0,37.6470588235,37.6470588235
1,city_uav,gazebo_world_enu,building_204,1466,outer,0,1,2,10,CCW,-405.50125,-375.63575,-0.05,0,37.6470588235,37.6470588235
1,city_uav,gazebo_world_enu,building_204,1466,outer,0,2,3,10,CCW,-397.7755,-375.6355,-0.05,0,37.6470588235,37.6470588235
1,city_uav,gazebo_world_enu,building_204,1466,outer,0,3,4,10,CCW,-397.77525,-377.41075,-0.05,0,37.6470588235,37.6470588235
1,city_uav,gazebo_world_enu,building_204,1466,outer,0,4,5,10,CCW,-358.552,-376.817,-0.05,0,37.6470588235,37.6470588235
1,city_uav,gazebo_world_enu,building_204,1466,outer,0,5,6,10,CCW,-359.14725,-359.0645,-0.05,0,37.6470588235,37.6470588235
1,city_uav,gazebo_world_enu,building_204,1466,outer,0,6,7,10,CCW,-371.6275,-359.065,-0.05,0,37.6470588235,37.6470588235
1,city_uav,gazebo_world_enu,building_204,1466,outer,0,7,8,10,CCW,-371.62875,-334.80325,-0.05,0,37.6470588235,37.6470588235
1,city_uav,gazebo_world_enu,building_204,1466,outer,0,8,9,10,CCW,-397.7775,-335.39625,-0.05,0,37.6470588235,37.6470588235
1,city_uav,gazebo_world_enu,building_204,1466,outer,0,9,0,10,CCW,-397.77625,-357.883,-0.05,0,37.6470588235,37.6470588235
1,city_uav,gazebo_world_enu,building_206,1472,outer,0,0,1,10,CCW,-592.70575,-322.97825,-0.05,0,32.5,32.5
1,city_uav,gazebo_world_enu,building_206,1472,outer,0,1,2,10,CCW,-592.704,-365.5845,-0.05,0,32.5,32.5
1,city_uav,gazebo_world_enu,building_206,1472,outer,0,2,3,10,CCW,-546.349,-365.5825,-0.05,0,32.5,32.5
1,city_uav,gazebo_world_enu,building_206,1472,outer,0,3,4,10,CCW,-546.351,-322.3845,-0.05,0,32.5,32.5
1,city_uav,gazebo_world_enu,building_206,1472,outer,0,4,5,10,CCW,-565.9625,-322.3855,-0.05,0,32.5,32.5
1,city_uav,gazebo_world_enu,building_206,1472,outer,0,5,6,10,CCW,-565.962,-337.17925,-0.05,0,32.5,32.5
1,city_uav,gazebo_world_enu,building_206,1472,outer,0,6,7,10,CCW,-570.71625,-337.1795,-0.05,0,32.5,32.5
1,city_uav,gazebo_world_enu,building_206,1472,outer,0,7,8,10,CCW,-570.71625,-340.13825,-0.05,0,32.5,32.5
1,city_uav,gazebo_world_enu,building_206,1472,outer,0,8,9,10,CCW,-573.6875,-340.13825,-0.05,0,32.5,32.5
1,city_uav,gazebo_world_enu,building_206,1472,outer,0,9,0,10,CCW,-573.68825,-322.9775,-0.05,0,32.5,32.5
1,city_uav,gazebo_world_enu,building_207,1475,outer,0,0,1,11,CCW,-172.575,229.73925,-0.05,0,31.7647058824,31.7647058824
1,city_uav,gazebo_world_enu,building_207,1475,outer,0,1,2,11,CCW,-164.255,227.37275,-0.05,0,31.7647058824,31.7647058824
1,city_uav,gazebo_world_enu,building_207,1475,outer,0,2,3,11,CCW,-164.849,223.82225,-0.05,0,31.7647058824,31.7647058824
1,city_uav,gazebo_world_enu,building_207,1475,outer,0,3,4,11,CCW,-135.13475,214.94775,-0.05,0,31.7647058824,31.7647058824
1,city_uav,gazebo_world_enu,building_207,1475,outer,0,4,5,11,CCW,-132.16375,222.64075,-0.05,0,31.7647058824,31.7647058824
1,city_uav,gazebo_world_enu,building_207,1475,outer,0,5,6,11,CCW,-129.193,233.2925,-0.05,0,31.7647058824,31.7647058824
1,city_uav,gazebo_world_enu,building_207,1475,outer,0,6,7,11,CCW,-145.23875,238.0255,-0.05,0,31.7647058824,31.7647058824
1,city_uav,gazebo_world_enu,building_207,1475,outer,0,7,8,11,CCW,-144.05075,243.35125,-0.05,0,31.7647058824,31.7647058824
1,city_uav,gazebo_world_enu,building_207,1475,outer,0,8,9,11,CCW,-145.8335,243.943,-0.05,0,31.7647058824,31.7647058824
1,city_uav,gazebo_world_enu,building_207,1475,outer,0,9,10,11,CCW,-140.486,260.51225,-0.05,0,31.7647058824,31.7647058824
1,city_uav,gazebo_world_enu,building_207,1475,outer,0,10,0,11,CCW,-161.286,266.4285,-0.05,0,31.7647058824,31.7647058824
1,city_uav,gazebo_world_enu,building_208,1476,outer,0,0,1,10,CCW,-286.05875,-188.04425,-0.05,0,24.1176470588,24.1176470588
1,city_uav,gazebo_world_enu,building_208,1476,outer,0,1,2,10,CCW,-286.05775,-205.79675,-0.05,0,24.1176470588,24.1176470588
1,city_uav,gazebo_world_enu,building_208,1476,outer,0,2,3,10,CCW,-274.172,-205.796,-0.05,0,24.1176470588,24.1176470588
1,city_uav,gazebo_world_enu,building_208,1476,outer,0,3,4,10,CCW,-273.57725,-211.7135,-0.05,0,24.1176470588,24.1176470588
1,city_uav,gazebo_world_enu,building_208,1476,outer,0,4,5,10,CCW,-278.926,-211.714,-0.05,0,24.1176470588,24.1176470588
1,city_uav,gazebo_world_enu,building_208,1476,outer,0,5,6,10,CCW,-278.926,-209.93875,-0.05,0,24.1176470588,24.1176470588
1,city_uav,gazebo_world_enu,building_208,1476,outer,0,6,7,10,CCW,-281.8975,-209.93875,-0.05,0,24.1176470588,24.1176470588
1,city_uav,gazebo_world_enu,building_208,1476,outer,0,7,8,10,CCW,-281.89625,-231.242,-0.05,0,24.1176470588,24.1176470588
1,city_uav,gazebo_world_enu,building_208,1476,outer,0,8,9,10,CCW,-244.45625,-230.648,-0.05,0,24.1176470588,24.1176470588
1,city_uav,gazebo_world_enu,building_208,1476,outer,0,9,0,10,CCW,-244.4585,-187.45025,-0.05,0,24.1176470588,24.1176470588
1,city_uav,gazebo_world_enu,building_209,1478,outer,0,0,1,10,CCW,97.233,134.48525,-0.05,0,22.7941176471,22.7941176471
1,city_uav,gazebo_world_enu,building_209,1478,outer,0,1,2,10,CCW,118.033,132.11975,-0.05,0,22.7941176471,22.7941176471
1,city_uav,gazebo_world_enu,building_209,1478,outer,0,2,3,10,CCW,118.03275,136.262,-0.05,0,22.7941176471,22.7941176471
1,city_uav,gazebo_world_enu,building_209,1478,outer,0,3,4,10,CCW,138.2385,133.30475,-0.05,0,22.7941176471,22.7941176471
1,city_uav,gazebo_world_enu,building_209,1478,outer,0,4,5,10,CCW,143.584,171.769,-0.05,0,22.7941176471,22.7941176471
1,city_uav,gazebo_world_enu,building_209,1478,outer,0,5,6,10,CCW,102.5785,177.09175,-0.05,0,22.7941176471,22.7941176471
1,city_uav,gazebo_world_enu,building_209,1478,outer,0,6,7,10,CCW,100.20275,158.74725,-0.05,0,22.7941176471,22.7941176471
1,city_uav,gazebo_world_enu,building_209,1478,outer,0,7,8,10,CCW,116.2485,156.3815,-0.05,0,22.7941176471,22.7941176471
1,city_uav,gazebo_world_enu,building_209,1478,outer,0,8,9,10,CCW,115.6545,151.05575,-0.05,0,22.7941176471,22.7941176471
1,city_uav,gazebo_world_enu,building_209,1478,outer,0,9,0,10,CCW,99.609,152.82975,-0.05,0,22.7941176471,22.7941176471
1,city_uav,gazebo_world_enu,building_210,1482,outer,0,0,1,10,CCW,337.33175,15.562,-0.05,0,43.9705882353,43.9705882353
1,city_uav,gazebo_world_enu,building_210,1482,outer,0,1,2,10,CCW,337.33425,-15.80075,-0.05,0,43.9705882353,43.9705882353
1,city_uav,gazebo_world_enu,building_210,1482,outer,0,2,3,10,CCW,339.11725,-15.80075,-0.05,0,43.9705882353,43.9705882353
1,city_uav,gazebo_world_enu,building_210,1482,outer,0,3,4,10,CCW,339.118,-24.677,-0.05,0,43.9705882353,43.9705882353
1,city_uav,gazebo_world_enu,building_210,1482,outer,0,4,5,10,CCW,379.52925,-24.6735,-0.05,0,43.9705882353,43.9705882353
1,city_uav,gazebo_world_enu,building_210,1482,outer,0,5,6,10,CCW,380.12,15.56575,-0.05,0,43.9705882353,43.9705882353
1,city_uav,gazebo_world_enu,building_210,1482,outer,0,6,7,10,CCW,360.50875,15.564,-0.05,0,43.9705882353,43.9705882353
1,city_uav,gazebo_world_enu,building_210,1482,outer,0,7,8,10,CCW,360.51,0.1785,-0.05,0,43.9705882353,43.9705882353
1,city_uav,gazebo_world_enu,building_210,1482,outer,0,8,9,10,CCW,355.75575,0.178,-0.05,0,43.9705882353,43.9705882353
1,city_uav,gazebo_world_enu,building_210,1482,outer,0,9,0,10,CCW,355.7545,15.5635,-0.05,0,43.9705882353,43.9705882353
1,city_uav,gazebo_world_enu,building_211,1483,outer,0,0,1,11,CCW,232.71525,301.9615,-0.05,0,32.3529411765,32.3529411765
1,city_uav,gazebo_world_enu,building_211,1483,outer,0,1,2,11,CCW,232.71725,275.3325,-0.05,0,32.3529411765,32.3529411765
1,city_uav,gazebo_world_enu,building_211,1483,outer,0,2,3,11,CCW,257.677,275.33475,-0.05,0,32.3529411765,32.3529411765
1,city_uav,gazebo_world_enu,building_211,1483,outer,0,3,4,11,CCW,257.678,262.316,-0.05,0,32.3529411765,32.3529411765
1,city_uav,gazebo_world_enu,building_211,1483,outer,0,4,5,11,CCW,276.1005,262.3175,-0.05,0,32.3529411765,32.3529411765
1,city_uav,gazebo_world_enu,building_211,1483,outer,0,5,6,11,CCW,276.0995,275.33625,-0.05,0,32.3529411765,32.3529411765
1,city_uav,gazebo_world_enu,building_211,1483,outer,0,6,7,11,CCW,286.202,275.337,-0.05,0,32.3529411765,32.3529411765
1,city_uav,gazebo_world_enu,building_211,1483,outer,0,7,8,11,CCW,298.0855,300.1915,-0.05,0,32.3529411765,32.3529411765
1,city_uav,gazebo_world_enu,building_211,1483,outer,0,8,9,11,CCW,298.08525,303.15025,-0.05,0,32.3529411765,32.3529411765
1,city_uav,gazebo_world_enu,building_211,1483,outer,0,9,10,11,CCW,268.96575,303.148,-0.05,0,32.3529411765,32.3529411765
1,city_uav,gazebo_world_enu,building_211,1483,outer,0,10,0,11,CCW,268.966,301.9645,-0.05,0,32.3529411765,32.3529411765
1,city_uav,gazebo_world_enu,building_212,1486,outer,0,0,1,10,CCW,-100.65025,-44.2375,-0.05,0,41.3235294118,41.3235294118
1,city_uav,gazebo_world_enu,building_212,1486,outer,0,1,2,10,CCW,-100.05475,-61.99,-0.05,0,41.3235294118,41.3235294118
1,city_uav,gazebo_world_enu,building_212,1486,outer,0,2,3,10,CCW,-85.19775,-61.39725,-0.05,0,41.3235294118,41.3235294118
1,city_uav,gazebo_world_enu,building_212,1486,outer,0,3,4,10,CCW,-85.197,-71.457,-0.05,0,41.3235294118,41.3235294118
1,city_uav,gazebo_world_enu,building_212,1486,outer,0,4,5,10,CCW,-100.05425,-71.458,-0.05,0,41.3235294118,41.3235294118
1,city_uav,gazebo_world_enu,building_212,1486,outer,0,5,6,10,CCW,-99.45875,-90.394,-0.05,0,41.3235294118,41.3235294118
1,city_uav,gazebo_world_enu,building_212,1486,outer,0,6,7,10,CCW,-59.64175,-89.208,-0.05,0,41.3235294118,41.3235294118
1,city_uav,gazebo_world_enu,building_212,1486,outer,0,7,8,10,CCW,-60.23875,-46.60175,-0.05,0,41.3235294118,41.3235294118
1,city_uav,gazebo_world_enu,building_212,1486,outer,0,8,9,10,CCW,-82.8215,-46.60325,-0.05,0,41.3235294118,41.3235294118
1,city_uav,gazebo_world_enu,building_212,1486,outer,0,9,0,10,CCW,-83.416,-43.6445,-0.05,0,41.3235294118,41.3235294118
1,city_uav,gazebo_world_enu,building_213,1487,outer,0,0,1,4,CCW,-397.79525,25.5725,-0.05,0,40.5882352941,40.5882352941
1,city_uav,gazebo_world_enu,building_213,1487,outer,0,1,2,4,CCW,-357.384,23.2075,-0.05,0,40.5882352941,40.5882352941
1,city_uav,gazebo_world_enu,building_213,1487,outer,0,2,3,4,CCW,-354.415,67.589,-0.05,0,40.5882352941,40.5882352941
1,city_uav,gazebo_world_enu,building_213,1487,outer,0,3,0,4,CCW,-394.82625,70.54575,-0.05,0,40.5882352941,40.5882352941
1,city_uav,gazebo_world_enu,building_213,1487,hole,0,0,1,4,CW,-371.64775,42.7345,-0.05,0,40.5882352941,40.5882352941
1,city_uav,gazebo_world_enu,building_213,1487,hole,0,1,2,4,CW,-371.054,51.019,-0.05,0,40.5882352941,40.5882352941
1,city_uav,gazebo_world_enu,building_213,1487,hole,0,2,3,4,CW,-361.5455,50.42775,-0.05,0,40.5882352941,40.5882352941
1,city_uav,gazebo_world_enu,building_213,1487,hole,0,3,0,4,CW,-362.13925,42.14325,-0.05,0,40.5882352941,40.5882352941
1,city_uav,gazebo_world_enu,building_214,1491,outer,0,0,1,11,CCW,236.8995,-3.974,-0.05,0,47.2058823529,47.2058823529
1,city_uav,gazebo_world_enu,building_214,1491,outer,0,1,2,11,CCW,238.6825,-3.974,-0.05,0,47.2058823529,47.2058823529
1,city_uav,gazebo_world_enu,building_214,1491,outer,0,2,3,11,CCW,238.684,-23.50175,-0.05,0,47.2058823529,47.2058823529
1,city_uav,gazebo_world_enu,building_214,1491,outer,0,3,4,11,CCW,283.25525,-23.498,-0.05,0,47.2058823529,47.2058823529
1,city_uav,gazebo_world_enu,building_214,1491,outer,0,4,5,11,CCW,284.443,-12.25475,-0.05,0,47.2058823529,47.2058823529
1,city_uav,gazebo_world_enu,building_214,1491,outer,0,5,6,11,CCW,283.2535,-1.0115,-0.05,0,47.2058823529,47.2058823529
1,city_uav,gazebo_world_enu,building_214,1491,outer,0,6,7,11,CCW,264.23625,-0.42125,-0.05,0,47.2058823529,47.2058823529
1,city_uav,gazebo_world_enu,building_214,1491,outer,0,7,8,11,CCW,264.236,2.5375,-0.05,0,47.2058823529,47.2058823529
1,city_uav,gazebo_world_enu,building_214,1491,outer,0,8,9,11,CCW,257.10475,2.53675,-0.05,0,47.2058823529,47.2058823529
1,city_uav,gazebo_world_enu,building_214,1491,outer,0,9,10,11,CCW,257.698,15.5555,-0.05,0,47.2058823529,47.2058823529
1,city_uav,gazebo_world_enu,building_214,1491,outer,0,10,0,11,CCW,237.49225,15.55375,-0.05,0,47.2058823529,47.2058823529
1,city_uav,gazebo_world_enu,building_215,1493,outer,0,0,1,12,CCW,-479.79675,-183.32,-0.05,0,49.2647058824,49.2647058824
1,city_uav,gazebo_world_enu,building_215,1493,outer,0,1,2,12,CCW,-479.20125,-209.357,-0.05,0,49.2647058824,49.2647058824
1,city_uav,gazebo_world_enu,building_215,1493,outer,0,2,3,12,CCW,-463.74975,-209.35625,-0.05,0,49.2647058824,49.2647058824
1,city_uav,gazebo_world_enu,building_215,1493,outer,0,3,4,12,CCW,-463.15525,-211.72325,-0.05,0,49.2647058824,49.2647058824
1,city_uav,gazebo_world_enu,building_215,1493,outer,0,4,5,12,CCW,-455.4295,-211.723,-0.05,0,49.2647058824,49.2647058824
1,city_uav,gazebo_world_enu,building_215,1493,outer,0,5,6,12,CCW,-455.42875,-227.1085,-0.05,0,49.2647058824,49.2647058824
1,city_uav,gazebo_world_enu,building_215,1493,outer,0,6,7,12,CCW,-432.846,-226.51575,-0.05,0,49.2647058824,49.2647058824
1,city_uav,gazebo_world_enu,building_215,1493,outer,0,7,8,12,CCW,-433.44125,-204.62075,-0.05,0,49.2647058824,49.2647058824
1,city_uav,gazebo_world_enu,building_215,1493,outer,0,8,9,12,CCW,-435.224,-204.621,-0.05,0,49.2647058824,49.2647058824
1,city_uav,gazebo_world_enu,building_215,1493,outer,0,9,10,12,CCW,-435.81925,-183.90975,-0.05,0,49.2647058824,49.2647058824
1,city_uav,gazebo_world_enu,building_215,1493,outer,0,10,11,12,CCW,-455.43075,-183.9105,-0.05,0,49.2647058824,49.2647058824
1,city_uav,gazebo_world_enu,building_215,1493,outer,0,11,0,12,CCW,-455.43075,-183.31875,-0.05,0,49.2647058824,49.2647058824
1,city_uav,gazebo_world_enu,building_216,1494,outer,0,0,1,12,CCW,547.13725,-237.689,-0.05,0,32.6470588235,32.6470588235
1,city_uav,gazebo_world_enu,building_216,1494,outer,0,1,2,12,CCW,547.139,-256.625,-0.05,0,32.6470588235,32.6470588235
1,city_uav,gazebo_world_enu,building_216,1494,outer,0,2,3,12,CCW,560.21325,-256.62375,-0.05,0,32.6470588235,32.6470588235
1,city_uav,gazebo_world_enu,building_216,1494,outer,0,3,4,12,CCW,560.81025,-284.436,-0.05,0,32.6470588235,32.6470588235
1,city_uav,gazebo_world_enu,building_216,1494,outer,0,4,5,12,CCW,585.7705,-283.842,-0.05,0,32.6470588235,32.6470588235
1,city_uav,gazebo_world_enu,building_216,1494,outer,0,5,6,12,CCW,585.7685,-263.72225,-0.05,0,32.6470588235,32.6470588235
1,city_uav,gazebo_world_enu,building_216,1494,outer,0,6,7,12,CCW,591.71125,-263.13,-0.05,0,32.6470588235,32.6470588235
1,city_uav,gazebo_world_enu,building_216,1494,outer,0,7,8,12,CCW,591.115,-241.827,-0.05,0,32.6470588235,32.6470588235
1,city_uav,gazebo_world_enu,building_216,1494,outer,0,8,9,12,CCW,585.172,-241.8275,-0.05,0,32.6470588235,32.6470588235
1,city_uav,gazebo_world_enu,building_216,1494,outer,0,9,10,12,CCW,585.17175,-238.86875,-0.05,0,32.6470588235,32.6470588235
1,city_uav,gazebo_world_enu,building_216,1494,outer,0,10,11,12,CCW,569.126,-238.8705,-0.05,0,32.6470588235,32.6470588235
1,city_uav,gazebo_world_enu,building_216,1494,outer,0,11,0,12,CCW,569.12575,-237.687,-0.05,0,32.6470588235,32.6470588235
1,city_uav,gazebo_world_enu,building_217,1496,outer,0,0,1,12,CCW,-590.341,-14.6755,-0.05,0,47.5,47.5
1,city_uav,gazebo_world_enu,building_217,1496,outer,0,1,2,12,CCW,-588.5565,-53.13925,-0.05,0,47.5,47.5
1,city_uav,gazebo_world_enu,building_217,1496,outer,0,2,3,12,CCW,-579.64225,-53.13875,-0.05,0,47.5,47.5
1,city_uav,gazebo_world_enu,building_217,1496,outer,0,3,4,12,CCW,-579.04775,-58.4645,-0.05,0,47.5,47.5
1,city_uav,gazebo_world_enu,building_217,1496,outer,0,4,5,12,CCW,-549.928,-57.28,-0.05,0,47.5,47.5
1,city_uav,gazebo_world_enu,building_217,1496,outer,0,5,6,12,CCW,-550.523,-36.5685,-0.05,0,47.5,47.5
1,city_uav,gazebo_world_enu,building_217,1496,outer,0,6,7,12,CCW,-564.78575,-37.75275,-0.05,0,47.5,47.5
1,city_uav,gazebo_world_enu,building_217,1496,outer,0,7,8,12,CCW,-565.3805,-30.65175,-0.05,0,47.5,47.5
1,city_uav,gazebo_world_enu,building_217,1496,outer,0,8,9,12,CCW,-567.7575,-31.2435,-0.05,0,47.5,47.5
1,city_uav,gazebo_world_enu,building_217,1496,outer,0,9,10,12,CCW,-568.35225,-21.18375,-0.05,0,47.5,47.5
1,city_uav,gazebo_world_enu,building_217,1496,outer,0,10,11,12,CCW,-568.9465,-21.18375,-0.05,0,47.5,47.5
1,city_uav,gazebo_world_enu,building_217,1496,outer,0,11,0,12,CCW,-569.541,-13.491,-0.05,0,47.5,47.5
1,city_uav,gazebo_world_enu,building_218,1503,outer,0,0,1,12,CCW,293.93,245.75,-0.05,0,23.6764705882,23.6764705882
1,city_uav,gazebo_world_enu,building_218,1503,outer,0,1,2,12,CCW,303.4395,232.1405,-0.05,0,23.6764705882,23.6764705882
1,city_uav,gazebo_world_enu,building_218,1503,outer,0,2,3,12,CCW,337.9055,255.8135,-0.05,0,23.6764705882,23.6764705882
1,city_uav,gazebo_world_enu,building_218,1503,outer,0,3,4,12,CCW,336.1225,258.772,-0.05,0,23.6764705882,23.6764705882
1,city_uav,gazebo_world_enu,building_218,1503,outer,0,4,5,12,CCW,343.847,270.60775,-0.05,0,23.6764705882,23.6764705882
1,city_uav,gazebo_world_enu,building_218,1503,outer,0,5,6,12,CCW,334.932,283.03375,-0.05,0,23.6764705882,23.6764705882
1,city_uav,gazebo_world_enu,building_218,1503,outer,0,6,7,12,CCW,336.1205,283.62575,-0.05,0,23.6764705882,23.6764705882
1,city_uav,gazebo_world_enu,building_218,1503,outer,0,7,8,12,CCW,324.82775,300.19375,-0.05,0,23.6764705882,23.6764705882
1,city_uav,gazebo_world_enu,building_218,1503,outer,0,8,9,12,CCW,295.116,278.88825,-0.05,0,23.6764705882,23.6764705882
1,city_uav,gazebo_world_enu,building_218,1503,outer,0,9,10,12,CCW,305.814,264.09525,-0.05,0,23.6764705882,23.6764705882
1,city_uav,gazebo_world_enu,building_218,1503,outer,0,10,11,12,CCW,302.84275,261.728,-0.05,0,23.6764705882,23.6764705882
1,city_uav,gazebo_world_enu,building_218,1503,outer,0,11,0,12,CCW,307.59775,254.6275,-0.05,0,23.6764705882,23.6764705882
1,city_uav,gazebo_world_enu,building_219,1507,outer,0,0,1,12,CCW,337.33775,-56.04,-0.05,0,28.2352941176,28.2352941176
1,city_uav,gazebo_world_enu,building_219,1507,outer,0,1,2,12,CCW,337.3395,-77.93475,-0.05,0,28.2352941176,28.2352941176
1,city_uav,gazebo_world_enu,building_219,1507,outer,0,2,3,12,CCW,339.71675,-77.9345,-0.05,0,28.2352941176,28.2352941176
1,city_uav,gazebo_world_enu,building_219,1507,outer,0,3,4,12,CCW,339.71875,-102.78825,-0.05,0,28.2352941176,28.2352941176
1,city_uav,gazebo_world_enu,building_219,1507,outer,0,4,5,12,CCW,358.14175,-102.19475,-0.05,0,28.2352941176,28.2352941176
1,city_uav,gazebo_world_enu,building_219,1507,outer,0,5,6,12,CCW,358.1405,-87.99275,-0.05,0,28.2352941176,28.2352941176
1,city_uav,gazebo_world_enu,building_219,1507,outer,0,6,7,12,CCW,363.489,-87.99225,-0.05,0,28.2352941176,28.2352941176
1,city_uav,gazebo_world_enu,building_219,1507,outer,0,7,8,12,CCW,363.48875,-85.62525,-0.05,0,28.2352941176,28.2352941176
1,city_uav,gazebo_world_enu,building_219,1507,outer,0,8,9,12,CCW,382.506,-85.62375,-0.05,0,28.2352941176,28.2352941176
1,city_uav,gazebo_world_enu,building_219,1507,outer,0,9,10,12,CCW,382.504,-63.137,-0.05,0,28.2352941176,28.2352941176
1,city_uav,gazebo_world_enu,building_219,1507,outer,0,10,11,12,CCW,351.007,-63.13975,-0.05,0,28.2352941176,28.2352941176
1,city_uav,gazebo_world_enu,building_219,1507,outer,0,11,0,12,CCW,351.00625,-56.03875,-0.05,0,28.2352941176,28.2352941176
1,city_uav,gazebo_world_enu,building_220,1508,outer,0,0,1,12,CCW,-421.57625,222.62475,-0.05,0,40.1470588235,40.1470588235
1,city_uav,gazebo_world_enu,building_220,1508,outer,0,1,2,12,CCW,-405.53075,222.03375,-0.05,0,40.1470588235,40.1470588235
1,city_uav,gazebo_world_enu,building_220,1508,outer,0,2,3,12,CCW,-405.53075,221.442,-0.05,0,40.1470588235,40.1470588235
1,city_uav,gazebo_world_enu,building_220,1508,outer,0,3,4,12,CCW,-403.74775,221.442,-0.05,0,40.1470588235,40.1470588235
1,city_uav,gazebo_world_enu,building_220,1508,outer,0,4,5,12,CCW,-403.74775,219.075,-0.05,0,40.1470588235,40.1470588235
1,city_uav,gazebo_world_enu,building_220,1508,outer,0,5,6,12,CCW,-398.39925,219.07525,-0.05,0,40.1470588235,40.1470588235
1,city_uav,gazebo_world_enu,building_220,1508,outer,0,6,7,12,CCW,-398.99275,202.50625,-0.05,0,40.1470588235,40.1470588235
1,city_uav,gazebo_world_enu,building_220,1508,outer,0,7,8,12,CCW,-380.57,201.9155,-0.05,0,40.1470588235,40.1470588235
1,city_uav,gazebo_world_enu,building_220,1508,outer,0,8,9,12,CCW,-379.38325,233.27825,-0.05,0,40.1470588235,40.1470588235
1,city_uav,gazebo_world_enu,building_220,1508,outer,0,9,10,12,CCW,-383.543,233.86975,-0.05,0,40.1470588235,40.1470588235
1,city_uav,gazebo_world_enu,building_220,1508,outer,0,10,11,12,CCW,-383.5435,242.74625,-0.05,0,40.1470588235,40.1470588235
1,city_uav,gazebo_world_enu,building_220,1508,outer,0,11,0,12,CCW,-420.38875,244.5195,-0.05,0,40.1470588235,40.1470588235
1,city_uav,gazebo_world_enu,building_221,1513,outer,0,0,1,12,CCW,459.703,575.37025,-0.05,0,35.8823529412,35.8823529412
1,city_uav,gazebo_world_enu,building_221,1513,outer,0,1,2,12,CCW,459.707,529.8055,-0.05,0,35.8823529412,35.8823529412
1,city_uav,gazebo_world_enu,building_221,1513,outer,0,2,3,12,CCW,481.10075,529.80725,-0.05,0,35.8823529412,35.8823529412
1,city_uav,gazebo_world_enu,building_221,1513,outer,0,3,4,12,CCW,481.10025,534.5415,-0.05,0,35.8823529412,35.8823529412
1,city_uav,gazebo_world_enu,building_221,1513,outer,0,4,5,12,CCW,483.47725,534.5415,-0.05,0,35.8823529412,35.8823529412
1,city_uav,gazebo_world_enu,building_221,1513,outer,0,5,6,12,CCW,483.476,549.3355,-0.05,0,35.8823529412,35.8823529412
1,city_uav,gazebo_world_enu,building_221,1513,outer,0,6,7,12,CCW,481.099,549.33525,-0.05,0,35.8823529412,35.8823529412
1,city_uav,gazebo_world_enu,building_221,1513,outer,0,7,8,12,CCW,481.0985,555.25275,-0.05,0,35.8823529412,35.8823529412
1,city_uav,gazebo_world_enu,building_221,1513,outer,0,8,9,12,CCW,482.88125,555.25275,-0.05,0,35.8823529412,35.8823529412
1,city_uav,gazebo_world_enu,building_221,1513,outer,0,9,10,12,CCW,482.87975,570.04675,-0.05,0,35.8823529412,35.8823529412
1,city_uav,gazebo_world_enu,building_221,1513,outer,0,10,11,12,CCW,481.69125,570.0465,-0.05,0,35.8823529412,35.8823529412
1,city_uav,gazebo_world_enu,building_221,1513,outer,0,11,0,12,CCW,481.69075,575.964,-0.05,0,35.8823529412,35.8823529412
1,city_uav,gazebo_world_enu,building_223,1518,outer,0,0,1,12,CCW,-449.52175,532.10975,-0.05,0,21.0294117647,21.0294117647
1,city_uav,gazebo_world_enu,building_223,1518,outer,0,1,2,12,CCW,-442.98475,529.743,-0.05,0,21.0294117647,21.0294117647
1,city_uav,gazebo_world_enu,building_223,1518,outer,0,2,3,12,CCW,-441.79625,533.29375,-0.05,0,21.0294117647,21.0294117647
1,city_uav,gazebo_world_enu,building_223,1518,outer,0,3,4,12,CCW,-414.4595,522.05175,-0.05,0,21.0294117647,21.0294117647
1,city_uav,gazebo_world_enu,building_223,1518,outer,0,4,5,12,CCW,-410.89425,529.7445,-0.05,0,21.0294117647,21.0294117647
1,city_uav,gazebo_world_enu,building_223,1518,outer,0,5,6,12,CCW,-406.73425,527.9695,-0.05,0,21.0294117647,21.0294117647
1,city_uav,gazebo_world_enu,building_223,1518,outer,0,6,7,12,CCW,-395.4445,555.19075,-0.05,0,21.0294117647,21.0294117647
1,city_uav,gazebo_world_enu,building_223,1518,outer,0,7,8,12,CCW,-410.89575,561.69925,-0.05,0,21.0294117647,21.0294117647
1,city_uav,gazebo_world_enu,building_223,1518,outer,0,8,9,12,CCW,-416.83775,546.90525,-0.05,0,21.0294117647,21.0294117647
1,city_uav,gazebo_world_enu,building_223,1518,outer,0,9,10,12,CCW,-423.37475,549.27175,-0.05,0,21.0294117647,21.0294117647
1,city_uav,gazebo_world_enu,building_223,1518,outer,0,10,11,12,CCW,-423.969,547.4965,-0.05,0,21.0294117647,21.0294117647
1,city_uav,gazebo_world_enu,building_223,1518,outer,0,11,0,12,CCW,-441.203,554.005,-0.05,0,21.0294117647,21.0294117647
1,city_uav,gazebo_world_enu,building_224,1519,outer,0,0,1,12,CCW,425.23575,574.18375,-0.05,0,25,25
1,city_uav,gazebo_world_enu,building_224,1519,outer,0,1,2,12,CCW,426.42825,529.21075,-0.05,0,25,25
1,city_uav,gazebo_world_enu,building_224,1519,outer,0,2,3,12,CCW,444.25625,529.804,-0.05,0,25,25
1,city_uav,gazebo_world_enu,building_224,1519,outer,0,3,4,12,CCW,444.2555,536.905,-0.05,0,25,25
1,city_uav,gazebo_world_enu,building_224,1519,outer,0,4,5,12,CCW,445.444,536.90525,-0.05,0,25,25
1,city_uav,gazebo_world_enu,building_224,1519,outer,0,5,6,12,CCW,444.84875,548.74025,-0.05,0,25,25
1,city_uav,gazebo_world_enu,building_224,1519,outer,0,6,7,12,CCW,444.25425,549.9235,-0.05,0,25,25
1,city_uav,gazebo_world_enu,building_224,1519,outer,0,7,8,12,CCW,443.65975,554.6575,-0.05,0,25,25
1,city_uav,gazebo_world_enu,building_224,1519,outer,0,8,9,12,CCW,445.4425,554.65775,-0.05,0,25,25
1,city_uav,gazebo_world_enu,building_224,1519,outer,0,9,10,12,CCW,444.847,568.268,-0.05,0,25,25
1,city_uav,gazebo_world_enu,building_224,1519,outer,0,10,11,12,CCW,443.65825,570.043,-0.05,0,25,25
1,city_uav,gazebo_world_enu,building_224,1519,outer,0,11,0,12,CCW,443.658,574.1855,-0.05,0,25,25
1,city_uav,gazebo_world_enu,building_226,1525,outer,0,0,1,12,CCW,-27.5565,4.291,-0.05,0,49.1176470588,49.1176470588
1,city_uav,gazebo_world_enu,building_226,1525,outer,0,1,2,12,CCW,0.37475,3.70125,-0.05,0,49.1176470588,49.1176470588
1,city_uav,gazebo_world_enu,building_226,1525,outer,0,2,3,12,CCW,0.96775,22.0455,-0.05,0,49.1176470588,49.1176470588
1,city_uav,gazebo_world_enu,building_226,1525,outer,0,3,4,12,CCW,3.93925,22.04575,-0.05,0,49.1176470588,49.1176470588
1,city_uav,gazebo_world_enu,building_226,1525,outer,0,4,5,12,CCW,3.93875,27.3715,-0.05,0,49.1176470588,49.1176470588
1,city_uav,gazebo_world_enu,building_226,1525,outer,0,5,6,12,CCW,18.2015,26.78075,-0.05,0,49.1176470588,49.1176470588
1,city_uav,gazebo_world_enu,building_226,1525,outer,0,6,7,12,CCW,18.79475,44.53325,-0.05,0,49.1176470588,49.1176470588
1,city_uav,gazebo_world_enu,building_226,1525,outer,0,7,8,12,CCW,-9.731,45.123,-0.05,0,49.1176470588,49.1176470588
1,city_uav,gazebo_world_enu,building_226,1525,outer,0,8,9,12,CCW,-9.73075,41.5725,-0.05,0,49.1176470588,49.1176470588
1,city_uav,gazebo_world_enu,building_226,1525,outer,0,9,10,12,CCW,-20.42775,41.57175,-0.05,0,49.1176470588,49.1176470588
1,city_uav,gazebo_world_enu,building_226,1525,outer,0,10,11,12,CCW,-21.02075,23.2275,-0.05,0,49.1176470588,49.1176470588
1,city_uav,gazebo_world_enu,building_226,1525,outer,0,11,0,12,CCW,-26.9635,23.227,-0.05,0,49.1176470588,49.1176470588
1,city_uav,gazebo_world_enu,building_227,1530,outer,0,0,1,12,CCW,431.79225,353.46075,-0.05,0,30.7352941176,30.7352941176
1,city_uav,gazebo_world_enu,building_227,1530,outer,0,1,2,12,CCW,440.11225,352.278,-0.05,0,30.7352941176,30.7352941176
1,city_uav,gazebo_world_enu,building_227,1530,outer,0,2,3,12,CCW,440.1125,350.50275,-0.05,0,30.7352941176,30.7352941176
1,city_uav,gazebo_world_enu,building_227,1530,outer,0,3,4,12,CCW,452.59225,348.7285,-0.05,0,30.7352941176,30.7352941176
1,city_uav,gazebo_world_enu,building_227,1530,outer,0,4,5,12,CCW,453.18625,351.09575,-0.05,0,30.7352941176,30.7352941176
1,city_uav,gazebo_world_enu,building_227,1530,outer,0,5,6,12,CCW,454.96925,350.504,-0.05,0,30.7352941176,30.7352941176
1,city_uav,gazebo_world_enu,building_227,1530,outer,0,6,7,12,CCW,459.72,387.785,-0.05,0,30.7352941176,30.7352941176
1,city_uav,gazebo_world_enu,building_227,1530,outer,0,7,8,12,CCW,448.42875,389.559,-0.05,0,30.7352941176,30.7352941176
1,city_uav,gazebo_world_enu,building_227,1530,outer,0,8,9,12,CCW,448.42875,387.78375,-0.05,0,30.7352941176,30.7352941176
1,city_uav,gazebo_world_enu,building_227,1530,outer,0,9,10,12,CCW,437.1375,389.558,-0.05,0,30.7352941176,30.7352941176
1,city_uav,gazebo_world_enu,building_227,1530,outer,0,10,11,12,CCW,434.7625,365.88775,-0.05,0,30.7352941176,30.7352941176
1,city_uav,gazebo_world_enu,building_227,1530,outer,0,11,0,12,CCW,432.97975,365.88775,-0.05,0,30.7352941176,30.7352941176
1,city_uav,gazebo_world_enu,building_228,1531,outer,0,0,1,12,CCW,545.92575,3.74575,-0.05,0,47.6470588235,47.6470588235
1,city_uav,gazebo_world_enu,building_228,1531,outer,0,1,2,12,CCW,545.92775,-16.9655,-0.05,0,47.6470588235,47.6470588235
1,city_uav,gazebo_world_enu,building_228,1531,outer,0,2,3,12,CCW,563.75625,-16.964,-0.05,0,47.6470588235,47.6470588235
1,city_uav,gazebo_world_enu,building_228,1531,outer,0,3,4,12,CCW,563.75575,-13.4135,-0.05,0,47.6470588235,47.6470588235
1,city_uav,gazebo_world_enu,building_228,1531,outer,0,4,5,12,CCW,593.47,-13.4105,-0.05,0,47.6470588235,47.6470588235
1,city_uav,gazebo_world_enu,building_228,1531,outer,0,5,6,12,CCW,593.46825,4.342,-0.05,0,47.6470588235,47.6470588235
1,city_uav,gazebo_world_enu,building_228,1531,outer,0,6,7,12,CCW,583.95975,4.341,-0.05,0,47.6470588235,47.6470588235
1,city_uav,gazebo_world_enu,building_228,1531,outer,0,7,8,12,CCW,583.95725,29.7865,-0.05,0,47.6470588235,47.6470588235
1,city_uav,gazebo_world_enu,building_228,1531,outer,0,8,9,12,CCW,561.3745,29.78425,-0.05,0,47.6470588235,47.6470588235
1,city_uav,gazebo_world_enu,building_228,1531,outer,0,9,10,12,CCW,561.3765,9.66475,-0.05,0,47.6470588235,47.6470588235
1,city_uav,gazebo_world_enu,building_228,1531,outer,0,10,11,12,CCW,558.99925,9.6645,-0.05,0,47.6470588235,47.6470588235
1,city_uav,gazebo_world_enu,building_228,1531,outer,0,11,0,12,CCW,559,3.747,-0.05,0,47.6470588235,47.6470588235
1,city_uav,gazebo_world_enu,building_229,1533,outer,0,0,1,12,CCW,-479.80125,-80.355,-0.05,0,20.1470588235,20.1470588235
1,city_uav,gazebo_world_enu,building_229,1533,outer,0,1,2,12,CCW,-479.8005,-98.10775,-0.05,0,20.1470588235,20.1470588235
1,city_uav,gazebo_world_enu,building_229,1533,outer,0,2,3,12,CCW,-464.9435,-98.107,-0.05,0,20.1470588235,20.1470588235
1,city_uav,gazebo_world_enu,building_229,1533,outer,0,3,4,12,CCW,-464.943,-106.98325,-0.05,0,20.1470588235,20.1470588235
1,city_uav,gazebo_world_enu,building_229,1533,outer,0,4,5,12,CCW,-476.82875,-106.98375,-0.05,0,20.1470588235,20.1470588235
1,city_uav,gazebo_world_enu,building_229,1533,outer,0,5,6,12,CCW,-476.23375,-123.55275,-0.05,0,20.1470588235,20.1470588235
1,city_uav,gazebo_world_enu,building_229,1533,outer,0,6,7,12,CCW,-439.98225,-122.9595,-0.05,0,20.1470588235,20.1470588235
1,city_uav,gazebo_world_enu,building_229,1533,outer,0,7,8,12,CCW,-440.578,-93.9635,-0.05,0,20.1470588235,20.1470588235
1,city_uav,gazebo_world_enu,building_229,1533,outer,0,8,9,12,CCW,-432.85225,-93.96325,-0.05,0,20.1470588235,20.1470588235
1,city_uav,gazebo_world_enu,building_229,1533,outer,0,9,10,12,CCW,-433.447,-81.5365,-0.05,0,20.1470588235,20.1470588235
1,city_uav,gazebo_world_enu,building_229,1533,outer,0,10,11,12,CCW,-439.98425,-81.53675,-0.05,0,20.1470588235,20.1470588235
1,city_uav,gazebo_world_enu,building_229,1533,outer,0,11,0,12,CCW,-439.98425,-79.7615,-0.05,0,20.1470588235,20.1470588235
1,city_uav,gazebo_world_enu,building_233,1537,outer,0,0,1,12,CCW,434.836,-456.6475,-0.05,0,39.5588235294,39.5588235294
1,city_uav,gazebo_world_enu,building_233,1537,outer,0,1,2,12,CCW,435.432,-475.5835,-0.05,0,39.5588235294,39.5588235294
1,city_uav,gazebo_world_enu,building_233,1537,outer,0,2,3,12,CCW,454.4495,-474.99,-0.05,0,39.5588235294,39.5588235294
1,city_uav,gazebo_world_enu,building_233,1537,outer,0,3,4,12,CCW,453.854,-460.788,-0.05,0,39.5588235294,39.5588235294
1,city_uav,gazebo_world_enu,building_233,1537,outer,0,4,5,12,CCW,459.797,-460.7875,-0.05,0,39.5588235294,39.5588235294
1,city_uav,gazebo_world_enu,building_233,1537,outer,0,5,6,12,CCW,459.79675,-459.01225,-0.05,0,39.5588235294,39.5588235294
1,city_uav,gazebo_world_enu,building_233,1537,outer,0,6,7,12,CCW,470.494,-458.4195,-0.05,0,39.5588235294,39.5588235294
1,city_uav,gazebo_world_enu,building_233,1537,outer,0,7,8,12,CCW,470.49425,-460.19475,-0.05,0,39.5588235294,39.5588235294
1,city_uav,gazebo_world_enu,building_233,1537,outer,0,8,9,12,CCW,480.59725,-460.194,-0.05,0,39.5588235294,39.5588235294
1,city_uav,gazebo_world_enu,building_233,1537,outer,0,9,10,12,CCW,480.0005,-435.3405,-0.05,0,39.5588235294,39.5588235294
1,city_uav,gazebo_world_enu,building_233,1537,outer,0,10,11,12,CCW,435.4285,-435.93625,-0.05,0,39.5588235294,39.5588235294
1,city_uav,gazebo_world_enu,building_233,1537,outer,0,11,0,12,CCW,436.02475,-456.6475,-0.05,0,39.5588235294,39.5588235294
1,city_uav,gazebo_world_enu,building_234,1538,outer,0,0,1,12,CCW,-20.41525,-141.2795,-0.05,0,47.9411764706,47.9411764706
1,city_uav,gazebo_world_enu,building_234,1538,outer,0,1,2,12,CCW,18.8075,-141.8685,-0.05,0,47.9411764706,47.9411764706
1,city_uav,gazebo_world_enu,building_234,1538,outer,0,2,3,12,CCW,18.80625,-122.34075,-0.05,0,47.9411764706,47.9411764706
1,city_uav,gazebo_world_enu,building_234,1538,outer,0,3,4,12,CCW,5.13775,-122.34175,-0.05,0,47.9411764706,47.9411764706
1,city_uav,gazebo_world_enu,building_234,1538,outer,0,4,5,12,CCW,5.1375,-119.97475,-0.05,0,47.9411764706,47.9411764706
1,city_uav,gazebo_world_enu,building_234,1538,outer,0,5,6,12,CCW,6.326,-119.9745,-0.05,0,47.9411764706,47.9411764706
1,city_uav,gazebo_world_enu,building_234,1538,outer,0,6,7,12,CCW,6.3255,-112.28175,-0.05,0,47.9411764706,47.9411764706
1,city_uav,gazebo_world_enu,building_234,1538,outer,0,7,8,12,CCW,18.8055,-112.281,-0.05,0,47.9411764706,47.9411764706
1,city_uav,gazebo_world_enu,building_234,1538,outer,0,8,9,12,CCW,18.8045,-97.48725,-0.05,0,47.9411764706,47.9411764706
1,city_uav,gazebo_world_enu,building_234,1538,outer,0,9,10,12,CCW,0.976,-97.4885,-0.05,0,47.9411764706,47.9411764706
1,city_uav,gazebo_world_enu,building_234,1538,outer,0,10,11,12,CCW,0.976,-98.672,-0.05,0,47.9411764706,47.9411764706
1,city_uav,gazebo_world_enu,building_234,1538,outer,0,11,0,12,CCW,-19.824,-98.0815,-0.05,0,47.9411764706,47.9411764706
1,city_uav,gazebo_world_enu,building_235,1539,outer,0,0,1,12,CCW,-590.32325,-449.613,-0.05,0,45.4411764706,45.4411764706
1,city_uav,gazebo_world_enu,building_235,1539,outer,0,1,2,12,CCW,-589.72775,-480.38425,-0.05,0,45.4411764706,45.4411764706
1,city_uav,gazebo_world_enu,building_235,1539,outer,0,2,3,12,CCW,-571.30475,-480.3835,-0.05,0,45.4411764706,45.4411764706
1,city_uav,gazebo_world_enu,building_235,1539,outer,0,3,4,12,CCW,-571.30525,-463.2225,-0.05,0,45.4411764706,45.4411764706
1,city_uav,gazebo_world_enu,building_235,1539,outer,0,4,5,12,CCW,-568.33375,-463.2225,-0.05,0,45.4411764706,45.4411764706
1,city_uav,gazebo_world_enu,building_235,1539,outer,0,5,6,12,CCW,-567.7395,-465.5895,-0.05,0,45.4411764706,45.4411764706
1,city_uav,gazebo_world_enu,building_235,1539,outer,0,6,7,12,CCW,-560.608,-465.58925,-0.05,0,45.4411764706,45.4411764706
1,city_uav,gazebo_world_enu,building_235,1539,outer,0,7,8,12,CCW,-560.608,-463.22225,-0.05,0,45.4411764706,45.4411764706
1,city_uav,gazebo_world_enu,building_235,1539,outer,0,8,9,12,CCW,-545.15625,-462.62975,-0.05,0,45.4411764706,45.4411764706
1,city_uav,gazebo_world_enu,building_235,1539,outer,0,9,10,12,CCW,-545.75175,-437.1845,-0.05,0,45.4411764706,45.4411764706
1,city_uav,gazebo_world_enu,building_235,1539,outer,0,10,11,12,CCW,-584.97525,-437.77775,-0.05,0,45.4411764706,45.4411764706
1,city_uav,gazebo_world_enu,building_235,1539,outer,0,11,0,12,CCW,-584.97475,-449.613,-0.05,0,45.4411764706,45.4411764706
1,city_uav,gazebo_world_enu,building_236,1540,outer,0,0,1,12,CCW,287.449,-434.7655,-0.05,0,29.1176470588,29.1176470588
1,city_uav,gazebo_world_enu,building_236,1540,outer,0,1,2,12,CCW,287.451,-457.252,-0.05,0,29.1176470588,29.1176470588
1,city_uav,gazebo_world_enu,building_236,1540,outer,0,2,3,12,CCW,307.06275,-457.25025,-0.05,0,29.1176470588,29.1176470588
1,city_uav,gazebo_world_enu,building_236,1540,outer,0,3,4,12,CCW,307.063,-459.61725,-0.05,0,29.1176470588,29.1176470588
1,city_uav,gazebo_world_enu,building_236,1540,outer,0,4,5,12,CCW,314.1945,-459.61675,-0.05,0,29.1176470588,29.1176470588
1,city_uav,gazebo_world_enu,building_236,1540,outer,0,5,6,12,CCW,314.19575,-475.594,-0.05,0,29.1176470588,29.1176470588
1,city_uav,gazebo_world_enu,building_236,1540,outer,0,6,7,12,CCW,332.619,-475.5925,-0.05,0,29.1176470588,29.1176470588
1,city_uav,gazebo_world_enu,building_236,1540,outer,0,7,8,12,CCW,332.6155,-434.7615,-0.05,0,29.1176470588,29.1176470588
1,city_uav,gazebo_world_enu,building_236,1540,outer,0,8,9,12,CCW,328.4555,-434.762,-0.05,0,29.1176470588,29.1176470588
1,city_uav,gazebo_world_enu,building_236,1540,outer,0,9,10,12,CCW,328.45475,-427.661,-0.05,0,29.1176470588,29.1176470588
1,city_uav,gazebo_world_enu,building_236,1540,outer,0,10,11,12,CCW,316.569,-427.662,-0.05,0,29.1176470588,29.1176470588
1,city_uav,gazebo_world_enu,building_236,1540,outer,0,11,0,12,CCW,316.5695,-434.763,-0.05,0,29.1176470588,29.1176470588
1,city_uav,gazebo_world_enu,building_238,1543,outer,0,0,1,12,CCW,-469.713,233.86575,-0.05,0,35.7352941176,35.7352941176
1,city_uav,gazebo_world_enu,building_238,1543,outer,0,1,2,12,CCW,-469.11775,209.604,-0.05,0,35.7352941176,35.7352941176
1,city_uav,gazebo_world_enu,building_238,1543,outer,0,2,3,12,CCW,-451.28925,209.60475,-0.05,0,35.7352941176,35.7352941176
1,city_uav,gazebo_world_enu,building_238,1543,outer,0,3,4,12,CCW,-451.28975,219.6645,-0.05,0,35.7352941176,35.7352941176
1,city_uav,gazebo_world_enu,building_238,1543,outer,0,4,5,12,CCW,-445.347,219.66475,-0.05,0,35.7352941176,35.7352941176
1,city_uav,gazebo_world_enu,building_238,1543,outer,0,5,6,12,CCW,-445.34625,204.27925,-0.05,0,35.7352941176,35.7352941176
1,city_uav,gazebo_world_enu,building_238,1543,outer,0,6,7,12,CCW,-426.3295,204.872,-0.05,0,35.7352941176,35.7352941176
1,city_uav,gazebo_world_enu,building_238,1543,outer,0,7,8,12,CCW,-427.52025,249.845,-0.05,0,35.7352941176,35.7352941176
1,city_uav,gazebo_world_enu,building_238,1543,outer,0,8,9,12,CCW,-452.47975,249.252,-0.05,0,35.7352941176,35.7352941176
1,city_uav,gazebo_world_enu,building_238,1543,outer,0,9,10,12,CCW,-452.4795,244.518,-0.05,0,35.7352941176,35.7352941176
1,city_uav,gazebo_world_enu,building_238,1543,outer,0,10,11,12,CCW,-465.5535,243.92575,-0.05,0,35.7352941176,35.7352941176
1,city_uav,gazebo_world_enu,building_238,1543,outer,0,11,0,12,CCW,-464.95875,233.866,-0.05,0,35.7352941176,35.7352941176
1,city_uav,gazebo_world_enu,building_240,1547,outer,0,0,1,12,CCW,339.1365,-244.80875,-0.05,0,30.8823529412,30.8823529412
1,city_uav,gazebo_world_enu,building_240,1547,outer,0,1,2,12,CCW,339.73425,-285.04775,-0.05,0,30.8823529412,30.8823529412
1,city_uav,gazebo_world_enu,building_240,1547,outer,0,2,3,12,CCW,356.96875,-285.04625,-0.05,0,30.8823529412,30.8823529412
1,city_uav,gazebo_world_enu,building_240,1547,outer,0,3,4,12,CCW,356.9675,-270.2525,-0.05,0,30.8823529412,30.8823529412
1,city_uav,gazebo_world_enu,building_240,1547,outer,0,4,5,12,CCW,363.50475,-270.252,-0.05,0,30.8823529412,30.8823529412
1,city_uav,gazebo_world_enu,building_240,1547,outer,0,5,6,12,CCW,364.10025,-285.04575,-0.05,0,30.8823529412,30.8823529412
1,city_uav,gazebo_world_enu,building_240,1547,outer,0,6,7,12,CCW,383.1175,-285.044,-0.05,0,30.8823529412,30.8823529412
1,city_uav,gazebo_world_enu,building_240,1547,outer,0,7,8,12,CCW,383.114,-244.805,-0.05,0,30.8823529412,30.8823529412
1,city_uav,gazebo_world_enu,building_240,1547,outer,0,8,9,12,CCW,359.3425,-244.807,-0.05,0,30.8823529412,30.8823529412
1,city_uav,gazebo_world_enu,building_240,1547,outer,0,9,10,12,CCW,358.7475,-237.706,-0.05,0,30.8823529412,30.8823529412
1,city_uav,gazebo_world_enu,building_240,1547,outer,0,10,11,12,CCW,342.70175,-237.70725,-0.05,0,30.8823529412,30.8823529412
1,city_uav,gazebo_world_enu,building_240,1547,outer,0,11,0,12,CCW,343.29675,-244.80825,-0.05,0,30.8823529412,30.8823529412
1,city_uav,gazebo_world_enu,building_241,1551,outer,0,0,1,12,CCW,-261.71425,193.63725,-0.05,0,39.8529411765,39.8529411765
1,city_uav,gazebo_world_enu,building_241,1551,outer,0,1,2,12,CCW,-222.4915,183.57975,-0.05,0,39.8529411765,39.8529411765
1,city_uav,gazebo_world_enu,building_241,1551,outer,0,2,3,12,CCW,-211.797,227.37,-0.05,0,39.8529411765,39.8529411765
1,city_uav,gazebo_world_enu,building_241,1551,outer,0,3,4,12,CCW,-221.9,229.73625,-0.05,0,39.8529411765,39.8529411765
1,city_uav,gazebo_world_enu,building_241,1551,outer,0,4,5,12,CCW,-221.30575,233.287,-0.05,0,39.8529411765,39.8529411765
1,city_uav,gazebo_world_enu,building_241,1551,outer,0,5,6,12,CCW,-251.02,240.978,-0.05,0,39.8529411765,39.8529411765
1,city_uav,gazebo_world_enu,building_241,1551,outer,0,6,7,12,CCW,-255.77325,223.817,-0.05,0,39.8529411765,39.8529411765
1,city_uav,gazebo_world_enu,building_241,1551,outer,0,7,8,12,CCW,-236.75625,219.084,-0.05,0,39.8529411765,39.8529411765
1,city_uav,gazebo_world_enu,building_241,1551,outer,0,8,9,12,CCW,-237.9445,214.35,-0.05,0,39.8529411765,39.8529411765
1,city_uav,gazebo_world_enu,building_241,1551,outer,0,9,10,12,CCW,-240.916,214.9415,-0.05,0,39.8529411765,39.8529411765
1,city_uav,gazebo_world_enu,building_241,1551,outer,0,10,11,12,CCW,-242.69825,206.65675,-0.05,0,39.8529411765,39.8529411765
1,city_uav,gazebo_world_enu,building_241,1551,outer,0,11,0,12,CCW,-257.55525,210.2065,-0.05,0,39.8529411765,39.8529411765
1,city_uav,gazebo_world_enu,building_242,1554,outer,0,0,1,12,CCW,-65.032,546.3335,-0.05,0,34.7058823529,34.7058823529
1,city_uav,gazebo_world_enu,building_242,1554,outer,0,1,2,12,CCW,-60.27775,545.15025,-0.05,0,34.7058823529,34.7058823529
1,city_uav,gazebo_world_enu,building_242,1554,outer,0,2,3,12,CCW,-63.8425,532.72325,-0.05,0,34.7058823529,34.7058823529
1,city_uav,gazebo_world_enu,building_242,1554,outer,0,3,4,12,CCW,-46.014,527.39875,-0.05,0,34.7058823529,34.7058823529
1,city_uav,gazebo_world_enu,building_242,1554,outer,0,4,5,12,CCW,-41.85525,541.601,-0.05,0,34.7058823529,34.7058823529
1,city_uav,gazebo_world_enu,building_242,1554,outer,0,5,6,12,CCW,-37.101,540.41775,-0.05,0,34.7058823529,34.7058823529
1,city_uav,gazebo_world_enu,building_242,1554,outer,0,6,7,12,CCW,-36.507,543.3765,-0.05,0,34.7058823529,34.7058823529
1,city_uav,gazebo_world_enu,building_242,1554,outer,0,7,8,12,CCW,-18.08425,538.052,-0.05,0,34.7058823529,34.7058823529
1,city_uav,gazebo_world_enu,building_242,1554,outer,0,8,9,12,CCW,-12.143,559.3555,-0.05,0,34.7058823529,34.7058823529
1,city_uav,gazebo_world_enu,building_242,1554,outer,0,9,10,12,CCW,-52.554,571.188,-0.05,0,34.7058823529,34.7058823529
1,city_uav,gazebo_world_enu,building_242,1554,outer,0,10,11,12,CCW,-56.11875,558.169,-0.05,0,34.7058823529,34.7058823529
1,city_uav,gazebo_world_enu,building_242,1554,outer,0,11,0,12,CCW,-60.87275,559.35225,-0.05,0,34.7058823529,34.7058823529
1,city_uav,gazebo_world_enu,building_243,1555,outer,0,0,1,12,CCW,-480.975,-408.7775,-0.05,0,23.8235294118,23.8235294118
1,city_uav,gazebo_world_enu,building_243,1555,outer,0,1,2,12,CCW,-480.974,-426.53,-0.05,0,23.8235294118,23.8235294118
1,city_uav,gazebo_world_enu,building_243,1555,outer,0,2,3,12,CCW,-438.77925,-427.11975,-0.05,0,23.8235294118,23.8235294118
1,city_uav,gazebo_world_enu,building_243,1555,outer,0,3,4,12,CCW,-438.18575,-411.73425,-0.05,0,23.8235294118,23.8235294118
1,city_uav,gazebo_world_enu,building_243,1555,outer,0,4,5,12,CCW,-431.6485,-411.734,-0.05,0,23.8235294118,23.8235294118
1,city_uav,gazebo_world_enu,building_243,1555,outer,0,5,6,12,CCW,-431.0555,-383.9215,-0.05,0,23.8235294118,23.8235294118
1,city_uav,gazebo_world_enu,building_243,1555,outer,0,6,7,12,CCW,-440.56425,-383.922,-0.05,0,23.8235294118,23.8235294118
1,city_uav,gazebo_world_enu,building_243,1555,outer,0,7,8,12,CCW,-440.56425,-382.14675,-0.05,0,23.8235294118,23.8235294118
1,city_uav,gazebo_world_enu,building_243,1555,outer,0,8,9,12,CCW,-478.599,-382.1485,-0.05,0,23.8235294118,23.8235294118
1,city_uav,gazebo_world_enu,building_243,1555,outer,0,9,10,12,CCW,-478.59825,-399.30925,-0.05,0,23.8235294118,23.8235294118
1,city_uav,gazebo_world_enu,building_243,1555,outer,0,10,11,12,CCW,-463.74075,-399.30875,-0.05,0,23.8235294118,23.8235294118
1,city_uav,gazebo_world_enu,building_243,1555,outer,0,11,0,12,CCW,-463.7405,-408.77675,-0.05,0,23.8235294118,23.8235294118
1,city_uav,gazebo_world_enu,building_244,1558,outer,0,0,1,13,CCW,-283.66975,-404.0335,-0.05,0,44.4117647059,44.4117647059
1,city_uav,gazebo_world_enu,building_244,1558,outer,0,1,2,13,CCW,-243.25775,-404.623,-0.05,0,44.4117647059,44.4117647059
1,city_uav,gazebo_world_enu,building_244,1558,outer,0,2,3,13,CCW,-243.258,-399.29725,-0.05,0,44.4117647059,44.4117647059
1,city_uav,gazebo_world_enu,building_244,1558,outer,0,3,4,13,CCW,-234.3435,-399.29675,-0.05,0,44.4117647059,44.4117647059
1,city_uav,gazebo_world_enu,building_244,1558,outer,0,4,5,13,CCW,-231.3725,-392.1955,-0.05,0,44.4117647059,44.4117647059
1,city_uav,gazebo_world_enu,building_244,1558,outer,0,5,6,13,CCW,-231.37325,-379.76875,-0.05,0,44.4117647059,44.4117647059
1,city_uav,gazebo_world_enu,building_244,1558,outer,0,6,7,13,CCW,-243.259,-379.7695,-0.05,0,44.4117647059,44.4117647059
1,city_uav,gazebo_world_enu,building_244,1558,outer,0,7,8,13,CCW,-242.666,-359.058,-0.05,0,44.4117647059,44.4117647059
1,city_uav,gazebo_world_enu,building_244,1558,outer,0,8,9,13,CCW,-266.43775,-359.0595,-0.05,0,44.4117647059,44.4117647059
1,city_uav,gazebo_world_enu,building_244,1558,outer,0,9,10,13,CCW,-266.4365,-377.40375,-0.05,0,44.4117647059,44.4117647059
1,city_uav,gazebo_world_enu,building_244,1558,outer,0,10,11,13,CCW,-269.408,-377.404,-0.05,0,44.4117647059,44.4117647059
1,city_uav,gazebo_world_enu,building_244,1558,outer,0,11,12,13,CCW,-269.4075,-385.6885,-0.05,0,44.4117647059,44.4117647059
1,city_uav,gazebo_world_enu,building_244,1558,outer,0,12,0,13,CCW,-283.0765,-385.0975,-0.05,0,44.4117647059,44.4117647059
1,city_uav,gazebo_world_enu,building_245,1559,outer,0,0,1,12,CCW,-86.99225,120.2705,-0.05,0,45.8823529412,45.8823529412
1,city_uav,gazebo_world_enu,building_245,1559,outer,0,1,2,12,CCW,-66.19225,116.1295,-0.05,0,45.8823529412,45.8823529412
1,city_uav,gazebo_world_enu,building_245,1559,outer,0,2,3,12,CCW,-65.004,120.272,-0.05,0,45.8823529412,45.8823529412
1,city_uav,gazebo_world_enu,building_245,1559,outer,0,3,4,12,CCW,-45.3925,115.53925,-0.05,0,45.8823529412,45.8823529412
1,city_uav,gazebo_world_enu,building_245,1559,outer,0,4,5,12,CCW,-35.887,159.92125,-0.05,0,45.8823529412,45.8823529412
1,city_uav,gazebo_world_enu,building_245,1559,outer,0,5,6,12,CCW,-76.89275,168.79475,-0.05,0,45.8823529412,45.8823529412
1,city_uav,gazebo_world_enu,building_245,1559,outer,0,6,7,12,CCW,-81.0515,151.042,-0.05,0,45.8823529412,45.8823529412
1,city_uav,gazebo_world_enu,building_245,1559,outer,0,7,8,12,CCW,-65.6,147.4925,-0.05,0,45.8823529412,45.8823529412
1,city_uav,gazebo_world_enu,building_245,1559,outer,0,8,9,12,CCW,-66.78825,143.35025,-0.05,0,45.8823529412,45.8823529412
1,city_uav,gazebo_world_enu,building_245,1559,outer,0,9,10,12,CCW,-63.2225,142.7585,-0.05,0,45.8823529412,45.8823529412
1,city_uav,gazebo_world_enu,building_245,1559,outer,0,10,11,12,CCW,-65.005,135.6575,-0.05,0,45.8823529412,45.8823529412
1,city_uav,gazebo_world_enu,building_245,1559,outer,0,11,0,12,CCW,-82.8335,139.7985,-0.05,0,45.8823529412,45.8823529412
1,city_uav,gazebo_world_enu,building_247,1562,outer,0,0,1,12,CCW,84.16775,12.58325,-0.05,0,42.2058823529,42.2058823529
1,city_uav,gazebo_world_enu,building_247,1562,outer,0,1,2,12,CCW,84.17075,-26.47225,-0.05,0,42.2058823529,42.2058823529
1,city_uav,gazebo_world_enu,building_247,1562,outer,0,2,3,12,CCW,118.04475,-26.46975,-0.05,0,42.2058823529,42.2058823529
1,city_uav,gazebo_world_enu,building_247,1562,outer,0,3,4,12,CCW,118.0455,-34.1625,-0.05,0,42.2058823529,42.2058823529
1,city_uav,gazebo_world_enu,building_247,1562,outer,0,4,5,12,CCW,126.36525,-34.162,-0.05,0,42.2058823529,42.2058823529
1,city_uav,gazebo_world_enu,building_247,1562,outer,0,5,6,12,CCW,126.36475,-26.46925,-0.05,0,42.2058823529,42.2058823529
1,city_uav,gazebo_world_enu,building_247,1562,outer,0,6,7,12,CCW,132.902,-26.46875,-0.05,0,42.2058823529,42.2058823529
1,city_uav,gazebo_world_enu,building_247,1562,outer,0,7,8,12,CCW,132.89875,14.36225,-0.05,0,42.2058823529,42.2058823529
1,city_uav,gazebo_world_enu,building_247,1562,outer,0,8,9,12,CCW,115.0705,14.361,-0.05,0,42.2058823529,42.2058823529
1,city_uav,gazebo_world_enu,building_247,1562,outer,0,9,10,12,CCW,114.47675,4.301,-0.05,0,42.2058823529,42.2058823529
1,city_uav,gazebo_world_enu,building_247,1562,outer,0,10,11,12,CCW,107.93975,4.3005,-0.05,0,42.2058823529,42.2058823529
1,city_uav,gazebo_world_enu,building_247,1562,outer,0,11,0,12,CCW,107.93925,12.585,-0.05,0,42.2058823529,42.2058823529
1,city_uav,gazebo_world_enu,building_249,1567,outer,0,0,1,13,CCW,-457.789,-589.26075,-0.05,0,37.7941176471,37.7941176471
1,city_uav,gazebo_world_enu,building_249,1567,outer,0,1,2,13,CCW,-453.03475,-589.2605,-0.05,0,37.7941176471,37.7941176471
1,city_uav,gazebo_world_enu,building_249,1567,outer,0,2,3,13,CCW,-453.0345,-593.40275,-0.05,0,37.7941176471,37.7941176471
1,city_uav,gazebo_world_enu,building_249,1567,outer,0,3,4,13,CCW,-441.74275,-593.994,-0.05,0,37.7941176471,37.7941176471
1,city_uav,gazebo_world_enu,building_249,1567,outer,0,4,5,13,CCW,-441.743,-589.26,-0.05,0,37.7941176471,37.7941176471
1,city_uav,gazebo_world_enu,building_249,1567,outer,0,5,6,13,CCW,-413.2165,-589.25875,-0.05,0,37.7941176471,37.7941176471
1,city_uav,gazebo_world_enu,building_249,1567,outer,0,6,7,13,CCW,-412.0285,-576.83175,-0.05,0,37.7941176471,37.7941176471
1,city_uav,gazebo_world_enu,building_249,1567,outer,0,7,8,13,CCW,-413.21775,-566.18025,-0.05,0,37.7941176471,37.7941176471
1,city_uav,gazebo_world_enu,building_249,1567,outer,0,8,9,13,CCW,-432.23525,-566.18125,-0.05,0,37.7941176471,37.7941176471
1,city_uav,gazebo_world_enu,building_249,1567,outer,0,9,10,13,CCW,-432.2355,-562.63075,-0.05,0,37.7941176471,37.7941176471
1,city_uav,gazebo_world_enu,building_249,1567,outer,0,10,11,13,CCW,-439.367,-562.631,-0.05,0,37.7941176471,37.7941176471
1,city_uav,gazebo_world_enu,building_249,1567,outer,0,11,12,13,CCW,-439.36775,-547.83725,-0.05,0,37.7941176471,37.7941176471
1,city_uav,gazebo_world_enu,building_249,1567,outer,0,12,0,13,CCW,-457.19675,-547.838,-0.05,0,37.7941176471,37.7941176471
1,city_uav,gazebo_world_enu,building_250,1568,outer,0,0,1,13,CCW,-489.31575,48.6465,-0.05,0,34.2647058824,34.2647058824
1,city_uav,gazebo_world_enu,building_250,1568,outer,0,1,2,13,CCW,-485.749,22.6095,-0.05,0,34.2647058824,34.2647058824
1,city_uav,gazebo_world_enu,building_250,1568,outer,0,2,3,13,CCW,-443.55525,29.12075,-0.05,0,34.2647058824,34.2647058824
1,city_uav,gazebo_world_enu,building_250,1568,outer,0,3,4,13,CCW,-447.122,52.7905,-0.05,0,34.2647058824,34.2647058824
1,city_uav,gazebo_world_enu,building_250,1568,outer,0,4,5,13,CCW,-444.15075,53.3825,-0.05,0,34.2647058824,34.2647058824
1,city_uav,gazebo_world_enu,building_250,1568,outer,0,5,6,13,CCW,-447.123,72.91025,-0.05,0,34.2647058824,34.2647058824
1,city_uav,gazebo_world_enu,building_250,1568,outer,0,6,7,13,CCW,-466.734,69.9505,-0.05,0,34.2647058824,34.2647058824
1,city_uav,gazebo_world_enu,building_250,1568,outer,0,7,8,13,CCW,-464.35625,52.198,-0.05,0,34.2647058824,34.2647058824
1,city_uav,gazebo_world_enu,building_250,1568,outer,0,8,9,13,CCW,-467.3275,51.60625,-0.05,0,34.2647058824,34.2647058824
1,city_uav,gazebo_world_enu,building_250,1568,outer,0,9,10,13,CCW,-467.3275,53.3815,-0.05,0,34.2647058824,34.2647058824
1,city_uav,gazebo_world_enu,building_250,1568,outer,0,10,11,13,CCW,-471.4875,53.973,-0.05,0,34.2647058824,34.2647058824
1,city_uav,gazebo_world_enu,building_250,1568,outer,0,11,12,13,CCW,-475.05325,52.1975,-0.05,0,34.2647058824,34.2647058824
1,city_uav,gazebo_world_enu,building_250,1568,outer,0,12,0,13,CCW,-474.45875,50.42225,-0.05,0,34.2647058824,34.2647058824
1,city_uav,gazebo_world_enu,building_251,1570,outer,0,0,1,14,CCW,547.15325,-406.33825,-0.05,0,22.5,22.5
1,city_uav,gazebo_world_enu,building_251,1570,outer,0,1,2,14,CCW,547.15475,-424.09075,-0.05,0,22.5,22.5
1,city_uav,gazebo_world_enu,building_251,1570,outer,0,2,3,14,CCW,563.20075,-424.08925,-0.05,0,22.5,22.5
1,city_uav,gazebo_world_enu,building_251,1570,outer,0,3,4,14,CCW,563.20125,-429.415,-0.05,0,22.5,22.5
1,city_uav,gazebo_world_enu,building_251,1570,outer,0,4,5,14,CCW,566.17275,-429.41475,-0.05,0,22.5,22.5
1,city_uav,gazebo_world_enu,building_251,1570,outer,0,5,6,14,CCW,566.769,-448.9425,-0.05,0,22.5,22.5
1,city_uav,gazebo_world_enu,building_251,1570,outer,0,6,7,14,CCW,588.1635,-448.34875,-0.05,0,22.5,22.5
1,city_uav,gazebo_world_enu,building_251,1570,outer,0,7,8,14,CCW,588.1615,-427.04575,-0.05,0,22.5,22.5
1,city_uav,gazebo_world_enu,building_251,1570,outer,0,8,9,14,CCW,599.453,-427.0445,-0.05,0,22.5,22.5
1,city_uav,gazebo_world_enu,building_251,1570,outer,0,9,10,14,CCW,599.4515,-411.659,-0.05,0,22.5,22.5
1,city_uav,gazebo_world_enu,building_251,1570,outer,0,10,11,14,CCW,587.56575,-411.66025,-0.05,0,22.5,22.5
1,city_uav,gazebo_world_enu,building_251,1570,outer,0,11,12,14,CCW,587.5655,-409.885,-0.05,0,22.5,22.5
1,city_uav,gazebo_world_enu,building_251,1570,outer,0,12,13,14,CCW,578.05675,-409.88575,-0.05,0,22.5,22.5
1,city_uav,gazebo_world_enu,building_251,1570,outer,0,13,0,14,CCW,578.0565,-406.33525,-0.05,0,22.5,22.5
1,city_uav,gazebo_world_enu,building_252,1575,outer,0,0,1,14,CCW,-397.782,-244.85825,-0.05,0,30.4411764706,30.4411764706
1,city_uav,gazebo_world_enu,building_252,1575,outer,0,1,2,14,CCW,-397.187,-256.1015,-0.05,0,30.4411764706,30.4411764706
1,city_uav,gazebo_world_enu,building_252,1575,outer,0,2,3,14,CCW,-396.59275,-256.1015,-0.05,0,30.4411764706,30.4411764706
1,city_uav,gazebo_world_enu,building_252,1575,outer,0,3,4,14,CCW,-395.99775,-269.71175,-0.05,0,30.4411764706,30.4411764706
1,city_uav,gazebo_world_enu,building_252,1575,outer,0,4,5,14,CCW,-387.0835,-269.71125,-0.05,0,30.4411764706,30.4411764706
1,city_uav,gazebo_world_enu,building_252,1575,outer,0,5,6,14,CCW,-387.08325,-274.44525,-0.05,0,30.4411764706,30.4411764706
1,city_uav,gazebo_world_enu,building_252,1575,outer,0,6,7,14,CCW,-357.963,-274.44375,-0.05,0,30.4411764706,30.4411764706
1,city_uav,gazebo_world_enu,building_252,1575,outer,0,7,8,14,CCW,-357.964,-254.32425,-0.05,0,30.4411764706,30.4411764706
1,city_uav,gazebo_world_enu,building_252,1575,outer,0,8,9,14,CCW,-371.63275,-254.325,-0.05,0,30.4411764706,30.4411764706
1,city_uav,gazebo_world_enu,building_252,1575,outer,0,9,10,14,CCW,-371.633,-248.4075,-0.05,0,30.4411764706,30.4411764706
1,city_uav,gazebo_world_enu,building_252,1575,outer,0,10,11,14,CCW,-375.19875,-248.40775,-0.05,0,30.4411764706,30.4411764706
1,city_uav,gazebo_world_enu,building_252,1575,outer,0,11,12,14,CCW,-375.19975,-230.06325,-0.05,0,30.4411764706,30.4411764706
1,city_uav,gazebo_world_enu,building_252,1575,outer,0,12,13,14,CCW,-396.594,-230.0645,-0.05,0,30.4411764706,30.4411764706
1,city_uav,gazebo_world_enu,building_252,1575,outer,0,13,0,14,CCW,-396.59325,-244.85825,-0.05,0,30.4411764706,30.4411764706
1,city_uav,gazebo_world_enu,building_253,1579,outer,0,0,1,14,CCW,-576.6895,397.7765,-0.05,0,33.0882352941,33.0882352941
1,city_uav,gazebo_world_enu,building_253,1579,outer,0,1,2,14,CCW,-543.40925,375.29125,-0.05,0,33.0882352941,33.0882352941
1,city_uav,gazebo_world_enu,building_253,1579,outer,0,2,3,14,CCW,-535.68425,387.1265,-0.05,0,33.0882352941,33.0882352941
1,city_uav,gazebo_world_enu,building_253,1579,outer,0,3,4,14,CCW,-528.55275,382.39275,-0.05,0,33.0882352941,33.0882352941
1,city_uav,gazebo_world_enu,building_253,1579,outer,0,4,5,14,CCW,-522.6105,391.86125,-0.05,0,33.0882352941,33.0882352941
1,city_uav,gazebo_world_enu,building_253,1579,outer,0,5,6,14,CCW,-519.04475,389.49425,-0.05,0,33.0882352941,33.0882352941
1,city_uav,gazebo_world_enu,building_253,1579,outer,0,6,7,14,CCW,-506.566,408.431,-0.05,0,33.0882352941,33.0882352941
1,city_uav,gazebo_world_enu,building_253,1579,outer,0,7,8,14,CCW,-517.263,416.12325,-0.05,0,33.0882352941,33.0882352941
1,city_uav,gazebo_world_enu,building_253,1579,outer,0,8,9,14,CCW,-519.04575,413.75625,-0.05,0,33.0882352941,33.0882352941
1,city_uav,gazebo_world_enu,building_253,1579,outer,0,9,10,14,CCW,-551.13725,435.6495,-0.05,0,33.0882352941,33.0882352941
1,city_uav,gazebo_world_enu,building_253,1579,outer,0,10,11,14,CCW,-562.42775,419.08,-0.05,0,33.0882352941,33.0882352941
1,city_uav,gazebo_world_enu,building_253,1579,outer,0,11,12,14,CCW,-561.23925,418.48825,-0.05,0,33.0882352941,33.0882352941
1,city_uav,gazebo_world_enu,building_253,1579,outer,0,12,13,14,CCW,-565.39875,411.979,-0.05,0,33.0882352941,33.0882352941
1,city_uav,gazebo_world_enu,building_253,1579,outer,0,13,0,14,CCW,-566.5875,413.16225,-0.05,0,33.0882352941,33.0882352941
1,city_uav,gazebo_world_enu,building_254,1582,outer,0,0,1,14,CCW,337.94325,-188.59225,-0.05,0,29.4117647059,29.4117647059
1,city_uav,gazebo_world_enu,building_254,1582,outer,0,1,2,14,CCW,338.53825,-198.06025,-0.05,0,29.4117647059,29.4117647059
1,city_uav,gazebo_world_enu,building_254,1582,outer,0,2,3,14,CCW,342.6985,-198.06,-0.05,0,29.4117647059,29.4117647059
1,city_uav,gazebo_world_enu,building_254,1582,outer,0,3,4,14,CCW,343.2935,-206.93625,-0.05,0,29.4117647059,29.4117647059
1,city_uav,gazebo_world_enu,building_254,1582,outer,0,4,5,14,CCW,355.17925,-206.3435,-0.05,0,29.4117647059,29.4117647059
1,city_uav,gazebo_world_enu,building_254,1582,outer,0,5,6,14,CCW,355.18,-216.40325,-0.05,0,29.4117647059,29.4117647059
1,city_uav,gazebo_world_enu,building_254,1582,outer,0,6,7,14,CCW,381.32875,-215.80925,-0.05,0,29.4117647059,29.4117647059
1,city_uav,gazebo_world_enu,building_254,1582,outer,0,7,8,14,CCW,380.73175,-185.03825,-0.05,0,29.4117647059,29.4117647059
1,city_uav,gazebo_world_enu,building_254,1582,outer,0,8,9,14,CCW,362.903,-185.6315,-0.05,0,29.4117647059,29.4117647059
1,city_uav,gazebo_world_enu,building_254,1582,outer,0,9,10,14,CCW,362.90275,-182.67275,-0.05,0,29.4117647059,29.4117647059
1,city_uav,gazebo_world_enu,building_254,1582,outer,0,10,11,14,CCW,356.96,-182.67325,-0.05,0,29.4117647059,29.4117647059
1,city_uav,gazebo_world_enu,building_254,1582,outer,0,11,12,14,CCW,356.95875,-167.28775,-0.05,0,29.4117647059,29.4117647059
1,city_uav,gazebo_world_enu,building_254,1582,outer,0,12,13,14,CCW,339.13,-167.28925,-0.05,0,29.4117647059,29.4117647059
1,city_uav,gazebo_world_enu,building_254,1582,outer,0,13,0,14,CCW,339.13175,-188.59225,-0.05,0,29.4117647059,29.4117647059
1,city_uav,gazebo_world_enu,building_255,1589,outer,0,0,1,14,CCW,424.0515,525.66,-0.05,0,49.8529411765,49.8529411765
1,city_uav,gazebo_world_enu,building_255,1589,outer,0,1,2,14,CCW,424.64975,480.095,-0.05,0,49.8529411765,49.8529411765
1,city_uav,gazebo_world_enu,building_255,1589,outer,0,2,3,14,CCW,436.53525,480.09625,-0.05,0,49.8529411765,49.8529411765
1,city_uav,gazebo_world_enu,building_255,1589,outer,0,3,4,14,CCW,436.5355,477.13725,-0.05,0,49.8529411765,49.8529411765
1,city_uav,gazebo_world_enu,building_255,1589,outer,0,4,5,14,CCW,446.638,477.13825,-0.05,0,49.8529411765,49.8529411765
1,city_uav,gazebo_world_enu,building_255,1589,outer,0,5,6,14,CCW,446.63725,486.60625,-0.05,0,49.8529411765,49.8529411765
1,city_uav,gazebo_world_enu,building_255,1589,outer,0,6,7,14,CCW,448.42,486.6065,-0.05,0,49.8529411765,49.8529411765
1,city_uav,gazebo_world_enu,building_255,1589,outer,0,7,8,14,CCW,447.8245,500.21675,-0.05,0,49.8529411765,49.8529411765
1,city_uav,gazebo_world_enu,building_255,1589,outer,0,8,9,14,CCW,446.636,500.2165,-0.05,0,49.8529411765,49.8529411765
1,city_uav,gazebo_world_enu,building_255,1589,outer,0,9,10,14,CCW,446.63525,506.13425,-0.05,0,49.8529411765,49.8529411765
1,city_uav,gazebo_world_enu,building_255,1589,outer,0,10,11,14,CCW,447.824,506.13425,-0.05,0,49.8529411765,49.8529411765
1,city_uav,gazebo_world_enu,building_255,1589,outer,0,11,12,14,CCW,447.22825,520.928,-0.05,0,49.8529411765,49.8529411765
1,city_uav,gazebo_world_enu,building_255,1589,outer,0,12,13,14,CCW,446.03975,520.928,-0.05,0,49.8529411765,49.8529411765
1,city_uav,gazebo_world_enu,building_255,1589,outer,0,13,0,14,CCW,446.03925,526.25375,-0.05,0,49.8529411765,49.8529411765
1,city_uav,gazebo_world_enu,building_256,1591,outer,0,0,1,14,CCW,-217.13175,-9.33125,-0.05,0,31.9117647059,31.9117647059
1,city_uav,gazebo_world_enu,building_256,1591,outer,0,1,2,14,CCW,-206.43475,-9.3305,-0.05,0,31.9117647059,31.9117647059
1,city_uav,gazebo_world_enu,building_256,1591,outer,0,2,3,14,CCW,-207.0275,-33.00075,-0.05,0,31.9117647059,31.9117647059
1,city_uav,gazebo_world_enu,building_256,1591,outer,0,3,4,14,CCW,-185.039,-33.59125,-0.05,0,31.9117647059,31.9117647059
1,city_uav,gazebo_world_enu,building_256,1591,outer,0,4,5,14,CCW,-184.44575,-15.24675,-0.05,0,31.9117647059,31.9117647059
1,city_uav,gazebo_world_enu,building_256,1591,outer,0,5,6,14,CCW,-182.06875,-15.24675,-0.05,0,31.9117647059,31.9117647059
1,city_uav,gazebo_world_enu,building_256,1591,outer,0,6,7,14,CCW,-182.06925,-8.7375,-0.05,0,31.9117647059,31.9117647059
1,city_uav,gazebo_world_enu,building_256,1591,outer,0,7,8,14,CCW,-167.80625,-9.32825,-0.05,0,31.9117647059,31.9117647059
1,city_uav,gazebo_world_enu,building_256,1591,outer,0,8,9,14,CCW,-167.21325,9.60775,-0.05,0,31.9117647059,31.9117647059
1,city_uav,gazebo_world_enu,building_256,1591,outer,0,9,10,14,CCW,-196.333,10.7895,-0.05,0,31.9117647059,31.9117647059
1,city_uav,gazebo_world_enu,building_256,1591,outer,0,10,11,14,CCW,-196.33275,4.872,-0.05,0,31.9117647059,31.9117647059
1,city_uav,gazebo_world_enu,building_256,1591,outer,0,11,12,14,CCW,-205.84125,5.46325,-0.05,0,31.9117647059,31.9117647059
1,city_uav,gazebo_world_enu,building_256,1591,outer,0,12,13,14,CCW,-205.84125,3.688,-0.05,0,31.9117647059,31.9117647059
1,city_uav,gazebo_world_enu,building_256,1591,outer,0,13,0,14,CCW,-216.53825,3.6875,-0.05,0,31.9117647059,31.9117647059
1,city_uav,gazebo_world_enu,building_257,1592,outer,0,0,1,14,CCW,-406.709,11.96175,-0.05,0,42.6470588235,42.6470588235
1,city_uav,gazebo_world_enu,building_257,1592,outer,0,1,2,14,CCW,-406.7085,1.31025,-0.05,0,42.6470588235,42.6470588235
1,city_uav,gazebo_world_enu,building_257,1592,outer,0,2,3,14,CCW,-398.3885,1.3105,-0.05,0,42.6470588235,42.6470588235
1,city_uav,gazebo_world_enu,building_257,1592,outer,0,3,4,14,CCW,-398.38725,-21.76775,-0.05,0,42.6470588235,42.6470588235
1,city_uav,gazebo_world_enu,building_257,1592,outer,0,4,5,14,CCW,-376.39875,-21.76675,-0.05,0,42.6470588235,42.6470588235
1,city_uav,gazebo_world_enu,building_257,1592,outer,0,5,6,14,CCW,-376.39975,-4.60575,-0.05,0,42.6470588235,42.6470588235
1,city_uav,gazebo_world_enu,building_257,1592,outer,0,6,7,14,CCW,-373.42825,-4.60575,-0.05,0,42.6470588235,42.6470588235
1,city_uav,gazebo_world_enu,building_257,1592,outer,0,7,8,14,CCW,-373.4285,1.31175,-0.05,0,42.6470588235,42.6470588235
1,city_uav,gazebo_world_enu,building_257,1592,outer,0,8,9,14,CCW,-357.97725,1.3125,-0.05,0,42.6470588235,42.6470588235
1,city_uav,gazebo_world_enu,building_257,1592,outer,0,9,10,14,CCW,-357.384,19.657,-0.05,0,42.6470588235,42.6470588235
1,city_uav,gazebo_world_enu,building_257,1592,outer,0,10,11,14,CCW,-387.69225,20.24725,-0.05,0,42.6470588235,42.6470588235
1,city_uav,gazebo_world_enu,building_257,1592,outer,0,11,12,14,CCW,-387.69225,16.69675,-0.05,0,42.6470588235,42.6470588235
1,city_uav,gazebo_world_enu,building_257,1592,outer,0,12,13,14,CCW,-398.38925,16.696,-0.05,0,42.6470588235,42.6470588235
1,city_uav,gazebo_world_enu,building_257,1592,outer,0,13,0,14,CCW,-398.389,11.962,-0.05,0,42.6470588235,42.6470588235
1,city_uav,gazebo_world_enu,building_258,1594,outer,0,0,1,14,CCW,-479.19,-456.1175,-0.05,0,48.8235294118,48.8235294118
1,city_uav,gazebo_world_enu,building_258,1594,outer,0,1,2,14,CCW,-463.144,-456.11675,-0.05,0,48.8235294118,48.8235294118
1,city_uav,gazebo_world_enu,building_258,1594,outer,0,2,3,14,CCW,-463.1435,-463.21775,-0.05,0,48.8235294118,48.8235294118
1,city_uav,gazebo_world_enu,building_258,1594,outer,0,3,4,14,CCW,-478.001,-462.62675,-0.05,0,48.8235294118,48.8235294118
1,city_uav,gazebo_world_enu,building_258,1594,outer,0,4,5,14,CCW,-478.59425,-482.7465,-0.05,0,48.8235294118,48.8235294118
1,city_uav,gazebo_world_enu,building_258,1594,outer,0,5,6,14,CCW,-450.06825,-483.33675,-0.05,0,48.8235294118,48.8235294118
1,city_uav,gazebo_world_enu,building_258,1594,outer,0,6,7,14,CCW,-450.06825,-479.78625,-0.05,0,48.8235294118,48.8235294118
1,city_uav,gazebo_world_enu,building_258,1594,outer,0,7,8,14,CCW,-430.4565,-480.377,-0.05,0,48.8235294118,48.8235294118
1,city_uav,gazebo_world_enu,building_258,1594,outer,0,8,9,14,CCW,-430.45725,-462.6245,-0.05,0,48.8235294118,48.8235294118
1,city_uav,gazebo_world_enu,building_258,1594,outer,0,9,10,14,CCW,-438.18325,-462.625,-0.05,0,48.8235294118,48.8235294118
1,city_uav,gazebo_world_enu,building_258,1594,outer,0,10,11,14,CCW,-438.1835,-456.11575,-0.05,0,48.8235294118,48.8235294118
1,city_uav,gazebo_world_enu,building_258,1594,outer,0,11,12,14,CCW,-431.64625,-456.11525,-0.05,0,48.8235294118,48.8235294118
1,city_uav,gazebo_world_enu,building_258,1594,outer,0,12,13,14,CCW,-431.647,-438.36275,-0.05,0,48.8235294118,48.8235294118
1,city_uav,gazebo_world_enu,building_258,1594,outer,0,13,0,14,CCW,-478.5965,-437.77325,-0.05,0,48.8235294118,48.8235294118
1,city_uav,gazebo_world_enu,building_259,1595,outer,0,0,1,14,CCW,-286.63425,-527.70975,-0.05,0,41.0294117647,41.0294117647
1,city_uav,gazebo_world_enu,building_259,1595,outer,0,1,2,14,CCW,-286.63375,-537.178,-0.05,0,41.0294117647,41.0294117647
1,city_uav,gazebo_world_enu,building_259,1595,outer,0,2,3,14,CCW,-283.66225,-537.17775,-0.05,0,41.0294117647,41.0294117647
1,city_uav,gazebo_world_enu,building_259,1595,outer,0,3,4,14,CCW,-283.66175,-548.421,-0.05,0,41.0294117647,41.0294117647
1,city_uav,gazebo_world_enu,building_259,1595,outer,0,4,5,14,CCW,-250.381,-547.8275,-0.05,0,41.0294117647,41.0294117647
1,city_uav,gazebo_world_enu,building_259,1595,outer,0,5,6,14,CCW,-250.38125,-545.4605,-0.05,0,41.0294117647,41.0294117647
1,city_uav,gazebo_world_enu,building_259,1595,outer,0,6,7,14,CCW,-243.2495,-545.46,-0.05,0,41.0294117647,41.0294117647
1,city_uav,gazebo_world_enu,building_259,1595,outer,0,7,8,14,CCW,-243.251,-522.9735,-0.05,0,41.0294117647,41.0294117647
1,city_uav,gazebo_world_enu,building_259,1595,outer,0,8,9,14,CCW,-234.93075,-522.973,-0.05,0,41.0294117647,41.0294117647
1,city_uav,gazebo_world_enu,building_259,1595,outer,0,9,10,14,CCW,-234.93175,-506.99575,-0.05,0,41.0294117647,41.0294117647
1,city_uav,gazebo_world_enu,building_259,1595,outer,0,10,11,14,CCW,-243.25175,-506.996,-0.05,0,41.0294117647,41.0294117647
1,city_uav,gazebo_world_enu,building_259,1595,outer,0,11,12,14,CCW,-243.252,-504.629,-0.05,0,41.0294117647,41.0294117647
1,city_uav,gazebo_world_enu,building_259,1595,outer,0,12,13,14,CCW,-283.664,-504.63125,-0.05,0,41.0294117647,41.0294117647
1,city_uav,gazebo_world_enu,building_259,1595,outer,0,13,0,14,CCW,-283.66275,-527.70975,-0.05,0,41.0294117647,41.0294117647
1,city_uav,gazebo_world_enu,building_260,1596,outer,0,0,1,14,CCW,-509.493,-589.263,-0.05,0,48.3823529412,48.3823529412
1,city_uav,gazebo_world_enu,building_260,1596,outer,0,1,2,14,CCW,-465.515,-589.261,-0.05,0,48.3823529412,48.3823529412
1,city_uav,gazebo_world_enu,building_260,1596,outer,0,2,3,14,CCW,-465.515,-586.894,-0.05,0,48.3823529412,48.3823529412
1,city_uav,gazebo_world_enu,building_260,1596,outer,0,3,4,14,CCW,-461.355,-586.894,-0.05,0,48.3823529412,48.3823529412
1,city_uav,gazebo_world_enu,building_260,1596,outer,0,4,5,14,CCW,-461.3555,-572.692,-0.05,0,48.3823529412,48.3823529412
1,city_uav,gazebo_world_enu,building_260,1596,outer,0,5,6,14,CCW,-464.9215,-572.692,-0.05,0,48.3823529412,48.3823529412
1,city_uav,gazebo_world_enu,building_260,1596,outer,0,6,7,14,CCW,-464.92175,-567.36625,-0.05,0,48.3823529412,48.3823529412
1,city_uav,gazebo_world_enu,building_260,1596,outer,0,7,8,14,CCW,-461.35575,-567.366,-0.05,0,48.3823529412,48.3823529412
1,city_uav,gazebo_world_enu,building_260,1596,outer,0,8,9,14,CCW,-461.35675,-546.65475,-0.05,0,48.3823529412,48.3823529412
1,city_uav,gazebo_world_enu,building_260,1596,outer,0,9,10,14,CCW,-480.96875,-546.064,-0.05,0,48.3823529412,48.3823529412
1,city_uav,gazebo_world_enu,building_260,1596,outer,0,10,11,14,CCW,-480.96775,-563.22475,-0.05,0,48.3823529412,48.3823529412
1,city_uav,gazebo_world_enu,building_260,1596,outer,0,11,12,14,CCW,-489.88225,-563.22525,-0.05,0,48.3823529412,48.3823529412
1,city_uav,gazebo_world_enu,building_260,1596,outer,0,12,13,14,CCW,-489.883,-548.43125,-0.05,0,48.3823529412,48.3823529412
1,city_uav,gazebo_world_enu,building_260,1596,outer,0,13,0,14,CCW,-508.9005,-548.43225,-0.05,0,48.3823529412,48.3823529412
1,city_uav,gazebo_world_enu,building_263,1602,outer,0,0,1,14,CCW,-404.91625,-186.27525,-0.05,0,27.5,27.5
1,city_uav,gazebo_world_enu,building_263,1602,outer,0,1,2,14,CCW,-404.91575,-198.11025,-0.05,0,27.5,27.5
1,city_uav,gazebo_world_enu,building_263,1602,outer,0,2,3,14,CCW,-397.78425,-198.10975,-0.05,0,27.5,27.5
1,city_uav,gazebo_world_enu,building_263,1602,outer,0,3,4,14,CCW,-397.78275,-226.514,-0.05,0,27.5,27.5
1,city_uav,gazebo_world_enu,building_263,1602,outer,0,4,5,14,CCW,-357.9655,-226.512,-0.05,0,27.5,27.5
1,city_uav,gazebo_world_enu,building_263,1602,outer,0,5,6,14,CCW,-357.9665,-206.984,-0.05,0,27.5,27.5
1,city_uav,gazebo_world_enu,building_263,1602,outer,0,6,7,14,CCW,-372.2295,-206.98475,-0.05,0,27.5,27.5
1,city_uav,gazebo_world_enu,building_263,1602,outer,0,7,8,14,CCW,-372.22975,-199.292,-0.05,0,27.5,27.5
1,city_uav,gazebo_world_enu,building_263,1602,outer,0,8,9,14,CCW,-357.967,-199.29125,-0.05,0,27.5,27.5
1,city_uav,gazebo_world_enu,building_263,1602,outer,0,9,10,14,CCW,-357.968,-180.35525,-0.05,0,27.5,27.5
1,city_uav,gazebo_world_enu,building_263,1602,outer,0,10,11,14,CCW,-378.17375,-180.35625,-0.05,0,27.5,27.5
1,city_uav,gazebo_world_enu,building_263,1602,outer,0,11,12,14,CCW,-378.1735,-181.53975,-0.05,0,27.5,27.5
1,city_uav,gazebo_world_enu,building_263,1602,outer,0,12,13,14,CCW,-397.785,-181.54075,-0.05,0,27.5,27.5
1,city_uav,gazebo_world_enu,building_263,1602,outer,0,13,0,14,CCW,-397.78475,-186.27475,-0.05,0,27.5,27.5
1,city_uav,gazebo_world_enu,building_266,1613,outer,0,0,1,16,CCW,187.60775,-437.73225,-0.05,0,40,40
1,city_uav,gazebo_world_enu,building_266,1613,outer,0,1,2,16,CCW,187.6095,-460.21875,-0.05,0,40,40
1,city_uav,gazebo_world_enu,building_266,1613,outer,0,2,3,16,CCW,207.22125,-460.21725,-0.05,0,40,40
1,city_uav,gazebo_world_enu,building_266,1613,outer,0,3,4,16,CCW,206.62725,-462.58425,-0.05,0,40,40
1,city_uav,gazebo_world_enu,building_266,1613,outer,0,4,5,16,CCW,214.353,-462.5835,-0.05,0,40,40
1,city_uav,gazebo_world_enu,building_266,1613,outer,0,5,6,16,CCW,214.354,-475.60225,-0.05,0,40,40
1,city_uav,gazebo_world_enu,building_266,1613,outer,0,6,7,16,CCW,233.3715,-476.1925,-0.05,0,40,40
1,city_uav,gazebo_world_enu,building_266,1613,outer,0,7,8,16,CCW,233.9645,-458.43975,-0.05,0,40,40
1,city_uav,gazebo_world_enu,building_266,1613,outer,0,8,9,16,CCW,232.1815,-458.44,-0.05,0,40,40
1,city_uav,gazebo_world_enu,building_266,1613,outer,0,9,10,16,CCW,232.18,-437.7285,-0.05,0,40,40
1,city_uav,gazebo_world_enu,building_266,1613,outer,0,10,11,16,CCW,230.397,-437.72875,-0.05,0,40,40
1,city_uav,gazebo_world_enu,building_266,1613,outer,0,11,12,16,CCW,230.39675,-434.17825,-0.05,0,40,40
1,city_uav,gazebo_world_enu,building_266,1613,outer,0,12,13,16,CCW,225.04825,-434.17875,-0.05,0,40,40
1,city_uav,gazebo_world_enu,building_266,1613,outer,0,13,14,16,CCW,225.04775,-428.853,-0.05,0,40,40
1,city_uav,gazebo_world_enu,building_266,1613,outer,0,14,15,16,CCW,210.7845,-428.26225,-0.05,0,40,40
1,city_uav,gazebo_world_enu,building_266,1613,outer,0,15,0,16,CCW,210.7855,-438.322,-0.05,0,40,40
1,city_uav,gazebo_world_enu,building_267,1614,outer,0,0,1,16,CCW,459.7105,493.7085,-0.05,0,46.1764705882,46.1764705882
1,city_uav,gazebo_world_enu,building_267,1614,outer,0,1,2,16,CCW,460.30525,486.01575,-0.05,0,46.1764705882,46.1764705882
1,city_uav,gazebo_world_enu,building_267,1614,outer,0,2,3,16,CCW,460.8995,486.01575,-0.05,0,46.1764705882,46.1764705882
1,city_uav,gazebo_world_enu,building_267,1614,outer,0,3,4,16,CCW,460.9005,477.1395,-0.05,0,46.1764705882,46.1764705882
1,city_uav,gazebo_world_enu,building_267,1614,outer,0,4,5,16,CCW,471.003,477.73225,-0.05,0,46.1764705882,46.1764705882
1,city_uav,gazebo_world_enu,building_267,1614,outer,0,5,6,16,CCW,471.0025,481.28275,-0.05,0,46.1764705882,46.1764705882
1,city_uav,gazebo_world_enu,building_267,1614,outer,0,6,7,16,CCW,481.6995,481.28375,-0.05,0,46.1764705882,46.1764705882
1,city_uav,gazebo_world_enu,building_267,1614,outer,0,7,8,16,CCW,481.699,485.426,-0.05,0,46.1764705882,46.1764705882
1,city_uav,gazebo_world_enu,building_267,1614,outer,0,8,9,16,CCW,482.29325,485.426,-0.05,0,46.1764705882,46.1764705882
1,city_uav,gazebo_world_enu,building_267,1614,outer,0,9,10,16,CCW,482.292,499.03625,-0.05,0,46.1764705882,46.1764705882
1,city_uav,gazebo_world_enu,building_267,1614,outer,0,10,11,16,CCW,480.50925,499.03625,-0.05,0,46.1764705882,46.1764705882
1,city_uav,gazebo_world_enu,building_267,1614,outer,0,11,12,16,CCW,480.50875,506.13725,-0.05,0,46.1764705882,46.1764705882
1,city_uav,gazebo_world_enu,building_267,1614,outer,0,12,13,16,CCW,482.2915,506.1375,-0.05,0,46.1764705882,46.1764705882
1,city_uav,gazebo_world_enu,building_267,1614,outer,0,13,14,16,CCW,482.28975,524.48175,-0.05,0,46.1764705882,46.1764705882
1,city_uav,gazebo_world_enu,building_267,1614,outer,0,14,15,16,CCW,460.89625,524.47975,-0.05,0,46.1764705882,46.1764705882
1,city_uav,gazebo_world_enu,building_267,1614,outer,0,15,0,16,CCW,460.899,493.70875,-0.05,0,46.1764705882,46.1764705882
1,city_uav,gazebo_world_enu,building_268,1616,outer,0,0,1,16,CCW,-103.0195,-165.54675,-0.05,0,28.8235294118,28.8235294118
1,city_uav,gazebo_world_enu,building_268,1616,outer,0,1,2,16,CCW,-103.01825,-185.66625,-0.05,0,28.8235294118,28.8235294118
1,city_uav,gazebo_world_enu,building_268,1616,outer,0,2,3,16,CCW,-70.92675,-185.66425,-0.05,0,28.8235294118,28.8235294118
1,city_uav,gazebo_world_enu,building_268,1616,outer,0,3,4,16,CCW,-70.927,-180.3385,-0.05,0,28.8235294118,28.8235294118
1,city_uav,gazebo_world_enu,building_268,1616,outer,0,4,5,16,CCW,-60.82425,-180.33775,-0.05,0,28.8235294118,28.8235294118
1,city_uav,gazebo_world_enu,building_268,1616,outer,0,5,6,16,CCW,-60.8245,-176.1955,-0.05,0,28.8235294118,28.8235294118
1,city_uav,gazebo_world_enu,building_268,1616,outer,0,6,7,16,CCW,-57.25875,-175.6035,-0.05,0,28.8235294118,28.8235294118
1,city_uav,gazebo_world_enu,building_268,1616,outer,0,7,8,16,CCW,-57.2595,-165.54375,-0.05,0,28.8235294118,28.8235294118
1,city_uav,gazebo_world_enu,building_268,1616,outer,0,8,9,16,CCW,-61.4195,-165.544,-0.05,0,28.8235294118,28.8235294118
1,city_uav,gazebo_world_enu,building_268,1616,outer,0,9,10,16,CCW,-61.421,-142.46575,-0.05,0,28.8235294118,28.8235294118
1,city_uav,gazebo_world_enu,building_268,1616,outer,0,10,11,16,CCW,-86.381,-142.4675,-0.05,0,28.8235294118,28.8235294118
1,city_uav,gazebo_world_enu,building_268,1616,outer,0,11,12,16,CCW,-86.3805,-150.16025,-0.05,0,28.8235294118,28.8235294118
1,city_uav,gazebo_world_enu,building_268,1616,outer,0,12,13,16,CCW,-97.07775,-150.16075,-0.05,0,28.8235294118,28.8235294118
1,city_uav,gazebo_world_enu,building_268,1616,outer,0,13,14,16,CCW,-97.077,-159.037,-0.05,0,28.8235294118,28.8235294118
1,city_uav,gazebo_world_enu,building_268,1616,outer,0,14,15,16,CCW,-85.78575,-159.0365,-0.05,0,28.8235294118,28.8235294118
1,city_uav,gazebo_world_enu,building_268,1616,outer,0,15,0,16,CCW,-85.78525,-165.54575,-0.05,0,28.8235294118,28.8235294118
1,city_uav,gazebo_world_enu,building_269,1617,outer,0,0,1,16,CCW,-284.867,-243.66875,-0.05,0,28.5294117647,28.5294117647
1,city_uav,gazebo_world_enu,building_269,1617,outer,0,1,2,16,CCW,-284.866,-262.01325,-0.05,0,28.5294117647,28.5294117647
1,city_uav,gazebo_world_enu,building_269,1617,outer,0,2,3,16,CCW,-266.443,-262.01225,-0.05,0,28.5294117647,28.5294117647
1,city_uav,gazebo_world_enu,building_269,1617,outer,0,3,4,16,CCW,-266.44275,-265.56275,-0.05,0,28.5294117647,28.5294117647
1,city_uav,gazebo_world_enu,building_269,1617,outer,0,4,5,16,CCW,-284.86575,-265.56375,-0.05,0,28.5294117647,28.5294117647
1,city_uav,gazebo_world_enu,building_269,1617,outer,0,5,6,16,CCW,-284.86425,-295.743,-0.05,0,28.5294117647,28.5294117647
1,city_uav,gazebo_world_enu,building_269,1617,outer,0,6,7,16,CCW,-243.85825,-295.74075,-0.05,0,28.5294117647,28.5294117647
1,city_uav,gazebo_world_enu,building_269,1617,outer,0,7,8,16,CCW,-243.86025,-258.46025,-0.05,0,28.5294117647,28.5294117647
1,city_uav,gazebo_world_enu,building_269,1617,outer,0,8,9,16,CCW,-241.483,-258.46025,-0.05,0,28.5294117647,28.5294117647
1,city_uav,gazebo_world_enu,building_269,1617,outer,0,9,10,16,CCW,-241.48375,-248.4005,-0.05,0,28.5294117647,28.5294117647
1,city_uav,gazebo_world_enu,building_269,1617,outer,0,10,11,16,CCW,-243.86075,-248.4005,-0.05,0,28.5294117647,28.5294117647
1,city_uav,gazebo_world_enu,building_269,1617,outer,0,11,12,16,CCW,-243.861,-245.44175,-0.05,0,28.5294117647,28.5294117647
1,city_uav,gazebo_world_enu,building_269,1617,outer,0,12,13,16,CCW,-243.26675,-245.44175,-0.05,0,28.5294117647,28.5294117647
1,city_uav,gazebo_world_enu,building_269,1617,outer,0,13,14,16,CCW,-243.26725,-235.97375,-0.05,0,28.5294117647,28.5294117647
1,city_uav,gazebo_world_enu,building_269,1617,outer,0,14,15,16,CCW,-262.87875,-235.97475,-0.05,0,28.5294117647,28.5294117647
1,city_uav,gazebo_world_enu,building_269,1617,outer,0,15,0,16,CCW,-262.87825,-243.6675,-0.05,0,28.5294117647,28.5294117647
1,city_uav,gazebo_world_enu,building_271,1623,outer,0,0,1,16,CCW,-24.59375,130.92625,-0.05,0,30.5882352941,30.5882352941
1,city_uav,gazebo_world_enu,building_271,1623,outer,0,1,2,16,CCW,-13.30225,129.7435,-0.05,0,30.5882352941,30.5882352941
1,city_uav,gazebo_world_enu,building_271,1623,outer,0,2,3,16,CCW,-15.67775,106.07325,-0.05,0,30.5882352941,30.5882352941
1,city_uav,gazebo_world_enu,building_271,1623,outer,0,3,4,16,CCW,-10.9235,105.48175,-0.05,0,30.5882352941,30.5882352941
1,city_uav,gazebo_world_enu,building_271,1623,outer,0,4,5,16,CCW,-10.9235,103.7065,-0.05,0,30.5882352941,30.5882352941
1,city_uav,gazebo_world_enu,building_271,1623,outer,0,5,6,16,CCW,-0.22625,101.932,-0.05,0,30.5882352941,30.5882352941
1,city_uav,gazebo_world_enu,building_271,1623,outer,0,6,7,16,CCW,0.36775,104.299,-0.05,0,30.5882352941,30.5882352941
1,city_uav,gazebo_world_enu,building_271,1623,outer,0,7,8,16,CCW,6.31075,103.116,-0.05,0,30.5882352941,30.5882352941
1,city_uav,gazebo_world_enu,building_271,1623,outer,0,8,9,16,CCW,8.09225,123.2355,-0.05,0,30.5882352941,30.5882352941
1,city_uav,gazebo_world_enu,building_271,1623,outer,0,9,10,16,CCW,10.46925,123.23575,-0.05,0,30.5882352941,30.5882352941
1,city_uav,gazebo_world_enu,building_271,1623,outer,0,10,11,16,CCW,11.063,129.745,-0.05,0,30.5882352941,30.5882352941
1,city_uav,gazebo_world_enu,building_271,1623,outer,0,11,12,16,CCW,27.10875,127.971,-0.05,0,30.5882352941,30.5882352941
1,city_uav,gazebo_world_enu,building_271,1623,outer,0,12,13,16,CCW,29.4845,145.72375,-0.05,0,30.5882352941,30.5882352941
1,city_uav,gazebo_world_enu,building_271,1623,outer,0,13,14,16,CCW,-10.9265,149.86325,-0.05,0,30.5882352941,30.5882352941
1,city_uav,gazebo_world_enu,building_271,1623,outer,0,14,15,16,CCW,-11.52075,148.6795,-0.05,0,30.5882352941,30.5882352941
1,city_uav,gazebo_world_enu,building_271,1623,outer,0,15,0,16,CCW,-22.81225,149.86225,-0.05,0,30.5882352941,30.5882352941
1,city_uav,gazebo_world_enu,building_272,1630,outer,0,0,1,18,CCW,35.40225,503.73425,-0.05,0,23.9705882353,23.9705882353
1,city_uav,gazebo_world_enu,building_272,1630,outer,0,1,2,18,CCW,54.419,500.185,-0.05,0,23.9705882353,23.9705882353
1,city_uav,gazebo_world_enu,building_272,1630,outer,0,2,3,18,CCW,57.3895,513.7955,-0.05,0,23.9705882353,23.9705882353
1,city_uav,gazebo_world_enu,building_272,1630,outer,0,3,4,18,CCW,76.40625,510.24625,-0.05,0,23.9705882353,23.9705882353
1,city_uav,gazebo_world_enu,building_272,1630,outer,0,4,5,18,CCW,77.00025,514.9805,-0.05,0,23.9705882353,23.9705882353
1,city_uav,gazebo_world_enu,building_272,1630,outer,0,5,6,18,CCW,81.75425,514.389,-0.05,0,23.9705882353,23.9705882353
1,city_uav,gazebo_world_enu,building_272,1630,outer,0,6,7,18,CCW,82.9425,520.3065,-0.05,0,23.9705882353,23.9705882353
1,city_uav,gazebo_world_enu,building_272,1630,outer,0,7,8,18,CCW,87.69675,519.1235,-0.05,0,23.9705882353,23.9705882353
1,city_uav,gazebo_world_enu,building_272,1630,outer,0,8,9,18,CCW,94.231,555.8125,-0.05,0,23.9705882353,23.9705882353
1,city_uav,gazebo_world_enu,building_272,1630,outer,0,9,10,18,CCW,74.61975,559.36175,-0.05,0,23.9705882353,23.9705882353
1,city_uav,gazebo_world_enu,building_272,1630,outer,0,10,11,18,CCW,72.24375,547.5265,-0.05,0,23.9705882353,23.9705882353
1,city_uav,gazebo_world_enu,building_272,1630,outer,0,11,12,18,CCW,45.50125,552.2585,-0.05,0,23.9705882353,23.9705882353
1,city_uav,gazebo_world_enu,building_272,1630,outer,0,12,13,18,CCW,44.90725,549.8915,-0.05,0,23.9705882353,23.9705882353
1,city_uav,gazebo_world_enu,building_272,1630,outer,0,13,14,18,CCW,41.3415,550.483,-0.05,0,23.9705882353,23.9705882353
1,city_uav,gazebo_world_enu,building_272,1630,outer,0,14,15,18,CCW,36.58925,525.03725,-0.05,0,23.9705882353,23.9705882353
1,city_uav,gazebo_world_enu,building_272,1630,outer,0,15,16,18,CCW,40.15475,524.44575,-0.05,0,23.9705882353,23.9705882353
1,city_uav,gazebo_world_enu,building_272,1630,outer,0,16,17,18,CCW,37.77875,510.83525,-0.05,0,23.9705882353,23.9705882353
1,city_uav,gazebo_world_enu,building_272,1630,outer,0,17,0,18,CCW,36.59025,511.427,-0.05,0,23.9705882353,23.9705882353
1,city_uav,gazebo_world_enu,building_273,1633,outer,0,0,1,19,CCW,290.98425,-64.32825,-0.05,0,26.0294117647,26.0294117647
1,city_uav,gazebo_world_enu,building_273,1633,outer,0,1,2,19,CCW,290.986,-85.6315,-0.05,0,26.0294117647,26.0294117647
1,city_uav,gazebo_world_enu,building_273,1633,outer,0,2,3,19,CCW,307.03175,-85.63,-0.05,0,26.0294117647,26.0294117647
1,city_uav,gazebo_world_enu,building_273,1633,outer,0,3,4,19,CCW,307.032,-87.997,-0.05,0,26.0294117647,26.0294117647
1,city_uav,gazebo_world_enu,building_273,1633,outer,0,4,5,19,CCW,314.75775,-87.9965,-0.05,0,26.0294117647,26.0294117647
1,city_uav,gazebo_world_enu,building_273,1633,outer,0,5,6,19,CCW,314.759,-102.79025,-0.05,0,26.0294117647,26.0294117647
1,city_uav,gazebo_world_enu,building_273,1633,outer,0,6,7,19,CCW,333.18175,-102.78875,-0.05,0,26.0294117647,26.0294117647
1,city_uav,gazebo_world_enu,building_273,1633,outer,0,7,8,19,CCW,333.17875,-67.87525,-0.05,0,26.0294117647,26.0294117647
1,city_uav,gazebo_world_enu,building_273,1633,outer,0,8,9,19,CCW,329.01875,-67.87575,-0.05,0,26.0294117647,26.0294117647
1,city_uav,gazebo_world_enu,building_273,1633,outer,0,9,10,19,CCW,329.0185,-64.32525,-0.05,0,26.0294117647,26.0294117647
1,city_uav,gazebo_world_enu,building_273,1633,outer,0,10,11,19,CCW,325.45275,-64.3255,-0.05,0,26.0294117647,26.0294117647
1,city_uav,gazebo_world_enu,building_273,1633,outer,0,11,12,19,CCW,325.452,-54.8575,-0.05,0,26.0294117647,26.0294117647
1,city_uav,gazebo_world_enu,building_273,1633,outer,0,12,13,19,CCW,322.4805,-53.0825,-0.05,0,26.0294117647,26.0294117647
1,city_uav,gazebo_world_enu,building_273,1633,outer,0,13,14,19,CCW,321.886,-53.0825,-0.05,0,26.0294117647,26.0294117647
1,city_uav,gazebo_world_enu,building_273,1633,outer,0,14,15,19,CCW,319.509,-52.491,-0.05,0,26.0294117647,26.0294117647
1,city_uav,gazebo_world_enu,building_273,1633,outer,0,15,16,19,CCW,317.726,-52.491,-0.05,0,26.0294117647,26.0294117647
1,city_uav,gazebo_world_enu,building_273,1633,outer,0,16,17,19,CCW,315.94325,-53.083,-0.05,0,26.0294117647,26.0294117647
1,city_uav,gazebo_world_enu,building_273,1633,outer,0,17,18,19,CCW,312.972,-54.8585,-0.05,0,26.0294117647,26.0294117647
1,city_uav,gazebo_world_enu,building_273,1633,outer,0,18,0,19,CCW,312.97275,-64.3265,-0.05,0,26.0294117647,26.0294117647
1,city_uav,gazebo_world_enu,building_274,1641,outer,0,0,1,27,CCW,-38.21775,-531.837,-0.05,0,36.4705882353,36.4705882353
1,city_uav,gazebo_world_enu,building_274,1641,outer,0,1,2,27,CCW,-34.651,-545.447,-0.05,0,36.4705882353,36.4705882353
1,city_uav,gazebo_world_enu,building_274,1641,outer,0,2,3,27,CCW,-20.9825,-541.30375,-0.05,0,36.4705882353,36.4705882353
1,city_uav,gazebo_world_enu,building_274,1641,outer,0,3,4,27,CCW,-17.416,-550.77175,-0.05,0,36.4705882353,36.4705882353
1,city_uav,gazebo_world_enu,building_274,1641,outer,0,4,5,27,CCW,-25.14125,-563.199,-0.05,0,36.4705882353,36.4705882353
1,city_uav,gazebo_world_enu,building_274,1641,outer,0,5,6,27,CCW,-9.0945,-573.25775,-0.05,0,36.4705882353,36.4705882353
1,city_uav,gazebo_world_enu,building_274,1641,outer,0,6,7,27,CCW,-0.77525,-560.2385,-0.05,0,36.4705882353,36.4705882353
1,city_uav,gazebo_world_enu,building_274,1641,outer,0,7,8,27,CCW,8.13925,-557.27925,-0.05,0,36.4705882353,36.4705882353
1,city_uav,gazebo_world_enu,building_274,1641,outer,0,8,9,27,CCW,6.35575,-551.9535,-0.05,0,36.4705882353,36.4705882353
1,city_uav,gazebo_world_enu,building_274,1641,outer,0,9,10,27,CCW,13.48725,-549.586,-0.05,0,36.4705882353,36.4705882353
1,city_uav,gazebo_world_enu,building_274,1641,outer,0,10,11,27,CCW,12.89275,-547.219,-0.05,0,36.4705882353,36.4705882353
1,city_uav,gazebo_world_enu,building_274,1641,outer,0,11,12,27,CCW,15.27,-546.0355,-0.05,0,36.4705882353,36.4705882353
1,city_uav,gazebo_world_enu,building_274,1641,outer,0,12,13,27,CCW,12.29775,-537.751,-0.05,0,36.4705882353,36.4705882353
1,city_uav,gazebo_world_enu,building_274,1641,outer,0,13,14,27,CCW,9.92075,-538.343,-0.05,0,36.4705882353,36.4705882353
1,city_uav,gazebo_world_enu,building_274,1641,outer,0,14,15,27,CCW,9.32625,-535.976,-0.05,0,36.4705882353,36.4705882353
1,city_uav,gazebo_world_enu,building_274,1641,outer,0,15,16,27,CCW,2.19475,-538.3435,-0.05,0,36.4705882353,36.4705882353
1,city_uav,gazebo_world_enu,building_274,1641,outer,0,16,17,27,CCW,-0.18275,-530.651,-0.05,0,36.4705882353,36.4705882353
1,city_uav,gazebo_world_enu,building_274,1641,outer,0,17,18,27,CCW,15.86275,-525.91575,-0.05,0,36.4705882353,36.4705882353
1,city_uav,gazebo_world_enu,building_274,1641,outer,0,18,19,27,CCW,9.9185,-507.572,-0.05,0,36.4705882353,36.4705882353
1,city_uav,gazebo_world_enu,building_274,1641,outer,0,19,20,27,CCW,-5.53275,-512.307,-0.05,0,36.4705882353,36.4705882353
1,city_uav,gazebo_world_enu,building_274,1641,outer,0,20,21,27,CCW,-7.316,-506.3895,-0.05,0,36.4705882353,36.4705882353
1,city_uav,gazebo_world_enu,building_274,1641,outer,0,21,22,27,CCW,-15.636,-508.75725,-0.05,0,36.4705882353,36.4705882353
1,city_uav,gazebo_world_enu,building_274,1641,outer,0,22,23,27,CCW,-16.2305,-506.982,-0.05,0,36.4705882353,36.4705882353
1,city_uav,gazebo_world_enu,building_274,1641,outer,0,23,24,27,CCW,-33.46475,-512.30875,-0.05,0,36.4705882353,36.4705882353
1,city_uav,gazebo_world_enu,building_274,1641,outer,0,24,25,27,CCW,-29.30375,-526.51075,-0.05,0,36.4705882353,36.4705882353
1,city_uav,gazebo_world_enu,building_274,1641,outer,0,25,26,27,CCW,-34.65225,-528.28625,-0.05,0,36.4705882353,36.4705882353
1,city_uav,gazebo_world_enu,building_274,1641,outer,0,26,0,27,CCW,-33.4635,-530.65325,-0.05,0,36.4705882353,36.4705882353
