t_s,drone_x,drone_y,drone_z,drone_speed_mps,drone_accel_mps2,drone_yaw_rad,drone_yawrate_rads,trailer_x,trailer_y,trailer_speed_mps,dist_xy_m,replan_count,phase,captured,track_err_m,track_err_dense_m
0.0,586.981,579.976,14.8,0.3,3.0,-2.23915,1.2,-600.0,-600.0,6.0,1673.7291,1,pursuit,0,7.6886,7.5969
0.1,586.95,579.925,14.6,0.6,3.0,-2.11915,1.2,-599.4,-600.0,6.0,1673.2738,1,pursuit,0,7.6654,7.5652
0.2,586.913,579.843,14.4,0.9,3.0,-1.99915,1.2,-598.8,-600.0,6.0,1672.7902,1,pursuit,0,7.6217,7.5078
0.3,586.876,579.729,14.2,1.2,3.0,-1.87915,1.2,-598.2,-600.0,6.0,1672.2807,1,pursuit,0,7.5524,7.4214
0.4,586.848,579.582,14.0,1.5,3.0,-1.75915,1.2,-597.6,-600.0,6.0,1671.749,1,pursuit,0,7.4532,7.3029
0.5,586.836,579.402,13.8,1.8,3.0,-1.63915,1.2,-597.0,-600.0,6.0,1671.2001,1,pursuit,0,7.3209,7.1497
0.6,586.847,579.192,13.6,2.1,3.0,-1.51915,1.2,-596.4,-600.0,6.0,1670.6396,1,pursuit,0,7.1526,6.9575
0.7,586.888,578.956,13.4,2.4,3.0,-1.39915,1.2,-595.8,-600.0,6.0,1670.0743,1,pursuit,0,6.9466,6.7265
0.8,586.965,578.697,13.2,2.7,3.0,-1.27915,1.2,-595.2,-600.0,6.0,1669.5115,1,pursuit,0,6.7019,6.4601
0.9,587.085,578.422,13.0,3.0,3.0,-1.15915,1.2,-594.6,-600.0,6.0,1668.959,1,pursuit,0,6.4183,6.1605
1.0,587.233,578.127,12.8,3.3,3.0,-1.10605,0.531,-594.0,-600.0,6.0,1668.4251,1,pursuit,0,6.1024,5.8305
1.1,587.397,577.806,12.6,3.6,3.0,-1.10037,0.0568,-593.4,-600.0,6.0,1667.8967,1,pursuit,0,5.759,5.4705
1.2,587.565,577.456,12.4,3.8856,2.856,-1.12314,-0.2277,-592.8,-600.0,6.0,1667.3608,1,pursuit,0,5.3938,5.082
1.3,587.753,577.083,12.208,4.1855,2.9994,-1.10326,0.1988,-592.2,-600.0,6.0,1666.8077,1,pursuit,0,5.0013,4.6634
1.4,587.956,576.682,12.031,4.4855,2.9996,-1.10325,0.0001,-591.6,-600.0,6.0,1666.2526,1,pursuit,0,4.5857,4.2149
1.5,588.15,576.245,11.869,4.7855,2.9998,-1.15185,-0.4859,-591.0,-600.0,6.0,1665.6882,1,pursuit,0,4.1606,3.7368
1.6,588.344,575.775,11.719,5.0855,3.0,-1.17918,-0.2733,-590.4,-600.0,6.0,1665.0925,1,pursuit,0,3.7308,3.2298
1.7,588.489,575.256,11.582,5.3855,3.0,-1.29918,-1.2,-589.8,-600.0,6.0,1664.4731,1,pursuit,0,3.3445,2.7046
1.8,588.573,574.705,11.455,5.5745,1.8904,-1.41918,-1.2,-589.2,-600.0,6.0,1663.7842,1,pursuit,0,2.9616,2.1787
1.9,588.59,574.178,11.339,5.2745,-3.0,-1.53918,-1.2,-588.6,-600.0,6.0,1663.0299,1,pursuit,0,2.4652,1.6935
2.0,588.546,573.681,11.232,4.9899,-2.8465,-1.65918,-1.2,-588.0,-600.0,6.0,1662.2446,1,pursuit,0,1.9869,1.2913
2.1,588.439,573.176,11.133,5.1605,1.706,-1.77918,-1.2,-587.4,-600.0,6.0,1661.4376,1,pursuit,0,1.4852,0.8699
2.2,588.263,572.659,11.043,5.4605,3.0,-1.89918,-1.2,-586.8,-600.0,6.0,1660.5807,1,pursuit,0,0.9492,0.5008
2.3,588.013,572.14,10.959,5.7605,3.0,-2.01918,-1.2,-586.2,-600.0,6.0,1659.6663,1,pursuit,0,0.3838,0.3518
2.4,587.687,571.629,10.882,6.0605,3.0,-2.13918,-1.2,-585.6,-600.0,6.0,1658.6982,1,pursuit,0,0.2393,0.261
2.5,587.283,571.138,10.812,6.3605,3.0,-2.25918,-1.2,-585.0,-600.0,6.0,1657.682,1,pursuit,0,0.8602,0.4398
2.6,586.801,570.678,10.747,6.6605,3.0,-2.37918,-1.2,-584.4,-600.0,6.0,1656.6245,1,pursuit,0,1.5161,0.63
2.7,586.244,570.261,10.687,6.9605,3.0,-2.49918,-1.2,-583.8,-600.0,6.0,1655.5343,1,pursuit,0,2.1971,0.7644
2.8,585.615,569.899,10.632,7.2605,3.0,-2.61907,-1.1989,-583.2,-600.0,6.0,1654.4212,1,pursuit,0,2.8999,0.8281
2.9,584.926,569.586,10.582,7.5605,3.0,-2.71575,-0.9668,-582.6,-600.0,6.0,1653.2962,1,pursuit,0,3.6259,0.8348
3.0,584.194,569.301,10.535,7.8605,3.0,-2.77049,-0.5474,-582.0,-600.0,6.0,1652.1649,1,pursuit,0,4.2718,0.8152
3.1,583.426,569.023,10.492,8.1605,3.0,-2.79396,-0.2347,-581.4,-600.0,6.0,1651.0221,1,pursuit,0,3.4567,0.6957
3.2,582.629,568.739,10.453,8.4605,3.0,-2.79879,-0.0483,-580.8,-600.0,6.0,1649.8601,1,pursuit,0,2.612,0.5734
3.3,581.807,568.438,10.417,8.7605,3.0,-2.79119,0.076,-580.2,-600.0,6.0,1648.6731,1,pursuit,0,1.7394,0.4603
3.4,580.962,568.116,10.383,9.0396,2.7912,-2.77763,0.1356,-579.6,-600.0,6.0,1647.4566,1,pursuit,0,0.8494,0.3637
3.5,580.103,567.772,10.353,9.2566,2.1698,-2.76084,0.168,-579.0,-600.0,6.0,1646.2101,1,pursuit,0,0.25,0.2877
3.6,579.234,567.408,10.324,9.4248,1.6819,-2.74409,0.1675,-578.4,-600.0,6.0,1644.9379,1,pursuit,0,1.0767,0.2349
3.7,578.358,567.024,10.298,9.5569,1.3218,-2.72859,0.1549,-577.8,-600.0,6.0,1643.6445,1,pursuit,0,2.0229,0.2078
3.8,577.479,566.625,10.275,9.6578,1.0088,-2.71608,0.1251,-577.2,-600.0,6.0,1642.3336,1,pursuit,0,2.986,0.2067
3.9,576.596,566.214,10.253,9.7337,0.7588,-2.70581,0.1027,-576.6,-600.0,6.0,1641.0094,1,pursuit,0,3.9584,0.2304
4.0,575.711,565.794,10.232,9.802,0.6834,-2.69798,0.0783,-576.0,-600.0,6.0,1639.675,1,pursuit,0,4.2489,0.2777
4.1,574.823,565.364,10.214,9.8606,0.5858,-2.69107,0.0691,-575.4,-600.0,6.0,1638.3318,1,pursuit,0,3.2628,0.3459
4.2,573.934,564.928,10.197,9.9062,0.4558,-2.68569,0.0538,-574.8,-600.0,6.0,1636.9812,1,pursuit,0,2.2722,0.4325
4.3,573.042,564.489,10.181,9.9378,0.3163,-2.68344,0.0224,-574.2,-600.0,6.0,1635.6249,1,pursuit,0,1.2785,0.34
4.4,572.15,564.046,10.167,9.9601,0.2231,-2.68077,0.0268,-573.6,-600.0,6.0,1634.2652,1,pursuit,0,0.2826,0.2056
4.5,571.258,563.601,10.153,9.9746,0.145,-2.67932,0.0145,-573.0,-600.0,6.0,1632.9029,1,pursuit,0,0.7151,0.0554
4.6,570.364,563.155,10.141,9.9836,0.0896,-2.67895,0.0037,-572.4,-600.0,6.0,1631.5391,1,pursuit,0,1.7134,0.1125
4.7,569.47,562.71,10.13,9.9889,0.0531,-2.67898,-0.0003,-571.8,-600.0,6.0,1630.1746,1,pursuit,0,2.7123,0.2954
4.8,568.576,562.264,10.119,9.9919,0.0299,-2.67934,-0.0035,-571.2,-600.0,6.0,1628.81,1,pursuit,0,3.7115,0.2889
4.9,567.681,561.819,10.11,9.9936,0.0165,-2.67976,-0.0043,-570.6,-600.0,6.0,1627.4456,1,pursuit,0,3.0253,0.0565
5.0,566.786,561.374,10.101,9.9946,0.0102,-2.68018,-0.0042,-570.0,-600.0,6.0,1626.0815,1,pursuit,0,2.0259,0.1937
5.1,565.891,560.93,10.093,9.9953,0.0069,-2.68119,-0.01,-569.4,-600.0,6.0,1624.7179,1,pursuit,0,1.0264,0.2531
5.2,564.995,560.486,10.085,9.9959,0.0066,-2.6817,-0.0051,-568.8,-600.0,6.0,1623.3548,1,pursuit,0,0.0272,0.0508
5.3,564.099,560.042,10.079,9.9967,0.0072,-2.68177,-0.0007,-568.2,-600.0,6.0,1621.9922,1,pursuit,0,0.9729,0.2855
5.4,563.204,559.598,10.072,9.9974,0.0073,-2.68153,0.0024,-567.6,-600.0,6.0,1620.6299,1,pursuit,0,1.9727,0.0745
5.5,562.308,559.154,10.067,9.9981,0.0071,-2.6811,0.0043,-567.0,-600.0,6.0,1619.2678,1,pursuit,0,2.9725,0.1537
5.6,561.412,558.709,10.061,9.9988,0.0069,-2.68064,0.0046,-566.4,-600.0,6.0,1617.9059,1,pursuit,0,2.0332,0.2565
5.7,560.516,558.265,10.056,9.9992,0.0044,-2.68139,-0.0076,-565.8,-600.0,6.0,1616.5441,1,pursuit,0,1.0332,0.121
5.8,559.621,557.821,10.052,9.9996,0.0039,-2.68116,0.0024,-565.2,-600.0,6.0,1615.1829,1,pursuit,0,0.0333,0.0383
5.9,558.725,557.376,10.048,10.0,0.0039,-2.68087,0.0029,-564.6,-600.0,6.0,1613.8219,1,pursuit,0,0.9667,0.0028
6.0,557.83,556.931,10.044,10.0004,0.0035,-2.67995,0.0091,-564.0,-600.0,6.0,1612.4612,1,pursuit,0,1.9668,0.0053
6.1,556.935,556.485,10.04,10.0007,0.0036,-2.67907,0.0089,-563.4,-600.0,6.0,1611.1005,2,pursuit,0,1.0527,1.0527
6.2,556.04,556.038,10.037,10.0011,0.0038,-2.67815,0.0092,-562.8,-600.0,6.0,1609.7398,2,pursuit,0,0.0548,0.0548
6.3,555.146,555.59,10.034,10.0015,0.0041,-2.67736,0.0079,-562.2,-600.0,6.0,1608.3791,2,pursuit,0,0.486,0.3144
6.4,554.252,555.141,10.031,10.0019,0.0044,-2.67672,0.0063,-561.6,-600.0,6.0,1607.0185,2,pursuit,0,1.4624,0.636
6.5,553.358,554.693,10.029,10.0024,0.0047,-2.67629,0.0043,-561.0,-600.0,6.0,1605.658,2,pursuit,0,1.6746,0.9744
6.6,552.464,554.243,10.027,10.0029,0.005,-2.67601,0.0028,-560.4,-600.0,6.0,1604.2977,2,pursuit,0,1.3319,1.272
6.7,551.57,553.794,10.024,10.0034,0.0054,-2.67586,0.0015,-559.8,-600.0,6.0,1602.9376,2,pursuit,0,1.6567,1.5766
6.8,550.676,553.345,10.023,10.004,0.0057,-2.67581,0.0005,-559.2,-600.0,6.0,1601.5777,2,pursuit,0,2.391,1.898
6.9,549.782,552.896,10.021,10.0046,0.0061,-2.67577,0.0003,-558.6,-600.0,6.0,1600.2182,2,pursuit,0,3.2697,2.2278
7.0,548.888,552.446,10.019,10.0053,0.0066,-2.67581,-0.0004,-558.0,-600.0,6.0,1598.8589,2,pursuit,0,4.2033,2.5232
7.1,547.994,551.997,10.018,10.006,0.007,-2.67582,-0.0001,-557.4,-600.0,6.0,1597.5,2,pursuit,0,4.543,2.8327
7.2,547.155,551.44,10.016,10.068,0.6196,-2.55582,1.2,-556.8,-600.0,6.0,1596.1414,2,pursuit,0,3.9717,3.0348
7.3,546.379,550.778,10.015,10.2075,1.3952,-2.43582,1.2,-556.2,-600.0,6.0,1594.7438,2,pursuit,0,3.4771,3.1263
7.4,545.677,550.018,10.014,10.34,1.3254,-2.31582,1.2,-555.6,-600.0,6.0,1593.3132,2,pursuit,0,3.1149,3.1031
7.5,545.067,549.173,10.013,10.4252,0.8518,-2.19582,1.2,-555.0,-600.0,6.0,1591.8645,2,pursuit,0,2.951,2.9239
7.6,544.562,548.258,10.012,10.4571,0.3189,-2.07582,1.2,-554.4,-600.0,6.0,1590.4171,2,pursuit,0,3.0259,2.6263
7.7,544.164,547.293,10.011,10.4322,-0.2485,-1.96158,1.1424,-553.8,-600.0,6.0,1588.9913,2,pursuit,0,3.3277,2.2221
7.8,543.798,546.321,10.01,10.3895,-0.4276,-1.9307,0.3089,-553.2,-600.0,6.0,1587.6049,2,pursuit,0,3.8669,1.7916
7.9,543.413,545.362,10.009,10.3326,-0.5684,-1.95299,-0.223,-552.6,-600.0,6.0,1586.2345,2,pursuit,0,4.5924,1.3838
8.0,542.982,544.43,10.008,10.2694,-0.6327,-2.00414,-0.5114,-552.0,-600.0,6.0,1584.8606,2,pursuit,0,3.6986,1.0269
8.1,542.497,543.532,10.008,10.2095,-0.5982,-2.06597,-0.6184,-551.4,-600.0,6.0,1583.4743,2,pursuit,0,2.6777,0.7385
8.2,541.96,542.669,10.007,10.1564,-0.532,-2.1274,-0.6142,-550.8,-600.0,6.0,1582.0751,2,pursuit,0,1.664,0.5403
8.3,541.378,541.841,10.006,10.1187,-0.377,-2.18328,-0.5588,-550.2,-600.0,6.0,1580.6664,2,pursuit,0,0.675,0.4684
8.4,540.76,541.044,10.006,10.0906,-0.2806,-2.23062,-0.4734,-549.6,-600.0,6.0,1579.2514,2,pursuit,0,0.459,0.4009
8.5,540.113,540.272,10.005,10.0685,-0.2207,-2.26801,-0.3739,-549.0,-600.0,6.0,1577.8332,2,pursuit,0,1.4193,0.1989
8.6,539.447,539.52,10.005,10.0495,-0.1898,-2.29541,-0.274,-548.4,-600.0,6.0,1576.4141,2,pursuit,0,2.4184,0.0614
8.7,538.765,538.784,10.005,10.0346,-0.1493,-2.31802,-0.2261,-547.8,-600.0,6.0,1574.9956,2,pursuit,0,3.4206,0.2432
8.8,538.073,538.058,10.004,10.0242,-0.1039,-2.33305,-0.1503,-547.2,-600.0,6.0,1573.5781,2,pursuit,0,3.2788,0.2978
8.9,537.372,537.343,10.004,10.0168,-0.0742,-2.34626,-0.1321,-546.6,-600.0,6.0,1572.1617,2,pursuit,0,2.2773,0.0502
9.0,536.666,536.633,10.004,10.012,-0.0485,-2.35305,-0.0679,-546.0,-600.0,6.0,1570.7462,2,pursuit,0,1.2763,0.224
9.1,535.957,535.927,10.003,10.0088,-0.0312,-2.35819,-0.0514,-545.4,-600.0,6.0,1569.3315,2,pursuit,0,0.2763,0.1986
9.2,535.246,535.223,10.003,10.0068,-0.0201,-2.36142,-0.0323,-544.8,-600.0,6.0,1567.9173,2,pursuit,0,0.7259,0.1199
9.3,534.533,534.52,10.003,10.0056,-0.0123,-2.36293,-0.015,-544.2,-600.0,6.0,1566.5036,2,pursuit,0,1.7262,0.2036
9.4,533.821,533.817,10.003,10.0048,-0.0086,-2.36298,-0.0006,-543.6,-600.0,6.0,1565.0902,2,pursuit,0,2.7266,0.1632
9.5,533.11,533.114,10.002,10.004,-0.0078,-2.36182,0.0117,-543.0,-600.0,6.0,1563.677,2,pursuit,0,2.3846,0.0564
9.6,532.399,532.41,10.002,10.0031,-0.0087,-2.3605,0.0132,-542.4,-600.0,6.0,1562.2639,2,pursuit,0,1.3843,0.2119
9.7,531.689,531.705,10.002,10.0027,-0.0041,-2.35981,0.0069,-541.8,-600.0,6.0,1560.8511,2,pursuit,0,0.384,0.2319
9.8,530.98,531.0,10.002,10.0021,-0.0059,-2.35919,0.0062,-541.2,-600.0,6.0,1559.4384,2,pursuit,0,0.6162,0.1581
9.9,530.272,530.294,10.002,10.0013,-0.0082,-2.3582,0.01,-540.6,-600.0,6.0,1558.0259,2,pursuit,0,1.6163,0.1315
10.0,529.564,529.588,10.002,10.0014,0.0008,-2.35705,0.0115,-540.0,-600.0,6.0,1556.6136,2,pursuit,0,2.2503,0.1459
10.1,528.857,528.88,10.001,10.0014,-0.0001,-2.35571,0.0134,-539.4,-600.0,6.0,1555.2014,2,pursuit,0,1.2502,0.1952
10.2,528.151,528.172,10.001,10.0014,0.0004,-2.35467,0.0104,-538.8,-600.0,6.0,1553.7893,2,pursuit,0,0.2501,0.1792
10.3,527.446,527.462,10.001,10.0013,-0.0007,-2.35298,0.0168,-538.2,-600.0,6.0,1552.3773,2,pursuit,0,0.7502,0.0701
10.4,526.742,526.751,10.001,10.0014,0.0003,-2.35077,0.0222,-537.6,-600.0,6.0,1550.9654,2,pursuit,0,1.7503,0.0559
10.5,526.041,526.038,10.001,10.0013,-0.0007,-2.34799,0.0278,-537.0,-600.0,6.0,1549.5536,2,pursuit,0,1.5862,0.1915
10.6,525.342,525.323,10.001,10.0013,0.0004,-2.34496,0.0302,-536.4,-600.0,6.0,1548.1418,2,pursuit,0,0.5862,0.0889
10.7,524.645,524.606,10.001,10.0012,-0.0008,-2.34145,0.0351,-535.8,-600.0,6.0,1546.7302,2,pursuit,0,0.4147,0.0718
10.8,523.951,523.885,10.001,10.0013,0.0005,-2.33751,0.0394,-535.2,-600.0,6.0,1545.3186,2,pursuit,0,1.4145,0.1919
10.9,523.261,523.162,10.001,10.0012,-0.0011,-2.33312,0.0439,-534.6,-600.0,6.0,1543.9071,2,pursuit,0,1.8025,0.0386
11.0,522.573,522.435,10.001,10.0009,-0.003,-2.32828,0.0484,-534.0,-600.0,6.0,1542.4957,2,pursuit,0,0.8026,0.1324
11.1,521.89,521.705,10.001,10.0004,-0.005,-2.32276,0.0552,-533.4,-600.0,6.0,1541.0844,2,pursuit,0,0.2001,0.1438
11.2,521.21,520.972,10.001,10.0002,-0.0016,-2.31868,0.0408,-532.8,-600.0,6.0,1539.6733,2,pursuit,0,1.1984,0.0295
11.3,520.533,520.236,10.001,9.9999,-0.0031,-2.31423,0.0445,-532.2,-600.0,6.0,1538.2623,2,pursuit,0,2.1228,0.1483
11.4,519.86,519.496,10.0,9.9994,-0.005,-2.30943,0.048,-531.6,-600.0,6.0,1536.8516,2,pursuit,0,1.1229,0.1553
11.5,519.191,518.754,10.0,9.9988,-0.0064,-2.3042,0.0523,-531.0,-600.0,6.0,1535.441,2,pursuit,0,0.1255,0.0359
11.6,518.525,518.007,10.0,9.998,-0.0075,-2.29911,0.0509,-530.4,-600.0,6.0,1534.0308,2,pursuit,0,0.8776,0.1039
11.7,517.863,517.259,10.0,9.9979,-0.0014,-2.29525,0.0386,-529.8,-600.0,6.0,1532.6208,2,pursuit,0,1.8772,0.2203
11.8,517.203,516.508,10.0,9.9976,-0.0026,-2.2916,0.0365,-529.2,-600.0,6.0,1531.2111,2,pursuit,0,1.5426,0.1049
11.9,516.546,515.754,10.0,9.9972,-0.004,-2.28746,0.0414,-528.6,-600.0,6.0,1529.8016,2,pursuit,0,0.543,0.0234
12.0,515.893,514.997,10.0,9.9967,-0.0055,-2.28343,0.0403,-528.0,-600.0,6.0,1528.3924,2,pursuit,0,0.4574,0.1242
12.1,515.242,514.239,10.0,9.996,-0.0069,-2.27964,0.0379,-527.4,-600.0,6.0,1526.9836,2,pursuit,0,1.4568,0.214
12.2,514.593,513.479,10.0,9.9958,-0.0019,-2.27793,0.0171,-526.8,-600.0,6.0,1525.575,3,pursuit,0,2.6469,0.1045
12.3,513.945,512.717,10.0,9.9955,-0.003,-2.27593,0.02,-526.2,-600.0,6.0,1524.1667,3,pursuit,0,1.6473,0.0895
12.4,513.299,511.955,10.0,9.9951,-0.0045,-2.27354,0.0238,-525.6,-600.0,6.0,1522.7585,3,pursuit,0,0.6478,0.2571
12.5,512.654,511.191,10.0,9.9945,-0.006,-2.27133,0.0221,-525.0,-600.0,6.0,1521.3506,3,pursuit,0,0.3517,0.4095
12.6,512.012,510.425,10.0,9.9937,-0.0074,-2.2694,0.0194,-524.4,-600.0,6.0,1519.943,3,pursuit,0,1.351,0.3206
12.7,511.37,509.659,10.0,9.9929,-0.0084,-2.26792,0.0148,-523.8,-600.0,6.0,1518.5357,3,pursuit,0,2.3503,0.1971
12.8,510.73,508.892,10.0,9.992,-0.0089,-2.26673,0.0119,-523.2,-600.0,6.0,1517.1286,3,pursuit,0,3.3495,0.0766
12.9,510.09,508.125,10.0,9.991,-0.0101,-2.26595,0.0078,-522.6,-600.0,6.0,1515.7218,3,pursuit,0,4.3082,0.0444
13.0,509.45,507.358,10.0,9.9898,-0.0115,-2.26558,0.0037,-522.0,-600.0,6.0,1514.3152,3,pursuit,0,3.3092,0.1692
13.1,508.811,506.59,10.0,9.9886,-0.0122,-2.26538,0.0021,-521.4,-600.0,6.0,1512.9089,3,pursuit,0,2.3103,0.3011
13.2,508.171,505.823,10.0,9.9874,-0.0125,-2.26543,-0.0006,-520.8,-600.0,6.0,1511.5028,3,pursuit,0,1.3116,0.4026
13.3,507.532,505.056,10.0,9.986,-0.0131,-2.26539,0.0005,-520.2,-600.0,6.0,1510.0969,3,pursuit,0,0.313,0.2383
13.4,506.893,504.289,10.0,9.9848,-0.0128,-2.26543,-0.0005,-519.6,-600.0,6.0,1508.6912,3,pursuit,0,0.6855,0.0624
13.5,506.254,503.522,10.0,9.9834,-0.0135,-2.26534,0.001,-519.0,-600.0,6.0,1507.2857,3,pursuit,0,1.6838,0.1252
13.6,505.615,502.755,10.0,9.982,-0.0138,-2.2653,0.0003,-518.4,-600.0,6.0,1505.8805,3,pursuit,0,2.682,0.325
13.7,504.977,501.988,10.0,9.9807,-0.0135,-2.26511,0.002,-517.8,-600.0,6.0,1504.4756,3,pursuit,0,3.6801,0.2358
13.8,504.338,501.221,10.0,9.9793,-0.0136,-2.26504,0.0006,-517.2,-600.0,6.0,1503.0708,3,pursuit,0,2.978,0.0023
13.9,503.7,500.453,10.0,9.9829,0.0355,-2.2646,0.0045,-516.6,-600.0,6.0,1501.6664,3,pursuit,0,1.9797,0.2542
14.0,503.061,499.685,10.0,9.9862,0.033,-2.26439,0.0021,-516.0,-600.0,6.0,1500.2616,3,pursuit,0,0.9811,0.1984
14.1,502.423,498.917,10.0,9.9892,0.0299,-2.26424,0.0015,-515.4,-600.0,6.0,1498.8567,3,pursuit,0,0.018,0.0964
14.2,501.784,498.149,10.0,9.9918,0.0267,-2.2642,0.0004,-514.8,-600.0,6.0,1497.4516,3,pursuit,0,1.017,0.2686
14.3,501.145,497.38,10.0,9.9942,0.0234,-2.26436,-0.0016,-514.2,-600.0,6.0,1496.0463,3,pursuit,0,2.0164,0.0715
14.4,500.506,496.612,10.0,9.9962,0.02,-2.26449,-0.0013,-513.6,-600.0,6.0,1494.6409,3,pursuit,0,3.0161,0.2007
14.5,499.867,495.843,10.0,9.9978,0.0164,-2.26462,-0.0013,-513.0,-600.0,6.0,1493.2353,3,pursuit,0,2.1808,0.1873
14.6,499.227,495.074,10.0,9.9991,0.0127,-2.26477,-0.0015,-512.4,-600.0,6.0,1491.8297,3,pursuit,0,1.1809,0.0112
14.7,498.588,494.305,10.0,10.0003,0.0122,-2.26444,0.0033,-511.8,-600.0,6.0,1490.4241,3,pursuit,0,0.1809,0.1072
14.8,497.948,493.537,10.0,10.0013,0.0098,-2.26486,-0.0042,-511.2,-600.0,6.0,1489.0184,3,pursuit,0,0.8193,0.1722
14.9,497.308,492.768,10.0,10.0019,0.0062,-2.26499,-0.0013,-510.6,-600.0,6.0,1487.6128,3,pursuit,0,1.8195,0.1898
15.0,496.668,491.999,10.0,10.0021,0.0025,-2.2651,-0.0011,-510.0,-600.0,6.0,1486.2071,3,pursuit,0,2.0852,0.1656
15.1,496.028,491.231,10.0,10.002,-0.0013,-2.2651,-0.0,-509.4,-600.0,6.0,1484.8016,3,pursuit,0,1.085,0.1052
15.2,495.388,490.462,10.0,10.0015,-0.0053,-2.26516,-0.0006,-508.8,-600.0,6.0,1483.3961,3,pursuit,0,0.0849,0.0143
15.3,494.748,489.693,10.0,10.0008,-0.0072,-2.26519,-0.0003,-508.2,-600.0,6.0,1481.9909,3,pursuit,0,0.9152,0.1018
15.4,494.109,488.925,10.0,9.9999,-0.0087,-2.26521,-0.0002,-507.6,-600.0,6.0,1480.5858,3,pursuit,0,1.9152,0.1894
15.5,493.469,488.157,10.0,9.999,-0.0088,-2.26531,-0.001,-507.0,-600.0,6.0,1479.1808,3,pursuit,0,1.3539,0.0334
15.6,492.829,487.389,10.0,9.9981,-0.0092,-2.26536,-0.0006,-506.4,-600.0,6.0,1477.7761,3,pursuit,0,0.3541,0.1334
15.7,492.189,486.62,10.0,9.9971,-0.0096,-2.26548,-0.0011,-505.8,-600.0,6.0,1476.3716,3,pursuit,0,0.6456,0.101
15.8,491.549,485.853,10.0,9.9961,-0.0101,-2.26552,-0.0004,-505.2,-600.0,6.0,1474.9672,3,pursuit,0,1.6452,0.0831
15.9,490.909,485.085,10.0,9.995,-0.011,-2.26563,-0.0011,-504.6,-600.0,6.0,1473.5631,3,pursuit,0,1.4347,0.135
16.0,490.269,484.317,10.0,9.9939,-0.0118,-2.26566,-0.0003,-504.0,-600.0,6.0,1472.1591,3,pursuit,0,0.4354,0.0533
16.1,489.629,483.55,10.0,9.9926,-0.0125,-2.26579,-0.0013,-503.4,-600.0,6.0,1470.7554,3,pursuit,0,0.5639,0.1683
16.2,488.989,482.782,10.0,9.9913,-0.013,-2.26582,-0.0002,-502.8,-600.0,6.0,1469.3519,3,pursuit,0,1.563,0.0111
16.3,488.349,482.015,10.0,9.9901,-0.0121,-2.26591,-0.0009,-502.2,-600.0,6.0,1467.9487,3,pursuit,0,1.5744,0.185
16.4,487.71,481.248,10.0,9.9889,-0.0123,-2.26588,0.0003,-501.6,-600.0,6.0,1466.5457,3,pursuit,0,0.5755,0.0631
16.5,487.07,480.481,10.0,9.9878,-0.0103,-2.26598,-0.001,-501.0,-600.0,6.0,1465.1429,3,pursuit,0,0.4233,0.0986
16.6,486.43,479.714,10.0,9.9868,-0.0106,-2.26592,0.0006,-500.4,-600.0,6.0,1463.7403,3,pursuit,0,1.4219,0.1659
16.7,485.791,478.947,10.0,9.9859,-0.0091,-2.26596,-0.0004,-499.8,-600.0,6.0,1462.3379,3,pursuit,0,1.8227,0.014
16.8,485.151,478.18,10.0,9.9849,-0.0095,-2.26587,0.0009,-499.2,-600.0,6.0,1460.9357,3,pursuit,0,0.8242,0.1346
16.9,484.512,477.413,10.0,9.9841,-0.0081,-2.26589,-0.0003,-498.6,-600.0,6.0,1459.5338,3,pursuit,0,0.1742,0.1471
17.0,483.872,476.647,10.0,9.9833,-0.0084,-2.26579,0.001,-498.0,-600.0,6.0,1458.132,3,pursuit,0,1.1726,0.0051
17.1,483.233,475.88,10.0,9.9825,-0.0076,-2.2658,-0.0001,-497.4,-600.0,6.0,1456.7304,3,pursuit,0,2.1346,0.1348
17.2,482.594,475.113,10.0,9.9817,-0.0081,-2.26569,0.001,-496.8,-600.0,6.0,1455.329,3,pursuit,0,1.1365,0.1577
17.3,481.955,474.347,10.0,9.9809,-0.0076,-2.26571,-0.0001,-496.2,-600.0,6.0,1453.9278,3,pursuit,0,0.1384,0.0216
17.4,481.316,473.58,10.0,9.9801,-0.0082,-2.26561,0.0009,-495.6,-600.0,6.0,1452.5268,3,pursuit,0,0.8596,0.1134
17.5,480.677,472.813,10.0,9.9793,-0.008,-2.26563,-0.0002,-495.0,-600.0,6.0,1451.126,3,pursuit,0,1.8576,0.1843
17.6,480.038,472.047,10.0,9.9785,-0.0082,-2.26546,0.0017,-494.4,-600.0,6.0,1449.7254,3,pursuit,0,1.4732,0.0506
17.7,479.4,471.28,10.0,9.9776,-0.0088,-2.26547,-0.0001,-493.8,-600.0,6.0,1448.3249,3,pursuit,0,0.4755,0.0831
17.8,478.761,470.514,10.0,9.9769,-0.0074,-2.26536,0.0012,-493.2,-600.0,6.0,1446.9247,3,pursuit,0,0.5222,0.2146
17.9,478.122,469.747,10.0,9.9761,-0.0082,-2.26541,-0.0006,-492.6,-600.0,6.0,1445.5247,3,pursuit,0,1.5198,0.0801
18.0,477.484,468.981,10.0,9.9753,-0.0072,-2.26535,0.0007,-492.0,-600.0,6.0,1444.1248,3,pursuit,0,1.8053,0.0548
18.1,476.845,468.214,10.0,9.9746,-0.0079,-2.26543,-0.0008,-491.4,-600.0,6.0,1442.7252,3,pursuit,0,0.8078,0.1901
18.2,476.207,467.448,10.0,9.9737,-0.0089,-2.2655,-0.0007,-490.8,-600.0,6.0,1441.3257,4,pursuit,0,3.9418,2.9871
18.3,475.569,466.682,10.0,9.9727,-0.0099,-2.26556,-0.0006,-490.2,-600.0,6.0,1439.9264,4,pursuit,0,2.9663,2.363
18.4,474.93,465.916,10.0,9.9716,-0.0107,-2.26561,-0.0005,-489.6,-600.0,6.0,1438.5274,4,pursuit,0,2.0123,1.7413
18.5,474.292,465.15,10.0,9.9705,-0.0116,-2.26565,-0.0004,-489.0,-600.0,6.0,1437.1285,4,pursuit,0,1.1352,1.1247
18.6,473.653,464.384,10.0,9.9692,-0.0124,-2.26569,-0.0003,-488.4,-600.0,6.0,1435.7299,4,pursuit,0,0.7184,0.5307
18.7,472.95,463.721,10.0,9.6692,-3.0,-2.38569,-1.2,-487.8,-600.0,6.0,1434.3315,4,pursuit,0,1.3523,0.2106
18.8,472.18,463.153,10.0,9.5738,-0.9543,-2.50569,-1.2,-487.2,-600.0,6.0,1432.9656,4,pursuit,0,2.2612,0.4606
18.9,471.344,462.679,10.0,9.6042,0.3037,-2.62569,-1.2,-486.6,-600.0,6.0,1431.6255,4,pursuit,0,3.2164,0.7332
19.0,470.451,462.305,10.0,9.6805,0.7637,-2.74569,-1.2,-486.0,-600.0,6.0,1430.3126,4,pursuit,0,4.184,0.9177
19.1,469.512,462.04,10.0,9.7623,0.8175,-2.86569,-1.2,-485.4,-600.0,6.0,1429.036,4,pursuit,0,3.3661,1.0055
19.2,468.541,461.886,10.0,9.8304,0.6811,-2.98517,-1.1949,-484.8,-600.0,6.0,1427.8091,4,pursuit,0,2.4283,0.9996
19.3,467.556,461.8,10.0,9.8797,0.4935,-3.05396,-0.6878,-484.2,-600.0,6.0,1426.6455,4,pursuit,0,1.509,0.9167
19.4,466.567,461.742,10.0,9.9155,0.3573,-3.08275,-0.288,-483.6,-600.0,6.0,1425.5236,4,pursuit,0,0.7539,0.7308
19.5,465.574,461.687,10.0,9.9401,0.2467,-3.08686,-0.0411,-483.0,-600.0,6.0,1424.4199,4,pursuit,0,0.9076,0.5623
19.6,464.58,461.622,10.0,9.9608,0.2068,-3.07563,0.1123,-482.4,-600.0,6.0,1423.3182,4,pursuit,0,1.754,0.4652
19.7,463.586,461.538,10.0,9.9759,0.1508,-3.05795,0.1768,-481.8,-600.0,6.0,1422.2081,4,pursuit,0,2.71,0.4967
19.8,462.593,461.435,10.0,9.9864,0.1052,-3.03821,0.1974,-481.2,-600.0,6.0,1421.0856,4,pursuit,0,3.6923,0.2776
19.9,461.601,461.313,10.0,9.9927,0.063,-3.01874,0.1947,-480.6,-600.0,6.0,1419.9497,4,pursuit,0,2.8821,0.1757
20.0,460.611,461.173,10.0,9.9965,0.0373,-3.00112,0.1762,-480.0,-600.0,6.0,1418.8013,4,pursuit,0,1.8824,0.358
20.1,459.623,461.019,10.0,9.9983,0.0188,-2.98735,0.1378,-479.4,-600.0,6.0,1417.642,4,pursuit,0,0.8827,0.1152
20.2,458.637,460.854,10.0,9.9993,0.01,-2.97567,0.1168,-478.8,-600.0,6.0,1416.4745,4,pursuit,0,0.1223,0.1993
20.3,457.652,460.68,10.0,9.9998,0.0049,-2.96673,0.0894,-478.2,-600.0,6.0,1415.3003,4,pursuit,0,1.1185,0.1709
20.4,456.669,460.499,10.0,10.0,0.0022,-2.95931,0.0742,-477.6,-600.0,6.0,1414.1213,4,pursuit,0,2.1184,0.1651
20.5,455.686,460.313,10.0,10.0001,0.0007,-2.9546,0.0471,-477.0,-600.0,6.0,1412.9385,4,pursuit,0,3.1184,0.1231
20.6,454.704,460.123,10.0,10.0001,-0.0001,-2.95077,0.0383,-476.4,-600.0,6.0,1411.7536,4,pursuit,0,2.1706,0.2542
20.7,453.723,459.933,10.0,10.0001,-0.0003,-2.95061,0.0016,-475.8,-600.0,6.0,1410.5672,4,pursuit,0,1.1706,0.0519
20.8,452.741,459.742,10.0,10.0,-0.0007,-2.94914,0.0147,-475.2,-600.0,6.0,1409.3814,4,pursuit,0,0.171,0.0959
20.9,451.76,459.55,10.0,9.9999,-0.0011,-2.94801,0.0113,-474.6,-600.0,6.0,1408.1956,4,pursuit,0,0.8295,0.1861
21.0,450.779,459.357,10.0,9.9997,-0.0015,-2.94729,0.0072,-474.0,-600.0,6.0,1407.0099,4,pursuit,0,1.8294,0.2265
21.1,449.798,459.163,10.0,9.9996,-0.0018,-2.94678,0.0052,-473.4,-600.0,6.0,1405.8245,4,pursuit,0,2.1656,0.2215
21.2,448.817,458.969,10.0,9.9994,-0.002,-2.94639,0.0039,-472.8,-600.0,6.0,1404.6397,4,pursuit,0,1.1657,0.176
21.3,447.836,458.775,10.0,9.9991,-0.0022,-2.94608,0.0031,-472.2,-600.0,6.0,1403.4555,4,pursuit,0,0.1658,0.0947
21.4,446.855,458.58,10.0,9.9989,-0.0024,-2.94588,0.0021,-471.6,-600.0,6.0,1402.2719,4,pursuit,0,0.8341,0.0181
21.5,445.874,458.386,10.0,9.9986,-0.0027,-2.9456,0.0028,-471.0,-600.0,6.0,1401.089,4,pursuit,0,1.834,0.1568
21.6,444.894,458.191,10.0,9.9984,-0.0028,-2.94534,0.0026,-470.4,-600.0,6.0,1399.9067,4,pursuit,0,1.3872,0.0962
21.7,443.913,457.996,10.0,9.9981,-0.0029,-2.94505,0.0028,-469.8,-600.0,6.0,1398.7251,4,pursuit,0,0.3875,0.0889
21.8,442.933,457.8,10.0,9.9978,-0.0029,-2.94485,0.002,-469.2,-600.0,6.0,1397.5442,4,pursuit,0,0.6125,0.1142
21.9,441.952,457.604,10.0,9.9975,-0.003,-2.94456,0.0029,-468.6,-600.0,6.0,1396.3641,4,pursuit,0,1.6122,0.0967
22.0,440.972,457.408,10.0,9.9972,-0.0029,-2.94427,0.0029,-468.0,-600.0,6.0,1395.1845,4,pursuit,0,1.3168,0.0764
22.1,439.992,457.212,10.0,9.9969,-0.0029,-2.94402,0.0025,-467.4,-600.0,6.0,1394.0057,4,pursuit,0,0.3171,0.1484
22.2,439.011,457.016,10.0,9.9967,-0.0022,-2.94383,0.0019,-466.8,-600.0,6.0,1392.8275,4,pursuit,0,0.6826,0.0128
22.3,438.031,456.819,10.0,9.9964,-0.0022,-2.9436,0.0023,-466.2,-600.0,6.0,1391.6501,4,pursuit,0,1.6823,0.1724
22.4,437.051,456.622,10.0,9.9962,-0.0022,-2.94341,0.0019,-465.6,-600.0,6.0,1390.4733,4,pursuit,0,1.2135,0.0501
22.5,436.071,456.425,10.0,9.996,-0.0023,-2.94328,0.0013,-465.0,-600.0,6.0,1389.2973,4,pursuit,0,0.2139,0.1252
22.6,435.091,456.228,10.0,9.9958,-0.0022,-2.9432,0.0008,-464.4,-600.0,6.0,1388.1221,4,pursuit,0,0.7856,0.0853
22.7,434.111,456.031,10.0,9.9956,-0.0022,-2.94311,0.0009,-463.8,-600.0,6.0,1386.9477,4,pursuit,0,1.7852,0.107
22.8,433.131,455.834,10.0,9.9953,-0.0023,-2.94309,0.0002,-463.2,-600.0,6.0,1385.774,4,pursuit,0,1.2131,0.093
22.9,432.152,455.637,10.0,9.9951,-0.0024,-2.94314,-0.0004,-462.6,-600.0,6.0,1384.6012,4,pursuit,0,0.2136,0.1136
23.0,431.172,455.44,10.0,9.9949,-0.0023,-2.9432,-0.0007,-462.0,-600.0,6.0,1383.4293,4,pursuit,0,0.7859,0.078
23.1,430.192,455.243,10.0,9.9947,-0.0021,-2.94321,-0.0,-461.4,-600.0,6.0,1382.2583,4,pursuit,0,1.7853,0.14
23.2,429.212,455.046,10.0,9.9944,-0.0022,-2.94329,-0.0009,-460.8,-600.0,6.0,1381.0881,4,pursuit,0,1.2916,0.0451
23.3,428.232,454.849,10.0,9.9942,-0.0022,-2.94341,-0.0012,-460.2,-600.0,6.0,1379.9189,4,pursuit,0,0.2922,0.1814
23.4,427.252,454.653,10.0,9.994,-0.0022,-2.94349,-0.0007,-459.6,-600.0,6.0,1378.7506,4,pursuit,0,0.7072,0.0035
23.5,426.272,454.456,10.0,9.9938,-0.0023,-2.94361,-0.0012,-459.0,-600.0,6.0,1377.5832,4,pursuit,0,1.7066,0.1772
23.6,425.292,454.26,10.0,9.9938,-0.0001,-2.94364,-0.0003,-458.4,-600.0,6.0,1376.4167,4,pursuit,0,1.4127,0.0568
23.7,424.313,454.063,10.0,9.9937,-0.0003,-2.94367,-0.0003,-457.8,-600.0,6.0,1375.2512,4,pursuit,0,0.4133,0.1194
23.8,423.333,453.867,10.0,9.9938,0.0003,-2.94379,-0.0012,-457.2,-600.0,6.0,1374.0865,4,pursuit,0,0.5861,0.1171
23.9,422.353,453.67,10.0,9.9938,0.0,-2.94387,-0.0008,-456.6,-600.0,6.0,1372.9227,4,pursuit,0,1.5855,0.0583
24.0,421.373,453.474,10.0,9.9938,0.0003,-2.944,-0.0012,-456.0,-600.0,6.0,1371.7599,4,pursuit,0,1.543,0.1781
24.1,420.393,453.278,10.0,9.9938,-0.0,-2.94408,-0.0008,-455.4,-600.0,6.0,1370.5979,4,pursuit,0,0.5436,0.0023
24.2,419.413,453.082,10.0,9.9937,-0.0004,-2.94415,-0.0007,-454.8,-600.0,6.0,1369.4369,5,pursuit,0,8.9878,8.9878
24.3,418.433,452.886,10.0,9.9937,-0.0008,-2.94421,-0.0006,-454.2,-600.0,6.0,1368.2769,5,pursuit,0,8.0782,8.0782
24.4,417.453,452.69,10.0,9.9935,-0.0012,-2.94425,-0.0004,-453.6,-600.0,6.0,1367.1177,5,pursuit,0,7.1926,7.1926
24.5,416.473,452.494,10.0,9.9934,-0.0016,-2.94427,-0.0002,-453.0,-600.0,6.0,1365.9594,5,pursuit,0,6.3409,6.3409
24.6,415.493,452.298,10.0,9.9932,-0.002,-2.94427,-0.0,-452.4,-600.0,6.0,1364.8021,5,pursuit,0,5.5388,5.5388
24.7,414.513,452.102,10.0,9.993,-0.0023,-2.94426,0.0001,-451.8,-600.0,6.0,1363.6456,5,pursuit,0,4.8111,4.8111
24.8,413.533,451.907,10.0,9.9927,-0.0027,-2.94425,0.0002,-451.2,-600.0,6.0,1362.49,5,pursuit,0,4.1967,4.1967
24.9,412.554,451.711,10.0,9.9924,-0.003,-2.94422,0.0002,-450.6,-600.0,6.0,1361.3353,5,pursuit,0,3.7516,3.7516
25.0,411.574,451.515,10.0,9.992,-0.0034,-2.9442,0.0003,-450.0,-600.0,6.0,1360.1815,5,pursuit,0,3.5404,3.5404
25.1,410.594,451.319,10.0,9.9917,-0.0036,-2.94417,0.0003,-449.4,-600.0,6.0,1359.0286,5,pursuit,0,3.5492,3.5241
25.2,409.614,451.123,10.0,9.9913,-0.0037,-2.94414,0.0003,-448.8,-600.0,6.0,1357.8766,5,pursuit,0,3.633,3.5183
25.3,408.635,450.927,10.0,9.9909,-0.0038,-2.94412,0.0003,-448.2,-600.0,6.0,1356.7255,5,pursuit,0,3.509,3.5095
25.4,407.655,450.731,10.0,9.9906,-0.0038,-2.94409,0.0003,-447.6,-600.0,6.0,1355.5753,5,pursuit,0,3.6639,3.5072
25.5,406.675,450.535,10.0,9.9902,-0.0038,-2.94406,0.0003,-447.0,-600.0,6.0,1354.426,5,pursuit,0,4.0659,3.4974
25.6,405.696,450.338,10.0,9.9898,-0.0038,-2.94403,0.0003,-446.4,-600.0,6.0,1353.2777,5,pursuit,0,4.3827,3.4837
25.7,404.716,450.142,10.0,9.9894,-0.0038,-2.944,0.0003,-445.8,-600.0,6.0,1352.1302,5,pursuit,0,3.8513,3.4834
25.8,403.737,449.946,10.0,9.989,-0.0038,-2.94397,0.0003,-445.2,-600.0,6.0,1350.9836,5,pursuit,0,3.5288,3.4673
25.9,402.757,449.75,10.0,9.9886,-0.0038,-2.94394,0.0003,-444.6,-600.0,6.0,1349.838,5,pursuit,0,3.4739,3.4731
26.0,401.778,449.554,10.0,9.9883,-0.0038,-2.94392,0.0003,-444.0,-600.0,6.0,1348.6932,5,pursuit,0,3.6985,3.4489
26.1,400.799,449.358,10.0,9.9879,-0.0038,-2.94389,0.0003,-443.4,-600.0,6.0,1347.5494,5,pursuit,0,4.1574,3.4443
26.2,399.819,449.162,10.0,9.9875,-0.0038,-2.94386,0.0003,-442.8,-600.0,6.0,1346.4065,5,pursuit,0,4.7837,3.4456
26.3,398.84,448.965,10.0,9.9871,-0.0038,-2.94383,0.0003,-442.2,-600.0,6.0,1345.2646,5,pursuit,0,4.7505,3.4212
26.4,397.861,448.769,10.0,9.9867,-0.0038,-2.9438,0.0003,-441.6,-600.0,6.0,1344.1235,5,pursuit,0,4.1117,3.411
26.5,396.882,448.573,10.0,9.9863,-0.0038,-2.94377,0.0003,-441.0,-600.0,6.0,1342.9834,5,pursuit,0,3.6385,3.4146
26.6,395.903,448.377,10.0,9.986,-0.0038,-2.94375,0.0003,-440.4,-600.0,6.0,1341.8442,5,pursuit,0,3.4009,3.3955
26.7,394.924,448.18,10.0,9.9856,-0.0038,-2.94372,0.0003,-439.8,-600.0,6.0,1340.706,5,pursuit,0,3.4479,3.3763
26.8,393.945,447.984,10.0,9.9852,-0.0038,-2.94369,0.0003,-439.2,-600.0,6.0,1339.5686,5,pursuit,0,3.7688,3.3723
26.9,392.966,447.788,10.0,9.9848,-0.0038,-2.94366,0.0003,-438.6,-600.0,6.0,1338.4322,5,pursuit,0,4.3027,3.3636
27.0,391.987,447.591,10.0,9.9844,-0.0038,-2.94363,0.0003,-438.0,-600.0,6.0,1337.2968,5,pursuit,0,4.9503,3.3394
27.1,391.008,447.395,10.0,9.984,-0.0038,-2.9436,0.0003,-437.4,-600.0,6.0,1336.1623,5,pursuit,0,4.256,3.3354
27.2,390.029,447.198,10.0,9.9837,-0.0038,-2.94358,0.0003,-436.8,-600.0,6.0,1335.0287,5,pursuit,0,3.7034,3.3175
27.3,389.05,447.002,10.0,9.9833,-0.0038,-2.94355,0.0003,-436.2,-600.0,6.0,1333.8961,5,pursuit,0,3.363,3.3
27.4,388.071,446.806,10.0,9.9829,-0.0038,-2.94352,0.0003,-435.6,-600.0,6.0,1332.7644,5,pursuit,0,3.3012,3.294
27.5,387.093,446.609,10.0,9.9825,-0.0038,-2.94349,0.0003,-435.0,-600.0,6.0,1331.6337,5,pursuit,0,3.5325,3.269
27.6,386.114,446.413,10.0,9.9821,-0.0038,-2.94346,0.0003,-434.4,-600.0,6.0,1330.5039,5,pursuit,0,4.0065,3.2623
27.7,385.135,446.216,10.0,9.9817,-0.0038,-2.94343,0.0003,-433.8,-600.0,6.0,1329.3751,5,pursuit,0,4.4024,3.2389
27.8,384.157,446.02,10.0,9.9814,-0.0038,-2.94341,0.0003,-433.2,-600.0,6.0,1328.2473,5,pursuit,0,3.7834,3.2234
27.9,383.178,445.823,10.0,9.981,-0.0038,-2.94338,0.0003,-432.6,-600.0,6.0,1327.1204,5,pursuit,0,3.3525,3.2147
28.0,382.2,445.626,10.0,9.9806,-0.0038,-2.94335,0.0003,-432.0,-600.0,6.0,1325.9944,5,pursuit,0,3.187,3.1882
28.1,381.221,445.43,10.0,9.9802,-0.0038,-2.94332,0.0003,-431.4,-600.0,6.0,1324.8695,5,pursuit,0,3.3266,3.1697
28.2,380.243,445.233,10.0,9.9798,-0.0038,-2.94329,0.0003,-430.8,-600.0,6.0,1323.7455,5,pursuit,0,3.7373,3.1537
28.3,379.264,445.037,10.0,9.9794,-0.0038,-2.94326,0.0003,-430.2,-600.0,6.0,1322.6224,5,pursuit,0,3.7852,3.1367
28.4,378.286,444.84,10.0,9.9791,-0.0038,-2.94324,0.0003,-429.6,-600.0,6.0,1321.5004,5,pursuit,0,3.3126,3.1178
28.5,377.308,444.643,10.0,9.9787,-0.0038,-2.94321,0.0003,-429.0,-600.0,6.0,1320.3793,5,pursuit,0,3.1001,3.098
28.6,376.33,444.447,10.0,9.9783,-0.0038,-2.94318,0.0003,-428.4,-600.0,6.0,1319.2591,5,pursuit,0,3.1999,3.0795
28.7,375.351,444.25,10.0,9.9779,-0.0038,-2.94315,0.0003,-427.8,-600.0,6.0,1318.14,5,pursuit,0,3.5859,3.0657
28.8,374.373,444.053,10.0,9.9775,-0.0038,-2.94312,0.0003,-427.2,-600.0,6.0,1317.0218,5,pursuit,0,3.3331,3.0446
28.9,373.395,443.856,10.0,9.9771,-0.0038,-2.94309,0.0003,-426.6,-600.0,6.0,1315.9047,5,pursuit,0,3.0477,3.0278
29.0,372.417,443.66,10.0,9.9768,-0.0038,-2.94306,0.0003,-426.0,-600.0,6.0,1314.7885,5,pursuit,0,3.0755,3.0105
29.1,371.439,443.463,10.0,9.9764,-0.0038,-2.94304,0.0003,-425.4,-600.0,6.0,1313.6733,5,pursuit,0,3.4087,2.9982
29.2,370.461,443.266,10.0,9.976,-0.0038,-2.94301,0.0003,-424.8,-600.0,6.0,1312.559,5,pursuit,0,3.1975,2.9799
29.3,369.483,443.069,10.0,9.9756,-0.0038,-2.94298,0.0003,-424.2,-600.0,6.0,1311.4458,5,pursuit,0,2.9709,2.9677
29.4,368.505,442.872,10.0,9.9752,-0.0038,-2.94295,0.0003,-423.6,-600.0,6.0,1310.3336,5,pursuit,0,3.069,2.9591
29.5,367.527,442.676,10.0,9.9748,-0.0038,-2.94292,0.0003,-423.0,-600.0,6.0,1309.2223,5,pursuit,0,3.4503,2.9432
29.6,366.549,442.479,10.0,9.9745,-0.0038,-2.94289,0.0003,-422.4,-600.0,6.0,1308.1121,5,pursuit,0,3.0393,2.9306
29.7,365.572,442.282,10.0,9.9741,-0.0038,-2.94287,0.0003,-421.8,-600.0,6.0,1307.0029,5,pursuit,0,2.9258,2.9208
29.8,364.594,442.085,10.0,9.9737,-0.0038,-2.94284,0.0003,-421.2,-600.0,6.0,1305.8946,5,pursuit,0,3.142,2.914
29.9,363.616,441.888,10.0,9.9733,-0.0038,-2.94281,0.0003,-420.6,-600.0,6.0,1304.7874,5,pursuit,0,3.2525,2.8986
30.0,362.639,441.691,10.0,9.9729,-0.0038,-2.94278,0.0003,-420.0,-600.0,6.0,1303.6812,5,pursuit,0,2.9258,2.8861
30.1,361.661,441.494,10.0,9.9725,-0.0038,-2.94275,0.0003,-419.4,-600.0,6.0,1302.576,5,pursuit,0,2.9207,2.8777
30.2,360.637,441.413,10.0,10.2725,3.0,-3.06275,-1.2,-418.8,-600.0,6.0,1301.4718,6,pursuit,0,7.0952,7.0952
30.3,359.581,441.457,10.0,10.5725,3.0,-3.18275,-1.2,-418.2,-600.0,6.0,1300.4337,6,pursuit,0,6.7317,6.7317
30.4,358.507,441.631,10.0,10.8725,3.0,-3.30275,-1.2,-417.6,-600.0,6.0,1299.4773,6,pursuit,0,6.3538,6.3163
30.5,357.451,441.936,10.0,11.0,1.2746,-3.42275,-1.2,-417.0,-600.0,6.0,1298.6172,6,pursuit,0,5.7829,5.7775
30.6,356.438,442.366,10.0,11.0,0.0,-3.54275,-1.2,-416.4,-600.0,6.0,1297.8735,6,pursuit,0,5.166,5.1278
30.7,355.484,442.913,10.0,11.0,0.0,-3.66275,-1.2,-415.8,-600.0,6.0,1297.2577,6,pursuit,0,4.6049,4.3776
30.8,354.574,443.532,10.0,11.0,0.0,-3.73873,-0.7598,-415.2,-600.0,6.0,1296.7737,6,pursuit,0,4.1783,3.5685
30.9,353.652,444.124,10.0,10.9599,-0.4005,-3.71271,0.2602,-414.6,-600.0,6.0,1296.3749,6,pursuit,0,3.3923,2.7816
31.0,352.691,444.621,10.0,10.8155,-1.4449,-3.61864,0.9407,-414.0,-600.0,6.0,1295.9497,6,pursuit,0,2.3604,2.0782
31.1,351.694,444.993,10.0,10.6491,-1.6639,-3.49888,1.1976,-413.4,-600.0,6.0,1295.4262,6,pursuit,0,1.5035,1.4974
31.2,350.673,445.241,10.0,10.5003,-1.4878,-3.37929,1.1959,-412.8,-600.0,6.0,1294.7826,6,pursuit,0,1.2281,1.0164
31.3,349.643,445.366,10.0,10.3815,-1.1882,-3.2626,1.1669,-412.2,-600.0,6.0,1294.0261,6,pursuit,0,1.7956,0.6948
31.4,348.614,445.389,10.0,10.2894,-0.9212,-3.16426,0.9834,-411.6,-600.0,6.0,1293.1668,6,pursuit,0,2.6979,0.4038
31.5,347.594,445.336,10.0,10.2181,-0.7123,-3.08899,0.7527,-411.0,-600.0,6.0,1292.2276,6,pursuit,0,3.2892,0.3853
31.6,346.584,445.221,10.0,10.1657,-0.5238,-3.0286,0.6039,-410.4,-600.0,6.0,1291.2323,6,pursuit,0,2.2745,0.1011
31.7,345.583,445.062,10.0,10.1264,-0.3933,-2.98434,0.4426,-409.8,-600.0,6.0,1290.1949,6,pursuit,0,1.2626,0.2636
31.8,344.591,444.874,10.0,10.0963,-0.3009,-2.95441,0.2993,-409.2,-600.0,6.0,1289.1289,6,pursuit,0,0.2542,0.1883
31.9,343.606,444.667,10.0,10.0735,-0.2286,-2.93439,0.2002,-408.6,-600.0,6.0,1288.045,6,pursuit,0,0.7545,0.0956
32.0,342.624,444.448,10.0,10.0529,-0.2059,-2.92206,0.1233,-408.0,-600.0,6.0,1286.9501,6,pursuit,0,1.7594,0.3645
32.1,341.646,444.224,10.0,10.0366,-0.163,-2.91597,0.0609,-407.4,-600.0,6.0,1285.8495,6,pursuit,0,2.7629,0.1007
32.2,340.67,443.996,10.0,10.0243,-0.1229,-2.9119,0.0408,-406.8,-600.0,6.0,1284.7471,6,pursuit,0,3.3479,0.2033
32.3,339.696,443.764,10.0,10.0153,-0.09,-2.90868,0.0322,-406.2,-600.0,6.0,1283.6439,6,pursuit,0,2.3464,0.2166
32.4,338.722,443.532,10.0,10.0092,-0.0604,-2.90751,0.0117,-405.6,-600.0,6.0,1282.5403,6,pursuit,0,1.3456,0.1003
32.5,337.749,443.301,10.0,10.0054,-0.0386,-2.90812,-0.0061,-405.0,-600.0,6.0,1281.4374,6,pursuit,0,0.3456,0.27
32.6,336.775,443.071,10.0,10.003,-0.0237,-2.90958,-0.0146,-404.4,-600.0,6.0,1280.3363,6,pursuit,0,0.656,0.0656
32.7,335.801,442.843,10.0,10.0016,-0.0138,-2.91146,-0.0188,-403.8,-600.0,6.0,1279.2373,6,pursuit,0,1.6559,0.2503
32.8,334.827,442.616,10.0,10.0009,-0.0077,-2.91332,-0.0185,-403.2,-600.0,6.0,1278.1407,6,pursuit,0,2.6559,0.1081
32.9,333.853,442.391,10.0,10.0005,-0.004,-2.91489,-0.0158,-402.6,-600.0,6.0,1277.0464,6,pursuit,0,2.6304,0.1509
33.0,332.878,442.168,10.0,10.0003,-0.002,-2.91615,-0.0126,-402.0,-600.0,6.0,1275.9542,6,pursuit,0,1.6304,0.2346
33.1,331.903,441.945,10.0,10.0002,-0.0009,-2.91705,-0.009,-401.4,-600.0,6.0,1274.864,6,pursuit,0,0.6304,0.0344
33.2,330.928,441.723,10.0,10.0001,-0.0004,-2.91763,-0.0058,-400.8,-600.0,6.0,1273.7754,6,pursuit,0,0.3697,0.1275
33.3,329.953,441.501,10.0,10.0001,-0.0002,-2.91797,-0.0034,-400.2,-600.0,6.0,1272.6882,6,pursuit,0,1.3697,0.247
33.4,328.978,441.28,10.0,10.0001,-0.0001,-2.91815,-0.0018,-399.6,-600.0,6.0,1271.6024,6,pursuit,0,2.3697,0.2091
33.5,328.003,441.058,10.0,10.0001,-0.0001,-2.91825,-0.0009,-399.0,-600.0,6.0,1270.5177,6,pursuit,0,1.8998,0.1538
33.6,327.027,440.837,10.0,10.0001,-0.0001,-2.91826,-0.0001,-398.4,-600.0,6.0,1269.4342,6,pursuit,0,0.8998,0.1429
33.7,326.052,440.615,10.0,10.0001,-0.0001,-2.91822,0.0004,-397.8,-600.0,6.0,1268.3517,6,pursuit,0,0.1002,0.1749
33.8,325.077,440.394,10.0,10.0001,-0.0001,-2.91835,-0.0013,-397.2,-600.0,6.0,1267.2703,6,pursuit,0,1.1002,0.2036
33.9,324.102,440.172,10.0,10.0,-0.0001,-2.91825,0.0009,-396.6,-600.0,6.0,1266.1901,6,pursuit,0,2.1002,0.0783
34.0,323.127,439.951,10.0,10.0,-0.0001,-2.91805,0.0021,-396.0,-600.0,6.0,1265.1108,6,pursuit,0,1.2035,0.0792
34.1,322.152,439.729,10.0,10.0,-0.0001,-2.91773,0.0032,-395.4,-600.0,6.0,1264.0326,6,pursuit,0,0.2037,0.1327
34.2,321.177,439.506,10.0,10.0,-0.0001,-2.91737,0.0036,-394.8,-600.0,6.0,1262.9551,6,pursuit,0,0.7966,0.091
34.3,320.202,439.284,10.0,10.0,-0.0001,-2.91719,0.0017,-394.2,-600.0,6.0,1261.8785,6,pursuit,0,1.7965,0.0394
34.4,319.227,439.061,10.0,10.0,-0.0001,-2.91682,0.0037,-393.6,-600.0,6.0,1260.8029,6,pursuit,0,0.9149,0.1303
34.5,318.252,438.838,10.0,10.0,-0.0001,-2.91635,0.0046,-393.0,-600.0,6.0,1259.7282,6,pursuit,0,0.0863,0.1577
34.6,317.278,438.614,10.0,10.0,-0.0001,-2.91589,0.0046,-392.4,-600.0,6.0,1258.6542,6,pursuit,0,1.0853,0.1046
34.7,316.303,438.39,10.0,9.9999,-0.0001,-2.91567,0.0022,-391.8,-600.0,6.0,1257.5809,6,pursuit,0,1.3746,0.0679
34.8,315.329,438.166,10.0,9.9999,-0.0001,-2.91532,0.0035,-391.2,-600.0,6.0,1256.5087,6,pursuit,0,0.3747,0.0432
34.9,314.354,437.941,10.0,9.9999,-0.0001,-2.91493,0.0038,-390.6,-600.0,6.0,1255.4373,6,pursuit,0,0.6256,0.0265
35.0,313.38,437.716,10.0,9.9999,-0.0001,-2.91461,0.0033,-390.0,-600.0,6.0,1254.3667,6,pursuit,0,1.6255,0.0137
35.1,312.406,437.49,10.0,9.9999,-0.0001,-2.91427,0.0034,-389.4,-600.0,6.0,1253.297,6,pursuit,0,0.7646,0.006
35.2,311.431,437.265,10.0,9.9999,-0.0001,-2.91402,0.0025,-388.8,-600.0,6.0,1252.2282,6,pursuit,0,0.2355,0.0208
35.3,310.457,437.039,10.0,9.9999,-0.0001,-2.91382,0.002,-388.2,-600.0,6.0,1251.1603,6,pursuit,0,1.2354,0.0467
35.4,309.483,436.813,10.0,9.9999,-0.0001,-2.91367,0.0015,-387.6,-600.0,6.0,1250.0934,6,pursuit,0,1.2171,0.081
35.5,308.509,436.587,10.0,9.9999,-0.0001,-2.91362,0.0006,-387.0,-600.0,6.0,1249.0276,6,pursuit,0,0.2171,0.1228
35.6,307.535,436.361,10.0,9.9999,-0.0001,-2.91361,0.0001,-386.4,-600.0,6.0,1247.9628,6,pursuit,0,0.7829,0.1713
35.7,306.561,436.135,10.0,9.9999,-0.0001,-2.91364,-0.0003,-385.8,-600.0,6.0,1246.8991,6,pursuit,0,1.7444,0.1262
35.8,305.587,435.909,10.0,9.9998,-0.0001,-2.91371,-0.0007,-385.2,-600.0,6.0,1245.8365,6,pursuit,0,0.7444,0.0679
35.9,304.612,435.683,10.0,9.9998,-0.0001,-2.9138,-0.0009,-384.6,-600.0,6.0,1244.7751,6,pursuit,0,0.2556,0.0051
36.0,303.638,435.458,10.0,9.9998,-0.0001,-2.9139,-0.0011,-384.0,-600.0,6.0,1243.715,6,pursuit,0,1.2555,0.0628
36.1,302.664,435.232,10.0,9.9998,-0.0001,-2.91402,-0.0011,-383.4,-600.0,6.0,1242.656,6,pursuit,0,1.3208,0.1337
36.2,301.69,435.006,10.0,9.9998,-0.0001,-2.91413,-0.0011,-382.8,-600.0,6.0,1241.5982,7,pursuit,0,5.3968,5.3678
36.3,300.716,434.781,10.0,9.9998,-0.0001,-2.91424,-0.0011,-382.2,-600.0,6.0,1240.5417,7,pursuit,0,5.3596,5.3437
36.4,299.741,434.556,10.0,9.9998,-0.0001,-2.91434,-0.0011,-381.6,-600.0,6.0,1239.4863,7,pursuit,0,5.5069,5.3176
36.5,298.767,434.331,10.0,9.9998,-0.0001,-2.91445,-0.001,-381.0,-600.0,6.0,1238.4322,7,pursuit,0,5.5726,5.2931
36.6,297.793,434.105,10.0,9.9997,-0.0001,-2.91455,-0.001,-380.4,-600.0,6.0,1237.3793,7,pursuit,0,5.3179,5.2675
36.7,296.818,433.88,10.0,9.9997,-0.0001,-2.91465,-0.001,-379.8,-600.0,6.0,1236.3276,7,pursuit,0,5.2447,5.2459
36.8,295.844,433.656,10.0,9.9997,-0.0001,-2.91475,-0.001,-379.2,-600.0,6.0,1235.2771,7,pursuit,0,5.3605,5.2152
36.9,294.87,433.431,10.0,9.9997,-0.0001,-2.91484,-0.001,-378.6,-600.0,6.0,1234.2279,7,pursuit,0,5.6537,5.1875
37.0,293.895,433.206,10.0,9.9997,-0.0001,-2.91494,-0.001,-378.0,-600.0,6.0,1233.1799,7,pursuit,0,5.9956,5.1707
37.1,292.921,432.981,10.0,9.9997,-0.0001,-2.91504,-0.001,-377.4,-600.0,6.0,1232.1331,7,pursuit,0,5.5296,5.1352
37.2,291.946,432.757,10.0,9.9997,-0.0001,-2.91514,-0.001,-376.8,-600.0,6.0,1231.0876,7,pursuit,0,5.2159,5.1185
37.3,290.972,432.532,10.0,9.9997,-0.0001,-2.91523,-0.001,-376.2,-600.0,6.0,1230.0433,7,pursuit,0,5.0829,5.0827
37.4,289.997,432.308,10.0,9.9996,-0.0001,-2.91533,-0.001,-375.6,-600.0,6.0,1229.0002,7,pursuit,0,5.1446,5.0668
37.5,289.023,432.084,10.0,9.9996,-0.0001,-2.91543,-0.001,-375.0,-600.0,6.0,1227.9584,7,pursuit,0,5.3943,5.0296
37.6,288.048,431.86,10.0,9.9996,-0.0001,-2.91553,-0.001,-374.4,-600.0,6.0,1226.9178,7,pursuit,0,5.8079,5.0098
37.7,287.074,431.636,10.0,9.9996,-0.0001,-2.91563,-0.001,-373.8,-600.0,6.0,1225.8785,7,pursuit,0,5.7295,4.9761
37.8,286.099,431.412,10.0,9.9996,-0.0001,-2.91572,-0.001,-373.2,-600.0,6.0,1224.8404,7,pursuit,0,5.279,4.9528
37.9,285.125,431.188,10.0,9.9996,-0.0001,-2.91582,-0.001,-372.6,-600.0,6.0,1223.8036,7,pursuit,0,4.9909,4.9209
38.0,284.15,430.964,10.0,9.9996,-0.0001,-2.91592,-0.001,-372.0,-600.0,6.0,1222.768,7,pursuit,0,4.894,4.897
38.1,283.176,430.741,10.0,9.9996,-0.0001,-2.91602,-0.001,-371.4,-600.0,6.0,1221.7337,7,pursuit,0,4.9995,4.8631
38.2,282.201,430.517,10.0,9.9995,-0.0001,-2.91611,-0.001,-370.8,-600.0,6.0,1220.7006,7,pursuit,0,5.2952,4.8433
38.3,281.226,430.294,10.0,9.9995,-0.0001,-2.91621,-0.001,-370.2,-600.0,6.0,1219.6689,7,pursuit,0,5.6721,4.8048
38.4,280.252,430.07,10.0,9.9995,-0.0001,-2.91631,-0.001,-369.6,-600.0,6.0,1218.6384,7,pursuit,0,5.1824,4.7777
38.5,279.277,429.847,10.0,9.9995,-0.0001,-2.91641,-0.001,-369.0,-600.0,6.0,1217.6092,7,pursuit,0,4.852,4.7507
38.6,278.302,429.624,10.0,9.9995,-0.0001,-2.91651,-0.001,-368.4,-600.0,6.0,1216.5812,7,pursuit,0,4.7146,4.715
38.7,277.327,429.401,10.0,9.9995,-0.0001,-2.9166,-0.001,-367.8,-600.0,6.0,1215.5546,7,pursuit,0,4.7868,4.6846
38.8,276.353,429.178,10.0,9.9995,-0.0001,-2.9167,-0.001,-367.2,-600.0,6.0,1214.5292,7,pursuit,0,5.0597,4.6565
38.9,275.378,428.955,10.0,9.9995,-0.0001,-2.9168,-0.001,-366.6,-600.0,6.0,1213.5051,7,pursuit,0,5.1814,4.6285
39.0,274.403,428.732,10.0,9.9994,-0.0001,-2.9169,-0.001,-366.0,-600.0,6.0,1212.4823,7,pursuit,0,4.7827,4.5968
39.1,273.428,428.509,10.0,9.9994,-0.0001,-2.917,-0.001,-365.4,-600.0,6.0,1211.4608,7,pursuit,0,4.5719,4.5647
39.2,272.453,428.287,10.0,9.9994,-0.0001,-2.91709,-0.001,-364.8,-600.0,6.0,1210.4406,7,pursuit,0,4.575,4.5325
39.3,271.478,428.064,10.0,9.9994,-0.0001,-2.91719,-0.001,-364.2,-600.0,6.0,1209.4217,7,pursuit,0,4.7916,4.4973
39.4,270.504,427.842,10.0,9.9994,-0.0001,-2.91729,-0.001,-363.6,-600.0,6.0,1208.4041,7,pursuit,0,4.7918,4.4633
39.5,269.529,427.619,10.0,9.9994,-0.0001,-2.91739,-0.001,-363.0,-600.0,6.0,1207.3878,7,pursuit,0,4.4932,4.4336
39.6,268.554,427.397,10.0,9.9994,-0.0001,-2.91748,-0.001,-362.4,-600.0,6.0,1206.3728,7,pursuit,0,4.4066,4.3998
39.7,267.579,427.175,10.0,9.9994,-0.0001,-2.91758,-0.001,-361.8,-600.0,6.0,1205.3592,7,pursuit,0,4.544,4.3701
39.8,266.604,426.953,10.0,9.9993,-0.0001,-2.91768,-0.001,-361.2,-600.0,6.0,1204.3468,7,pursuit,0,4.5771,4.3361
39.9,265.629,426.731,10.0,9.9993,-0.0001,-2.91778,-0.001,-360.6,-600.0,6.0,1203.3358,7,pursuit,0,4.3305,4.3054
40.0,264.654,426.509,10.0,9.9993,-0.0001,-2.91788,-0.001,-360.0,-600.0,6.0,1202.3261,7,pursuit,0,4.3078,4.2761
40.1,263.679,426.287,10.0,9.9993,-0.0001,-2.91797,-0.001,-359.4,-600.0,6.0,1201.3177,7,pursuit,0,4.5124,4.2476
40.2,262.704,426.066,10.0,9.9993,-0.0001,-2.91807,-0.001,-358.8,-600.0,6.0,1200.3107,7,pursuit,0,4.3009,4.2199
40.3,261.729,425.844,10.0,9.9993,-0.0001,-2.91817,-0.001,-358.2,-600.0,6.0,1199.305,7,pursuit,0,4.195,4.193
40.4,260.754,425.623,10.0,9.9993,-0.0001,-2.91827,-0.001,-357.6,-600.0,6.0,1198.3006,7,pursuit,0,4.3243,4.167
40.5,259.778,425.401,10.0,9.9993,-0.0001,-2.91837,-0.001,-357.0,-600.0,6.0,1197.2976,7,pursuit,0,4.2748,4.142
40.6,258.803,425.18,10.0,9.9992,-0.0001,-2.91846,-0.001,-356.4,-600.0,6.0,1196.2959,7,pursuit,0,4.1184,4.1181
40.7,257.828,424.959,10.0,9.9992,-0.0001,-2.91856,-0.001,-355.8,-600.0,6.0,1195.2956,7,pursuit,0,4.2011,4.0951
40.8,256.853,424.738,10.0,9.9992,-0.0001,-2.91866,-0.001,-355.2,-600.0,6.0,1194.2966,7,pursuit,0,4.2615,4.0729
40.9,255.878,424.517,10.0,9.9992,-0.0001,-2.91876,-0.001,-354.6,-600.0,6.0,1193.299,7,pursuit,0,4.0566,4.0511
41.0,254.903,424.296,10.0,9.9992,-0.0001,-2.91885,-0.001,-354.0,-600.0,6.0,1192.3028,7,pursuit,0,4.0929,4.0277
41.1,253.927,424.075,10.0,9.9992,-0.0001,-2.91895,-0.001,-353.4,-600.0,6.0,1191.3079,7,pursuit,0,4.2835,4.0038
41.2,252.952,423.855,10.0,9.9992,-0.0001,-2.91905,-0.001,-352.8,-600.0,6.0,1190.3143,7,pursuit,0,4.0136,3.9801
41.3,251.977,423.634,10.0,9.9992,-0.0001,-2.91915,-0.001,-352.2,-600.0,6.0,1189.3222,7,pursuit,0,3.9837,3.9565
41.4,251.001,423.414,10.0,9.9991,-0.0001,-2.91925,-0.001,-351.6,-600.0,6.0,1188.3314,7,pursuit,0,4.199,3.933
41.5,250.026,423.193,10.0,9.9991,-0.0001,-2.91934,-0.001,-351.0,-600.0,6.0,1187.342,7,pursuit,0,4.0011,3.9094
41.6,249.051,422.973,10.0,9.9991,-0.0001,-2.91944,-0.001,-350.4,-600.0,6.0,1186.3539,7,pursuit,0,3.8876,3.8858
41.7,248.075,422.753,10.0,9.9991,-0.0001,-2.91954,-0.001,-349.8,-600.0,6.0,1185.3673,7,pursuit,0,4.0272,3.8622
41.8,247.1,422.532,10.0,9.9991,-0.0001,-2.91964,-0.001,-349.2,-600.0,6.0,1184.382,7,pursuit,0,4.0276,3.8384
41.9,246.125,422.312,10.0,9.9991,-0.0001,-2.91973,-0.001,-348.6,-600.0,6.0,1183.3981,7,pursuit,0,3.8197,3.8147
42.0,245.149,422.093,10.0,9.9991,-0.0001,-2.91983,-0.001,-348.0,-600.0,6.0,1182.4157,7,pursuit,0,3.8677,3.791
42.1,244.174,421.873,10.0,9.9991,-0.0001,-2.91993,-0.001,-347.4,-600.0,6.0,1181.4346,7,pursuit,0,4.0962,3.7674
42.2,243.198,421.653,10.0,9.999,-0.0001,-2.92003,-0.001,-346.8,-600.0,6.0,1180.4549,8,pursuit,0,6.5228,6.1321
42.3,242.223,421.433,10.0,9.999,-0.0001,-2.92013,-0.001,-346.2,-600.0,6.0,1179.4766,8,pursuit,0,6.1917,6.0655
42.4,241.247,421.214,10.0,9.999,-0.0001,-2.92022,-0.001,-345.6,-600.0,6.0,1178.4998,8,pursuit,0,6.0105,6.0084
42.5,240.272,420.994,10.0,9.999,-0.0001,-2.92032,-0.001,-345.0,-600.0,6.0,1177.5243,8,pursuit,0,5.9928,5.9481
42.6,239.296,420.775,10.0,9.999,-0.0001,-2.92042,-0.001,-344.4,-600.0,6.0,1176.5503,8,pursuit,0,6.14,5.8881
42.7,238.321,420.556,10.0,9.999,-0.0001,-2.92052,-0.001,-343.8,-600.0,6.0,1175.5776,8,pursuit,0,6.4408,5.8306
42.8,237.345,420.337,10.0,9.999,-0.0001,-2.92062,-0.001,-343.2,-600.0,6.0,1174.6064,8,pursuit,0,6.411,5.7694
42.9,236.37,420.117,10.0,9.999,-0.0001,-2.92071,-0.001,-342.6,-600.0,6.0,1173.6367,8,pursuit,0,5.9867,5.7137
43.0,235.394,419.899,10.0,9.9989,-0.0001,-2.92081,-0.001,-342.0,-600.0,6.0,1172.6683,8,pursuit,0,5.7078,5.6516
43.1,234.418,419.68,10.0,9.9989,-0.0001,-2.92091,-0.001,-341.4,-600.0,6.0,1171.7014,8,pursuit,0,5.5961,5.5991
43.2,233.443,419.461,10.0,9.9989,-0.0001,-2.92101,-0.001,-340.8,-600.0,6.0,1170.7359,8,pursuit,0,5.6614,5.535
43.3,232.467,419.242,10.0,9.9989,-0.0001,-2.9211,-0.001,-340.2,-600.0,6.0,1169.7719,8,pursuit,0,5.898,5.4835
43.4,231.491,419.024,10.0,9.9989,-0.0001,-2.9212,-0.001,-339.6,-600.0,6.0,1168.8093,8,pursuit,0,6.1529,5.4218
43.5,230.515,418.805,10.0,9.9989,-0.0001,-2.9213,-0.001,-339.0,-600.0,6.0,1167.8481,8,pursuit,0,5.695,5.3642
43.6,229.54,418.587,10.0,9.9989,-0.0001,-2.9214,-0.001,-338.4,-600.0,6.0,1166.8884,8,pursuit,0,5.3857,5.3135
43.7,228.564,418.368,10.0,9.9989,-0.0001,-2.9215,-0.001,-337.8,-600.0,6.0,1165.9302,8,pursuit,0,5.2515,5.2533
43.8,227.588,418.15,10.0,9.9988,-0.0001,-2.92159,-0.001,-337.2,-600.0,6.0,1164.9734,8,pursuit,0,5.3055,5.1951
43.9,226.612,417.932,10.0,9.9988,-0.0001,-2.92169,-0.001,-336.6,-600.0,6.0,1164.0181,8,pursuit,0,5.5424,5.1401
44.0,225.637,417.714,10.0,9.9988,-0.0001,-2.92179,-0.001,-336.0,-600.0,6.0,1163.0642,8,pursuit,0,5.5717,5.0866
44.1,224.661,417.496,10.0,9.9988,-0.0001,-2.92189,-0.001,-335.4,-600.0,6.0,1162.1119,8,pursuit,0,5.19,5.0331
44.2,223.685,417.278,10.0,9.9988,-0.0001,-2.92199,-0.001,-334.8,-600.0,6.0,1161.1609,8,pursuit,0,4.9825,4.9787
44.3,222.709,417.061,10.0,9.9988,-0.0001,-2.92208,-0.001,-334.2,-600.0,6.0,1160.2115,8,pursuit,0,4.9713,4.9232
44.4,221.733,416.843,10.0,9.9988,-0.0001,-2.92218,-0.001,-333.6,-600.0,6.0,1159.2635,8,pursuit,0,5.1576,4.8671
44.5,220.757,416.625,10.0,9.9988,-0.0001,-2.92228,-0.001,-333.0,-600.0,6.0,1158.3171,8,pursuit,0,5.1335,4.8116
44.6,219.781,416.408,10.0,9.9987,-0.0001,-2.92238,-0.001,-332.4,-600.0,6.0,1157.3721,8,pursuit,0,4.8231,4.7591
44.7,218.805,416.191,10.0,9.9987,-0.0001,-2.92247,-0.001,-331.8,-600.0,6.0,1156.4286,8,pursuit,0,4.7084,4.7055
44.8,217.829,415.973,10.0,9.9987,-0.0001,-2.92257,-0.001,-331.2,-600.0,6.0,1155.4866,8,pursuit,0,4.8036,4.6508
44.9,216.853,415.756,10.0,9.9987,-0.0001,-2.92267,-0.001,-330.6,-600.0,6.0,1154.5461,8,pursuit,0,4.8525,4.5964
45.0,215.877,415.539,10.0,9.9987,-0.0001,-2.92277,-0.001,-330.0,-600.0,6.0,1153.6071,8,pursuit,0,4.5759,4.5439
45.1,214.901,415.322,10.0,9.9987,-0.0001,-2.92287,-0.001,-329.4,-600.0,6.0,1152.6696,8,pursuit,0,4.5089,4.4903
45.2,213.925,415.105,10.0,9.9987,-0.0001,-2.92296,-0.001,-328.8,-600.0,6.0,1151.7336,8,pursuit,0,4.6605,4.4343
45.3,212.949,414.889,10.0,9.9987,-0.0001,-2.92306,-0.001,-328.2,-600.0,6.0,1150.7991,8,pursuit,0,4.4599,4.378
45.4,211.973,414.672,10.0,9.9986,-0.0001,-2.92316,-0.001,-327.6,-600.0,6.0,1149.8662,8,pursuit,0,4.3197,4.3189
45.5,210.997,414.455,10.0,9.9986,-0.0001,-2.92326,-0.001,-327.0,-600.0,6.0,1148.9347,8,pursuit,0,4.4077,4.2588
45.6,210.021,414.239,10.0,9.9986,-0.0001,-2.92336,-0.001,-326.4,-600.0,6.0,1148.0048,8,pursuit,0,4.3089,4.1983
45.7,209.044,414.023,10.0,9.9986,-0.0001,-2.92345,-0.001,-325.8,-600.0,6.0,1147.0764,8,pursuit,0,4.137,4.1383
45.8,208.068,413.806,10.0,9.9986,-0.0001,-2.92355,-0.001,-325.2,-600.0,6.0,1146.1496,8,pursuit,0,4.2027,4.0763
45.9,207.092,413.59,10.0,9.9986,-0.0001,-2.92365,-0.001,-324.6,-600.0,6.0,1145.2242,8,pursuit,0,4.1386,4.0121
46.0,206.116,413.374,10.0,9.9986,-0.0001,-2.92375,-0.001,-324.0,-600.0,6.0,1144.3005,8,pursuit,0,3.949,3.9495
46.1,205.14,413.158,10.0,9.9986,-0.0001,-2.92384,-0.001,-323.4,-600.0,6.0,1143.3782,8,pursuit,0,4.0074,3.8884
46.2,204.163,412.942,10.0,9.9985,-0.0001,-2.92394,-0.001,-322.8,-600.0,6.0,1142.4575,8,pursuit,0,3.9791,3.8233
46.3,203.187,412.726,10.0,9.9985,-0.0001,-2.92404,-0.001,-322.2,-600.0,6.0,1141.5384,8,pursuit,0,3.7608,3.7592
46.4,202.211,412.511,10.0,9.9985,-0.0001,-2.92414,-0.001,-321.6,-600.0,6.0,1140.6208,8,pursuit,0,3.8016,3.6964
46.5,201.234,412.295,10.0,9.9985,-0.0001,-2.92424,-0.001,-321.0,-600.0,6.0,1139.7048,8,pursuit,0,3.8465,3.6345
46.6,200.215,412.195,10.0,10.2417,2.4319,-3.04424,-1.2,-320.4,-600.0,6.0,1138.7903,8,pursuit,0,3.4565,3.4505
46.7,199.177,412.219,10.0,10.3822,1.4053,-3.16424,-1.2,-319.8,-600.0,6.0,1137.961,8,pursuit,0,3.2224,3.1398
46.8,198.145,412.367,10.0,10.4315,0.4928,-3.28424,-1.2,-319.2,-600.0,6.0,1137.2343,8,pursuit,0,3.1034,2.7129
46.9,197.125,412.584,10.0,10.4226,-0.0895,-3.35104,-0.6681,-318.6,-600.0,6.0,1136.6232,8,pursuit,0,2.2982,2.2261
47.0,196.108,412.793,10.0,10.3834,-0.3914,-3.34429,0.0675,-318.0,-600.0,6.0,1136.081,8,pursuit,0,1.7699,1.7432
47.1,195.088,412.95,10.0,10.3197,-0.637,-3.29429,0.5,-317.4,-600.0,6.0,1135.5351,8,pursuit,0,1.8192,1.3106
47.2,194.066,413.034,10.0,10.2563,-0.6343,-3.22379,0.705,-316.8,-600.0,6.0,1134.9435,8,pursuit,0,1.3777,0.9489
47.3,193.046,413.043,10.0,10.1962,-0.6005,-3.15071,0.7308,-316.2,-600.0,6.0,1134.288,8,pursuit,0,0.6565,0.6625
47.4,192.033,412.984,10.0,10.1492,-0.47,-3.0833,0.6742,-315.6,-600.0,6.0,1133.5687,8,pursuit,0,1.0591,0.449
47.5,191.029,412.867,10.0,10.1133,-0.3593,-3.02554,0.5775,-315.0,-600.0,6.0,1132.7929,8,pursuit,0,1.3041,0.3059
47.6,190.033,412.703,10.0,10.0855,-0.2781,-2.97846,0.4708,-314.4,-600.0,6.0,1131.9708,8,pursuit,0,0.3147,0.2157
47.7,189.047,412.503,10.0,10.0649,-0.2064,-2.94155,0.3692,-313.8,-600.0,6.0,1131.1128,8,pursuit,0,0.7337,0.1393
47.8,188.068,412.277,10.0,10.0464,-0.1845,-2.9141,0.2745,-313.2,-600.0,6.0,1130.2279,8,pursuit,0,1.5056,0.0864
47.9,187.095,412.033,10.0,10.0325,-0.1392,-2.89566,0.1843,-312.6,-600.0,6.0,1129.3241,8,pursuit,0,0.5027,0.0491
48.0,186.127,411.774,10.0,10.0219,-0.1056,-2.88093,0.1474,-312.0,-600.0,6.0,1128.4085,8,pursuit,0,0.5,0.0283
48.1,185.161,411.508,10.0,10.0149,-0.0707,-2.87226,0.0866,-311.4,-600.0,6.0,1127.4839,8,pursuit,0,1.5012,0.0376
48.2,184.199,411.234,10.0,10.0099,-0.0498,-2.86443,0.0783,-310.8,-600.0,6.0,1126.5548,9,pursuit,0,6.2458,6.2458
48.3,183.238,410.955,10.0,10.0067,-0.0313,-2.85878,0.0565,-310.2,-600.0,6.0,1125.6216,9,pursuit,0,5.341,5.341
48.4,182.228,410.789,10.0,10.2322,2.2543,-2.97878,-1.2,-309.6,-600.0,6.0,1124.6858,9,pursuit,0,4.3981,4.3981
48.5,181.19,410.744,10.0,10.3935,1.6136,-3.09878,-1.2,-309.0,-600.0,6.0,1123.8322,9,pursuit,0,3.4279,3.4279
48.6,180.15,410.729,10.0,10.3981,0.0455,-3.12718,-0.284,-308.4,-600.0,6.0,1123.077,9,pursuit,0,2.4974,2.4974
48.7,179.116,410.675,10.0,10.3569,-0.4124,-3.08906,0.3813,-307.8,-600.0,6.0,1122.3497,9,pursuit,0,1.7322,1.7322
48.8,178.094,410.544,10.0,10.2954,-0.6147,-3.01409,0.7497,-307.2,-600.0,6.0,1121.5911,9,pursuit,0,1.3844,1.2644
48.9,177.095,410.325,10.0,10.2338,-0.6162,-2.9256,0.8849,-306.6,-600.0,6.0,1120.7711,9,pursuit,0,0.9652,0.8902
49.0,176.122,410.024,10.0,10.1796,-0.542,-2.8419,0.8369,-306.0,-600.0,6.0,1119.8824,9,pursuit,0,1.4776,0.6102
49.1,175.179,409.654,10.0,10.1355,-0.4403,-2.76818,0.7373,-305.4,-600.0,6.0,1118.9336,9,pursuit,0,0.838,0.3899
49.2,174.263,409.228,10.0,10.1026,-0.3292,-2.70636,0.6182,-304.8,-600.0,6.0,1117.9363,9,pursuit,0,0.3375,0.2727
49.3,173.37,408.76,10.0,10.0781,-0.2457,-2.65837,0.4798,-304.2,-600.0,6.0,1116.9013,9,pursuit,0,1.2592,0.1423
49.4,172.497,408.261,10.0,10.059,-0.1907,-2.6221,0.3627,-303.6,-600.0,6.0,1115.8394,9,pursuit,0,2.2576,0.0888
49.5,171.639,407.739,10.0,10.0449,-0.1405,-2.5955,0.2661,-303.0,-600.0,6.0,1114.7588,9,pursuit,0,1.8698,0.1321
49.6,170.791,407.202,10.0,10.0324,-0.1252,-2.57654,0.1896,-302.4,-600.0,6.0,1113.6654,9,pursuit,0,0.8671,0.2426
49.7,169.951,406.656,10.0,10.0226,-0.0978,-2.56523,0.1131,-301.8,-600.0,6.0,1112.5638,9,pursuit,0,0.1395,0.1905
49.8,169.116,406.103,10.0,10.0154,-0.0722,-2.55689,0.0834,-301.2,-600.0,6.0,1111.458,9,pursuit,0,1.1375,0.0418
49.9,168.284,405.546,10.0,10.0103,-0.0515,-2.55185,0.0503,-300.6,-600.0,6.0,1110.3495,9,pursuit,0,2.1382,0.1891
50.0,167.454,404.986,10.0,10.0067,-0.0361,-2.54784,0.0401,-300.0,-600.0,6.0,1109.2398,9,pursuit,0,2.9373,0.2095
50.1,166.626,404.425,10.0,10.0044,-0.0227,-2.54611,0.0173,-299.4,-600.0,6.0,1108.1293,9,pursuit,0,1.9369,0.0342
50.2,165.798,403.864,10.0,10.003,-0.0141,-2.54561,0.005,-298.8,-600.0,6.0,1107.0192,9,pursuit,0,0.9367,0.2529
50.3,164.97,403.303,10.0,10.0021,-0.0084,-2.54634,-0.0073,-298.2,-600.0,6.0,1105.9099,9,pursuit,0,0.0655,0.1339
50.4,164.141,402.743,10.0,10.0016,-0.0053,-2.54763,-0.0129,-297.6,-600.0,6.0,1104.8021,9,pursuit,0,1.064,0.0896
50.5,163.312,402.185,10.0,10.0012,-0.0039,-2.54903,-0.014,-297.0,-600.0,6.0,1103.6961,9,pursuit,0,2.0641,0.2933
50.6,162.481,401.627,10.0,10.0008,-0.0037,-2.55032,-0.0129,-296.4,-600.0,6.0,1102.5918,9,pursuit,0,2.8472,0.1129
50.7,161.651,401.07,10.0,10.0005,-0.0039,-2.55127,-0.0095,-295.8,-600.0,6.0,1101.4893,9,pursuit,0,1.8471,0.0582
50.8,160.82,400.514,10.0,10.0001,-0.0036,-2.55142,-0.0015,-295.2,-600.0,6.0,1100.3883,9,pursuit,0,0.8471,0.2061
50.9,159.989,399.958,10.0,9.9997,-0.0042,-2.55197,-0.0056,-294.6,-600.0,6.0,1099.2885,9,pursuit,0,0.1529,0.2289
51.0,159.157,399.402,10.0,9.9992,-0.0046,-2.55249,-0.0051,-294.0,-600.0,6.0,1098.1901,9,pursuit,0,1.1528,0.1172
51.1,158.326,398.847,10.0,9.9988,-0.0048,-2.55293,-0.0045,-293.4,-600.0,6.0,1097.093,9,pursuit,0,2.1527,0.0307
51.2,157.494,398.292,10.0,9.9983,-0.0048,-2.55329,-0.0036,-292.8,-600.0,6.0,1095.9973,9,pursuit,0,2.1473,0.0299
51.3,156.662,397.738,10.0,9.9978,-0.0048,-2.55345,-0.0015,-292.2,-600.0,6.0,1094.9028,9,pursuit,0,1.1475,0.0635
51.4,155.83,397.183,10.0,9.9973,-0.0048,-2.55367,-0.0022,-291.6,-600.0,6.0,1093.8095,9,pursuit,0,0.1478,0.0696
51.5,154.998,396.629,10.0,9.9969,-0.0044,-2.55384,-0.0017,-291.0,-600.0,6.0,1092.7175,9,pursuit,0,0.8519,0.0471
51.6,154.166,396.075,10.0,9.9964,-0.0045,-2.55403,-0.0019,-290.4,-600.0,6.0,1091.6266,9,pursuit,0,1.8516,0.0047
51.7,153.334,395.521,10.0,9.9964,-0.0002,-2.55418,-0.0014,-289.8,-600.0,6.0,1090.537,9,pursuit,0,1.731,0.0865
51.8,152.503,394.966,10.0,9.9967,0.0025,-2.55325,0.0092,-289.2,-600.0,6.0,1089.4485,9,pursuit,0,0.7313,0.1993
51.9,151.671,394.411,10.0,9.9969,0.0024,-2.55328,-0.0003,-288.6,-600.0,6.0,1088.3605,9,pursuit,0,0.2684,0.0718
52.0,150.839,393.857,10.0,9.9971,0.0019,-2.55362,-0.0033,-288.0,-600.0,6.0,1087.2737,9,pursuit,0,1.2681,0.1188
52.1,150.007,393.303,10.0,9.9972,0.0013,-2.55445,-0.0083,-287.4,-600.0,6.0,1086.188,9,pursuit,0,1.5758,0.0429
52.2,149.175,392.749,10.0,9.9975,0.003,-2.55423,0.0022,-286.8,-600.0,6.0,1085.104,9,pursuit,0,0.576,0.1477
52.3,148.342,392.195,10.0,9.9978,0.0027,-2.55475,-0.0052,-286.2,-600.0,6.0,1084.0208,9,pursuit,0,0.4237,0.1442
52.4,147.509,391.642,10.0,9.998,0.0021,-2.55586,-0.0111,-285.6,-600.0,6.0,1082.939,9,pursuit,0,1.4235,0.1198
52.5,146.675,391.091,10.0,9.9981,0.0013,-2.55723,-0.0137,-285.0,-600.0,6.0,1081.8589,9,pursuit,0,0.8876,0.1348
52.6,145.84,390.541,10.0,9.9982,0.0006,-2.55873,-0.015,-284.4,-600.0,6.0,1080.7807,9,pursuit,0,0.1123,0.1285
52.7,145.005,389.991,10.0,9.9982,-0.0001,-2.55999,-0.0127,-283.8,-600.0,6.0,1079.7043,9,pursuit,0,1.1121,0.0475
52.8,144.169,389.443,10.0,9.9981,-0.0009,-2.5612,-0.012,-283.2,-600.0,6.0,1078.6298,9,pursuit,0,0.908,0.0531
52.9,143.332,388.895,10.0,9.9979,-0.0017,-2.56197,-0.0077,-282.6,-600.0,6.0,1077.557,9,pursuit,0,0.0926,0.1291
53.0,142.496,388.348,10.0,9.9977,-0.0025,-2.56247,-0.0051,-282.0,-600.0,6.0,1076.4859,9,pursuit,0,1.0917,0.0137
53.1,141.659,387.802,10.0,9.9978,0.001,-2.56309,-0.0061,-281.4,-600.0,6.0,1075.4161,9,pursuit,0,0.8056,0.1331
53.2,140.821,387.256,10.0,9.9979,0.0015,-2.56442,-0.0133,-280.8,-600.0,6.0,1074.3478,9,pursuit,0,0.1949,0.0201
53.3,139.982,386.711,10.0,9.9981,0.002,-2.56521,-0.0079,-280.2,-600.0,6.0,1073.2814,9,pursuit,0,1.1942,0.1291
53.4,139.144,386.167,10.0,9.9983,0.0017,-2.56599,-0.0078,-279.6,-600.0,6.0,1072.2166,9,pursuit,0,0.6745,0.0197
53.5,138.305,385.622,10.0,9.9983,0.0001,-2.56553,0.0046,-279.0,-600.0,6.0,1071.1533,9,pursuit,0,0.3255,0.122
53.6,137.467,385.077,10.0,9.9981,-0.0017,-2.5646,0.0093,-278.4,-600.0,6.0,1070.0909,9,pursuit,0,1.3252,0.0372
53.7,136.63,384.53,10.0,9.9978,-0.0036,-2.56253,0.0207,-277.8,-600.0,6.0,1069.0292,9,pursuit,0,0.5921,0.0873
53.8,135.796,383.98,10.0,9.9967,-0.0107,-2.55891,0.0362,-277.2,-600.0,6.0,1067.9675,9,pursuit,0,0.4079,0.0891
53.9,134.964,383.426,10.0,9.9952,-0.0153,-2.55402,0.0489,-276.6,-600.0,6.0,1066.905,9,pursuit,0,1.4073,0.0374
54.0,134.136,382.866,10.0,9.9934,-0.0181,-2.54665,0.0737,-276.0,-600.0,6.0,1065.8411,9,pursuit,0,0.553,0.1445
54.1,133.314,382.298,10.0,9.9912,-0.0219,-2.53704,0.0961,-275.4,-600.0,6.0,1064.7744,9,pursuit,0,0.4497,0.0641
54.2,132.5,381.72,10.0,9.9889,-0.0225,-2.52458,0.1246,-274.8,-600.0,6.0,1063.7038,9,pursuit,0,1.4476,0.0883
54.3,131.695,381.129,10.0,9.9867,-0.022,-2.50832,0.1626,-274.2,-600.0,6.0,1062.6279,9,pursuit,0,0.5235,0.1378
54.4,130.901,380.522,10.0,9.9854,-0.0137,-2.48889,0.1943,-273.6,-600.0,6.0,1061.5447,9,pursuit,0,0.4893,0.0912
54.5,130.123,379.897,10.0,9.9841,-0.0125,-2.46539,0.2349,-273.0,-600.0,6.0,1060.4527,9,pursuit,0,1.4578,0.1616
54.6,129.362,379.251,10.0,9.9834,-0.0067,-2.43734,0.2805,-272.4,-600.0,6.0,1059.3504,9,pursuit,0,0.4731,0.145
54.7,128.622,378.58,10.0,9.9833,-0.0016,-2.40506,0.3228,-271.8,-600.0,6.0,1058.2359,9,pursuit,0,0.5702,0.1788
54.8,127.908,377.883,10.0,9.9831,-0.002,-2.36809,0.3697,-271.2,-600.0,6.0,1057.108,9,pursuit,0,1.3389,0.1981
54.9,127.222,377.158,10.0,9.983,-0.0009,-2.32818,0.399,-270.6,-600.0,6.0,1055.9657,9,pursuit,0,0.3842,0.2217
55.0,126.568,376.403,10.0,9.9842,0.012,-2.28542,0.4276,-270.0,-600.0,6.0,1054.8091,9,pursuit,0,0.717,0.2311
55.1,125.948,375.621,10.0,9.9854,0.0122,-2.2407,0.4473,-269.4,-600.0,6.0,1053.6384,9,pursuit,0,1.1635,0.2551
55.2,125.363,374.811,10.0,9.9865,0.0111,-2.19574,0.4496,-268.8,-600.0,6.0,1052.4549,9,pursuit,0,0.2657,0.229
55.3,124.816,373.976,10.0,9.9876,0.0105,-2.15117,0.4457,-268.2,-600.0,6.0,1051.2603,9,pursuit,0,0.8958,0.2582
55.4,124.304,373.118,10.0,9.9886,0.0104,-2.10879,0.4237,-267.6,-600.0,6.0,1050.0564,9,pursuit,0,0.9875,0.2024
55.5,123.828,372.24,10.0,9.9897,0.0108,-2.06756,0.4123,-267.0,-600.0,6.0,1048.8455,9,pursuit,0,0.1867,0.2195
55.6,123.386,371.344,10.0,9.9908,0.0113,-2.02945,0.3812,-266.4,-600.0,6.0,1047.6295,9,pursuit,0,1.051,0.1645
55.7,122.975,370.433,10.0,9.992,0.0115,-1.99428,0.3516,-265.8,-600.0,6.0,1046.41,9,pursuit,0,0.864,0.1949
55.8,122.594,369.509,10.0,9.9931,0.0114,-1.96222,0.3206,-265.2,-600.0,6.0,1045.1888,9,pursuit,0,0.193,0.123
55.9,122.238,368.575,10.0,9.9942,0.0107,-1.93426,0.2796,-264.6,-600.0,6.0,1043.9668,9,pursuit,0,1.1544,0.1563
56.0,121.906,367.632,10.0,9.9951,0.0094,-1.90962,0.2463,-264.0,-600.0,6.0,1042.7452,9,pursuit,0,0.8072,0.1048
56.1,121.595,366.682,10.0,9.9959,0.0082,-1.88685,0.2277,-263.4,-600.0,6.0,1041.5244,9,pursuit,0,0.2088,0.0831
56.2,121.302,365.727,10.0,9.9966,0.007,-1.86883,0.1803,-262.8,-600.0,6.0,1040.3049,9,pursuit,0,1.1986,0.1561
56.3,121.023,364.767,10.0,9.9972,0.0059,-1.85385,0.1497,-262.2,-600.0,6.0,1039.0869,9,pursuit,0,0.8053,0.0614
56.4,120.753,363.804,10.0,9.9977,0.0047,-1.8435,0.1035,-261.6,-600.0,6.0,1037.8703,9,pursuit,0,0.1973,0.0572
56.5,120.493,362.839,10.0,9.9981,0.0039,-1.83467,0.0884,-261.0,-600.0,6.0,1036.6549,9,pursuit,0,1.1954,0.1465
56.6,120.238,361.872,10.0,9.9984,0.0031,-1.8285,0.0617,-260.4,-600.0,6.0,1035.4407,9,pursuit,0,0.8306,0.0629
56.7,119.988,360.904,10.0,9.9986,0.0027,-1.82337,0.0513,-259.8,-600.0,6.0,1034.2273,9,pursuit,0,0.1693,0.0307
56.8,119.742,359.935,10.0,9.9989,0.0025,-1.81954,0.0383,-259.2,-600.0,6.0,1033.0147,9,pursuit,0,1.1692,0.1237
56.9,119.498,358.965,10.0,9.9991,0.0025,-1.81737,0.0217,-258.6,-600.0,6.0,1031.8027,9,pursuit,0,0.8612,0.0862
57.0,119.255,357.995,10.0,9.9993,0.002,-1.81648,0.0089,-258.0,-600.0,6.0,1030.5912,9,pursuit,0,0.139,0.0109
57.1,119.012,357.025,10.0,9.9996,0.0021,-1.816,0.0048,-257.4,-600.0,6.0,1029.3799,9,pursuit,0,1.1387,0.1003
57.2,118.769,356.055,10.0,9.9998,0.0024,-1.81651,-0.0051,-256.8,-600.0,6.0,1028.1688,9,pursuit,0,0.8908,0.1098
57.3,118.524,355.085,10.0,10.0001,0.0027,-1.81762,-0.0112,-256.2,-600.0,6.0,1026.9579,9,pursuit,0,0.11,0.0199
57.4,118.279,354.116,10.0,10.0004,0.0029,-1.81903,-0.0141,-255.6,-600.0,6.0,1025.7469,9,pursuit,0,1.1094,0.0797
57.5,118.032,353.147,10.0,10.0007,0.0031,-1.82034,-0.013,-255.0,-600.0,6.0,1024.536,9,pursuit,0,0.9154,0.1292
57.6,117.783,352.178,10.0,10.001,0.0034,-1.82166,-0.0132,-254.4,-600.0,6.0,1023.325,9,pursuit,0,0.086,0.0359
57.7,117.534,351.209,10.0,10.0014,0.0035,-1.82265,-0.0099,-253.8,-600.0,6.0,1022.114,9,pursuit,0,1.0851,0.0642
57.8,117.284,350.241,10.0,10.0017,0.0037,-1.8235,-0.0085,-253.2,-600.0,6.0,1020.9031,9,pursuit,0,0.9351,0.1429
57.9,117.033,349.273,10.0,10.0021,0.0038,-1.8242,-0.0071,-252.6,-600.0,6.0,1019.6922,9,pursuit,0,0.0663,0.0472
58.0,116.782,348.305,10.0,10.0025,0.0039,-1.82472,-0.0052,-252.0,-600.0,6.0,1018.4813,9,pursuit,0,1.0656,0.0522
58.1,116.53,347.336,10.0,10.0029,0.004,-1.8252,-0.0048,-251.4,-600.0,6.0,1017.2706,9,pursuit,0,0.952,0.1484
58.2,116.278,346.368,10.0,10.0033,0.004,-1.82554,-0.0034,-250.8,-600.0,6.0,1016.06,9,pursuit,0,0.049,0.0562
58.3,116.026,345.4,10.0,10.0037,0.0041,-1.82588,-0.0034,-250.2,-600.0,6.0,1014.8494,9,pursuit,0,1.0488,0.042
58.4,115.773,344.432,10.0,10.0039,0.0022,-1.82594,-0.0006,-249.6,-600.0,6.0,1013.639,9,pursuit,0,0.9679,0.139
58.5,115.521,343.464,10.0,10.0042,0.0023,-1.82614,-0.002,-249.0,-600.0,6.0,1012.4288,9,pursuit,0,0.0327,0.0648
58.6,115.268,342.496,10.0,10.0044,0.0024,-1.82632,-0.0018,-248.4,-600.0,6.0,1011.2187,9,pursuit,0,1.033,0.0327
58.7,115.015,341.529,10.0,10.0046,0.0021,-1.82648,-0.0017,-247.8,-600.0,6.0,1010.0088,9,pursuit,0,0.9835,0.1301
58.8,114.761,340.561,10.0,10.0048,0.0015,-1.82674,-0.0025,-247.2,-600.0,6.0,1008.799,9,pursuit,0,0.017,0.0736
58.9,114.508,339.593,10.0,10.0049,0.0017,-1.82684,-0.0011,-246.6,-600.0,6.0,1007.5894,9,pursuit,0,1.0175,0.0238
59.0,114.255,338.625,10.0,10.0051,0.0014,-1.82685,-0.0,-246.0,-600.0,6.0,1006.3799,9,pursuit,0,0.9994,0.1211
59.1,114.001,337.657,10.0,10.0052,0.0015,-1.82687,-0.0002,-245.4,-600.0,6.0,1005.1707,9,pursuit,0,0.0023,0.0827
59.2,113.748,336.689,10.0,10.0054,0.0018,-1.82679,0.0008,-244.8,-600.0,6.0,1003.9616,9,pursuit,0,1.0016,0.0147
59.3,113.494,335.721,10.0,10.0047,-0.0073,-1.82696,-0.0017,-244.2,-600.0,6.0,1002.7527,9,pursuit,0,1.0159,0.1117
59.4,113.241,334.753,10.0,10.004,-0.0067,-1.82699,-0.0003,-243.6,-600.0,6.0,1001.5441,9,pursuit,0,0.0156,0.0925
59.5,112.988,333.786,10.0,10.0034,-0.0059,-1.82685,0.0014,-243.0,-600.0,6.0,1000.3358,9,pursuit,0,0.9848,0.0045
59.6,112.734,332.818,10.0,10.0029,-0.005,-1.82667,0.0019,-242.4,-600.0,6.0,999.1277,9,pursuit,0,1.0333,0.1012
59.7,112.481,331.85,10.0,10.0025,-0.0041,-1.82645,0.0021,-241.8,-600.0,6.0,997.9199,9,pursuit,0,0.0331,0.1033
59.8,112.229,330.883,10.0,10.0022,-0.0033,-1.82625,0.002,-241.2,-600.0,6.0,996.7123,9,pursuit,0,0.9672,0.0066
59.9,111.976,329.915,10.0,10.0019,-0.0024,-1.82607,0.0018,-240.6,-600.0,6.0,995.5051,9,pursuit,0,1.0514,0.09
60.0,111.724,328.947,10.0,10.0017,-0.0016,-1.82595,0.0013,-240.0,-600.0,6.0,994.2981,9,pursuit,0,0.0512,0.1146
60.1,111.471,327.979,10.0,10.0017,-0.0008,-1.82585,0.001,-239.4,-600.0,6.0,993.0913,9,pursuit,0,0.949,0.018
60.2,111.219,327.011,10.0,10.0017,0.0001,-1.82579,0.0006,-238.8,-600.0,6.0,991.8847,10,pursuit,0,7.2355,7.2355
60.3,110.967,326.043,10.0,10.0018,0.001,-1.82577,0.0002,-238.2,-600.0,6.0,990.6784,10,pursuit,0,6.4046,6.4046
60.4,110.715,325.076,10.0,10.002,0.0019,-1.82577,-0.0,-237.6,-600.0,6.0,989.4723,10,pursuit,0,5.629,5.629
60.5,110.462,324.108,10.0,10.0022,0.0028,-1.82578,-0.0001,-237.0,-600.0,6.0,988.2663,10,pursuit,0,4.935,4.935
60.6,110.21,323.14,10.0,10.0026,0.0037,-1.82579,-0.0001,-236.4,-600.0,6.0,987.0605,10,pursuit,0,4.3615,4.3615
60.7,109.958,322.172,10.0,10.0031,0.0046,-1.8258,-0.0001,-235.8,-600.0,6.0,985.855,10,pursuit,0,3.9613,3.9613
60.8,109.705,321.204,10.0,10.0035,0.0047,-1.8258,-0.0,-235.2,-600.0,6.0,984.6495,10,pursuit,0,3.7898,3.7898
60.9,109.453,320.236,10.0,10.004,0.0048,-1.82581,-0.0,-234.6,-600.0,6.0,983.4443,10,pursuit,0,3.7826,3.7812
61.0,109.201,319.268,10.0,10.0045,0.0048,-1.82581,-0.0,-234.0,-600.0,6.0,982.2392,10,pursuit,0,3.8378,3.7752
61.1,108.948,318.3,10.0,10.005,0.0048,-1.82581,-0.0,-233.4,-600.0,6.0,981.0343,10,pursuit,0,3.7819,3.7697
61.2,108.696,317.331,10.0,10.0055,0.0049,-1.82581,-0.0,-232.8,-600.0,6.0,979.8295,10,pursuit,0,3.9849,3.7662
61.3,108.443,316.363,10.0,10.006,0.0049,-1.82581,-0.0,-232.2,-600.0,6.0,978.6249,10,pursuit,0,3.9011,3.7599
61.4,108.191,315.395,10.0,10.0064,0.0049,-1.82581,0.0,-231.6,-600.0,6.0,977.4205,10,pursuit,0,3.7512,3.7509
61.5,107.938,314.427,10.0,10.0069,0.0049,-1.82581,0.0,-231.0,-600.0,6.0,976.2163,10,pursuit,0,3.8634,3.7476
61.6,107.686,313.458,10.0,10.0074,0.0049,-1.82581,0.0,-230.4,-600.0,6.0,975.0122,10,pursuit,0,4.2171,3.7419
61.7,107.434,312.49,10.0,10.0079,0.0049,-1.82581,0.0,-229.8,-600.0,6.0,973.8083,10,pursuit,0,4.0606,3.7325
61.8,107.181,311.521,10.0,10.0084,0.0049,-1.82581,0.0,-229.2,-600.0,6.0,972.6046,10,pursuit,0,3.7724,3.7247
61.9,106.929,310.553,10.0,10.0089,0.0049,-1.82581,0.0,-228.6,-600.0,6.0,971.401,10,pursuit,0,3.7386,3.7172
62.0,106.676,309.584,10.0,10.0094,0.0049,-1.82581,0.0,-228.0,-600.0,6.0,970.1976,10,pursuit,0,3.9657,3.7098
62.1,106.424,308.616,10.0,10.0099,0.0049,-1.82581,0.0,-227.4,-600.0,6.0,968.9944,10,pursuit,0,4.4137,3.7023
62.2,106.171,307.647,10.0,10.0104,0.0049,-1.82581,0.0,-226.8,-600.0,6.0,967.7914,10,pursuit,0,4.0514,3.6945
62.3,105.919,306.678,10.0,10.0109,0.0049,-1.82581,0.0,-226.2,-600.0,6.0,966.5885,10,pursuit,0,3.7447,3.6866
62.4,105.666,305.709,10.0,10.0114,0.0049,-1.82581,0.0,-225.6,-600.0,6.0,965.3859,10,pursuit,0,3.6927,3.6784
62.5,105.413,304.741,10.0,10.0119,0.0049,-1.82581,0.0,-225.0,-600.0,6.0,964.1834,10,pursuit,0,3.9056,3.6695
62.6,105.161,303.772,10.0,10.0124,0.0049,-1.82581,0.0,-224.4,-600.0,6.0,962.981,10,pursuit,0,4.3447,3.6598
62.7,104.908,302.803,10.0,10.0129,0.0049,-1.82581,0.0,-223.8,-600.0,6.0,961.7789,10,pursuit,0,3.981,3.6492
62.8,104.656,301.834,10.0,10.0134,0.0049,-1.82581,0.0,-223.2,-600.0,6.0,960.5769,10,pursuit,0,3.6856,3.6382
62.9,104.403,300.865,10.0,10.0139,0.0049,-1.82581,0.0,-222.6,-600.0,6.0,959.3751,10,pursuit,0,3.6503,3.6271
63.0,104.151,299.896,10.0,10.0143,0.0049,-1.82581,0.0,-222.0,-600.0,6.0,958.1735,10,pursuit,0,3.8822,3.6167
63.1,103.898,298.927,10.0,10.0148,0.0049,-1.82581,0.0,-221.4,-600.0,6.0,956.9721,10,pursuit,0,4.1815,3.608
63.2,103.645,297.958,10.0,10.0153,0.0049,-1.82581,0.0,-220.8,-600.0,6.0,955.7709,10,pursuit,0,3.7618,3.5957
63.3,103.393,296.988,10.0,10.0158,0.0049,-1.82581,0.0,-220.2,-600.0,6.0,954.5698,10,pursuit,0,3.581,3.5794
63.4,103.14,296.019,10.0,10.0163,0.0049,-1.82581,0.0,-219.6,-600.0,6.0,953.369,10,pursuit,0,3.6746,3.5679
63.5,102.887,295.05,10.0,10.0168,0.0049,-1.82581,0.0,-219.0,-600.0,6.0,952.1683,10,pursuit,0,4.0235,3.5551
63.6,102.635,294.081,10.0,10.0173,0.0049,-1.82581,0.0,-218.4,-600.0,6.0,950.9678,10,pursuit,0,3.7295,3.5396
63.7,102.382,293.111,10.0,10.0178,0.0049,-1.82581,0.0,-217.8,-600.0,6.0,949.7675,10,pursuit,0,3.5292,3.5262
63.8,102.129,292.142,10.0,10.0183,0.0049,-1.82581,0.0,-217.2,-600.0,6.0,948.5674,10,pursuit,0,3.6066,3.5137
63.9,101.876,291.172,10.0,10.0188,0.0049,-1.82581,0.0,-216.6,-600.0,6.0,947.3675,10,pursuit,0,3.8923,3.4962
64.0,101.624,290.203,10.0,10.0193,0.0049,-1.82581,0.0,-216.0,-600.0,6.0,946.1677,10,pursuit,0,3.5521,3.4806
64.1,101.371,289.233,10.0,10.0198,0.0049,-1.82581,0.0,-215.4,-600.0,6.0,944.9682,10,pursuit,0,3.4775,3.4654
64.2,101.118,288.264,10.0,10.0203,0.0049,-1.82581,0.0,-214.8,-600.0,6.0,943.7688,10,pursuit,0,3.6845,3.4509
64.3,100.865,287.294,10.0,10.0208,0.0049,-1.82581,0.0,-214.2,-600.0,6.0,942.5697,10,pursuit,0,3.5194,3.4361
64.4,100.613,286.324,10.0,10.0213,0.0049,-1.82581,0.0,-213.6,-600.0,6.0,941.3707,10,pursuit,0,3.4266,3.4188
64.5,100.36,285.354,10.0,10.0218,0.0049,-1.82581,0.0,-213.0,-600.0,6.0,940.1719,10,pursuit,0,3.6202,3.4049
64.6,100.107,284.385,10.0,10.0222,0.0049,-1.82581,0.0,-212.4,-600.0,6.0,938.9734,10,pursuit,0,3.4245,3.3905
64.7,99.854,283.415,10.0,10.0227,0.0049,-1.8258,0.0,-211.8,-600.0,6.0,937.775,10,pursuit,0,3.4131,3.3756
64.8,99.601,282.445,10.0,10.0232,0.0049,-1.8258,0.0,-211.2,-600.0,6.0,936.5768,10,pursuit,0,3.512,3.3625
64.9,99.348,281.475,10.0,10.0237,0.0049,-1.8258,0.0,-210.6,-600.0,6.0,935.3789,10,pursuit,0,3.3505,3.3509
65.0,99.096,280.505,10.0,10.0242,0.0049,-1.8258,0.0,-210.0,-600.0,6.0,934.1811,10,pursuit,0,3.4823,3.3409
65.1,98.843,279.535,10.0,10.0247,0.0049,-1.8258,0.0,-209.4,-600.0,6.0,932.9835,10,pursuit,0,3.3584,3.3326
65.2,98.59,278.565,10.0,10.0252,0.0049,-1.8258,0.0,-208.8,-600.0,6.0,931.7861,10,pursuit,0,3.3701,3.3225
65.3,98.337,277.594,10.0,10.0257,0.0049,-1.8258,0.0,-208.2,-600.0,6.0,930.589,10,pursuit,0,3.4093,3.3138
65.4,98.084,276.624,10.0,10.0262,0.0049,-1.8258,0.0,-207.6,-600.0,6.0,929.392,10,pursuit,0,3.3123,3.3065
65.5,97.831,275.654,10.0,10.0267,0.0049,-1.8258,0.0,-207.0,-600.0,6.0,928.1953,10,pursuit,0,3.5018,3.3004
65.6,97.578,274.684,10.0,10.0272,0.0049,-1.8258,0.0,-206.4,-600.0,6.0,926.9987,10,pursuit,0,3.2959,3.2926
65.7,97.325,273.713,10.0,10.0277,0.0049,-1.8258,0.0,-205.8,-600.0,6.0,925.8024,10,pursuit,0,3.3875,3.2842
65.8,97.072,272.743,10.0,10.0282,0.0049,-1.8258,0.0,-205.2,-600.0,6.0,924.6062,10,pursuit,0,3.3281,3.2762
65.9,96.819,271.773,10.0,10.0287,0.0049,-1.8258,0.0,-204.6,-600.0,6.0,923.4103,10,pursuit,0,3.2948,3.2683
66.0,96.566,270.802,10.0,10.0292,0.0049,-1.8258,0.0,-204.0,-600.0,6.0,922.2146,10,pursuit,0,3.4207,3.2605
66.1,96.313,269.832,10.0,10.0296,0.0049,-1.8258,0.0,-203.4,-600.0,6.0,921.0191,10,pursuit,0,3.2519,3.2524
66.2,96.06,268.861,10.0,10.0301,0.0049,-1.8258,0.0,-202.8,-600.0,6.0,919.8238,10,pursuit,0,3.3854,3.2442
66.3,95.682,267.9,10.0,10.3301,3.0,-1.9458,-1.2,-202.2,-600.0,6.0,918.6287,11,pursuit,0,7.6825,7.6825
66.4,95.177,266.964,10.0,10.6301,3.0,-2.0658,-1.2,-201.6,-600.0,6.0,917.4021,11,pursuit,0,7.2512,7.2512
66.5,94.546,266.072,10.0,10.9301,3.0,-2.1858,-1.2,-201.0,-600.0,6.0,916.1594,11,pursuit,0,6.8194,6.8154
66.6,93.809,265.256,10.0,11.0,0.6986,-2.3058,-1.2,-200.4,-600.0,6.0,914.9171,11,pursuit,0,6.3215,6.2884
66.7,92.979,264.534,10.0,11.0,0.0,-2.4258,-1.2,-199.8,-600.0,6.0,913.714,11,pursuit,0,5.6547,5.6496
66.8,92.068,263.917,10.0,11.0,0.0,-2.5458,-1.2,-199.2,-600.0,6.0,912.5716,11,pursuit,0,5.021,4.9083
66.9,91.09,263.413,10.0,11.0,0.0,-2.6658,-1.2,-198.6,-600.0,6.0,911.5041,11,pursuit,0,4.1687,4.0752
67.0,90.111,262.911,10.0,11.0,0.0,-2.66804,-0.0224,-198.0,-600.0,6.0,910.5244,11,pursuit,0,3.2434,3.242
67.1,89.183,262.337,10.0,10.9146,-0.8539,-2.58822,0.7982,-197.4,-600.0,6.0,909.5483,11,pursuit,0,2.5434,2.4701
67.2,88.341,261.669,10.0,10.7488,-1.6576,-2.47045,1.1777,-196.8,-600.0,6.0,908.5218,11,pursuit,0,2.3193,1.8078
67.3,87.597,260.916,10.0,10.5809,-1.6791,-2.35045,1.2,-196.2,-600.0,6.0,907.4343,11,pursuit,0,1.9515,1.2738
67.4,86.957,260.091,10.0,10.4443,-1.366,-2.23045,1.2,-195.6,-600.0,6.0,906.299,11,pursuit,0,0.9883,0.8305
67.5,86.421,259.207,10.0,10.3384,-1.0591,-2.1163,1.1415,-195.0,-600.0,6.0,905.1279,11,pursuit,0,0.6772,0.515
67.6,85.972,258.285,10.0,10.2555,-0.8297,-2.02324,0.9306,-194.4,-600.0,6.0,903.9345,11,pursuit,0,1.4741,0.3445
67.7,85.594,257.339,10.0,10.1926,-0.628,-1.95154,0.717,-193.8,-600.0,6.0,902.7324,11,pursuit,0,2.0788,0.211
67.8,85.266,256.379,10.0,10.1458,-0.4689,-1.89993,0.5161,-193.2,-600.0,6.0,901.5296,11,pursuit,0,1.065,0.0817
67.9,84.976,255.41,10.0,10.1113,-0.345,-1.86123,0.3869,-192.6,-600.0,6.0,900.3297,11,pursuit,0,0.0564,0.0164
68.0,84.713,254.436,10.0,10.0853,-0.2598,-1.83443,0.268,-192.0,-600.0,6.0,899.1339,11,pursuit,0,0.9544,0.0905
68.1,84.469,253.46,10.0,10.0653,-0.1999,-1.81605,0.1838,-191.4,-600.0,6.0,897.9419,11,pursuit,0,1.9607,0.1561
68.2,84.236,252.482,10.0,10.0472,-0.1807,-1.80469,0.1136,-190.8,-600.0,6.0,896.7533,11,pursuit,0,1.7133,0.2201
68.3,84.008,251.505,10.0,10.0327,-0.1447,-1.79988,0.048,-190.2,-600.0,6.0,895.5676,11,pursuit,0,0.7112,0.1864
68.4,83.785,250.528,10.0,10.0218,-0.1093,-1.79587,0.0402,-189.6,-600.0,6.0,894.384,11,pursuit,0,0.2972,0.1028
68.5,83.564,249.552,10.0,10.0138,-0.0801,-1.79305,0.0281,-189.0,-600.0,6.0,893.2021,11,pursuit,0,1.2951,0.0409
68.6,83.344,248.575,10.0,10.0084,-0.0538,-1.79183,0.0122,-188.4,-600.0,6.0,892.0215,11,pursuit,0,2.1158,0.1252
68.7,83.125,247.599,10.0,10.005,-0.0345,-1.79203,-0.002,-187.8,-600.0,6.0,890.8418,11,pursuit,0,1.1153,0.1863
68.8,82.905,246.623,10.0,10.0029,-0.0213,-1.79283,-0.008,-187.2,-600.0,6.0,889.6627,11,pursuit,0,0.1157,0.0409
68.9,82.683,245.648,10.0,10.0016,-0.0123,-1.79399,-0.0116,-186.6,-600.0,6.0,888.484,11,pursuit,0,0.8853,0.1226
69.0,82.461,244.673,10.0,10.0009,-0.0067,-1.79515,-0.0116,-186.0,-600.0,6.0,887.3055,11,pursuit,0,1.8853,0.1085
69.1,82.237,243.698,10.0,10.0006,-0.0033,-1.79612,-0.0098,-185.4,-600.0,6.0,886.1274,11,pursuit,0,1.1605,0.0901
69.2,82.013,242.724,10.0,10.0005,-0.0014,-1.79684,-0.0071,-184.8,-600.0,6.0,884.9494,11,pursuit,0,0.1604,0.0824
69.3,81.788,241.749,10.0,10.0004,-0.0004,-1.79735,-0.0052,-184.2,-600.0,6.0,883.7717,11,pursuit,0,0.8396,0.1563
69.4,81.564,240.775,10.0,10.0005,0.0002,-1.79764,-0.0029,-183.6,-600.0,6.0,882.5942,11,pursuit,0,1.797,0.0455
69.5,81.339,239.8,10.0,10.0005,0.0002,-1.7972,0.0044,-183.0,-600.0,6.0,881.417,11,pursuit,0,0.7969,0.0274
69.6,81.115,238.826,10.0,10.0005,0.0003,-1.79714,0.0006,-182.4,-600.0,6.0,880.24,11,pursuit,0,0.2032,0.0598
69.7,80.89,237.851,10.0,10.0006,0.0004,-1.79727,-0.0013,-181.8,-600.0,6.0,879.0634,11,pursuit,0,1.2032,0.0515
69.8,80.665,236.877,10.0,10.0006,0.0004,-1.7975,-0.0023,-181.2,-600.0,6.0,877.887,11,pursuit,0,0.988,0.0047
69.9,80.44,235.902,10.0,10.0006,0.0004,-1.79784,-0.0034,-180.6,-600.0,6.0,876.7109,11,pursuit,0,0.0125,0.0859
70.0,80.215,234.928,10.0,10.0007,0.0004,-1.79819,-0.0035,-180.0,-600.0,6.0,875.535,11,pursuit,0,1.0121,0.0755
70.1,79.989,233.954,10.0,10.0007,0.0004,-1.79851,-0.0032,-179.4,-600.0,6.0,874.3594,11,pursuit,0,0.7851,0.0909
70.2,79.763,232.979,10.0,10.0008,0.0004,-1.7989,-0.004,-178.8,-600.0,6.0,873.184,11,pursuit,0,0.215,0.0242
70.3,79.536,232.005,10.0,10.0008,0.0004,-1.79928,-0.0038,-178.2,-600.0,6.0,872.0089,11,pursuit,0,1.2151,0.0058
70.4,79.309,231.031,10.0,10.0008,0.0004,-1.79958,-0.0029,-177.6,-600.0,6.0,870.8341,11,pursuit,0,0.2941,0.019
70.5,79.082,230.057,10.0,10.0009,0.0005,-1.79996,-0.0039,-177.0,-600.0,6.0,869.6595,11,pursuit,0,0.7061,0.0647
70.6,78.855,229.084,10.0,10.0009,0.0005,-1.80035,-0.0039,-176.4,-600.0,6.0,868.4851,11,pursuit,0,0.6217,0.0951
70.7,78.627,228.11,10.0,10.001,0.0005,-1.80061,-0.0025,-175.8,-600.0,6.0,867.3111,11,pursuit,0,0.3787,0.012
70.8,78.399,227.136,10.0,10.001,0.0005,-1.80098,-0.0038,-175.2,-600.0,6.0,866.1373,11,pursuit,0,0.8541,0.1045
70.9,78.17,226.162,10.0,10.0011,0.0005,-1.80133,-0.0035,-174.6,-600.0,6.0,864.9637,11,pursuit,0,0.1464,0.0105
71.0,77.941,225.189,10.0,10.0011,0.0005,-1.80171,-0.0038,-174.0,-600.0,6.0,863.7905,11,pursuit,0,1.0372,0.091
71.1,77.712,224.215,10.0,10.0012,0.0005,-1.80206,-0.0034,-173.4,-600.0,6.0,862.6175,11,pursuit,0,0.0377,0.0419
71.2,77.483,223.242,10.0,10.0012,0.0005,-1.80236,-0.003,-172.8,-600.0,6.0,861.4448,11,pursuit,0,0.9631,0.0425
71.3,77.253,222.268,10.0,10.0013,0.0005,-1.80263,-0.0027,-172.2,-600.0,6.0,860.2723,11,pursuit,0,0.2118,0.0896
71.4,77.023,221.295,10.0,10.0014,0.0006,-1.8028,-0.0017,-171.6,-600.0,6.0,859.1002,11,pursuit,0,0.7884,0.003
71.5,76.793,220.322,10.0,10.0014,0.0006,-1.80292,-0.0012,-171.0,-600.0,6.0,857.9283,11,pursuit,0,0.4151,0.1037
71.6,76.563,219.348,10.0,10.0015,0.0006,-1.80297,-0.0005,-170.4,-600.0,6.0,856.7567,11,pursuit,0,0.5851,0.0088
71.7,76.332,218.375,10.0,10.0015,0.0005,-1.80298,-0.0001,-169.8,-600.0,6.0,855.5855,11,pursuit,0,0.6535,0.1082
71.8,76.102,217.402,10.0,10.0016,0.0005,-1.80299,-0.0002,-169.2,-600.0,6.0,854.4145,11,pursuit,0,0.3467,0.0075
71.9,75.872,216.429,10.0,10.0016,0.0004,-1.80301,-0.0001,-168.6,-600.0,6.0,853.2438,11,pursuit,0,0.92,0.0898
72.0,75.642,215.455,10.0,10.0017,0.0004,-1.80295,0.0006,-168.0,-600.0,6.0,852.0735,11,pursuit,0,0.0802,0.0448
72.1,75.412,214.482,10.0,10.0017,0.0004,-1.80284,0.001,-167.4,-600.0,6.0,850.9034,11,pursuit,0,1.0803,0.0442
72.2,75.182,213.508,10.0,10.0017,0.0004,-1.80277,0.0008,-166.8,-600.0,6.0,849.7337,11,pursuit,0,0.2075,0.099
72.3,74.952,212.535,10.0,10.0018,0.0004,-1.80265,0.0012,-166.2,-600.0,6.0,848.5643,11,pursuit,0,0.7927,0.0164
72.4,74.723,211.562,10.0,10.0018,0.0004,-1.80252,0.0013,-165.6,-600.0,6.0,847.3952,12,pursuit,0,5.1385,5.1346
72.5,74.493,210.588,10.0,10.0019,0.0005,-1.8024,0.0012,-165.0,-600.0,6.0,846.2264,12,pursuit,0,5.1793,5.1188
72.6,74.264,209.615,10.0,10.0019,0.0005,-1.80231,0.0009,-164.4,-600.0,6.0,845.058,12,pursuit,0,5.1148,5.1022
72.7,74.034,208.641,10.0,10.002,0.0005,-1.80224,0.0007,-163.8,-600.0,6.0,843.8898,12,pursuit,0,5.1249,5.0862
72.8,73.805,207.668,10.0,10.002,0.0006,-1.8022,0.0004,-163.2,-600.0,6.0,842.722,12,pursuit,0,5.3263,5.0712
72.9,73.575,206.694,10.0,10.0021,0.0006,-1.80219,0.0001,-162.6,-600.0,6.0,841.5545,12,pursuit,0,5.0939,5.0541
73.0,73.346,205.72,10.0,10.0022,0.0006,-1.8022,-0.0001,-162.0,-600.0,6.0,840.3874,12,pursuit,0,5.0484,5.0361
73.1,73.116,204.747,10.0,10.0022,0.0007,-1.80222,-0.0003,-161.4,-600.0,6.0,839.2205,12,pursuit,0,5.1986,5.0212
73.2,72.887,203.773,10.0,10.0023,0.0007,-1.80226,-0.0004,-160.8,-600.0,6.0,838.054,12,pursuit,0,5.2734,5.0024
73.3,72.658,202.8,10.0,10.0024,0.0007,-1.80231,-0.0005,-160.2,-600.0,6.0,836.8878,12,pursuit,0,5.0295,4.9884
73.4,72.428,201.826,10.0,10.0024,0.0007,-1.80236,-0.0005,-159.6,-600.0,6.0,835.7219,12,pursuit,0,4.9782,4.9673
73.5,72.198,200.853,10.0,10.0025,0.0008,-1.80241,-0.0005,-159.0,-600.0,6.0,834.5563,12,pursuit,0,5.1254,4.9503
73.6,71.969,199.879,10.0,10.0026,0.0008,-1.80247,-0.0005,-158.4,-600.0,6.0,833.391,12,pursuit,0,5.3241,4.9348
73.7,71.739,198.906,10.0,10.0027,0.0008,-1.80252,-0.0005,-157.8,-600.0,6.0,832.2261,12,pursuit,0,5.0145,4.9128
73.8,71.509,197.932,10.0,10.0027,0.0008,-1.80257,-0.0005,-157.2,-600.0,6.0,831.0615,12,pursuit,0,4.8933,4.8937
73.9,71.279,196.959,10.0,10.0028,0.0008,-1.80263,-0.0005,-156.6,-600.0,6.0,829.8972,12,pursuit,0,4.9743,4.8778
74.0,71.05,195.985,10.0,10.0029,0.0008,-1.80268,-0.0005,-156.0,-600.0,6.0,828.7333,12,pursuit,0,5.2483,4.8547
74.1,70.82,195.012,10.0,10.003,0.0008,-1.80273,-0.0005,-155.4,-600.0,6.0,827.5697,12,pursuit,0,4.9927,4.8339
74.2,70.59,194.038,10.0,10.003,0.0008,-1.80279,-0.0005,-154.8,-600.0,6.0,826.4064,12,pursuit,0,4.8189,4.8156
74.3,70.36,193.065,10.0,10.0031,0.0008,-1.80284,-0.0005,-154.2,-600.0,6.0,825.2434,12,pursuit,0,4.8494,4.7908
74.4,70.129,192.091,10.0,10.0032,0.0008,-1.80289,-0.0005,-153.6,-600.0,6.0,824.0808,12,pursuit,0,5.0806,4.7726
74.5,69.899,191.118,10.0,10.0033,0.0008,-1.80295,-0.0005,-153.0,-600.0,6.0,822.9186,12,pursuit,0,4.8972,4.7463
74.6,69.669,190.144,10.0,10.0034,0.0008,-1.803,-0.0005,-152.4,-600.0,6.0,821.7566,12,pursuit,0,4.7277,4.725
74.7,69.439,189.171,10.0,10.0034,0.0008,-1.80305,-0.0005,-151.8,-600.0,6.0,820.595,12,pursuit,0,4.7666,4.7013
74.8,69.209,188.197,10.0,10.0035,0.0008,-1.80311,-0.0005,-151.2,-600.0,6.0,819.4338,12,pursuit,0,5.0091,4.6758
74.9,68.978,187.224,10.0,10.0036,0.0008,-1.80316,-0.0005,-150.6,-600.0,6.0,818.2728,12,pursuit,0,4.7256,4.6518
75.0,68.748,186.25,10.0,10.0037,0.0008,-1.80321,-0.0005,-150.0,-600.0,6.0,817.1123,12,pursuit,0,4.6296,4.6276
75.1,68.517,185.277,10.0,10.0037,0.0008,-1.80327,-0.0005,-149.4,-600.0,6.0,815.952,12,pursuit,0,4.7472,4.6025
75.2,68.287,184.303,10.0,10.0038,0.0008,-1.80332,-0.0005,-148.8,-600.0,6.0,814.7922,12,pursuit,0,4.7056,4.5764
75.3,68.056,183.33,10.0,10.0039,0.0008,-1.80337,-0.0005,-148.2,-600.0,6.0,813.6326,12,pursuit,0,4.5506,4.5496
75.4,67.826,182.356,10.0,10.004,0.0008,-1.80343,-0.0005,-147.6,-600.0,6.0,812.4735,12,pursuit,0,4.6125,4.5238
75.5,67.595,181.383,10.0,10.004,0.0008,-1.80348,-0.0005,-147.0,-600.0,6.0,811.3146,12,pursuit,0,4.6017,4.4972
75.6,67.364,180.409,10.0,10.0041,0.0008,-1.80353,-0.0005,-146.4,-600.0,6.0,810.1562,12,pursuit,0,4.4696,4.4706
75.7,67.133,179.436,10.0,10.0042,0.0008,-1.80359,-0.0005,-145.8,-600.0,6.0,808.998,12,pursuit,0,4.5585,4.4426
75.8,66.903,178.463,10.0,10.0043,0.0008,-1.80364,-0.0005,-145.2,-600.0,6.0,807.8403,12,pursuit,0,4.4478,4.4154
75.9,66.672,177.489,10.0,10.0043,0.0008,-1.8037,-0.0005,-144.6,-600.0,6.0,806.6829,12,pursuit,0,4.4127,4.3887
76.0,66.441,176.516,10.0,10.0044,0.0008,-1.80375,-0.0005,-144.0,-600.0,6.0,805.5259,12,pursuit,0,4.4451,4.363
76.1,66.21,175.542,10.0,10.0045,0.0008,-1.8038,-0.0005,-143.4,-600.0,6.0,804.3692,12,pursuit,0,4.3377,4.3354
76.2,65.979,174.569,10.0,10.0046,0.0008,-1.80386,-0.0005,-142.8,-600.0,6.0,803.2129,12,pursuit,0,4.4311,4.3112
76.3,65.748,173.595,10.0,10.0046,0.0008,-1.80391,-0.0005,-142.2,-600.0,6.0,802.0569,12,pursuit,0,4.2856,4.2857
76.4,65.516,172.622,10.0,10.0047,0.0008,-1.80396,-0.0005,-141.6,-600.0,6.0,800.9013,12,pursuit,0,4.3703,4.2622
76.5,65.285,171.649,10.0,10.0048,0.0008,-1.80402,-0.0005,-141.0,-600.0,6.0,799.7461,12,pursuit,0,4.2416,4.2402
76.6,65.054,170.675,10.0,10.0049,0.0008,-1.80407,-0.0005,-140.4,-600.0,6.0,798.5913,12,pursuit,0,4.3091,4.2191
76.7,64.823,169.702,10.0,10.005,0.0008,-1.80412,-0.0005,-139.8,-600.0,6.0,797.4368,12,pursuit,0,4.2007,4.1985
76.8,64.591,168.729,10.0,10.005,0.0008,-1.80418,-0.0005,-139.2,-600.0,6.0,796.2828,12,pursuit,0,4.2615,4.1785
76.9,64.36,167.755,10.0,10.0051,0.0008,-1.80423,-0.0005,-138.6,-600.0,6.0,795.1291,12,pursuit,0,4.1614,4.1587
77.0,64.128,166.782,10.0,10.0052,0.0008,-1.80428,-0.0005,-138.0,-600.0,6.0,793.9757,12,pursuit,0,4.2186,4.1388
77.1,63.897,165.808,10.0,10.0053,0.0008,-1.80434,-0.0005,-137.4,-600.0,6.0,792.8228,12,pursuit,0,4.1231,4.1183
77.2,63.665,164.835,10.0,10.0053,0.0008,-1.80439,-0.0005,-136.8,-600.0,6.0,791.6702,12,pursuit,0,4.1722,4.0977
77.3,63.433,163.862,10.0,10.0054,0.0008,-1.80444,-0.0005,-136.2,-600.0,6.0,790.518,12,pursuit,0,4.0865,4.0769
77.4,63.202,162.888,10.0,10.0055,0.0008,-1.8045,-0.0005,-135.6,-600.0,6.0,789.3662,12,pursuit,0,4.1196,4.0562
77.5,62.97,161.915,10.0,10.0056,0.0008,-1.80455,-0.0005,-135.0,-600.0,6.0,788.2148,12,pursuit,0,4.0524,4.0356
77.6,62.738,160.942,10.0,10.0056,0.0008,-1.8046,-0.0005,-134.4,-600.0,6.0,787.0638,12,pursuit,0,4.0626,4.015
77.7,62.506,159.968,10.0,10.0057,0.0008,-1.80466,-0.0005,-133.8,-600.0,6.0,785.9132,12,pursuit,0,4.0221,3.9926
77.8,62.274,158.995,10.0,10.0058,0.0008,-1.80471,-0.0005,-133.2,-600.0,6.0,784.7629,12,pursuit,0,4.0036,3.9706
77.9,62.042,158.022,10.0,10.0059,0.0008,-1.80476,-0.0005,-132.6,-600.0,6.0,783.6131,12,pursuit,0,3.9964,3.9493
78.0,61.81,157.048,10.0,10.0059,0.0008,-1.80482,-0.0005,-132.0,-600.0,6.0,782.4636,12,pursuit,0,3.9447,3.9266
78.1,61.578,156.075,10.0,10.006,0.0008,-1.80487,-0.0005,-131.4,-600.0,6.0,781.3146,12,pursuit,0,3.9764,3.9034
78.2,61.346,155.102,10.0,10.0061,0.0008,-1.80492,-0.0005,-130.8,-600.0,6.0,780.1659,12,pursuit,0,3.8882,3.8812
78.3,61.114,154.128,10.0,10.0062,0.0008,-1.80498,-0.0005,-130.2,-600.0,6.0,779.0177,12,pursuit,0,3.9624,3.8583
78.4,60.882,153.155,10.0,10.0062,0.0008,-1.80503,-0.0005,-129.6,-600.0,6.0,777.8699,12,pursuit,0,3.8356,3.8344
78.5,60.524,152.189,10.0,10.3062,3.0,-1.92503,-1.2,-129.0,-600.0,6.0,776.7224,13,pursuit,0,8.7311,8.7305
78.6,60.04,151.245,10.0,10.6062,3.0,-2.04503,-1.2,-128.4,-600.0,6.0,775.5514,13,pursuit,0,8.3105,8.2708
78.7,59.429,150.341,10.0,10.9062,3.0,-2.16503,-1.2,-127.8,-600.0,6.0,774.3725,13,pursuit,0,7.8769,7.6852
78.8,58.709,149.51,10.0,11.0,0.9375,-2.28503,-1.2,-127.2,-600.0,6.0,773.2027,13,pursuit,0,7.1879,6.9866
78.9,57.894,148.771,10.0,11.0,0.0,-2.40503,-1.2,-126.6,-600.0,6.0,772.0782,13,pursuit,0,6.2602,6.1902
79.0,56.996,148.135,10.0,11.0,0.0,-2.52503,-1.2,-126.0,-600.0,6.0,771.0222,13,pursuit,0,5.3166,5.3138
79.1,56.058,147.562,10.0,11.0,0.0,-2.59308,-0.6805,-125.4,-600.0,6.0,770.0485,13,pursuit,0,4.398,4.3865
79.2,55.15,146.941,10.0,11.0,0.0,-2.5418,0.5129,-124.8,-600.0,6.0,769.128,13,pursuit,0,3.626,3.4968
79.3,54.32,146.226,10.0,10.9486,-0.5138,-2.43038,1.1142,-124.2,-600.0,6.0,768.171,13,pursuit,0,3.1789,2.6838
79.4,53.595,145.431,10.0,10.7647,-1.8397,-2.31038,1.2,-123.6,-600.0,6.0,767.1433,13,pursuit,0,2.8146,1.9827
79.5,52.98,144.569,10.0,10.5813,-1.8339,-2.19038,1.2,-123.0,-600.0,6.0,766.0631,13,pursuit,0,1.7852,1.3948
79.6,52.48,143.653,10.0,10.4356,-1.4569,-2.07038,1.2,-122.4,-600.0,6.0,764.9456,13,pursuit,0,0.9304,0.9181
79.7,52.098,142.694,10.0,10.3274,-1.0819,-1.95038,1.2,-121.8,-600.0,6.0,763.8022,13,pursuit,0,0.9483,0.5528
79.8,51.824,141.706,10.0,10.2473,-0.8007,-1.84095,1.0943,-121.2,-600.0,6.0,762.6445,13,pursuit,0,1.7916,0.3091
79.9,51.634,140.706,10.0,10.1855,-0.6181,-1.75903,0.8191,-120.6,-600.0,6.0,761.4845,13,pursuit,0,1.5725,0.2461
80.0,51.505,139.7,10.0,10.1403,-0.4521,-1.69756,0.6147,-120.0,-600.0,6.0,760.3311,13,pursuit,0,0.5589,0.0707
80.1,51.421,138.693,10.0,10.1067,-0.3358,-1.65458,0.4299,-119.4,-600.0,6.0,759.187,13,pursuit,0,0.4518,0.1137
80.2,51.366,137.686,10.0,10.0806,-0.2613,-1.62529,0.2929,-118.8,-600.0,6.0,758.0517,13,pursuit,0,1.4597,0.1265
80.3,51.331,136.681,10.0,10.0613,-0.1931,-1.60568,0.1961,-118.2,-600.0,6.0,756.9239,13,pursuit,0,1.5495,0.117
80.4,51.308,135.677,10.0,10.0438,-0.1748,-1.59377,0.1191,-117.6,-600.0,6.0,755.8018,13,pursuit,0,0.5482,0.1076
80.5,51.291,134.674,10.0,10.0299,-0.1394,-1.5871,0.0667,-117.0,-600.0,6.0,754.6839,13,pursuit,0,0.464,0.1686
80.6,51.278,133.672,10.0,10.0198,-0.1003,-1.58462,0.0249,-116.4,-600.0,6.0,753.5689,13,pursuit,0,1.4625,0.0659
80.7,51.265,132.671,10.0,10.0124,-0.0743,-1.58298,0.0164,-115.8,-600.0,6.0,752.4557,13,pursuit,0,1.1842,0.0694
80.8,51.254,131.67,10.0,10.0074,-0.0494,-1.58269,0.0029,-115.2,-600.0,6.0,751.3436,13,pursuit,0,0.1859,0.1106
80.9,51.241,130.67,10.0,10.0043,-0.0315,-1.58352,-0.0083,-114.6,-600.0,6.0,750.2324,13,pursuit,0,0.8181,0.1239
81.0,51.226,129.67,10.0,10.0024,-0.0191,-1.58524,-0.0172,-114.0,-600.0,6.0,749.1214,13,pursuit,0,1.4216,0.1019
81.1,51.21,128.67,10.0,10.0013,-0.011,-1.58715,-0.0191,-113.4,-600.0,6.0,748.0105,13,pursuit,0,0.4216,0.0427
81.2,51.192,127.67,10.0,10.0007,-0.0059,-1.58895,-0.018,-112.8,-600.0,6.0,746.8994,13,pursuit,0,0.5787,0.056
81.3,51.172,126.67,10.0,10.0004,-0.0027,-1.59045,-0.015,-112.2,-600.0,6.0,745.7883,13,pursuit,0,1.2628,0.0956
81.4,51.152,125.67,10.0,10.0003,-0.0009,-1.5914,-0.0095,-111.6,-600.0,6.0,744.6771,13,pursuit,0,0.2628,0.0784
81.5,51.13,124.67,10.0,10.0004,0.0002,-1.59225,-0.0085,-111.0,-600.0,6.0,743.5659,13,pursuit,0,0.7373,0.0214
81.6,51.108,123.67,10.0,10.0005,0.001,-1.59288,-0.0063,-110.4,-600.0,6.0,742.4547,13,pursuit,0,0.7941,0.0096
81.7,51.085,122.671,10.0,10.0006,0.0014,-1.59334,-0.0046,-109.8,-600.0,6.0,741.3436,13,pursuit,0,0.206,0.0367
81.8,51.063,121.671,10.0,10.0008,0.0016,-1.59369,-0.0034,-109.2,-600.0,6.0,740.2326,13,pursuit,0,1.1107,0.0972
81.9,51.039,120.671,10.0,10.0009,0.0015,-1.5939,-0.0021,-108.6,-600.0,6.0,739.1218,13,pursuit,0,0.1107,0.04
82.0,51.016,119.671,10.0,10.0011,0.0015,-1.59411,-0.0021,-108.0,-600.0,6.0,738.0111,13,pursuit,0,0.8895,0.073
82.1,50.993,118.671,10.0,10.0012,0.0015,-1.5943,-0.0019,-107.4,-600.0,6.0,736.9005,13,pursuit,0,0.3037,0.0158
82.2,50.969,117.672,10.0,10.0014,0.0015,-1.59449,-0.0019,-106.8,-600.0,6.0,735.7901,13,pursuit,0,0.6965,0.086
82.3,50.945,116.672,10.0,10.0015,0.0015,-1.59466,-0.0017,-106.2,-600.0,6.0,734.6799,13,pursuit,0,0.4291,0.0676
82.4,50.921,115.672,10.0,10.0017,0.0015,-1.5948,-0.0015,-105.6,-600.0,6.0,733.5698,13,pursuit,0,0.5711,0.0179
82.5,50.897,114.672,10.0,10.0018,0.0013,-1.59494,-0.0013,-105.0,-600.0,6.0,732.4599,13,pursuit,0,0.5245,0.0269
82.6,50.873,113.672,10.0,10.0019,0.0012,-1.59508,-0.0015,-104.4,-600.0,6.0,731.3502,13,pursuit,0,0.4756,0.0712
82.7,50.848,112.672,10.0,10.002,0.0013,-1.59518,-0.001,-103.8,-600.0,6.0,730.2406,13,pursuit,0,0.6276,0.0904
82.8,50.824,111.672,10.0,10.0022,0.0013,-1.59525,-0.0006,-103.2,-600.0,6.0,729.1312,13,pursuit,0,0.3727,0.0352
82.9,50.799,110.672,10.0,10.0023,0.0013,-1.59529,-0.0004,-102.6,-600.0,6.0,728.0221,13,pursuit,0,0.7636,0.0289
83.0,50.775,109.672,10.0,10.0024,0.0011,-1.59533,-0.0005,-102.0,-600.0,6.0,726.9131,13,pursuit,0,0.2367,0.1012
83.1,50.75,108.672,10.0,10.0025,0.0011,-1.59539,-0.0006,-101.4,-600.0,6.0,725.8043,13,pursuit,0,0.9302,0.0356
83.2,50.726,107.672,10.0,10.0026,0.0011,-1.5954,-0.0,-100.8,-600.0,6.0,724.6958,13,pursuit,0,0.07,0.0494
83.3,50.701,106.672,10.0,10.0027,0.0011,-1.59538,0.0002,-100.2,-600.0,6.0,723.5874,13,pursuit,0,1.0703,0.0783
83.4,50.676,105.672,10.0,10.0028,0.0011,-1.59539,-0.0001,-99.6,-600.0,6.0,722.4793,13,pursuit,0,0.1211,0.017
83.5,50.652,104.672,10.0,10.003,0.0011,-1.59536,0.0003,-99.0,-600.0,6.0,721.3713,13,pursuit,0,0.8792,0.1035
83.6,50.627,103.672,10.0,10.0031,0.0011,-1.59532,0.0004,-98.4,-600.0,6.0,720.2636,13,pursuit,0,0.3304,0.0013
83.7,50.603,102.672,10.0,10.0031,0.0,-1.59547,-0.0015,-97.8,-600.0,6.0,719.1561,13,pursuit,0,0.6699,0.1059
83.8,50.578,101.672,10.0,10.0031,0.0002,-1.59549,-0.0002,-97.2,-600.0,6.0,718.0489,13,pursuit,0,0.5523,0.0072
83.9,50.553,100.672,10.0,10.0031,0.0003,-1.59547,0.0003,-96.6,-600.0,6.0,716.9418,13,pursuit,0,0.448,0.1035
84.0,50.529,99.672,10.0,10.0032,0.0005,-1.59541,0.0006,-96.0,-600.0,6.0,715.835,13,pursuit,0,0.7815,0.0069
84.1,50.504,98.672,10.0,10.0032,0.0007,-1.59534,0.0007,-95.4,-600.0,6.0,714.7284,13,pursuit,0,0.2188,0.106
84.2,50.48,97.672,10.0,10.0033,0.0007,-1.59525,0.0009,-94.8,-600.0,6.0,713.622,13,pursuit,0,1.0127,0.0035
84.3,50.455,96.672,10.0,10.0034,0.0007,-1.5952,0.0005,-94.2,-600.0,6.0,712.5159,13,pursuit,0,0.0124,0.1095
84.4,50.431,95.672,10.0,10.0035,0.0008,-1.59514,0.0006,-93.6,-600.0,6.0,711.41,13,pursuit,0,0.988,0.0007
84.5,50.407,94.672,10.0,10.0034,-0.0003,-1.59514,-0.0,-93.0,-600.0,6.0,710.3044,13,pursuit,0,0.2415,0.1111
84.6,50.382,93.672,10.0,10.0034,-0.0001,-1.59511,0.0003,-92.4,-600.0,6.0,709.199,14,pursuit,0,5.8984,5.8984
84.7,50.358,92.672,10.0,10.0034,0.0001,-1.59508,0.0003,-91.8,-600.0,6.0,708.0938,14,pursuit,0,4.9523,4.9523
84.8,50.334,91.672,10.0,10.0035,0.0004,-1.59504,0.0004,-91.2,-600.0,6.0,706.9889,14,pursuit,0,4.0325,4.0325
84.9,50.309,90.672,10.0,10.0035,0.0006,-1.595,0.0004,-90.6,-600.0,6.0,705.8842,14,pursuit,0,3.1619,3.1619
85.0,50.285,89.672,10.0,10.0036,0.0008,-1.59497,0.0003,-90.0,-600.0,6.0,704.7798,14,pursuit,0,2.3949,2.3949
85.1,50.261,88.672,10.0,10.0037,0.001,-1.59494,0.0003,-89.4,-600.0,6.0,703.6756,14,pursuit,0,1.8642,1.8642
85.2,50.237,87.672,10.0,10.0038,0.0012,-1.59492,0.0002,-88.8,-600.0,6.0,702.5717,14,pursuit,0,1.7527,1.7527
85.3,50.213,86.672,10.0,10.004,0.0013,-1.59491,0.0001,-88.2,-600.0,6.0,701.4679,14,pursuit,0,1.7558,1.748
85.4,50.189,85.672,10.0,10.0041,0.0014,-1.59492,-0.0001,-87.6,-600.0,6.0,700.3645,14,pursuit,0,1.805,1.7421
85.5,50.165,84.671,10.0,10.0043,0.0015,-1.59494,-0.0002,-87.0,-600.0,6.0,699.2612,14,pursuit,0,1.8137,1.7386
85.6,50.14,83.671,10.0,10.0044,0.0017,-1.59498,-0.0004,-86.4,-600.0,6.0,698.1582,14,pursuit,0,2.0541,1.7325
85.7,50.116,82.671,10.0,10.0046,0.0018,-1.59503,-0.0005,-85.8,-600.0,6.0,697.0554,14,pursuit,0,1.7283,1.7265
85.8,50.092,81.671,10.0,10.0048,0.0019,-1.59507,-0.0005,-85.2,-600.0,6.0,695.9528,14,pursuit,0,1.9383,1.72
85.9,50.068,80.671,10.0,10.005,0.002,-1.59512,-0.0005,-84.6,-600.0,6.0,694.8504,14,pursuit,0,2.2818,1.7151
86.0,50.043,79.67,10.0,10.0052,0.002,-1.59517,-0.0005,-84.0,-600.0,6.0,693.7483,14,pursuit,0,1.7829,1.7124
86.1,50.019,78.67,10.0,10.0054,0.002,-1.59522,-0.0005,-83.4,-600.0,6.0,692.6464,14,pursuit,0,1.7757,1.7143
86.2,49.994,77.67,10.0,10.0056,0.002,-1.59527,-0.0005,-82.8,-600.0,6.0,691.5447,14,pursuit,0,2.2649,1.7014
86.3,49.97,76.67,10.0,10.0058,0.002,-1.59532,-0.0005,-82.2,-600.0,6.0,690.4433,14,pursuit,0,2.167,1.6998
86.4,49.945,75.669,10.0,10.006,0.002,-1.59537,-0.0005,-81.6,-600.0,6.0,689.3421,14,pursuit,0,1.7277,1.6958
86.5,49.92,74.669,10.0,10.0062,0.002,-1.59542,-0.0005,-81.0,-600.0,6.0,688.2411,14,pursuit,0,1.8101,1.6902
86.6,49.896,73.669,10.0,10.0064,0.002,-1.59547,-0.0005,-80.4,-600.0,6.0,687.1403,14,pursuit,0,2.3603,1.6897
86.7,49.871,72.668,10.0,10.0066,0.002,-1.59552,-0.0005,-79.8,-600.0,6.0,686.0398,14,pursuit,0,2.1341,1.6826
86.8,49.846,71.668,10.0,10.0068,0.002,-1.59557,-0.0005,-79.2,-600.0,6.0,684.9395,14,pursuit,0,1.7075,1.6851
86.9,49.821,70.668,10.0,10.007,0.002,-1.59562,-0.0005,-78.6,-600.0,6.0,683.8394,14,pursuit,0,1.811,1.6759
87.0,49.796,69.667,10.0,10.0072,0.002,-1.59567,-0.0005,-78.0,-600.0,6.0,682.7396,14,pursuit,0,2.3763,1.6824
87.1,49.772,68.667,10.0,10.0074,0.002,-1.59572,-0.0005,-77.4,-600.0,6.0,681.64,14,pursuit,0,2.0126,1.6729
87.2,49.747,67.666,10.0,10.0076,0.002,-1.59577,-0.0005,-76.8,-600.0,6.0,680.5407,14,pursuit,0,1.6741,1.6704
87.3,49.722,66.666,10.0,10.0079,0.002,-1.59582,-0.0005,-76.2,-600.0,6.0,679.4416,14,pursuit,0,1.8862,1.6743
87.4,49.696,65.665,10.0,10.0081,0.002,-1.59587,-0.0005,-75.6,-600.0,6.0,678.3427,14,pursuit,0,2.3679,1.6735
87.5,49.671,64.665,10.0,10.0083,0.002,-1.59592,-0.0005,-75.0,-600.0,6.0,677.2441,14,pursuit,0,1.8003,1.6689
87.6,49.646,63.664,10.0,10.0085,0.002,-1.59597,-0.0005,-74.4,-600.0,6.0,676.1457,14,pursuit,0,1.6966,1.6671
87.7,49.621,62.664,10.0,10.0087,0.002,-1.59602,-0.0005,-73.8,-600.0,6.0,675.0476,14,pursuit,0,2.1259,1.6667
87.8,49.596,61.663,10.0,10.0089,0.002,-1.59608,-0.0005,-73.2,-600.0,6.0,673.9497,14,pursuit,0,1.9247,1.6674
87.9,49.57,60.663,10.0,10.0091,0.002,-1.59613,-0.0005,-72.6,-600.0,6.0,672.8521,14,pursuit,0,1.6667,1.6702
88.0,49.545,59.662,10.0,10.0093,0.002,-1.59618,-0.0005,-72.0,-600.0,6.0,671.7547,14,pursuit,0,1.9634,1.6707
88.1,49.519,58.661,10.0,10.0095,0.002,-1.59623,-0.0005,-71.4,-600.0,6.0,670.6576,14,pursuit,0,1.9142,1.6674
88.2,49.494,57.661,10.0,10.0097,0.002,-1.59628,-0.0005,-70.8,-600.0,6.0,669.5607,14,pursuit,0,1.6693,1.6738
88.3,49.468,56.66,10.0,10.0099,0.002,-1.59633,-0.0005,-70.2,-600.0,6.0,668.4641,14,pursuit,0,1.9782,1.6695
88.4,49.443,55.659,10.0,10.0101,0.002,-1.59638,-0.0005,-69.6,-600.0,6.0,667.3678,14,pursuit,0,1.7717,1.6701
88.5,49.417,54.659,10.0,10.0103,0.002,-1.59643,-0.0005,-69.0,-600.0,6.0,666.2717,14,pursuit,0,1.7206,1.6712
88.6,49.391,53.658,10.0,10.0105,0.002,-1.59648,-0.0005,-68.4,-600.0,6.0,665.1758,14,pursuit,0,1.9301,1.6724
88.7,49.366,52.657,10.0,10.0107,0.002,-1.59653,-0.0005,-67.8,-600.0,6.0,664.0802,14,pursuit,0,1.6736,1.6767
88.8,49.34,51.656,10.0,10.0109,0.002,-1.59658,-0.0005,-67.2,-600.0,6.0,662.9849,14,pursuit,0,1.97,1.6741
88.9,49.314,50.656,10.0,10.0111,0.002,-1.59663,-0.0005,-66.6,-600.0,6.0,661.8899,14,pursuit,0,1.6793,1.6757
89.0,49.288,49.655,10.0,10.0113,0.002,-1.59668,-0.0005,-66.0,-600.0,6.0,660.7951,14,pursuit,0,1.8931,1.677
89.1,49.262,48.654,10.0,10.0115,0.002,-1.59673,-0.0005,-65.4,-600.0,6.0,659.7006,14,pursuit,0,1.6809,1.677
89.2,49.236,47.653,10.0,10.0117,0.002,-1.59678,-0.0005,-64.8,-600.0,6.0,658.6063,14,pursuit,0,1.8901,1.6763
89.3,49.21,46.652,10.0,10.0119,0.002,-1.59683,-0.0005,-64.2,-600.0,6.0,657.5123,14,pursuit,0,1.6766,1.6761
89.4,49.184,45.652,10.0,10.0121,0.002,-1.59688,-0.0005,-63.6,-600.0,6.0,656.4186,14,pursuit,0,1.9082,1.6778
89.5,49.158,44.651,10.0,10.0123,0.002,-1.59693,-0.0005,-63.0,-600.0,6.0,655.3252,14,pursuit,0,1.6769,1.6748
89.6,49.131,43.65,10.0,10.0125,0.002,-1.59698,-0.0005,-62.4,-600.0,6.0,654.2321,14,pursuit,0,1.8348,1.6748
89.7,49.105,42.649,10.0,10.0127,0.002,-1.59703,-0.0005,-61.8,-600.0,6.0,653.1392,14,pursuit,0,1.6911,1.673
89.8,49.079,41.648,10.0,10.0129,0.002,-1.59708,-0.0005,-61.2,-600.0,6.0,652.0466,14,pursuit,0,1.7725,1.672
89.9,49.053,40.647,10.0,10.0132,0.002,-1.59713,-0.0005,-60.6,-600.0,6.0,650.9543,14,pursuit,0,1.7202,1.6713
90.0,49.026,39.646,10.0,10.0134,0.002,-1.59718,-0.0005,-60.0,-600.0,6.0,649.8622,14,pursuit,0,1.7289,1.6692
90.1,49.0,38.645,10.0,10.0136,0.002,-1.59723,-0.0005,-59.4,-600.0,6.0,648.7705,14,pursuit,0,1.7566,1.6698
90.2,48.973,37.644,10.0,10.0138,0.002,-1.59728,-0.0005,-58.8,-600.0,6.0,647.679,14,pursuit,0,1.7009,1.668
90.3,48.947,36.643,10.0,10.014,0.002,-1.59733,-0.0005,-58.2,-600.0,6.0,646.5878,14,pursuit,0,1.7935,1.6662
90.4,48.92,35.642,10.0,10.0142,0.002,-1.59738,-0.0005,-57.6,-600.0,6.0,645.4969,14,pursuit,0,1.6834,1.6659
90.5,48.893,34.641,10.0,10.0144,0.002,-1.59743,-0.0005,-57.0,-600.0,6.0,644.4063,14,pursuit,0,1.8279,1.6669
90.6,48.867,33.64,10.0,10.0146,0.002,-1.59748,-0.0005,-56.4,-600.0,6.0,643.316,14,pursuit,0,1.6729,1.6653
90.7,48.84,32.638,10.0,10.0148,0.002,-1.59753,-0.0005,-55.8,-600.0,6.0,642.226,15,pursuit,0,3.1596,3.1147
90.8,48.813,31.637,10.0,10.015,0.002,-1.59758,-0.0005,-55.2,-600.0,6.0,641.1363,15,pursuit,0,3.1445,3.1092
90.9,48.786,30.636,10.0,10.0152,0.002,-1.59763,-0.0005,-54.6,-600.0,6.0,640.0468,15,pursuit,0,3.1323,3.1041
91.0,48.759,29.635,10.0,10.0154,0.002,-1.59768,-0.0005,-54.0,-600.0,6.0,638.9577,15,pursuit,0,3.1521,3.1004
91.1,48.732,28.634,10.0,10.0156,0.002,-1.59773,-0.0005,-53.4,-600.0,6.0,637.8689,15,pursuit,0,3.2652,3.0953
91.2,48.705,27.633,10.0,10.0158,0.002,-1.59778,-0.0005,-52.8,-600.0,6.0,636.7804,15,pursuit,0,3.0885,3.0881
91.3,48.678,26.631,10.0,10.016,0.002,-1.59783,-0.0005,-52.2,-600.0,6.0,635.6921,15,pursuit,0,3.2284,3.0849
91.4,48.651,25.63,10.0,10.0162,0.002,-1.59788,-0.0005,-51.6,-600.0,6.0,634.6042,15,pursuit,0,3.2994,3.0824
91.5,48.624,24.629,10.0,10.0164,0.002,-1.59793,-0.0005,-51.0,-600.0,6.0,633.5166,15,pursuit,0,3.0796,3.0769
91.6,48.597,23.628,10.0,10.0166,0.002,-1.59798,-0.0005,-50.4,-600.0,6.0,632.4293,15,pursuit,0,3.1763,3.0729
91.7,48.569,22.626,10.0,10.0168,0.002,-1.59803,-0.0005,-49.8,-600.0,6.0,631.3424,15,pursuit,0,3.4686,3.0701
91.8,48.542,21.625,10.0,10.017,0.002,-1.59808,-0.0005,-49.2,-600.0,6.0,630.2557,15,pursuit,0,3.1242,3.065
91.9,48.515,20.624,10.0,10.0172,0.002,-1.59813,-0.0005,-48.6,-600.0,6.0,629.1693,15,pursuit,0,3.0817,3.0595
92.0,48.487,19.622,10.0,10.0174,0.002,-1.59818,-0.0005,-48.0,-600.0,6.0,628.0833,15,pursuit,0,3.3526,3.0551
92.1,48.46,18.621,10.0,10.0176,0.002,-1.59823,-0.0005,-47.4,-600.0,6.0,626.9976,15,pursuit,0,3.2534,3.0518
92.2,48.432,17.619,10.0,10.0178,0.002,-1.59828,-0.0005,-46.8,-600.0,6.0,625.9122,15,pursuit,0,3.0516,3.0495
92.3,48.405,16.618,10.0,10.018,0.002,-1.59833,-0.0005,-46.2,-600.0,6.0,624.8271,15,pursuit,0,3.1698,3.0479
92.4,48.377,15.617,10.0,10.0182,0.002,-1.59838,-0.0005,-45.6,-600.0,6.0,623.7424,15,pursuit,0,3.3973,3.0464
92.5,48.349,14.615,10.0,10.0185,0.002,-1.59843,-0.0005,-45.0,-600.0,6.0,622.658,15,pursuit,0,3.0848,3.0448
92.6,48.322,13.614,10.0,10.0187,0.002,-1.59848,-0.0005,-44.4,-600.0,6.0,621.5739,15,pursuit,0,3.0819,3.043
92.7,48.294,12.612,10.0,10.0189,0.002,-1.59853,-0.0005,-43.8,-600.0,6.0,620.4901,15,pursuit,0,3.3895,3.0413
92.8,48.266,11.611,10.0,10.0191,0.002,-1.59858,-0.0005,-43.2,-600.0,6.0,619.4067,15,pursuit,0,3.1187,3.0403
92.9,48.238,10.609,10.0,10.0193,0.002,-1.59863,-0.0005,-42.6,-600.0,6.0,618.3236,15,pursuit,0,3.0554,3.0409
93.0,48.21,9.607,10.0,10.0195,0.002,-1.59868,-0.0005,-42.0,-600.0,6.0,617.2408,15,pursuit,0,3.3096,3.0429
93.1,48.182,8.606,10.0,10.0197,0.002,-1.59873,-0.0005,-41.4,-600.0,6.0,616.1584,15,pursuit,0,3.1137,3.0403
93.2,48.154,7.604,10.0,10.0199,0.002,-1.59878,-0.0005,-40.8,-600.0,6.0,615.0763,15,pursuit,0,3.0587,3.0433
93.3,48.126,6.603,10.0,10.0201,0.002,-1.59883,-0.0005,-40.2,-600.0,6.0,613.9946,15,pursuit,0,3.3203,3.0416
93.4,48.098,5.601,10.0,10.0203,0.002,-1.59888,-0.0005,-39.6,-600.0,6.0,612.9132,15,pursuit,0,3.0709,3.0436
93.5,48.07,4.599,10.0,10.0205,0.002,-1.59893,-0.0005,-39.0,-600.0,6.0,611.8322,15,pursuit,0,3.0997,3.0459
93.6,48.041,3.598,10.0,10.0207,0.002,-1.59898,-0.0005,-38.4,-600.0,6.0,610.7515,15,pursuit,0,3.1775,3.0471
93.7,48.013,2.596,10.0,10.0209,0.002,-1.59903,-0.0005,-37.8,-600.0,6.0,609.6712,15,pursuit,0,3.048,3.0473
93.8,47.985,1.594,10.0,10.0211,0.002,-1.59908,-0.0005,-37.2,-600.0,6.0,608.5912,15,pursuit,0,3.2392,3.048
93.9,47.956,0.593,10.0,10.0213,0.002,-1.59913,-0.0005,-36.6,-600.0,6.0,607.5115,15,pursuit,0,3.0532,3.0505
94.0,47.928,-0.409,10.0,10.0215,0.002,-1.59918,-0.0005,-36.0,-600.0,6.0,606.4323,15,pursuit,0,3.1677,3.0522
94.1,47.899,-1.411,10.0,10.0217,0.002,-1.59923,-0.0005,-35.4,-600.0,6.0,605.3534,15,pursuit,0,3.0585,3.0535
94.2,47.871,-2.413,10.0,10.0219,0.002,-1.59929,-0.0005,-34.8,-600.0,6.0,604.2748,15,pursuit,0,3.1598,3.055
94.3,47.842,-3.415,10.0,10.0221,0.002,-1.59934,-0.0005,-34.2,-600.0,6.0,603.1966,15,pursuit,0,3.0561,3.0552
94.4,47.814,-4.416,10.0,10.0223,0.002,-1.59939,-0.0005,-33.6,-600.0,6.0,602.1188,15,pursuit,0,3.171,3.0572
94.5,47.785,-5.418,10.0,10.0225,0.002,-1.59944,-0.0005,-33.0,-600.0,6.0,601.0414,15,pursuit,0,3.0611,3.0575
94.6,47.756,-6.42,10.0,10.0227,0.002,-1.59949,-0.0005,-32.4,-600.0,6.0,599.9643,15,pursuit,0,3.1054,3.0576
94.7,47.727,-7.422,10.0,10.0229,0.002,-1.59954,-0.0005,-31.8,-600.0,6.0,598.8876,15,pursuit,0,3.0918,3.0576
94.8,47.699,-8.424,10.0,10.0231,0.002,-1.59959,-0.0005,-31.2,-600.0,6.0,597.8112,15,pursuit,0,3.0636,3.0575
94.9,47.67,-9.426,10.0,10.0233,0.002,-1.59964,-0.0005,-30.6,-600.0,6.0,596.7353,15,pursuit,0,3.161,3.0573
95.0,47.641,-10.428,10.0,10.0236,0.002,-1.59969,-0.0005,-30.0,-600.0,6.0,595.6597,15,pursuit,0,3.061,3.0569
95.1,47.612,-11.43,10.0,10.0238,0.002,-1.59974,-0.0005,-29.4,-600.0,6.0,594.5845,15,pursuit,0,3.0879,3.0555
95.2,47.583,-12.432,10.0,10.024,0.002,-1.59979,-0.0005,-28.8,-600.0,6.0,593.5097,15,pursuit,0,3.1041,3.0543
95.3,47.553,-13.434,10.0,10.0242,0.002,-1.59984,-0.0005,-28.2,-600.0,6.0,592.4353,15,pursuit,0,3.0545,3.0534
95.4,47.524,-14.436,10.0,10.0244,0.002,-1.59989,-0.0005,-27.6,-600.0,6.0,591.3613,15,pursuit,0,3.14,3.0526
95.5,47.495,-15.438,10.0,10.0246,0.002,-1.59994,-0.0005,-27.0,-600.0,6.0,590.2876,15,pursuit,0,3.0634,3.0519
95.6,47.466,-16.44,10.0,10.0248,0.002,-1.59999,-0.0005,-26.4,-600.0,6.0,589.2144,15,pursuit,0,3.0783,3.0512
95.7,47.437,-17.442,10.0,10.025,0.002,-1.60004,-0.0005,-25.8,-600.0,6.0,588.1416,15,pursuit,0,3.1078,3.0505
95.8,47.407,-18.444,10.0,10.0252,0.002,-1.60009,-0.0005,-25.2,-600.0,6.0,587.0691,15,pursuit,0,3.0515,3.05
95.9,47.378,-19.446,10.0,10.0254,0.002,-1.60014,-0.0005,-24.6,-600.0,6.0,585.9971,15,pursuit,0,3.1534,3.0496
96.0,47.348,-20.448,10.0,10.0256,0.002,-1.60019,-0.0005,-24.0,-600.0,6.0,584.9254,15,pursuit,0,3.0558,3.0495
96.1,47.319,-21.45,10.0,10.0258,0.002,-1.60024,-0.0005,-23.4,-600.0,6.0,583.8542,15,pursuit,0,3.0924,3.0497
96.2,47.289,-22.452,10.0,10.026,0.002,-1.60029,-0.0005,-22.8,-600.0,6.0,582.7834,15,pursuit,0,3.0874,3.0499
96.3,47.26,-23.455,10.0,10.0262,0.002,-1.60034,-0.0005,-22.2,-600.0,6.0,581.713,15,pursuit,0,3.0582,3.0493
96.4,47.23,-24.457,10.0,10.0264,0.002,-1.60039,-0.0005,-21.6,-600.0,6.0,580.643,15,pursuit,0,3.1434,3.0491
96.5,47.2,-25.459,10.0,10.0266,0.002,-1.60044,-0.0005,-21.0,-600.0,6.0,579.5734,15,pursuit,0,3.0494,3.0493
96.6,47.17,-26.461,10.0,10.0268,0.002,-1.60049,-0.0005,-20.4,-600.0,6.0,578.5042,15,pursuit,0,3.1283,3.0501
96.7,47.141,-27.464,10.0,10.027,0.002,-1.60054,-0.0005,-19.8,-600.0,6.0,577.4355,15,pursuit,0,3.0651,3.0509
96.8,47.111,-28.466,10.0,10.0272,0.002,-1.60059,-0.0005,-19.2,-600.0,6.0,576.3672,16,pursuit,0,4.3719,4.3162
96.9,47.081,-29.468,10.0,10.0274,0.002,-1.60064,-0.0005,-18.6,-600.0,6.0,575.2993,16,pursuit,0,4.29,4.2799
97.0,47.051,-30.47,10.0,10.0276,0.002,-1.60069,-0.0005,-18.0,-600.0,6.0,574.2318,16,pursuit,0,4.4392,4.245
97.1,47.021,-31.473,10.0,10.0278,0.002,-1.60074,-0.0005,-17.4,-600.0,6.0,573.1648,16,pursuit,0,4.2613,4.2082
97.2,46.991,-32.475,10.0,10.028,0.002,-1.60079,-0.0005,-16.8,-600.0,6.0,572.0982,16,pursuit,0,4.1861,4.174
97.3,46.961,-33.477,10.0,10.0282,0.002,-1.60084,-0.0005,-16.2,-600.0,6.0,571.032,16,pursuit,0,4.3475,4.1404
97.4,46.931,-34.48,10.0,10.0284,0.002,-1.60089,-0.0005,-15.6,-600.0,6.0,569.9663,16,pursuit,0,4.1681,4.1042
97.5,46.9,-35.482,10.0,10.0286,0.002,-1.60094,-0.0005,-15.0,-600.0,6.0,568.9011,16,pursuit,0,4.0791,4.0701
97.6,46.87,-36.485,10.0,10.0289,0.002,-1.60099,-0.0005,-14.4,-600.0,6.0,567.8362,16,pursuit,0,4.2329,4.0386
97.7,46.84,-37.487,10.0,10.0291,0.002,-1.60104,-0.0005,-13.8,-600.0,6.0,566.7719,16,pursuit,0,4.0693,4.0041
97.8,46.809,-38.49,10.0,10.0293,0.002,-1.60109,-0.0005,-13.2,-600.0,6.0,565.7079,16,pursuit,0,3.9805,3.9715
97.9,46.779,-39.492,10.0,10.0295,0.002,-1.60114,-0.0005,-12.6,-600.0,6.0,564.6445,16,pursuit,0,4.1404,3.9406
98.0,46.748,-40.495,10.0,10.0297,0.002,-1.60119,-0.0005,-12.0,-600.0,6.0,563.5815,16,pursuit,0,3.9521,3.9082
98.1,46.718,-41.497,10.0,10.0299,0.002,-1.60124,-0.0005,-11.4,-600.0,6.0,562.5189,16,pursuit,0,3.899,3.8777
98.2,46.687,-42.5,10.0,10.0301,0.002,-1.60129,-0.0005,-10.8,-600.0,6.0,561.4568,16,pursuit,0,4.0593,3.8485
98.3,46.657,-43.502,10.0,10.0303,0.002,-1.60134,-0.0005,-10.2,-600.0,6.0,560.3952,16,pursuit,0,3.8282,3.8171
98.4,46.626,-44.505,10.0,10.0305,0.002,-1.60139,-0.0005,-9.6,-600.0,6.0,559.3341,16,pursuit,0,3.8528,3.7873
98.5,46.595,-45.507,10.0,10.0307,0.002,-1.60144,-0.0005,-9.0,-600.0,6.0,558.2734,16,pursuit,0,3.85,3.7583
98.6,46.564,-46.51,10.0,10.0309,0.002,-1.60149,-0.0005,-8.4,-600.0,6.0,557.2132,16,pursuit,0,3.7333,3.7296
98.7,46.534,-47.513,10.0,10.0311,0.002,-1.60154,-0.0005,-7.8,-600.0,6.0,556.1534,16,pursuit,0,3.8815,3.7015
98.8,46.503,-48.515,10.0,10.0313,0.002,-1.60159,-0.0005,-7.2,-600.0,6.0,555.0942,16,pursuit,0,3.6784,3.6749
98.9,46.472,-49.518,10.0,10.0315,0.002,-1.60164,-0.0005,-6.6,-600.0,6.0,554.0354,16,pursuit,0,3.7338,3.6455
99.0,46.441,-50.521,10.0,10.0317,0.002,-1.60169,-0.0005,-6.0,-600.0,6.0,552.9772,16,pursuit,0,3.6363,3.6188
99.1,46.41,-51.523,10.0,10.0319,0.002,-1.60174,-0.0005,-5.4,-600.0,6.0,551.9194,16,pursuit,0,3.6465,3.5917
99.2,46.379,-52.526,10.0,10.0321,0.002,-1.60179,-0.0005,-4.8,-600.0,6.0,550.8621,16,pursuit,0,3.5799,3.564
99.3,46.348,-53.529,10.0,10.0323,0.002,-1.60184,-0.0005,-4.2,-600.0,6.0,549.8053,16,pursuit,0,3.5961,3.5358
99.4,46.316,-54.532,10.0,10.0325,0.002,-1.60189,-0.0005,-3.6,-600.0,6.0,548.749,16,pursuit,0,3.5123,3.5094
99.5,46.285,-55.534,10.0,10.0327,0.002,-1.60194,-0.0005,-3.0,-600.0,6.0,547.6932,16,pursuit,0,3.5803,3.4813
99.6,46.254,-56.537,10.0,10.0329,0.002,-1.60199,-0.0005,-2.4,-600.0,6.0,546.6379,16,pursuit,0,3.4566,3.4539
99.7,46.222,-57.54,10.0,10.0331,0.002,-1.60204,-0.0005,-1.8,-600.0,6.0,545.5831,16,pursuit,0,3.4534,3.426
99.8,46.191,-58.543,10.0,10.0333,0.002,-1.60209,-0.0005,-1.2,-600.0,6.0,544.5289,16,pursuit,0,3.444,3.3973
99.9,46.16,-59.546,10.0,10.0335,0.002,-1.60214,-0.0005,-0.6,-600.0,6.0,543.4751,16,pursuit,0,3.3688,3.3685
100.0,46.128,-60.549,10.0,10.0337,0.002,-1.60219,-0.0005,-0.0,-600.0,6.0,542.4219,16,pursuit,0,3.3644,3.3392
100.1,46.097,-61.552,10.0,10.034,0.002,-1.60224,-0.0005,0.6,-600.0,6.0,541.3692,16,pursuit,0,3.3609,3.3093
100.2,46.065,-62.554,10.0,10.0342,0.002,-1.60229,-0.0005,1.2,-600.0,6.0,540.317,16,pursuit,0,3.2817,3.2786
100.3,46.033,-63.557,10.0,10.0344,0.002,-1.60234,-0.0005,1.8,-600.0,6.0,539.2653,16,pursuit,0,3.2576,3.2473
100.4,46.002,-64.56,10.0,10.0346,0.002,-1.60239,-0.0005,2.4,-600.0,6.0,538.2142,16,pursuit,0,3.2852,3.2156
100.5,45.97,-65.563,10.0,10.0348,0.002,-1.60244,-0.0005,3.0,-600.0,6.0,537.1636,16,pursuit,0,3.2009,3.1839
100.6,45.938,-66.566,10.0,10.035,0.002,-1.60249,-0.0005,3.6,-600.0,6.0,536.1136,16,pursuit,0,3.1532,3.1521
100.7,45.906,-67.569,10.0,10.0352,0.002,-1.60255,-0.0005,4.2,-600.0,6.0,535.0641,16,pursuit,0,3.1619,3.1203
100.8,45.874,-68.572,10.0,10.0354,0.002,-1.6026,-0.0005,4.8,-600.0,6.0,534.0151,16,pursuit,0,3.1276,3.0886
100.9,45.842,-69.575,10.0,10.0356,0.002,-1.60265,-0.0005,5.4,-600.0,6.0,532.9667,16,pursuit,0,3.0574,3.0571
101.0,45.81,-70.578,10.0,10.0358,0.002,-1.6027,-0.0005,6.0,-600.0,6.0,531.9189,16,pursuit,0,3.0532,3.0257
101.1,45.778,-71.582,10.0,10.036,0.002,-1.60275,-0.0005,6.6,-600.0,6.0,530.8716,16,pursuit,0,3.0525,2.9946
101.2,45.746,-72.585,10.0,10.0362,0.002,-1.6028,-0.0005,7.2,-600.0,6.0,529.8248,16,pursuit,0,2.9656,2.9639
101.3,45.714,-73.588,10.0,10.0364,0.002,-1.60285,-0.0005,7.8,-600.0,6.0,528.7786,16,pursuit,0,2.9535,2.9323
101.4,45.682,-74.591,10.0,10.0366,0.002,-1.6029,-0.0005,8.4,-600.0,6.0,527.733,16,pursuit,0,2.9723,2.901
101.5,45.65,-75.594,10.0,10.0368,0.002,-1.60295,-0.0005,9.0,-600.0,6.0,526.688,16,pursuit,0,2.8747,2.8704
101.6,45.617,-76.597,10.0,10.037,0.002,-1.603,-0.0005,9.6,-600.0,6.0,525.6435,16,pursuit,0,2.8593,2.8406
101.7,45.585,-77.6,10.0,10.0372,0.002,-1.60305,-0.0005,10.2,-600.0,6.0,524.5997,16,pursuit,0,2.8876,2.8093
101.8,45.552,-78.604,10.0,10.0374,0.002,-1.6031,-0.0005,10.8,-600.0,6.0,523.5564,16,pursuit,0,2.784,2.7789
101.9,45.52,-79.607,10.0,10.0376,0.002,-1.60315,-0.0005,11.4,-600.0,6.0,522.5136,16,pursuit,0,2.7685,2.7493
102.0,45.487,-80.61,10.0,10.0378,0.002,-1.6032,-0.0005,12.0,-600.0,6.0,521.4715,16,pursuit,0,2.8002,2.7187
102.1,45.455,-81.613,10.0,10.038,0.002,-1.60325,-0.0005,12.6,-600.0,6.0,520.43,16,pursuit,0,2.6937,2.6884
102.2,45.422,-82.617,10.0,10.0382,0.002,-1.6033,-0.0005,13.2,-600.0,6.0,519.3891,16,pursuit,0,2.6793,2.659
102.3,45.39,-83.62,10.0,10.0384,0.002,-1.60335,-0.0005,13.8,-600.0,6.0,518.3487,16,pursuit,0,2.7125,2.6289
102.4,45.357,-84.623,10.0,10.0386,0.002,-1.6034,-0.0005,14.4,-600.0,6.0,517.309,16,pursuit,0,2.6041,2.5986
102.5,45.324,-85.627,10.0,10.0388,0.002,-1.60345,-0.0005,15.0,-600.0,6.0,516.2699,16,pursuit,0,2.5901,2.5693
102.6,45.291,-86.63,10.0,10.039,0.002,-1.6035,-0.0005,15.6,-600.0,6.0,515.2314,16,pursuit,0,2.6266,2.5397
102.7,45.258,-87.633,10.0,10.0393,0.002,-1.60355,-0.0005,16.2,-600.0,6.0,514.1935,16,pursuit,0,2.5154,2.5094
102.8,45.225,-88.637,10.0,10.0395,0.002,-1.6036,-0.0005,16.8,-600.0,6.0,513.1562,16,pursuit,0,2.5007,2.48
102.9,45.315,-89.667,10.0,10.3395,3.0,-1.4836,1.2,17.4,-600.0,6.0,512.1196,17,pursuit,0,7.08,7.08
103.0,45.534,-90.708,10.0,10.6395,3.0,-1.3636,1.2,18.0,-600.0,6.0,511.0636,17,pursuit,0,6.5934,6.5934
103.1,45.886,-91.744,10.0,10.9395,3.0,-1.2436,1.2,18.6,-600.0,6.0,510.0036,17,pursuit,0,6.1167,6.1159
103.2,46.362,-92.736,10.0,11.0,0.6054,-1.1236,1.2,19.2,-600.0,6.0,508.9561,17,pursuit,0,5.5729,5.5666
103.3,46.953,-93.664,10.0,11.0,0.0,-1.0036,1.2,19.8,-600.0,6.0,507.9591,17,pursuit,0,4.9251,4.9075
103.4,47.65,-94.514,10.0,11.0,0.0,-0.8836,1.2,20.4,-600.0,6.0,507.0322,17,pursuit,0,4.1641,4.1471
103.5,48.392,-95.326,10.0,11.0,0.0,-0.83086,0.5273,21.0,-600.0,6.0,506.1881,17,pursuit,0,3.3605,3.3464
103.6,49.094,-96.163,10.0,10.9216,-0.7841,-0.87224,-0.4137,21.6,-600.0,6.0,505.3844,17,pursuit,0,2.6253,2.5827
103.7,49.703,-97.052,10.0,10.7721,-1.4946,-0.97096,-0.9873,22.2,-600.0,6.0,504.5547,17,pursuit,0,1.9747,1.911
103.8,50.192,-97.993,10.0,10.609,-1.6315,-1.09096,-1.2,22.8,-600.0,6.0,503.6672,17,pursuit,0,1.4073,1.3505
103.9,50.562,-98.972,10.0,10.4669,-1.4205,-1.2103,-1.1933,23.4,-600.0,6.0,502.7216,17,pursuit,0,1.188,0.9105
104.0,50.816,-99.976,10.0,10.3545,-1.1243,-1.3222,-1.1191,24.0,-600.0,6.0,501.7313,17,pursuit,0,0.618,0.5803
104.1,50.977,-100.99,10.0,10.268,-0.8653,-1.41385,-0.9165,24.6,-600.0,6.0,500.7109,17,pursuit,0,1.1617,0.3601
104.2,51.063,-102.007,10.0,10.2029,-0.6511,-1.48632,-0.7246,25.2,-600.0,6.0,499.6752,17,pursuit,0,0.2085,0.1879
104.3,51.094,-103.022,10.0,10.1541,-0.4876,-1.54062,-0.543,25.8,-600.0,6.0,498.6336,17,pursuit,0,0.9106,0.076
104.4,51.084,-104.033,10.0,10.1175,-0.3663,-1.57984,-0.3921,26.4,-600.0,6.0,497.5914,17,pursuit,0,0.539,0.0216
104.5,51.047,-105.041,10.0,10.0861,-0.3134,-1.6075,-0.2767,27.0,-600.0,6.0,496.551,17,pursuit,0,0.4698,0.0424
104.6,50.992,-106.046,10.0,10.0606,-0.2553,-1.62585,-0.1835,27.6,-600.0,6.0,495.5137,17,pursuit,0,1.0309,0.0597
104.7,50.925,-107.048,10.0,10.0414,-0.1915,-1.63778,-0.1192,28.2,-600.0,6.0,494.4797,17,pursuit,0,0.058,0.0668
104.8,50.851,-108.048,10.0,10.027,-0.1449,-1.64458,-0.0681,28.8,-600.0,6.0,493.4485,17,pursuit,0,0.9783,0.0707
104.9,50.774,-109.046,10.0,10.0168,-0.1012,-1.64722,-0.0263,29.4,-600.0,6.0,492.4197,17,pursuit,0,0.4953,0.0805
105.0,50.696,-110.044,10.0,10.0098,-0.0706,-1.64938,-0.0217,30.0,-600.0,6.0,491.3929,17,pursuit,0,0.5095,0.1032
105.1,50.617,-111.042,10.0,10.0053,-0.0446,-1.64989,-0.005,30.6,-600.0,6.0,490.3676,17,pursuit,0,0.8768,0.1029
105.2,50.539,-112.039,10.0,10.0026,-0.0268,-1.64901,0.0088,31.2,-600.0,6.0,489.3436,17,pursuit,0,0.1264,0.0429
105.3,50.462,-113.036,10.0,10.0012,-0.0148,-1.64732,0.0169,31.8,-600.0,6.0,488.3207,17,pursuit,0,1.1243,0.0466
105.4,50.388,-114.033,10.0,10.0004,-0.0074,-1.64537,0.0195,32.4,-600.0,6.0,487.2987,17,pursuit,0,0.1627,0.0877
105.5,50.315,-115.031,10.0,10.0001,-0.0032,-1.64359,0.0178,33.0,-600.0,6.0,486.2775,17,pursuit,0,0.8379,0.0303
105.6,50.244,-116.028,10.0,10.0,-0.001,-1.64213,0.0146,33.6,-600.0,6.0,485.2572,17,pursuit,0,0.3428,0.0537
105.7,50.173,-117.026,10.0,10.0,0.0,-1.64138,0.0075,34.2,-600.0,6.0,484.2376,17,pursuit,0,0.6573,0.1018
105.8,50.103,-118.023,10.0,10.0,0.0003,-1.64049,0.0089,34.8,-600.0,6.0,483.2188,17,pursuit,0,0.4101,0.0711
105.9,50.034,-119.021,10.0,10.0001,0.0004,-1.63983,0.0066,35.4,-600.0,6.0,482.2009,17,pursuit,0,0.59,0.0699
106.0,49.966,-120.019,10.0,10.0001,0.0004,-1.63937,0.0046,36.0,-600.0,6.0,481.1838,17,pursuit,0,0.3567,0.0912
106.1,49.898,-121.016,10.0,10.0001,0.0003,-1.63909,0.0028,36.6,-600.0,6.0,480.1674,17,pursuit,0,0.6434,0.0239
106.2,49.83,-122.014,10.0,10.0002,0.0003,-1.63894,0.0015,37.2,-600.0,6.0,479.152,17,pursuit,0,0.1751,0.076
106.3,49.762,-123.012,10.0,10.0002,0.0003,-1.6389,0.0004,37.8,-600.0,6.0,478.1374,17,pursuit,0,0.8249,0.0397
106.4,49.693,-124.009,10.0,10.0002,0.0003,-1.63893,-0.0003,38.4,-600.0,6.0,477.1236,17,pursuit,0,0.1382,0.0494
106.5,49.625,-125.007,10.0,10.0003,0.0003,-1.639,-0.0008,39.0,-600.0,6.0,476.1107,17,pursuit,0,0.4296,0.0529
106.6,49.557,-126.005,10.0,10.0003,0.0003,-1.63909,-0.0009,39.6,-600.0,6.0,475.0987,17,pursuit,0,0.5704,0.0442
106.7,49.489,-127.003,10.0,10.0003,0.0002,-1.63906,0.0003,40.2,-600.0,6.0,474.0875,17,pursuit,0,0.1052,0.0341
106.8,49.42,-128.0,10.0,10.0003,0.0003,-1.63924,-0.0018,40.8,-600.0,6.0,473.0773,17,pursuit,0,0.2745,0.0653
106.9,49.352,-128.998,10.0,10.0004,0.0003,-1.63952,-0.0028,41.4,-600.0,6.0,472.0679,17,pursuit,0,0.5848,0.0066
107.0,49.283,-129.996,10.0,10.0004,0.0003,-1.63985,-0.0033,42.0,-600.0,6.0,471.0595,17,pursuit,0,0.4153,0.0251
107.1,49.214,-130.993,10.0,10.0004,0.0003,-1.64009,-0.0024,42.6,-600.0,6.0,470.052,17,pursuit,0,0.1576,0.0211
107.2,49.144,-131.991,10.0,10.0004,0.0003,-1.64044,-0.0035,43.2,-600.0,6.0,469.0454,17,pursuit,0,0.0645,0.0106
107.3,49.074,-132.988,10.0,10.0005,0.0003,-1.6408,-0.0036,43.8,-600.0,6.0,468.0397,17,pursuit,0,0.2595,0.0503
107.4,49.004,-133.986,10.0,10.0005,0.0002,-1.64109,-0.0029,44.4,-600.0,6.0,467.035,17,pursuit,0,0.4356,0.0135
107.5,48.933,-134.984,10.0,10.0005,0.0002,-1.6414,-0.0031,45.0,-600.0,6.0,466.0312,17,pursuit,0,0.5645,0.0566
107.6,48.862,-135.981,10.0,10.0005,0.0002,-1.64168,-0.0028,45.6,-600.0,6.0,465.0284,17,pursuit,0,0.401,0.0153
107.7,48.791,-136.979,10.0,10.0006,0.0002,-1.64191,-0.0023,46.2,-600.0,6.0,464.0266,17,pursuit,0,0.2434,0.0253
107.8,48.72,-137.976,10.0,10.0006,0.0002,-1.64209,-0.0019,46.8,-600.0,6.0,463.0257,17,pursuit,0,0.0851,0.0503
107.9,48.649,-138.974,10.0,10.0006,0.0002,-1.64224,-0.0015,47.4,-600.0,6.0,462.0258,17,pursuit,0,0.0807,0.0046
108.0,48.577,-139.971,10.0,10.0006,0.0003,-1.64236,-0.0012,48.0,-600.0,6.0,461.0268,17,pursuit,0,0.2574,0.0519
108.1,48.506,-140.969,10.0,10.0007,0.0003,-1.64244,-0.0008,48.6,-600.0,6.0,460.0289,17,pursuit,0,0.4446,0.003
108.2,48.434,-141.966,10.0,10.0007,0.0003,-1.6425,-0.0006,49.2,-600.0,6.0,459.0319,17,pursuit,0,0.5555,0.0512
108.3,48.362,-142.964,10.0,10.0007,0.0003,-1.64253,-0.0003,49.8,-600.0,6.0,458.0359,17,pursuit,0,0.3589,0.0262
108.4,48.291,-143.961,10.0,10.0008,0.0003,-1.64253,-0.0,50.4,-600.0,6.0,457.0409,17,pursuit,0,0.1541,0.0108
108.5,48.219,-144.959,10.0,10.0008,0.0003,-1.64252,0.0001,51.0,-600.0,6.0,456.0469,17,pursuit,0,0.0579,0.0433
108.6,48.147,-145.956,10.0,10.0008,0.0003,-1.64249,0.0003,51.6,-600.0,6.0,455.0539,17,pursuit,0,0.2761,0.0499
108.7,48.076,-146.954,10.0,10.0008,0.0003,-1.64245,0.0004,52.2,-600.0,6.0,454.0619,17,pursuit,0,0.4993,0.0252
108.8,48.004,-147.951,10.0,10.0009,0.0003,-1.64241,0.0004,52.8,-600.0,6.0,453.071,17,pursuit,0,0.5008,0.0035
108.9,47.933,-148.949,10.0,10.0009,0.0003,-1.64237,0.0004,53.4,-600.0,6.0,452.081,17,pursuit,0,0.2734,0.016
109.0,47.861,-149.946,10.0,10.001,0.0004,-1.64233,0.0004,54.0,-600.0,6.0,451.0921,18,pursuit,0,4.141,4.139
109.1,47.79,-150.944,10.0,10.001,0.0004,-1.64229,0.0004,54.6,-600.0,6.0,450.1042,18,pursuit,0,4.2797,4.2106
109.2,47.718,-151.941,10.0,10.001,0.0004,-1.64226,0.0004,55.2,-600.0,6.0,449.1173,18,pursuit,0,4.2879,4.2826
109.3,47.647,-152.939,10.0,10.0011,0.0004,-1.64222,0.0003,55.8,-600.0,6.0,448.1315,18,pursuit,0,4.3993,4.3531
109.4,47.576,-153.936,10.0,10.0011,0.0004,-1.64219,0.0003,56.4,-600.0,6.0,447.1468,18,pursuit,0,4.4391,4.4244
109.5,47.504,-154.934,10.0,10.0011,0.0004,-1.64216,0.0003,57.0,-600.0,6.0,446.1631,18,pursuit,0,4.5469,4.4957
109.6,47.433,-155.932,10.0,10.0012,0.0004,-1.64213,0.0003,57.6,-600.0,6.0,445.1804,18,pursuit,0,4.578,4.5673
109.7,47.362,-156.929,10.0,10.0012,0.0004,-1.6421,0.0003,58.2,-600.0,6.0,444.1989,18,pursuit,0,4.714,4.6391
109.8,47.291,-157.927,10.0,10.0013,0.0004,-1.64207,0.0003,58.8,-600.0,6.0,443.2184,18,pursuit,0,4.7121,4.7095
109.9,47.219,-158.924,10.0,10.0013,0.0004,-1.64204,0.0003,59.4,-600.0,6.0,442.239,18,pursuit,0,4.8973,4.7819
110.0,47.148,-159.922,10.0,10.0013,0.0004,-1.64201,0.0003,60.0,-600.0,6.0,441.2608,18,pursuit,0,4.8523,4.8518
110.1,47.077,-160.92,10.0,10.0014,0.0004,-1.64198,0.0003,60.6,-600.0,6.0,440.2836,18,pursuit,0,5.0105,4.9242
110.2,47.006,-161.917,10.0,10.0014,0.0004,-1.64195,0.0003,61.2,-600.0,6.0,439.3075,18,pursuit,0,5.0023,4.994
110.3,46.935,-162.915,10.0,10.0014,0.0004,-1.64192,0.0003,61.8,-600.0,6.0,438.3325,18,pursuit,0,5.1146,5.066
110.4,46.864,-163.912,10.0,10.0015,0.0004,-1.64189,0.0003,62.4,-600.0,6.0,437.3587,18,pursuit,0,5.1566,5.1363
110.5,46.793,-164.91,10.0,10.0015,0.0004,-1.64186,0.0003,63.0,-600.0,6.0,436.386,18,pursuit,0,5.235,5.2072
110.6,46.722,-165.908,10.0,10.0016,0.0004,-1.64183,0.0003,63.6,-600.0,6.0,435.4144,18,pursuit,0,5.3072,5.2786
110.7,46.651,-166.905,10.0,10.0016,0.0004,-1.6418,0.0003,64.2,-600.0,6.0,434.444,18,pursuit,0,5.3674,5.3499
110.8,46.701,-167.934,10.0,10.3016,3.0,-1.5218,1.2,64.8,-600.0,6.0,433.4748,18,pursuit,0,5.3261,5.2991
110.9,46.88,-168.979,10.0,10.6016,3.0,-1.4018,1.2,65.4,-600.0,6.0,432.4702,18,pursuit,0,5.1451,5.1203
111.0,47.19,-170.024,10.0,10.9016,3.0,-1.2818,1.2,66.0,-600.0,6.0,431.4446,18,pursuit,0,4.8245,4.8102
111.1,47.628,-171.034,10.0,11.0,0.984,-1.1618,1.2,66.6,-600.0,6.0,430.4136,18,pursuit,0,4.4175,4.3723
111.2,48.183,-171.983,10.0,11.0,0.0,-1.0418,1.2,67.2,-600.0,6.0,429.4127,18,pursuit,0,3.8257,3.817
111.3,48.845,-172.856,10.0,10.9617,-0.3832,-0.9218,1.2,67.8,-600.0,6.0,428.4661,18,pursuit,0,3.2141,3.1546
111.4,49.517,-173.711,10.0,10.8647,-0.9696,-0.90491,0.1689,68.4,-600.0,6.0,427.5909,18,pursuit,0,2.4983,2.4835
111.5,50.131,-174.59,10.0,10.7262,-1.3855,-0.96063,-0.5572,69.0,-600.0,6.0,426.7342,18,pursuit,0,1.9646,1.8688
111.6,50.653,-175.51,10.0,10.5818,-1.4433,-1.05496,-0.9432,69.6,-600.0,6.0,425.8553,18,pursuit,0,1.3518,1.3474
111.7,51.071,-176.468,10.0,10.4506,-1.3124,-1.15987,-1.0491,70.2,-600.0,6.0,424.9394,18,pursuit,0,1.1623,0.9295
111.8,51.389,-177.453,10.0,10.345,-1.056,-1.25824,-0.9837,70.8,-600.0,6.0,423.9908,18,pursuit,0,0.675,0.6146
111.9,51.621,-178.452,10.0,10.2626,-0.824,-1.34257,-0.8433,71.4,-600.0,6.0,423.0207,18,pursuit,0,0.409,0.3835
112.0,51.785,-179.459,10.0,10.1987,-0.639,-1.40952,-0.6695,72.0,-600.0,6.0,422.0398,18,pursuit,0,0.5435,0.2174
112.1,51.895,-180.468,10.0,10.1507,-0.4804,-1.46152,-0.52,72.6,-600.0,6.0,421.0557,18,pursuit,0,0.5206,0.1214
112.2,51.967,-181.477,10.0,10.1146,-0.3609,-1.50033,-0.3881,73.2,-600.0,6.0,420.0725,18,pursuit,0,0.2455,0.0657
112.3,52.009,-182.485,10.0,10.088,-0.2655,-1.52892,-0.286,73.8,-600.0,6.0,419.092,18,pursuit,0,0.041,0.0124
112.4,52.032,-183.491,10.0,10.0642,-0.2382,-1.54814,-0.1922,74.4,-600.0,6.0,418.115,18,pursuit,0,0.1164,0.0534
112.5,52.043,-184.496,10.0,10.0456,-0.1859,-1.55968,-0.1154,75.0,-600.0,6.0,417.1416,18,pursuit,0,0.2287,0.0622
112.6,52.045,-185.499,10.0,10.0307,-0.1489,-1.56882,-0.0914,75.6,-600.0,6.0,416.1716,18,pursuit,0,0.3122,0.0505
112.7,52.042,-186.501,10.0,10.0202,-0.1049,-1.57372,-0.049,76.2,-600.0,6.0,415.2045,18,pursuit,0,0.3752,0.0449
112.8,52.036,-187.502,10.0,10.0128,-0.0747,-1.57708,-0.0336,76.8,-600.0,6.0,414.2398,18,pursuit,0,0.4223,0.0501
112.9,52.028,-188.503,10.0,10.0079,-0.0486,-1.57849,-0.0142,77.4,-600.0,6.0,413.2771,18,pursuit,0,0.4581,0.0411
113.0,52.02,-189.503,10.0,10.0049,-0.0302,-1.57845,0.0005,78.0,-600.0,6.0,412.316,18,pursuit,0,0.4869,0.0203
113.1,52.014,-190.504,10.0,10.0031,-0.0177,-1.57727,0.0118,78.6,-600.0,6.0,411.3564,18,pursuit,0,0.5132,0.0283
113.2,52.009,-191.504,10.0,10.0021,-0.0096,-1.57546,0.0181,79.2,-600.0,6.0,410.3979,18,pursuit,0,0.4873,0.0502
113.3,52.006,-192.504,10.0,10.0016,-0.0057,-1.57416,0.013,79.8,-600.0,6.0,409.4405,18,pursuit,0,0.4587,0.0255
113.4,52.004,-193.504,10.0,10.0012,-0.0034,-1.57303,0.0113,80.4,-600.0,6.0,408.4842,18,pursuit,0,0.4237,0.012
113.5,52.002,-194.504,10.0,10.001,-0.0025,-1.57218,0.0085,81.0,-600.0,6.0,407.5289,18,pursuit,0,0.3798,0.0484
113.6,52.001,-195.504,10.0,10.0008,-0.0023,-1.57163,0.0055,81.6,-600.0,6.0,406.5747,18,pursuit,0,0.3276,0.0041
113.7,52.001,-196.504,10.0,10.0005,-0.0024,-1.57134,0.003,82.2,-600.0,6.0,405.6215,18,pursuit,0,0.2679,0.0428
113.8,52.0,-197.504,10.0,10.0003,-0.0025,-1.57123,0.001,82.8,-600.0,6.0,404.6695,18,pursuit,0,0.2013,0.0227
113.9,52.0,-198.504,10.0,10.0,-0.0024,-1.57114,0.001,83.4,-600.0,6.0,403.7187,18,pursuit,0,0.1287,0.0133
114.0,52.0,-199.504,10.0,9.9998,-0.0024,-1.57112,0.0001,84.0,-600.0,6.0,402.769,18,pursuit,0,0.0508,0.0451
114.1,51.999,-200.504,10.0,9.9996,-0.0023,-1.57114,-0.0002,84.6,-600.0,6.0,401.8204,18,pursuit,0,0.0317,0.0349
114.2,51.999,-201.504,10.0,9.9993,-0.0023,-1.57108,0.0006,85.2,-600.0,6.0,400.873,18,pursuit,0,0.1179,0.0103
114.3,51.999,-202.504,10.0,9.9991,-0.0023,-1.57105,0.0003,85.8,-600.0,6.0,399.9268,18,pursuit,0,0.2074,0.0119
114.4,51.999,-203.504,10.0,9.9989,-0.0022,-1.57104,0.0001,86.4,-600.0,6.0,398.9818,18,pursuit,0,0.2993,0.0319
114.5,51.998,-204.504,10.0,9.9987,-0.0022,-1.57095,0.0009,87.0,-600.0,6.0,398.038,18,pursuit,0,0.393,0.0502
114.6,51.998,-205.504,10.0,9.9984,-0.0022,-1.57092,0.0003,87.6,-600.0,6.0,397.0954,18,pursuit,0,0.488,0.0419
114.7,51.998,-206.503,10.0,9.9982,-0.0022,-1.57092,0.0,88.2,-600.0,6.0,396.1539,18,pursuit,0,0.5118,0.0256
114.8,51.998,-207.503,10.0,9.998,-0.0021,-1.57085,0.0007,88.8,-600.0,6.0,395.2138,18,pursuit,0,0.4163,0.0095
114.9,51.998,-208.503,10.0,9.9978,-0.0021,-1.57084,0.0001,89.4,-600.0,6.0,394.2748,18,pursuit,0,0.3209,0.0074
115.0,51.998,-209.503,10.0,9.9976,-0.002,-1.57085,-0.0001,90.0,-600.0,6.0,393.337,18,pursuit,0,0.2261,0.0243
115.1,51.998,-210.503,10.0,9.9974,-0.0019,-1.57079,0.0006,90.6,-600.0,6.0,392.4005,19,pursuit,0,7.4975,7.4975
115.2,51.998,-211.502,10.0,9.9972,-0.002,-1.57079,0.0,91.2,-600.0,6.0,391.4653,19,pursuit,0,6.4977,6.4977
115.3,51.998,-212.502,10.0,9.997,-0.0019,-1.57081,-0.0002,91.8,-600.0,6.0,390.5313,19,pursuit,0,5.498,5.498
115.4,51.998,-213.502,10.0,9.9968,-0.0018,-1.57076,0.0005,92.4,-600.0,6.0,389.5986,19,pursuit,0,4.4984,4.4984
115.5,51.998,-214.501,10.0,9.9967,-0.0018,-1.57076,-0.0,93.0,-600.0,6.0,388.6671,19,pursuit,0,3.4987,3.4987
115.6,51.998,-215.501,10.0,9.9965,-0.0018,-1.57079,-0.0002,93.6,-600.0,6.0,387.737,19,pursuit,0,2.499,2.499
115.7,51.998,-216.501,10.0,9.9963,-0.0017,-1.57073,0.0005,94.2,-600.0,6.0,386.8081,19,pursuit,0,1.4994,1.4994
115.8,51.998,-217.5,10.0,9.9961,-0.0017,-1.57074,-0.0001,94.8,-600.0,6.0,385.8806,19,pursuit,0,0.4998,0.4998
115.9,51.998,-218.5,10.0,9.996,-0.0017,-1.57077,-0.0003,95.4,-600.0,6.0,384.9543,19,pursuit,0,0.1072,0.0155
116.0,51.998,-219.499,10.0,9.9958,-0.0015,-1.57072,0.0005,96.0,-600.0,6.0,384.0294,19,pursuit,0,0.1744,0.0242
116.1,51.998,-220.499,10.0,9.9957,-0.0015,-1.57073,-0.0001,96.6,-600.0,6.0,383.1058,19,pursuit,0,0.3949,0.03
116.2,51.998,-221.498,10.0,9.9955,-0.0015,-1.57076,-0.0003,97.2,-600.0,6.0,382.1835,19,pursuit,0,0.3579,0.0161
116.3,51.998,-222.498,10.0,9.9954,-0.0013,-1.57071,0.0005,97.8,-600.0,6.0,381.2626,19,pursuit,0,0.0484,0.0664
116.4,51.999,-223.498,10.0,9.9953,-0.0013,-1.57072,-0.0001,98.4,-600.0,6.0,380.343,19,pursuit,0,0.4962,0.0237
116.5,51.999,-224.497,10.0,9.9951,-0.0013,-1.57075,-0.0003,99.0,-600.0,6.0,379.4249,19,pursuit,0,0.5033,0.0404
116.6,51.999,-225.497,10.0,9.995,-0.001,-1.57069,0.0006,99.6,-600.0,6.0,378.508,19,pursuit,0,0.2316,0.0069
116.7,51.999,-226.496,10.0,9.9949,-0.0011,-1.57071,-0.0001,100.2,-600.0,6.0,377.5926,19,pursuit,0,0.7679,0.0789
116.8,51.999,-227.496,10.0,9.9948,-0.0011,-1.57074,-0.0003,100.8,-600.0,6.0,376.6786,19,pursuit,0,0.1123,0.06
116.9,51.999,-228.495,10.0,9.9948,-0.0005,-1.57067,0.0007,101.4,-600.0,6.0,375.7659,19,pursuit,0,0.8872,0.0375
117.0,51.999,-229.495,10.0,9.9947,-0.0007,-1.57068,-0.0001,102.0,-600.0,6.0,374.8547,19,pursuit,0,0.0935,0.0346
117.1,51.999,-230.494,10.0,9.9946,-0.0006,-1.57072,-0.0004,102.6,-600.0,6.0,373.9449,19,pursuit,0,0.9059,0.0459
117.2,51.999,-231.493,10.0,9.9946,-0.0006,-1.57072,-0.0,103.2,-600.0,6.0,373.0365,19,pursuit,0,0.1303,0.0658
117.3,51.999,-232.493,10.0,9.9945,-0.0008,-1.57076,-0.0004,103.8,-600.0,6.0,372.1296,19,pursuit,0,0.8691,0.0887
117.4,51.999,-233.492,10.0,9.9944,-0.0007,-1.5708,-0.0004,104.4,-600.0,6.0,371.2241,19,pursuit,0,0.1778,0.0944
117.5,51.999,-234.492,10.0,9.9944,-0.0007,-1.57079,0.0001,105.0,-600.0,6.0,370.3201,19,pursuit,0,0.8216,0.0801
117.6,51.999,-235.491,10.0,9.9943,-0.0008,-1.57081,-0.0003,105.6,-600.0,6.0,369.4175,19,pursuit,0,0.1915,0.0784
117.7,51.999,-236.491,10.0,9.9942,-0.0008,-1.57084,-0.0002,106.2,-600.0,6.0,368.5165,19,pursuit,0,0.808,0.0924
117.8,51.999,-237.49,10.0,9.9941,-0.0008,-1.57081,0.0002,106.8,-600.0,6.0,367.6169,19,pursuit,0,0.1425,0.0692
117.9,51.999,-238.489,10.0,9.994,-0.001,-1.57082,-0.0001,107.4,-600.0,6.0,366.7189,19,pursuit,0,0.8569,0.0188
118.0,51.999,-239.489,10.0,9.994,-0.0008,-1.57083,-0.0001,108.0,-600.0,6.0,365.8223,19,pursuit,0,0.026,0.0489
118.1,51.999,-240.488,10.0,9.9939,-0.0009,-1.57079,0.0004,108.6,-600.0,6.0,364.9273,19,pursuit,0,0.838,0.0466
118.2,51.999,-241.488,10.0,9.9938,-0.001,-1.5708,-0.0,109.2,-600.0,6.0,364.0339,19,pursuit,0,0.1614,0.0604
118.3,51.999,-242.487,10.0,9.9937,-0.0008,-1.57081,-0.0001,109.8,-600.0,6.0,363.142,19,pursuit,0,0.5764,0.0132
118.4,51.999,-243.486,10.0,9.9936,-0.0008,-1.57077,0.0004,110.4,-600.0,6.0,362.2516,19,pursuit,0,0.423,0.0066
118.5,51.999,-244.486,10.0,9.9935,-0.0009,-1.57078,-0.0001,111.0,-600.0,6.0,361.3629,19,pursuit,0,0.2374,0.0018
118.6,51.999,-245.485,10.0,9.9934,-0.0007,-1.57079,-0.0001,111.6,-600.0,6.0,360.4757,19,pursuit,0,0.7619,0.0386
118.7,51.999,-246.484,10.0,9.9934,-0.0008,-1.57078,0.0001,112.2,-600.0,6.0,359.5901,19,pursuit,0,0.1822,0.0476
118.8,51.999,-247.484,10.0,9.9933,-0.0008,-1.5708,-0.0003,112.8,-600.0,6.0,358.7061,19,pursuit,0,0.3137,0.054
118.9,51.999,-248.483,10.0,9.9932,-0.0008,-1.57077,0.0004,113.4,-600.0,6.0,357.8237,19,pursuit,0,0.6856,0.0451
119.0,51.999,-249.482,10.0,9.9931,-0.0009,-1.57078,-0.0001,114.0,-600.0,6.0,356.943,19,pursuit,0,0.2766,0.0558
119.1,51.999,-250.482,10.0,9.9931,-0.0005,-1.5708,-0.0002,114.6,-600.0,6.0,356.0639,19,pursuit,0,0.0487,0.0237
119.2,51.999,-251.481,10.0,9.993,-0.0006,-1.57078,0.0002,115.2,-600.0,6.0,355.1865,19,pursuit,0,0.2991,0.0167
119.3,51.999,-252.48,10.0,9.9929,-0.0006,-1.5708,-0.0002,115.8,-600.0,6.0,354.3107,19,pursuit,0,0.4837,0.0531
119.4,51.999,-253.479,10.0,9.9929,-0.0007,-1.57077,0.0004,116.4,-600.0,6.0,353.4366,19,pursuit,0,0.5156,0.0154
119.5,51.999,-254.479,10.0,9.9928,-0.0008,-1.57078,-0.0001,117.0,-600.0,6.0,352.5643,19,pursuit,0,0.3879,0.0203
119.6,51.999,-255.478,10.0,9.9928,0.0001,-1.57078,-0.0001,117.6,-600.0,6.0,351.6936,19,pursuit,0,0.308,0.0431
119.7,51.999,-256.477,10.0,9.9928,-0.0001,-1.57076,0.0003,118.2,-600.0,6.0,350.8246,19,pursuit,0,0.267,0.0304
119.8,51.999,-257.477,10.0,9.9928,-0.0001,-1.57077,-0.0001,118.8,-600.0,6.0,349.9574,19,pursuit,0,0.2558,0.0271
119.9,51.999,-258.476,10.0,9.9928,-0.0002,-1.57075,0.0002,119.4,-600.0,6.0,349.0918,19,pursuit,0,0.2657,0.0431
120.0,51.999,-259.475,10.0,9.9927,-0.0004,-1.57076,-0.0002,120.0,-600.0,6.0,348.2281,19,pursuit,0,0.2914,0.022
120.1,52.0,-260.475,10.0,9.9935,0.008,-1.57049,0.0027,120.6,-600.0,6.0,347.3661,19,pursuit,0,0.3297,0.0218
120.2,52.0,-261.474,10.0,9.9943,0.0074,-1.57036,0.0013,121.2,-600.0,6.0,346.5057,19,pursuit,0,0.3773,0.0207
120.3,52.001,-262.473,10.0,9.995,0.0068,-1.57042,-0.0006,121.8,-600.0,6.0,345.6471,19,pursuit,0,0.4307,0.0363
120.4,52.001,-263.473,10.0,9.9956,0.006,-1.57048,-0.0006,122.4,-600.0,6.0,344.7902,19,pursuit,0,0.4577,0.0009
120.5,52.001,-264.473,10.0,9.9961,0.0053,-1.57057,-0.0009,123.0,-600.0,6.0,343.935,19,pursuit,0,0.4066,0.0387
120.6,52.001,-265.472,10.0,9.9965,0.0046,-1.5707,-0.0013,123.6,-600.0,6.0,343.0817,19,pursuit,0,0.3624,0.0106
120.7,52.001,-266.472,10.0,9.9969,0.0038,-1.57081,-0.0011,124.2,-600.0,6.0,342.2301,19,pursuit,0,0.3255,0.0438
120.8,52.001,-267.472,10.0,9.9972,0.003,-1.5709,-0.0009,124.8,-600.0,6.0,341.3805,19,pursuit,0,0.2953,0.0096
120.9,52.001,-268.471,10.0,9.9974,0.0023,-1.57094,-0.0004,125.4,-600.0,6.0,340.5326,19,pursuit,0,0.271,0.0187
121.0,52.001,-269.471,10.0,9.9976,0.0015,-1.57097,-0.0003,126.0,-600.0,6.0,339.6867,19,pursuit,0,0.2522,0.0412
121.1,52.001,-270.471,10.0,9.9977,0.0008,-1.57097,-0.0,126.6,-600.0,6.0,338.8427,19,pursuit,0,0.2381,0.0396
121.2,52.0,-271.471,10.0,9.9977,0.0,-1.57096,0.0002,127.2,-600.0,6.0,338.0005,20,pursuit,0,0.5293,0.5293
121.3,52.0,-272.47,10.0,9.9976,-0.0007,-1.57093,0.0003,127.8,-600.0,6.0,337.1603,20,pursuit,0,0.1257,0.0147
121.4,52.0,-273.47,10.0,9.9975,-0.0015,-1.57091,0.0003,128.4,-600.0,6.0,336.322,20,pursuit,0,0.3066,0.0008
121.5,52.0,-274.47,10.0,9.9972,-0.0022,-1.57088,0.0002,129.0,-600.0,6.0,335.4857,20,pursuit,0,0.2883,0.0271
121.6,52.0,-275.47,10.0,9.9972,-0.0008,-1.57088,0.0,129.6,-600.0,6.0,334.6514,20,pursuit,0,0.45,0.052
121.7,52.0,-276.469,10.0,9.9971,-0.0009,-1.57084,0.0004,130.2,-600.0,6.0,333.8191,20,pursuit,0,0.5497,0.0476
121.8,52.0,-277.469,10.0,9.997,-0.001,-1.57081,0.0003,130.8,-600.0,6.0,332.9888,20,pursuit,0,0.1583,0.0424
121.9,52.0,-278.469,10.0,9.9969,-0.0009,-1.57081,0.0,131.4,-600.0,6.0,332.1605,20,pursuit,0,0.4233,0.0541
122.0,52.0,-279.468,10.0,9.9968,-0.0009,-1.57079,0.0002,132.0,-600.0,6.0,331.3342,20,pursuit,0,0.5763,0.0566
122.1,52.0,-280.468,10.0,9.9967,-0.001,-1.57079,-0.0,132.6,-600.0,6.0,330.51,20,pursuit,0,0.1565,0.0702
122.2,52.0,-281.468,10.0,9.9966,-0.0005,-1.57077,0.0002,133.2,-600.0,6.0,329.6878,20,pursuit,0,0.8432,0.0155
122.3,52.0,-282.467,10.0,9.9966,-0.0006,-1.57078,-0.0001,133.8,-600.0,6.0,328.8678,20,pursuit,0,0.0015,0.0537
122.4,52.0,-283.467,10.0,9.9966,-0.0001,-1.57076,0.0001,134.4,-600.0,6.0,328.0498,20,pursuit,0,0.9188,0.0869
122.5,52.0,-284.467,10.0,9.9965,-0.0003,-1.57078,-0.0002,135.0,-600.0,6.0,327.234,20,pursuit,0,0.0809,0.0516
122.6,52.0,-285.466,10.0,9.9965,-0.0,-1.57077,0.0001,135.6,-600.0,6.0,326.4203,20,pursuit,0,0.8698,0.024
122.7,52.0,-286.466,10.0,9.9965,-0.0002,-1.57079,-0.0002,136.2,-600.0,6.0,325.6087,20,pursuit,0,0.1298,0.0009
122.8,52.0,-287.466,10.0,9.9965,-0.0001,-1.57078,0.0001,136.8,-600.0,6.0,324.7993,20,pursuit,0,0.815,0.0278
122.9,52.0,-288.465,10.0,9.9965,-0.0003,-1.5708,-0.0002,137.4,-600.0,6.0,323.992,20,pursuit,0,0.1846,0.0618
123.0,52.0,-289.465,10.0,9.9964,-0.0003,-1.57079,0.0001,138.0,-600.0,6.0,323.187,20,pursuit,0,0.7174,0.0817
123.1,52.0,-290.465,10.0,9.9964,-0.0005,-1.5708,-0.0001,138.6,-600.0,6.0,322.3841,20,pursuit,0,0.2823,0.0191
123.2,52.0,-291.464,10.0,9.9964,-0.0004,-1.57079,0.0001,139.2,-600.0,6.0,321.5835,20,pursuit,0,0.5613,0.0583
123.3,52.0,-292.464,10.0,9.9963,-0.0006,-1.5708,-0.0001,139.8,-600.0,6.0,320.7852,20,pursuit,0,0.4383,0.0289
123.4,52.0,-293.464,10.0,9.9962,-0.0005,-1.57079,0.0001,140.4,-600.0,6.0,319.9891,20,pursuit,0,0.3437,0.0822
123.5,52.0,-294.463,10.0,9.9962,-0.0007,-1.57081,-0.0001,141.0,-600.0,6.0,319.1952,20,pursuit,0,0.6559,0.0365
123.6,52.0,-295.463,10.0,9.9961,-0.0007,-1.57079,0.0001,141.6,-600.0,6.0,318.4037,20,pursuit,0,0.0614,0.0144
123.7,52.0,-296.462,10.0,9.996,-0.0008,-1.5708,-0.0001,142.2,-600.0,6.0,317.6145,20,pursuit,0,0.7109,0.0166
123.8,52.0,-297.462,10.0,9.996,-0.0008,-1.57079,0.0001,142.8,-600.0,6.0,316.8276,20,pursuit,0,0.2887,0.0437
123.9,52.0,-298.462,10.0,9.9959,-0.0009,-1.5708,-0.0001,143.4,-600.0,6.0,316.0431,20,pursuit,0,0.2898,0.0589
124.0,52.0,-299.461,10.0,9.9958,-0.0008,-1.57079,0.0001,144.0,-600.0,6.0,315.2609,20,pursuit,0,0.7097,0.0245
124.1,52.0,-300.461,10.0,9.9957,-0.0009,-1.5708,-0.0001,144.6,-600.0,6.0,314.4811,20,pursuit,0,0.2052,0.0106
124.2,52.0,-301.46,10.0,9.9956,-0.0008,-1.57079,0.0001,145.2,-600.0,6.0,313.7037,20,pursuit,0,0.2221,0.0078
124.3,52.0,-302.46,10.0,9.9955,-0.0009,-1.5708,-0.0001,145.8,-600.0,6.0,312.9288,20,pursuit,0,0.5696,0.0338
124.4,52.0,-303.459,10.0,9.9954,-0.0008,-1.57079,0.0001,146.4,-600.0,6.0,312.1562,20,pursuit,0,0.43,0.0137
124.5,52.0,-304.459,10.0,9.9953,-0.0009,-1.5708,-0.0001,147.0,-600.0,6.0,311.3862,20,pursuit,0,0.1595,0.0139
124.6,52.0,-305.458,10.0,9.9953,-0.0009,-1.57079,0.0001,147.6,-600.0,6.0,310.6186,20,pursuit,0,0.0418,0.0293
124.7,52.0,-306.458,10.0,9.9952,-0.0009,-1.5708,-0.0001,148.2,-600.0,6.0,309.8535,20,pursuit,0,0.1819,0.0002
124.8,52.0,-307.457,10.0,9.9951,-0.0009,-1.57079,0.0001,148.8,-600.0,6.0,309.0909,20,pursuit,0,0.2685,0.0144
124.9,52.0,-308.457,10.0,9.995,-0.0009,-1.5708,-0.0001,149.4,-600.0,6.0,308.3308,20,pursuit,0,0.3096,0.0357
125.0,52.0,-309.456,10.0,9.9949,-0.0009,-1.57079,0.0001,150.0,-600.0,6.0,307.5733,20,pursuit,0,0.313,0.0462
125.1,52.0,-310.456,10.0,9.9948,-0.001,-1.5708,-0.0001,150.6,-600.0,6.0,306.8184,20,pursuit,0,0.2868,0.025
125.2,52.0,-311.455,10.0,9.9947,-0.0009,-1.57079,0.0001,151.2,-600.0,6.0,306.066,20,pursuit,0,0.2387,0.0201
125.3,52.0,-312.455,10.0,9.9946,-0.001,-1.5708,-0.0001,151.8,-600.0,6.0,305.3163,20,pursuit,0,0.1744,0.0105
125.4,52.0,-313.454,10.0,9.9945,-0.0009,-1.57079,0.0001,152.4,-600.0,6.0,304.5692,20,pursuit,0,0.097,0.0248
125.5,52.0,-314.454,10.0,9.9944,-0.0009,-1.5708,-0.0001,153.0,-600.0,6.0,303.8247,20,pursuit,0,0.0097,0.0267
125.6,52.0,-315.453,10.0,9.9943,-0.0009,-1.57079,0.0001,153.6,-600.0,6.0,303.0829,20,pursuit,0,0.0846,0.0203
125.7,52.0,-316.453,10.0,9.9942,-0.0009,-1.5708,-0.0001,154.2,-600.0,6.0,302.3437,20,pursuit,0,0.183,0.0095
125.8,52.0,-317.452,10.0,9.9942,-0.0009,-1.57079,0.0001,154.8,-600.0,6.0,301.6073,20,pursuit,0,0.2823,0.0018
125.9,52.0,-318.451,10.0,9.9941,-0.0009,-1.57082,-0.0003,155.4,-600.0,6.0,300.8736,20,pursuit,0,0.3795,0.0094
126.0,52.0,-319.451,10.0,9.994,-0.0009,-1.57081,0.0001,156.0,-600.0,6.0,300.1426,20,pursuit,0,0.4423,0.0097
126.1,52.0,-320.45,10.0,9.9939,-0.0007,-1.57083,-0.0002,156.6,-600.0,6.0,299.4144,20,pursuit,0,0.3634,0.002
126.2,52.0,-321.45,10.0,9.9938,-0.0008,-1.57082,0.0001,157.2,-600.0,6.0,298.689,20,pursuit,0,0.2905,0.0133
126.3,52.0,-322.449,10.0,9.9938,-0.0006,-1.57083,-0.0001,157.8,-600.0,6.0,297.9664,20,pursuit,0,0.223,0.0353
126.4,52.0,-323.448,10.0,9.9937,-0.0007,-1.57081,0.0002,158.4,-600.0,6.0,297.2466,20,pursuit,0,0.1605,0.0303
126.5,52.0,-324.448,10.0,9.9936,-0.0006,-1.57082,-0.0001,159.0,-600.0,6.0,296.5297,20,pursuit,0,0.1023,0.0026
126.6,52.0,-325.447,10.0,9.9936,-0.0006,-1.57078,0.0004,159.6,-600.0,6.0,295.8156,20,pursuit,0,0.048,0.0402
126.7,52.0,-326.446,10.0,9.9935,-0.0007,-1.57079,-0.0,160.2,-600.0,6.0,295.1044,20,pursuit,0,0.003,0.013
126.8,52.0,-327.446,10.0,9.9935,-0.0003,-1.57076,0.0003,160.8,-600.0,6.0,294.3961,20,pursuit,0,0.0512,0.0317
126.9,52.0,-328.445,10.0,9.9934,-0.0005,-1.57077,-0.0001,161.4,-600.0,6.0,293.6906,20,pursuit,0,0.097,0.0161
127.0,52.0,-329.444,10.0,9.9934,-0.0002,-1.57075,0.0002,162.0,-600.0,6.0,292.9882,20,pursuit,0,0.1409,0.0335
127.1,52.0,-330.444,10.0,9.9934,-0.0003,-1.57077,-0.0002,162.6,-600.0,6.0,292.2887,20,pursuit,0,0.1832,0.0108
127.2,52.0,-331.443,10.0,9.9934,-0.0001,-1.57076,0.0001,163.2,-600.0,6.0,291.5922,20,pursuit,0,0.2244,0.0417
127.3,52.0,-332.442,10.0,9.9933,-0.0004,-1.57075,0.0001,163.8,-600.0,6.0,290.8987,21,pursuit,0,1.4497,1.29
127.4,52.0,-333.442,10.0,9.9933,-0.0006,-1.57075,0.0001,164.4,-600.0,6.0,290.2082,21,pursuit,0,1.5148,1.4895
127.5,52.0,-334.441,10.0,9.9932,-0.0008,-1.57074,0.0001,165.0,-600.0,6.0,289.5207,21,pursuit,0,1.7018,1.6886
127.6,52.0,-335.44,10.0,9.9931,-0.001,-1.57073,0.0001,165.6,-600.0,6.0,288.8364,21,pursuit,0,2.0377,1.8884
127.7,52.0,-336.44,10.0,9.993,-0.0012,-1.57072,0.0001,166.2,-600.0,6.0,288.1551,21,pursuit,0,2.0959,2.0877
127.8,52.0,-337.439,10.0,9.9928,-0.0014,-1.57071,0.0001,166.8,-600.0,6.0,287.477,21,pursuit,0,2.3258,2.2859
127.9,52.001,-338.438,10.0,9.9927,-0.0016,-1.57071,0.0001,167.4,-600.0,6.0,286.8019,21,pursuit,0,2.5435,2.4842
128.0,52.001,-339.437,10.0,9.9925,-0.0017,-1.5707,0.0001,168.0,-600.0,6.0,286.1301,21,pursuit,0,2.6844,2.6824
128.1,52.001,-340.437,10.0,9.9923,-0.0019,-1.5707,0.0,168.6,-600.0,6.0,285.4615,21,pursuit,0,2.9842,2.8804
128.2,52.001,-341.436,10.0,9.9921,-0.002,-1.5707,0.0,169.2,-600.0,6.0,284.796,21,pursuit,0,3.0836,3.0779
128.3,52.001,-342.435,10.0,9.9919,-0.0021,-1.57069,0.0,169.8,-600.0,6.0,284.1338,21,pursuit,0,3.3059,3.2749
128.4,52.001,-343.434,10.0,9.9917,-0.0022,-1.57069,0.0,170.4,-600.0,6.0,283.4749,21,pursuit,0,3.5104,3.4713
128.5,52.001,-344.433,10.0,9.9914,-0.0022,-1.57069,0.0,171.0,-600.0,6.0,282.8192,21,pursuit,0,3.6682,3.6671
128.6,52.001,-345.433,10.0,9.9912,-0.0023,-1.57068,0.0,171.6,-600.0,6.0,282.1669,21,pursuit,0,3.9201,3.8628
128.7,52.001,-346.432,10.0,9.991,-0.0023,-1.57068,0.0,172.2,-600.0,6.0,281.5179,21,pursuit,0,4.0699,4.0585
128.8,52.001,-347.431,10.0,9.9908,-0.0023,-1.57068,0.0,172.8,-600.0,6.0,280.8723,21,pursuit,0,4.2583,4.2526
128.9,52.002,-348.43,10.0,9.9905,-0.0023,-1.57068,0.0,173.4,-600.0,6.0,280.23,21,pursuit,0,4.5024,4.4472
129.0,52.002,-349.429,10.0,9.9903,-0.0023,-1.57067,0.0,174.0,-600.0,6.0,279.5911,21,pursuit,0,4.649,4.6412
129.1,52.002,-350.428,10.0,9.9901,-0.0023,-1.57067,0.0,174.6,-600.0,6.0,278.9557,21,pursuit,0,4.8369,4.8345
129.2,52.125,-351.449,10.0,10.2901,3.0,-1.45067,1.2,175.2,-600.0,6.0,278.3237,21,pursuit,0,4.9364,4.9107
129.3,52.377,-352.478,10.0,10.5901,3.0,-1.33067,1.2,175.8,-600.0,6.0,277.62,21,pursuit,0,4.8936,4.8621
129.4,52.761,-353.497,10.0,10.8901,3.0,-1.21067,1.2,176.4,-600.0,6.0,276.8553,21,pursuit,0,4.692,4.6816
129.5,53.269,-354.473,10.0,11.0,1.0992,-1.09067,1.2,177.0,-600.0,6.0,276.0417,21,pursuit,0,4.3717,4.3707
129.6,53.89,-355.381,10.0,11.0,0.0,-0.97067,1.2,177.6,-600.0,6.0,275.2124,21,pursuit,0,3.9358,3.9348
129.7,54.615,-356.207,10.0,10.9952,-0.0477,-0.85067,1.2,178.2,-600.0,6.0,274.3932,21,pursuit,0,3.3935,3.3813
129.8,55.401,-356.963,10.0,10.9062,-0.8901,-0.76616,0.8451,178.8,-600.0,6.0,273.5998,21,pursuit,0,2.7973,2.7545
129.9,56.172,-357.717,10.0,10.7818,-1.2439,-0.77396,-0.078,179.4,-600.0,6.0,272.8416,21,pursuit,0,2.1786,2.1421
130.0,56.883,-358.509,10.0,10.6413,-1.4054,-0.83969,-0.6573,180.0,-600.0,6.0,272.0927,21,pursuit,0,1.6185,1.5958
130.1,57.51,-359.351,10.0,10.5056,-1.357,-0.93028,-0.9058,180.6,-600.0,6.0,271.3371,21,pursuit,0,1.162,1.1398
130.2,58.05,-360.239,10.0,10.391,-1.146,-1.02458,-0.943,181.2,-600.0,6.0,270.575,21,pursuit,0,0.8184,0.7805
130.3,58.508,-361.162,10.0,10.2978,-0.9317,-1.11006,-0.8548,181.8,-600.0,6.0,269.8132,21,pursuit,0,0.6037,0.5079
130.4,58.896,-362.108,10.0,10.2259,-0.7187,-1.18222,-0.7216,182.4,-600.0,6.0,269.0593,21,pursuit,0,0.5064,0.3073
130.5,59.226,-363.07,10.0,10.1714,-0.545,-1.23967,-0.5745,183.0,-600.0,6.0,268.3178,21,pursuit,0,0.2812,0.1677
130.6,59.513,-364.042,10.0,10.1304,-0.4106,-1.28379,-0.4412,183.6,-600.0,6.0,267.5905,21,pursuit,0,0.0797,0.0836
130.7,59.767,-365.019,10.0,10.0954,-0.3495,-1.31648,-0.3269,184.2,-600.0,6.0,266.8768,21,pursuit,0,0.1793,0.0183
130.8,59.998,-365.999,10.0,10.0671,-0.2832,-1.33972,-0.2324,184.8,-600.0,6.0,266.1757,21,pursuit,0,0.3829,0.02
130.9,60.212,-366.98,10.0,10.0456,-0.2155,-1.3556,-0.1588,185.4,-600.0,6.0,265.4852,21,pursuit,0,0.1544,0.0375
131.0,60.416,-367.962,10.0,10.0296,-0.1594,-1.3659,-0.1031,186.0,-600.0,6.0,264.8035,21,pursuit,0,0.0971,0.0446
131.1,60.614,-368.944,10.0,10.0189,-0.1075,-1.3715,-0.056,186.6,-600.0,6.0,264.1288,21,pursuit,0,0.3284,0.0486
131.2,60.809,-369.926,10.0,10.0116,-0.0729,-1.37526,-0.0375,187.2,-600.0,6.0,263.4592,21,pursuit,0,0.2009,0.0525
131.3,61.001,-370.908,10.0,10.0068,-0.0484,-1.37784,-0.0258,187.8,-600.0,6.0,262.794,21,pursuit,0,0.0514,0.0463
131.4,61.192,-371.89,10.0,10.0039,-0.0286,-1.37868,-0.0084,188.4,-600.0,6.0,262.1327,21,pursuit,0,0.2724,0.0397
131.5,61.383,-372.872,10.0,10.0023,-0.0165,-1.37867,0.0001,189.0,-600.0,6.0,261.4746,21,pursuit,0,0.2809,0.0411
131.6,61.575,-373.854,10.0,10.0013,-0.0092,-1.37781,0.0086,189.6,-600.0,6.0,260.8193,21,pursuit,0,0.0639,0.0295
131.7,61.768,-374.835,10.0,10.0008,-0.0057,-1.37659,0.0122,190.2,-600.0,6.0,260.1666,21,pursuit,0,0.1507,0.0093
131.8,61.962,-375.816,10.0,10.0003,-0.0046,-1.3754,0.0119,190.8,-600.0,6.0,259.5162,21,pursuit,0,0.3601,0.0202
131.9,62.157,-376.797,10.0,9.9998,-0.0046,-1.3744,0.01,191.4,-600.0,6.0,258.8682,21,pursuit,0,0.2308,0.0272
132.0,62.353,-377.777,10.0,9.9993,-0.0052,-1.37369,0.0071,192.0,-600.0,6.0,258.2226,21,pursuit,0,0.0307,0.0097
132.1,62.549,-378.758,10.0,9.9987,-0.0058,-1.37325,0.0043,192.6,-600.0,6.0,257.5797,21,pursuit,0,0.167,0.0296
132.2,62.745,-379.738,10.0,9.9981,-0.0063,-1.37305,0.002,193.2,-600.0,6.0,256.9394,21,pursuit,0,0.3624,0.015
132.3,62.942,-380.718,10.0,9.9975,-0.0062,-1.37292,0.0013,193.8,-600.0,6.0,256.3019,21,pursuit,0,0.2521,0.0186
132.4,63.139,-381.698,10.0,9.9968,-0.0066,-1.37292,-0.0,194.4,-600.0,6.0,255.6672,21,pursuit,0,0.0617,0.0313
132.5,63.335,-382.679,10.0,9.9964,-0.0044,-1.37298,-0.0006,195.0,-600.0,6.0,255.0354,21,pursuit,0,0.1277,0.0028
132.6,63.531,-383.659,10.0,9.9959,-0.0046,-1.37298,0.0,195.6,-600.0,6.0,254.4065,21,pursuit,0,0.3161,0.0264
132.7,63.728,-384.639,10.0,9.9957,-0.0024,-1.37315,-0.0016,196.2,-600.0,6.0,253.7805,21,pursuit,0,0.308,0.0272
132.8,63.924,-385.619,10.0,9.9954,-0.0026,-1.37318,-0.0004,196.8,-600.0,6.0,253.1575,21,pursuit,0,0.1204,0.0012
132.9,64.12,-386.599,10.0,9.9954,-0.0007,-1.3733,-0.0011,197.4,-600.0,6.0,252.5374,21,pursuit,0,0.0675,0.0279
133.0,64.316,-387.579,10.0,9.9953,-0.001,-1.37332,-0.0003,198.0,-600.0,6.0,251.9203,21,pursuit,0,0.2557,0.0248
133.1,64.512,-388.559,10.0,9.9953,0.0006,-1.3734,-0.0008,198.6,-600.0,6.0,251.3062,21,pursuit,0,0.3662,0.0041
133.2,64.708,-389.539,10.0,9.9953,0.0001,-1.37341,-0.0001,199.2,-600.0,6.0,250.6951,21,pursuit,0,0.1769,0.0334
133.3,64.904,-390.519,10.0,9.9954,0.0005,-1.37346,-0.0005,199.8,-600.0,6.0,250.087,21,pursuit,0,0.0129,0.0175
133.4,65.1,-391.5,10.0,9.9954,-0.0003,-1.37349,-0.0002,200.4,-600.0,6.0,249.4819,22,pursuit,0,8.1403,8.1403
133.5,65.296,-392.48,10.0,9.9953,-0.0011,-1.37354,-0.0005,201.0,-600.0,6.0,248.8799,22,pursuit,0,7.2526,7.2526
133.6,65.492,-393.46,10.0,9.9951,-0.0019,-1.37357,-0.0003,201.6,-600.0,6.0,248.281,22,pursuit,0,6.3981,6.3981
133.7,65.688,-394.44,10.0,9.9948,-0.0028,-1.37357,-0.0,202.2,-600.0,6.0,247.6852,22,pursuit,0,5.5919,5.5919
133.8,65.883,-395.42,10.0,9.9944,-0.0037,-1.37362,-0.0005,202.8,-600.0,6.0,247.0925,22,pursuit,0,4.8582,4.8582
133.9,66.079,-396.4,10.0,9.994,-0.0045,-1.3736,0.0002,203.4,-600.0,6.0,246.503,22,pursuit,0,4.2346,4.2346
134.0,66.275,-397.38,10.0,9.9934,-0.0053,-1.37362,-0.0002,204.0,-600.0,6.0,245.9167,22,pursuit,0,3.7762,3.7762
134.1,66.471,-398.36,10.0,9.9928,-0.006,-1.37361,0.0,204.6,-600.0,6.0,245.3337,22,pursuit,0,3.5475,3.5475
134.2,66.667,-399.34,10.0,9.9922,-0.0066,-1.37361,0.0001,205.2,-600.0,6.0,244.7539,22,pursuit,0,3.5118,3.5117
134.3,66.862,-400.32,10.0,9.9915,-0.0071,-1.3736,0.0001,205.8,-600.0,6.0,244.1774,22,pursuit,0,3.492,3.4841
134.4,67.058,-401.299,10.0,9.9907,-0.0075,-1.37359,0.0001,206.4,-600.0,6.0,243.6042,22,pursuit,0,3.4588,3.4565
134.5,67.254,-402.279,10.0,9.9899,-0.0078,-1.37358,0.0001,207.0,-600.0,6.0,243.0343,22,pursuit,0,3.4533,3.4291
134.6,67.45,-403.258,10.0,9.9891,-0.008,-1.37356,0.0001,207.6,-600.0,6.0,242.4678,22,pursuit,0,3.417,3.4012
134.7,67.645,-404.238,10.0,9.9883,-0.0081,-1.37355,0.0001,208.2,-600.0,6.0,241.9047,22,pursuit,0,3.3897,3.3733
134.8,67.841,-405.217,10.0,9.9875,-0.0081,-1.37354,0.0001,208.8,-600.0,6.0,241.345,22,pursuit,0,3.3704,3.3455
134.9,68.037,-406.197,10.0,9.9867,-0.0081,-1.37352,0.0001,209.4,-600.0,6.0,240.7887,22,pursuit,0,3.3625,3.3173
135.0,68.233,-407.176,10.0,9.9859,-0.0081,-1.37351,0.0001,210.0,-600.0,6.0,240.2359,22,pursuit,0,3.3189,3.2887
135.1,68.428,-408.155,10.0,9.9851,-0.0081,-1.3735,0.0001,210.6,-600.0,6.0,239.6865,22,pursuit,0,3.27,3.2604
135.2,68.624,-409.134,10.0,9.9843,-0.0081,-1.37348,0.0001,211.2,-600.0,6.0,239.1407,22,pursuit,0,3.2311,3.2313
135.3,68.82,-410.113,10.0,9.9835,-0.0081,-1.37347,0.0001,211.8,-600.0,6.0,238.5984,22,pursuit,0,3.2105,3.2022
135.4,69.015,-411.092,10.0,9.9826,-0.0081,-1.37346,0.0001,212.4,-600.0,6.0,238.0596,22,pursuit,0,3.2136,3.1729
135.5,69.211,-412.071,10.0,9.9818,-0.0081,-1.37344,0.0001,213.0,-600.0,6.0,237.5244,22,pursuit,0,3.1797,3.1427
135.6,69.407,-413.049,10.0,9.981,-0.0081,-1.37343,0.0001,213.6,-600.0,6.0,236.9927,22,pursuit,0,3.1188,3.1123
135.7,69.603,-414.028,10.0,9.9802,-0.0081,-1.37342,0.0001,214.2,-600.0,6.0,236.4647,22,pursuit,0,3.0827,3.0817
135.8,69.798,-415.007,10.0,9.9794,-0.0081,-1.37341,0.0001,214.8,-600.0,6.0,235.9403,22,pursuit,0,3.0694,3.0507
135.9,69.994,-415.985,10.0,9.9786,-0.0081,-1.37339,0.0001,215.4,-600.0,6.0,235.4196,22,pursuit,0,3.0732,3.0191
136.0,70.19,-416.964,10.0,9.9778,-0.0081,-1.37338,0.0001,216.0,-600.0,6.0,234.9026,22,pursuit,0,3.0169,2.987
136.1,70.385,-417.942,10.0,9.977,-0.0081,-1.37337,0.0001,216.6,-600.0,6.0,234.3893,22,pursuit,0,2.9622,2.9547
136.2,70.581,-418.92,10.0,9.9762,-0.0081,-1.37335,0.0001,217.2,-600.0,6.0,233.8797,22,pursuit,0,2.9213,2.9211
136.3,70.777,-419.898,10.0,9.9754,-0.0081,-1.37334,0.0001,217.8,-600.0,6.0,233.3738,22,pursuit,0,2.8897,2.8877
136.4,70.972,-420.876,10.0,9.9745,-0.0081,-1.37333,0.0001,218.4,-600.0,6.0,232.8718,22,pursuit,0,2.8631,2.8537
136.5,71.168,-421.854,10.0,9.9737,-0.0081,-1.37331,0.0001,219.0,-600.0,6.0,232.3735,22,pursuit,0,2.8377,2.8189
136.6,71.364,-422.832,10.0,9.9729,-0.0081,-1.3733,0.0001,219.6,-600.0,6.0,231.8791,22,pursuit,0,2.8107,2.7835
136.7,71.56,-423.81,10.0,9.9721,-0.0081,-1.37329,0.0001,220.2,-600.0,6.0,231.3885,22,pursuit,0,2.7799,2.7483
136.8,71.755,-424.788,10.0,9.9713,-0.0081,-1.37327,0.0001,220.8,-600.0,6.0,230.9018,22,pursuit,0,2.7442,2.7124
136.9,71.951,-425.765,10.0,9.9705,-0.0081,-1.37326,0.0001,221.4,-600.0,6.0,230.4189,22,pursuit,0,2.7033,2.6758
137.0,72.147,-426.743,10.0,9.9697,-0.0081,-1.37325,0.0001,222.0,-600.0,6.0,229.94,22,pursuit,0,2.6583,2.6392
137.1,72.342,-427.72,10.0,9.9689,-0.0081,-1.37323,0.0001,222.6,-600.0,6.0,229.4651,22,pursuit,0,2.6113,2.6022
137.2,72.538,-428.698,10.0,9.9681,-0.0081,-1.37322,0.0001,223.2,-600.0,6.0,228.9941,22,pursuit,0,2.5663,2.5648
137.3,72.734,-429.675,10.0,9.9673,-0.0081,-1.37321,0.0001,223.8,-600.0,6.0,228.5271,22,pursuit,0,2.5286,2.5274
137.4,72.929,-430.652,10.0,9.9664,-0.0081,-1.3732,0.0001,224.4,-600.0,6.0,228.0641,22,pursuit,0,2.505,2.4901
137.5,73.125,-431.63,10.0,9.9656,-0.0081,-1.37318,0.0001,225.0,-600.0,6.0,227.6052,22,pursuit,0,2.4647,2.4525
137.6,73.321,-432.607,10.0,9.9648,-0.0081,-1.37317,0.0001,225.6,-600.0,6.0,227.1503,22,pursuit,0,2.4151,2.415
137.7,73.516,-433.584,10.0,9.964,-0.0081,-1.37316,0.0001,226.2,-600.0,6.0,226.6994,22,pursuit,0,2.3996,2.3777
137.8,73.712,-434.561,10.0,9.9632,-0.0081,-1.37314,0.0001,226.8,-600.0,6.0,226.2527,22,pursuit,0,2.3409,2.3409
137.9,73.907,-435.538,10.0,9.9624,-0.0081,-1.37313,0.0001,227.4,-600.0,6.0,225.8102,22,pursuit,0,2.3259,2.3045
138.0,74.103,-436.514,10.0,9.9616,-0.0081,-1.37312,0.0001,228.0,-600.0,6.0,225.3717,22,pursuit,0,2.2696,2.269
138.1,74.299,-437.491,10.0,9.9608,-0.0081,-1.3731,0.0001,228.6,-600.0,6.0,224.9375,22,pursuit,0,2.2418,2.2345
138.2,74.494,-438.468,10.0,9.96,-0.0081,-1.37309,0.0001,229.2,-600.0,6.0,224.5075,22,pursuit,0,2.2108,2.2012
138.3,74.69,-439.444,10.0,9.9592,-0.0081,-1.37308,0.0001,229.8,-600.0,6.0,224.0816,22,pursuit,0,2.1686,2.1687
138.4,74.886,-440.42,10.0,9.9583,-0.0081,-1.37306,0.0001,230.4,-600.0,6.0,223.6601,22,pursuit,0,2.1452,2.1369
138.5,75.081,-441.397,10.0,9.9575,-0.0081,-1.37305,0.0001,231.0,-600.0,6.0,223.2427,22,pursuit,0,2.117,2.1059
138.6,75.277,-442.373,10.0,9.9567,-0.0081,-1.37304,0.0001,231.6,-600.0,6.0,222.8297,22,pursuit,0,2.0755,2.0752
138.7,75.472,-443.349,10.0,9.9559,-0.0081,-1.37303,0.0001,232.2,-600.0,6.0,222.421,22,pursuit,0,2.0504,2.0448
138.8,75.668,-444.325,10.0,9.9551,-0.0081,-1.37301,0.0001,232.8,-600.0,6.0,222.0167,22,pursuit,0,2.03,2.0145
138.9,75.864,-445.301,10.0,9.9543,-0.0081,-1.373,0.0001,233.4,-600.0,6.0,221.6166,22,pursuit,0,1.9845,1.9839
139.0,76.059,-446.277,10.0,9.9535,-0.0081,-1.37299,0.0001,234.0,-600.0,6.0,221.221,22,pursuit,0,1.9593,1.9531
139.1,76.255,-447.253,10.0,9.9527,-0.0081,-1.37297,0.0001,234.6,-600.0,6.0,220.8298,22,pursuit,0,1.9363,1.9223
139.2,76.451,-448.229,10.0,9.9519,-0.0081,-1.37296,0.0001,235.2,-600.0,6.0,220.443,22,pursuit,0,1.8911,1.8912
139.3,76.646,-449.205,10.0,9.9511,-0.0081,-1.37295,0.0001,235.8,-600.0,6.0,220.0607,22,pursuit,0,1.873,1.8598
139.4,76.842,-450.18,10.0,9.9502,-0.0081,-1.37293,0.0001,236.4,-600.0,6.0,219.6828,22,pursuit,0,1.835,1.8283
139.5,77.037,-451.156,10.0,9.9494,-0.0081,-1.37292,0.0001,237.0,-600.0,6.0,219.3094,23,pursuit,0,6.132,6.1312
139.6,77.233,-452.131,10.0,9.9486,-0.0081,-1.37291,0.0001,237.6,-600.0,6.0,218.9406,23,pursuit,0,5.7019,5.7013
139.7,77.428,-453.107,10.0,9.9478,-0.0081,-1.37289,0.0001,238.2,-600.0,6.0,218.5762,23,pursuit,0,5.2754,5.2712
139.8,77.624,-454.082,10.0,9.947,-0.0081,-1.37288,0.0001,238.8,-600.0,6.0,218.2165,23,pursuit,0,4.849,4.8414
139.9,77.704,-455.103,10.0,10.247,3.0,-1.49288,-1.2,239.4,-600.0,6.0,217.8613,23,pursuit,0,4.2985,4.2911
140.0,77.66,-456.151,10.0,10.4866,2.3963,-1.61288,-1.2,240.0,-600.0,6.0,217.5662,23,pursuit,0,3.6286,3.6261
140.1,77.564,-457.203,10.0,10.5651,0.7851,-1.66117,-0.4828,240.6,-600.0,6.0,217.3523,23,pursuit,0,2.918,2.9176
140.2,77.51,-458.256,10.0,10.5411,-0.2405,-1.62267,0.3849,241.2,-600.0,6.0,217.1808,23,pursuit,0,2.2542,2.2414
140.3,77.55,-459.301,10.0,10.4593,-0.8177,-1.53248,0.9019,241.8,-600.0,6.0,216.9853,23,pursuit,0,1.6946,1.6459
140.4,77.707,-460.326,10.0,10.365,-0.9431,-1.41889,1.1359,242.4,-600.0,6.0,216.7296,23,pursuit,0,1.262,1.1562
140.5,77.975,-461.318,10.0,10.2799,-0.8509,-1.30674,1.1214,243.0,-600.0,6.0,216.4042,23,pursuit,0,0.8803,0.775
140.6,78.338,-462.273,10.0,10.2122,-0.6776,-1.20764,0.991,243.6,-600.0,6.0,216.0192,23,pursuit,0,0.6006,0.4905
140.7,78.773,-463.191,10.0,10.1591,-0.5303,-1.12793,0.7971,244.2,-600.0,6.0,215.5901,23,pursuit,0,0.4031,0.2887
140.8,79.265,-464.075,10.0,10.1208,-0.3835,-1.06372,0.6422,244.8,-600.0,6.0,215.1319,23,pursuit,0,0.272,0.1505
140.9,79.795,-464.934,10.0,10.0912,-0.2957,-1.01686,0.4686,245.4,-600.0,6.0,214.6543,23,pursuit,0,0.1919,0.0723
141.0,80.354,-465.771,10.0,10.0664,-0.2483,-0.98262,0.3423,246.0,-600.0,6.0,214.1656,23,pursuit,0,0.1526,0.0174
141.1,80.931,-466.593,10.0,10.0463,-0.2007,-0.95858,0.2404,246.6,-600.0,6.0,213.6707,23,pursuit,0,0.1427,0.0305
141.2,81.521,-467.405,10.0,10.0311,-0.152,-0.94241,0.1617,247.2,-600.0,6.0,213.1728,23,pursuit,0,0.1511,0.0479
141.3,82.118,-468.209,10.0,10.02,-0.1107,-0.9321,0.1031,247.8,-600.0,6.0,212.674,23,pursuit,0,0.1745,0.0672
141.4,82.719,-469.01,10.0,10.0127,-0.0737,-0.92679,0.0531,248.4,-600.0,6.0,212.1754,23,pursuit,0,0.215,0.0477
141.5,83.323,-469.808,10.0,10.0077,-0.0495,-0.92332,0.0347,249.0,-600.0,6.0,211.6781,23,pursuit,0,0.2747,0.0499
141.6,83.928,-470.605,10.0,10.0045,-0.0325,-0.92115,0.0218,249.6,-600.0,6.0,211.1822,23,pursuit,0,0.3549,0.0438
141.7,84.534,-471.401,10.0,10.0026,-0.0191,-0.92057,0.0058,250.2,-600.0,6.0,210.6879,23,pursuit,0,0.4221,0.0284
141.8,85.139,-472.197,10.0,10.0015,-0.0107,-0.92102,-0.0045,250.8,-600.0,6.0,210.1955,23,pursuit,0,0.2767,0.0387
141.9,85.743,-472.994,10.0,10.0009,-0.0057,-0.92234,-0.0133,251.4,-600.0,6.0,209.7052,23,pursuit,0,0.1096,0.0376
142.0,86.346,-473.792,10.0,10.0006,-0.0032,-0.92391,-0.0157,252.0,-600.0,6.0,209.2172,23,pursuit,0,0.0817,0.0108
142.1,86.947,-474.591,10.0,10.0004,-0.0022,-0.92541,-0.015,252.6,-600.0,6.0,208.7316,23,pursuit,0,0.2937,0.0192
142.2,87.548,-475.391,10.0,10.0002,-0.002,-0.92663,-0.0122,253.2,-600.0,6.0,208.2483,23,pursuit,0,0.2111,0.0085
142.3,88.148,-476.191,10.0,10.0,-0.002,-0.9275,-0.0087,253.8,-600.0,6.0,207.7673,23,pursuit,0,0.0724,0.0039
142.4,88.747,-476.992,10.0,9.9998,-0.0021,-0.92804,-0.0054,254.4,-600.0,6.0,207.2885,23,pursuit,0,0.2921,0.0228
142.5,89.346,-477.792,10.0,9.9995,-0.0023,-0.92831,-0.0027,255.0,-600.0,6.0,206.8119,23,pursuit,0,0.0572,0.0015
142.6,89.945,-478.593,10.0,9.9993,-0.0024,-0.92839,-0.0008,255.6,-600.0,6.0,206.3375,23,pursuit,0,0.1877,0.0026
142.7,90.544,-479.393,10.0,9.999,-0.0025,-0.92835,0.0004,256.2,-600.0,6.0,205.865,23,pursuit,0,0.2154,0.0101
142.8,91.143,-480.194,10.0,9.9988,-0.0025,-0.92825,0.001,256.8,-600.0,6.0,205.3947,23,pursuit,0,0.0663,0.0216
142.9,91.742,-480.995,10.0,9.9986,-0.0016,-0.92882,-0.0057,257.4,-600.0,6.0,204.9263,23,pursuit,0,0.0332,0.0205
143.0,92.341,-481.795,10.0,9.9985,-0.0016,-0.92893,-0.0011,258.0,-600.0,6.0,204.4602,23,pursuit,0,0.0924,0.0258
143.1,92.939,-482.596,10.0,9.9983,-0.0016,-0.92874,0.0019,258.6,-600.0,6.0,203.9963,23,pursuit,0,0.1229,0.0064
143.2,93.538,-483.397,10.0,9.9982,-0.0016,-0.92843,0.0032,259.2,-600.0,6.0,203.5344,23,pursuit,0,0.1343,0.0158
143.3,94.138,-484.197,10.0,9.998,-0.0016,-0.928,0.0042,259.8,-600.0,6.0,203.0745,23,pursuit,0,0.1315,0.0123
143.4,94.737,-484.997,10.0,9.9979,-0.0005,-0.92774,0.0027,260.4,-600.0,6.0,202.6166,23,pursuit,0,0.118,0.0044
143.5,95.337,-485.797,10.0,9.9979,-0.0006,-0.92744,0.0029,261.0,-600.0,6.0,202.1608,23,pursuit,0,0.0973,0.0238
143.6,95.937,-486.597,10.0,9.9978,-0.0007,-0.92714,0.003,261.6,-600.0,6.0,201.707,23,pursuit,0,0.073,0.0032
143.7,96.537,-487.396,10.0,9.9977,-0.0008,-0.92686,0.0028,262.2,-600.0,6.0,201.2553,23,pursuit,0,0.0485,0.0192
143.8,97.138,-488.196,10.0,9.9976,-0.001,-0.92661,0.0025,262.8,-600.0,6.0,200.8057,23,pursuit,0,0.0274,0.0043
143.9,97.738,-488.995,10.0,9.9976,-0.0008,-0.92646,0.0015,263.4,-600.0,6.0,200.3582,23,pursuit,0,0.013,0.0211
144.0,98.339,-489.794,10.0,9.9975,-0.0009,-0.92631,0.0015,264.0,-600.0,6.0,199.9128,23,pursuit,0,0.0066,0.0197
144.1,98.939,-490.593,10.0,9.9975,-0.0,-0.92633,-0.0002,264.6,-600.0,6.0,199.4696,23,pursuit,0,0.0075,0.0184
144.2,99.54,-491.393,10.0,9.9974,-0.0003,-0.92628,0.0005,265.2,-600.0,6.0,199.0286,23,pursuit,0,0.0148,0.0235
144.3,100.141,-492.192,10.0,9.9974,-0.0004,-0.92626,0.0002,265.8,-600.0,6.0,198.5899,23,pursuit,0,0.0277,0.0164
144.4,100.741,-492.991,10.0,9.9973,-0.0006,-0.92624,0.0002,266.4,-600.0,6.0,198.1534,23,pursuit,0,0.0457,0.0011
144.5,101.342,-493.79,10.0,9.9973,-0.0007,-0.92625,-0.0001,267.0,-600.0,6.0,197.7192,23,pursuit,0,0.0677,0.0186
144.6,101.943,-494.589,10.0,9.9972,-0.0009,-0.92629,-0.0004,267.6,-600.0,6.0,197.2872,23,pursuit,0,0.0932,0.0096
144.7,102.543,-495.388,10.0,9.9971,-0.0008,-0.92633,-0.0004,268.2,-600.0,6.0,196.8576,23,pursuit,0,0.1213,0.016
144.8,103.144,-496.188,10.0,9.997,-0.001,-0.92639,-0.0006,268.8,-600.0,6.0,196.4303,23,pursuit,0,0.1517,0.0076
144.9,103.744,-496.987,10.0,9.9969,-0.0011,-0.92649,-0.0009,269.4,-600.0,6.0,196.0054,23,pursuit,0,0.1838,0.0219
145.0,104.345,-497.786,10.0,9.9968,-0.0012,-0.92662,-0.0013,270.0,-600.0,6.0,195.5829,23,pursuit,0,0.2171,0.0016
145.1,104.945,-498.586,10.0,9.9966,-0.0014,-0.9268,-0.0018,270.6,-600.0,6.0,195.1628,23,pursuit,0,0.2513,0.0187
145.2,105.545,-499.385,10.0,9.9965,-0.0015,-0.92702,-0.0022,271.2,-600.0,6.0,194.7451,23,pursuit,0,0.2313,0.0136
145.3,106.145,-500.185,10.0,9.9963,-0.0017,-0.92726,-0.0024,271.8,-600.0,6.0,194.3299,23,pursuit,0,0.1969,0.0067
145.4,106.744,-500.985,10.0,9.9961,-0.0018,-0.92755,-0.0029,272.4,-600.0,6.0,193.9173,23,pursuit,0,0.1628,0.0259
145.5,107.344,-501.785,10.0,9.9959,-0.0019,-0.92787,-0.0032,273.0,-600.0,6.0,193.5071,23,pursuit,0,0.1294,0.0073
145.6,107.943,-502.585,10.0,9.9957,-0.002,-0.92819,-0.0032,273.6,-600.0,6.0,193.0996,24,pursuit,0,3.9288,3.9288
145.7,108.541,-503.385,10.0,9.9955,-0.0021,-0.92849,-0.003,274.2,-600.0,6.0,192.6947,24,pursuit,0,3.5226,3.5225
145.8,109.14,-504.186,10.0,9.9953,-0.0022,-0.92875,-0.0027,274.8,-600.0,6.0,192.2924,24,pursuit,0,3.1165,3.116
145.9,109.738,-504.986,10.0,9.9951,-0.0023,-0.92899,-0.0023,275.4,-600.0,6.0,191.8927,24,pursuit,0,2.7136,2.7093
146.0,110.336,-505.787,10.0,9.9948,-0.0024,-0.92918,-0.0019,276.0,-600.0,6.0,191.4956,24,pursuit,0,2.3026,2.3023
146.1,110.934,-506.588,10.0,9.9946,-0.0025,-0.92933,-0.0016,276.6,-600.0,6.0,191.1012,24,pursuit,0,1.915,1.8952
146.2,111.532,-507.389,10.0,9.9943,-0.0025,-0.92946,-0.0012,277.2,-600.0,6.0,190.7094,24,pursuit,0,1.4884,1.4879
146.3,112.166,-508.163,10.0,10.0085,0.1416,-0.88466,0.448,277.8,-600.0,6.0,190.3202,24,pursuit,0,1.1355,1.1213
146.4,112.847,-508.898,10.0,10.0104,0.0193,-0.82389,0.6077,278.4,-600.0,6.0,189.9147,24,pursuit,0,0.8979,0.8125
146.5,113.572,-509.587,10.0,10.0103,-0.0013,-0.75982,0.6408,279.0,-600.0,6.0,189.4904,24,pursuit,0,0.6072,0.5639
146.6,114.337,-510.233,10.0,10.0063,-0.0402,-0.70111,0.5871,279.6,-600.0,6.0,189.0495,24,pursuit,0,0.379,0.3732
146.7,115.133,-510.838,10.0,10.0029,-0.034,-0.65015,0.5096,280.2,-600.0,6.0,188.5968,24,pursuit,0,0.2454,0.235
146.8,115.954,-511.41,10.0,10.0006,-0.0224,-0.60854,0.4161,280.8,-600.0,6.0,188.1366,24,pursuit,0,0.2553,0.1336
146.9,116.792,-511.955,10.0,9.9994,-0.0127,-0.57629,0.3225,281.4,-600.0,6.0,187.6719,24,pursuit,0,0.355,0.0705
147.0,117.643,-512.479,10.0,9.9982,-0.0112,-0.55222,0.2406,282.0,-600.0,6.0,187.2048,24,pursuit,0,0.4016,0.0243
147.1,118.503,-512.99,10.0,9.9975,-0.0071,-0.53607,0.1616,282.6,-600.0,6.0,186.7368,24,pursuit,0,0.2761,0.0375
147.2,119.369,-513.489,10.0,9.997,-0.0052,-0.52299,0.1308,283.2,-600.0,6.0,186.2685,24,pursuit,0,0.1471,0.0226
147.3,120.239,-513.982,10.0,9.9967,-0.0035,-0.51503,0.0796,283.8,-600.0,6.0,185.8003,24,pursuit,0,0.0295,0.0374
147.4,121.112,-514.469,10.0,9.9964,-0.0026,-0.50893,0.061,284.4,-600.0,6.0,185.3323,24,pursuit,0,0.1488,0.0487
147.5,121.986,-514.952,10.0,9.9962,-0.0023,-0.50528,0.0365,285.0,-600.0,6.0,184.8647,24,pursuit,0,0.3106,0.045
147.6,122.863,-515.434,10.0,9.996,-0.0012,-0.50237,0.0292,285.6,-600.0,6.0,184.3976,24,pursuit,0,0.3261,0.0278
147.7,123.739,-515.914,10.0,9.9961,0.0005,-0.5008,0.0156,286.2,-600.0,6.0,183.9308,24,pursuit,0,0.1244,0.0334
147.8,124.616,-516.394,10.0,9.9963,0.0018,-0.50081,-0.0001,286.8,-600.0,6.0,183.4646,24,pursuit,0,0.0938,0.017
147.9,125.493,-516.874,10.0,9.9967,0.0041,-0.50092,-0.001,287.4,-600.0,6.0,182.9988,24,pursuit,0,0.3225,0.0177
148.0,126.37,-517.354,10.0,9.9974,0.007,-0.50139,-0.0047,288.0,-600.0,6.0,182.5334,24,pursuit,0,0.1755,0.0297
148.1,127.246,-517.835,10.0,9.9983,0.0095,-0.50207,-0.0068,288.6,-600.0,6.0,182.0685,24,pursuit,0,0.0976,0.0271
148.2,128.123,-518.317,10.0,9.9996,0.0125,-0.5026,-0.0053,289.2,-600.0,6.0,181.604,24,pursuit,0,0.3106,0.0304
148.3,128.999,-518.799,10.0,10.001,0.0145,-0.50307,-0.0046,289.8,-600.0,6.0,181.14,24,pursuit,0,0.0088,0.0144
148.4,129.875,-519.282,10.0,10.0027,0.0164,-0.50335,-0.0029,290.4,-600.0,6.0,180.6763,24,pursuit,0,0.304,0.0257
148.5,130.751,-519.765,10.0,10.0044,0.0175,-0.50362,-0.0026,291.0,-600.0,6.0,180.2129,24,pursuit,0,0.0646,0.0119
148.6,131.628,-520.248,10.0,10.0062,0.0181,-0.50368,-0.0006,291.6,-600.0,6.0,179.75,24,pursuit,0,0.1474,0.0179
148.7,132.504,-520.731,10.0,10.0081,0.0189,-0.50385,-0.0018,292.2,-600.0,6.0,179.2874,24,pursuit,0,0.2722,0.0005
148.8,133.381,-521.214,10.0,10.0099,0.0177,-0.50402,-0.0017,292.8,-600.0,6.0,178.8251,24,pursuit,0,0.157,0.0092
148.9,134.257,-521.698,10.0,10.0117,0.0177,-0.50404,-0.0002,293.4,-600.0,6.0,178.3632,24,pursuit,0,0.0985,0.0116
149.0,135.134,-522.181,10.0,10.0092,-0.0243,-0.504,0.0005,294.0,-600.0,6.0,177.9017,24,pursuit,0,0.09,0.0096
149.1,136.01,-522.664,10.0,10.007,-0.0225,-0.50414,-0.0014,294.6,-600.0,6.0,177.441,24,pursuit,0,0.125,0.0052
149.2,136.886,-523.148,10.0,10.005,-0.0202,-0.50441,-0.0027,295.2,-600.0,6.0,176.9811,24,pursuit,0,0.1973,0.0108
149.3,137.761,-523.632,10.0,10.0032,-0.0176,-0.50498,-0.0057,295.8,-600.0,6.0,176.5219,24,pursuit,0,0.1384,0.0163
149.4,138.636,-524.116,10.0,10.0017,-0.015,-0.5056,-0.0062,296.4,-600.0,6.0,176.0635,24,pursuit,0,0.0076,0.0205
149.5,139.511,-524.601,10.0,10.0005,-0.0122,-0.50626,-0.0066,297.0,-600.0,6.0,175.6058,24,pursuit,0,0.1536,0.0138
149.6,140.385,-525.086,10.0,9.9995,-0.0096,-0.50656,-0.003,297.6,-600.0,6.0,175.1489,24,pursuit,0,0.0944,0.0175
149.7,141.259,-525.572,10.0,9.9989,-0.0066,-0.50699,-0.0042,298.2,-600.0,6.0,174.6927,24,pursuit,0,0.0858,0.0102
149.8,142.133,-526.058,10.0,9.9985,-0.0034,-0.50733,-0.0035,298.8,-600.0,6.0,174.2372,24,pursuit,0,0.1337,0.02
149.9,143.007,-526.544,10.0,9.9985,-0.0004,-0.5077,-0.0037,299.4,-600.0,6.0,173.7823,24,pursuit,0,0.058,0.0113
150.0,143.881,-527.03,10.0,9.9988,0.0031,-0.50796,-0.0026,300.0,-600.0,6.0,173.3281,24,pursuit,0,0.1546,0.0038
