<?xml version="1.0" encoding="utf-8"?>
<COLLADA xmlns="http://www.collada.org/2005/11/COLLADASchema" version="1.4.1">
  <asset><unit name="meter" meter="1"/><up_axis>Z_UP</up_axis></asset>
  <library_effects>
    <effect id="building-effect"><profile_COMMON><technique sid="common"><phong>
      <ambient><color>0.75 0.75 0.75 1</color></ambient>
      <diffuse><color>0.85 0.85 0.85 1</color></diffuse>
      <specular><color>0.05 0.05 0.05 1</color></specular>
      <shininess><float>8</float></shininess>
    </phong></technique></profile_COMMON></effect>
  </library_effects>
  <library_materials><material id="building-material"><instance_effect url="#building-effect"/></material></library_materials>
  <library_geometries><geometry id="buildings-uav-geometry" name="buildings_uav"><mesh>
    <source id="positions"><float_array id="positions-array" count="63288">-354.431 378.259 48.2352941176 -363.344 356.3635 48.2352941176 -327.687 342.1635 48.2352941176 -327.687 342.1635 -0.05 -363.344 356.3635 -0.05 -354.431 378.259 -0.05 -327.687 342.1635 48.2352941176 -318.774 363.467 48.2352941176 -354.431 378.259 48.2352941176 -354.431 378.259 -0.05 -318.774 363.467 -0.05 -327.687 342.1635 -0.05 -363.344 356.3635 -0.05 -327.687 342.1635 -0.05 -327.687 342.1635 48.2352941176 -363.344 356.3635 -0.05 -327.687 342.1635 48.2352941176 -363.344 356.3635 48.2352941176 -327.687 342.1635 -0.05 -318.774 363.467 -0.05 -318.774 363.467 48.2352941176 -327.687 342.1635 -0.05 -318.774 363.467 48.2352941176 -327.687 342.1635 48.2352941176 -318.774 363.467 -0.05 -354.431 378.259 -0.05 -354.431 378.259 48.2352941176 -318.774 363.467 -0.05 -354.431 378.259 48.2352941176 -318.774 363.467 48.2352941176 -354.431 378.259 -0.05 -363.344 356.3635 -0.05 -363.344 356.3635 48.2352941176 -354.431 378.259 -0.05 -363.344 356.3635 48.2352941176 -354.431 378.259 48.2352941176 -333.03925 416.724 30.1470588235 -340.76375 397.7875 30.1470588235 -312.23825 386.54575 30.1470588235 -312.23825 386.54575 -0.05 -340.76375 397.7875 -0.05 -333.03925 416.724 -0.05 -312.23825 386.54575 30.1470588235 -304.51375 405.48225 30.1470588235 -333.03925 416.724 30.1470588235 -333.03925 416.724 -0.05 -304.51375 405.48225 -0.05 -312.23825 386.54575 -0.05 -340.76375 397.7875 -0.05 -312.23825 386.54575 -0.05 -312.23825 386.54575 30.1470588235 -340.76375 397.7875 -0.05 -312.23825 386.54575 30.1470588235 -340.76375 397.7875 30.1470588235 -312.23825 386.54575 -0.05 -304.51375 405.48225 -0.05 -304.51375 405.48225 30.1470588235 -312.23825 386.54575 -0.05 -304.51375 405.48225 30.1470588235 -312.23825 386.54575 30.1470588235 -304.51375 405.48225 -0.05 -333.03925 416.724 -0.05 -333.03925 416.724 30.1470588235 -304.51375 405.48225 -0.05 -333.03925 416.724 30.1470588235 -304.51375 405.48225 30.1470588235 -333.03925 416.724 -0.05 -340.76375 397.7875 -0.05 -340.76375 397.7875 30.1470588235 -333.03925 416.724 -0.05 -340.76375 397.7875 30.1470588235 -333.03925 416.724 30.1470588235 -594.524 557.54875 23.0882352941 -604.0315 538.0205 23.0882352941 -585.0145 528.55325 23.0882352941 -585.0145 528.55325 -0.05 -604.0315 538.0205 -0.05 -594.524 557.54875 -0.05 -585.0145 528.55325 23.0882352941 -575.507 548.0815 23.0882352941 -594.524 557.54875 23.0882352941 -594.524 557.54875 -0.05 -575.507 548.0815 -0.05 -585.0145 528.55325 -0.05 -604.0315 538.0205 -0.05 -585.0145 528.55325 -0.05 -585.0145 528.55325 23.0882352941 -604.0315 538.0205 -0.05 -585.0145 528.55325 23.0882352941 -604.0315 538.0205 23.0882352941 -585.0145 528.55325 -0.05 -575.507 548.0815 -0.05 -575.507 548.0815 23.0882352941 -585.0145 528.55325 -0.05 -575.507 548.0815 23.0882352941 -585.0145 528.55325 23.0882352941 -575.507 548.0815 -0.05 -594.524 557.54875 -0.05 -594.524 557.54875 23.0882352941 -575.507 548.0815 -0.05 -594.524 557.54875 23.0882352941 -575.507 548.0815 23.0882352941 -594.524 557.54875 -0.05 -604.0315 538.0205 -0.05 -604.0315 538.0205 23.0882352941 -594.524 557.54875 -0.05 -604.0315 538.0205 23.0882352941 -594.524 557.54875 23.0882352941 591.038 551.7125 33.5294117647 551.222 552.3005 33.5294117647 551.22375 535.13975 33.5294117647 551.22375 535.13975 -0.05 551.222 552.3005 -0.05 591.038 551.7125 -0.05 551.22375 535.13975 33.5294117647 591.03975 535.1435 33.5294117647 591.038 551.7125 33.5294117647 591.038 551.7125 -0.05 591.03975 535.1435 -0.05 551.22375 535.13975 -0.05 551.222 552.3005 -0.05 551.22375 535.13975 -0.05 551.22375 535.13975 33.5294117647 551.222 552.3005 -0.05 551.22375 535.13975 33.5294117647 551.222 552.3005 33.5294117647 551.22375 535.13975 -0.05 591.03975 535.1435 -0.05 591.03975 535.1435 33.5294117647 551.22375 535.13975 -0.05 591.03975 535.1435 33.5294117647 551.22375 535.13975 33.5294117647 591.03975 535.1435 -0.05 591.038 551.7125 -0.05 591.038 551.7125 33.5294117647 591.03975 535.1435 -0.05 591.038 551.7125 33.5294117647 591.03975 535.1435 33.5294117647 591.038 551.7125 -0.05 551.222 552.3005 -0.05 551.222 552.3005 33.5294117647 591.038 551.7125 -0.05 551.222 552.3005 33.5294117647 591.038 551.7125 33.5294117647 490.60225 602.59375 38.3823529412 418.102 602.58725 38.3823529412 418.10325 587.7935 38.3823529412 418.10325 587.7935 -0.05 418.102 602.58725 -0.05 490.60225 602.59375 -0.05 418.10325 587.7935 38.3823529412 490.60375 587.8 38.3823529412 490.60225 602.59375 38.3823529412 490.60225 602.59375 -0.05 490.60375 587.8 -0.05 418.10325 587.7935 -0.05 418.102 602.58725 -0.05 418.10325 587.7935 -0.05 418.10325 587.7935 38.3823529412 418.102 602.58725 -0.05 418.10325 587.7935 38.3823529412 418.102 602.58725 38.3823529412 418.10325 587.7935 -0.05 490.60375 587.8 -0.05 490.60375 587.8 38.3823529412 418.10325 587.7935 -0.05 490.60375 587.8 38.3823529412 418.10325 587.7935 38.3823529412 490.60375 587.8 -0.05 490.60225 602.59375 -0.05 490.60225 602.59375 38.3823529412 490.60375 587.8 -0.05 490.60225 602.59375 38.3823529412 490.60375 587.8 38.3823529412 490.60225 602.59375 -0.05 418.102 602.58725 -0.05 418.102 602.58725 38.3823529412 490.60225 602.59375 -0.05 418.102 602.58725 38.3823529412 490.60225 602.59375 38.3823529412 -242.655 -552.561 34.4117647059 -284.85 -553.74675 34.4117647059 -283.65875 -599.9035 34.4117647059 -283.65875 -599.9035 -0.05 -284.85 -553.74675 -0.05 -242.655 -552.561 -0.05 -283.65875 -599.9035 34.4117647059 -242.058 -599.30925 34.4117647059 -242.655 -552.561 34.4117647059 -242.655 -552.561 -0.05 -242.058 -599.30925 -0.05 -283.65875 -599.9035 -0.05 -284.85 -553.74675 -0.05 -283.65875 -599.9035 -0.05 -283.65875 -599.9035 34.4117647059 -284.85 -553.74675 -0.05 -283.65875 -599.9035 34.4117647059 -284.85 -553.74675 34.4117647059 -283.65875 -599.9035 -0.05 -242.058 -599.30925 -0.05 -242.058 -599.30925 34.4117647059 -283.65875 -599.9035 -0.05 -242.058 -599.30925 34.4117647059 -283.65875 -599.9035 34.4117647059 -242.058 -599.30925 -0.05 -242.655 -552.561 -0.05 -242.655 -552.561 34.4117647059 -242.058 -599.30925 -0.05 -242.655 -552.561 34.4117647059 -242.058 -599.30925 34.4117647059 -242.655 -552.561 -0.05 -284.85 -553.74675 -0.05 -284.85 -553.74675 34.4117647059 -242.655 -552.561 -0.05 -284.85 -553.74675 34.4117647059 -242.655 -552.561 34.4117647059 430.64075 -61.94925 46.9117647059 387.8525 -61.953 46.9117647059 387.85575 -101.6005 46.9117647059 387.85575 -101.6005 -0.05 387.8525 -61.953 -0.05 430.64075 -61.94925 -0.05 387.85575 -101.6005 46.9117647059 430.64425 -101.005 46.9117647059 430.64075 -61.94925 46.9117647059 430.64075 -61.94925 -0.05 430.64425 -101.005 -0.05 387.85575 -101.6005 -0.05 387.8525 -61.953 -0.05 387.85575 -101.6005 -0.05 387.85575 -101.6005 46.9117647059 387.8525 -61.953 -0.05 387.85575 -101.6005 46.9117647059 387.8525 -61.953 46.9117647059 387.85575 -101.6005 -0.05 430.64425 -101.005 -0.05 430.64425 -101.005 46.9117647059 387.85575 -101.6005 -0.05 430.64425 -101.005 46.9117647059 387.85575 -101.6005 46.9117647059 430.64425 -101.005 -0.05 430.64075 -61.94925 -0.05 430.64075 -61.94925 46.9117647059 430.64425 -101.005 -0.05 430.64075 -61.94925 46.9117647059 430.64425 -101.005 46.9117647059 430.64075 -61.94925 -0.05 387.8525 -61.953 -0.05 387.8525 -61.953 46.9117647059 430.64075 -61.94925 -0.05 387.8525 -61.953 46.9117647059 430.64075 -61.94925 46.9117647059 513.20525 379.50525 29.2647058824 509.0485 343.99975 29.2647058824 520.93425 342.81725 29.2647058824 520.93425 342.81725 -0.05 509.0485 343.99975 -0.05 513.20525 379.50525 -0.05 513.20525 379.50525 29.2647058824 520.93425 342.81725 29.2647058824 520.934 344.00075 29.2647058824 520.934 344.00075 -0.05 520.93425 342.81725 -0.05 513.20525 379.50525 -0.05 513.20525 379.50525 29.2647058824 520.934 344.00075 29.2647058824 532.22525 342.8185 29.2647058824 532.22525 342.8185 -0.05 520.934 344.00075 -0.05 513.20525 379.50525 -0.05 532.22525 342.8185 29.2647058824 535.78775 377.14025 29.2647058824 513.20525 379.50525 29.2647058824 513.20525 379.50525 -0.05 535.78775 377.14025 -0.05 532.22525 342.8185 -0.05 509.0485 343.99975 -0.05 520.93425 342.81725 -0.05 520.93425 342.81725 29.2647058824 509.0485 343.99975 -0.05 520.93425 342.81725 29.2647058824 509.0485 343.99975 29.2647058824 520.93425 342.81725 -0.05 520.934 344.00075 -0.05 520.934 344.00075 29.2647058824 520.93425 342.81725 -0.05 520.934 344.00075 29.2647058824 520.93425 342.81725 29.2647058824 520.934 344.00075 -0.05 532.22525 342.8185 -0.05 532.22525 342.8185 29.2647058824 520.934 344.00075 -0.05 532.22525 342.8185 29.2647058824 520.934 344.00075 29.2647058824 532.22525 342.8185 -0.05 535.78775 377.14025 -0.05 535.78775 377.14025 29.2647058824 532.22525 342.8185 -0.05 535.78775 377.14025 29.2647058824 532.22525 342.8185 29.2647058824 535.78775 377.14025 -0.05 513.20525 379.50525 -0.05 513.20525 379.50525 29.2647058824 535.78775 377.14025 -0.05 513.20525 379.50525 29.2647058824 535.78775 377.14025 29.2647058824 513.20525 379.50525 -0.05 509.0485 343.99975 -0.05 509.0485 343.99975 29.2647058824 513.20525 379.50525 -0.05 509.0485 343.99975 29.2647058824 513.20525 379.50525 29.2647058824 435.3705 214.39925 25.7352941176 433.5875 214.39925 25.7352941176 433.58875 201.3805 25.7352941176 433.58875 201.3805 -0.05 433.5875 214.39925 -0.05 435.3705 214.39925 -0.05 435.3705 214.39925 25.7352941176 433.58875 201.3805 25.7352941176 469.8395 201.38375 25.7352941176 469.8395 201.38375 -0.05 433.58875 201.3805 -0.05 435.3705 214.39925 -0.05 435.3705 214.39925 25.7352941176 469.8395 201.38375 25.7352941176 470.43175 223.27875 25.7352941176 470.43175 223.27875 -0.05 469.8395 201.38375 -0.05 435.3705 214.39925 -0.05 470.43175 223.27875 25.7352941176 435.3695 223.2755 25.7352941176 435.3705 214.39925 25.7352941176 435.3705 214.39925 -0.05 435.3695 223.2755 -0.05 470.43175 223.27875 -0.05 433.5875 214.39925 -0.05 433.58875 201.3805 -0.05 433.58875 201.3805 25.7352941176 433.5875 214.39925 -0.05 433.58875 201.3805 25.7352941176 433.5875 214.39925 25.7352941176 433.58875 201.3805 -0.05 469.8395 201.38375 -0.05 469.8395 201.38375 25.7352941176 433.58875 201.3805 -0.05 469.8395 201.38375 25.7352941176 433.58875 201.3805 25.7352941176 469.8395 201.38375 -0.05 470.43175 223.27875 -0.05 470.43175 223.27875 25.7352941176 469.8395 201.38375 -0.05 470.43175 223.27875 25.7352941176 469.8395 201.38375 25.7352941176 470.43175 223.27875 -0.05 435.3695 223.2755 -0.05 435.3695 223.2755 25.7352941176 470.43175 223.27875 -0.05 435.3695 223.2755 25.7352941176 470.43175 223.27875 25.7352941176 435.3695 223.2755 -0.05 435.3705 214.39925 -0.05 435.3705 214.39925 25.7352941176 435.3695 223.2755 -0.05 435.3705 214.39925 25.7352941176 435.3695 223.2755 25.7352941176 435.3705 214.39925 -0.05 433.5875 214.39925 -0.05 433.5875 214.39925 25.7352941176 435.3705 214.39925 -0.05 433.5875 214.39925 25.7352941176 435.3705 214.39925 25.7352941176 586.90175 308.502 41.9117647059 551.2455 305.53975 41.9117647059 552.4355 290.74625 41.9117647059 552.4355 290.74625 -0.05 551.2455 305.53975 -0.05 586.90175 308.502 -0.05 586.90175 308.502 41.9117647059 552.4355 290.74625 41.9117647059 553.624 290.74625 41.9117647059 553.624 290.74625 -0.05 552.4355 290.74625 -0.05 586.90175 308.502 -0.05 586.90175 308.502 41.9117647059 553.624 290.74625 41.9117647059 553.62475 283.64525 41.9117647059 553.62475 283.64525 -0.05 553.624 290.74625 -0.05 586.90175 308.502 -0.05 553.62475 283.64525 41.9117647059 588.68675 286.60725 41.9117647059 586.90175 308.502 41.9117647059 586.90175 308.502 -0.05 588.68675 286.60725 -0.05 553.62475 283.64525 -0.05 551.2455 305.53975 -0.05 552.4355 290.74625 -0.05 552.4355 290.74625 41.9117647059 551.2455 305.53975 -0.05 552.4355 290.74625 41.9117647059 551.2455 305.53975 41.9117647059 552.4355 290.74625 -0.05 553.624 290.74625 -0.05 553.624 290.74625 41.9117647059 552.4355 290.74625 -0.05 553.624 290.74625 41.9117647059 552.4355 290.74625 41.9117647059 553.624 290.74625 -0.05 553.62475 283.64525 -0.05 553.62475 283.64525 41.9117647059 553.624 290.74625 -0.05 553.62475 283.64525 41.9117647059 553.624 290.74625 41.9117647059 553.62475 283.64525 -0.05 588.68675 286.60725 -0.05 588.68675 286.60725 41.9117647059 553.62475 283.64525 -0.05 588.68675 286.60725 41.9117647059 553.62475 283.64525 41.9117647059 588.68675 286.60725 -0.05 586.90175 308.502 -0.05 586.90175 308.502 41.9117647059 588.68675 286.60725 -0.05 586.90175 308.502 41.9117647059 588.68675 286.60725 41.9117647059 586.90175 308.502 -0.05 551.2455 305.53975 -0.05 551.2455 305.53975 41.9117647059 586.90175 308.502 -0.05 551.2455 305.53975 41.9117647059 586.90175 308.502 41.9117647059 -91.70575 -514.67975 34.1176470588 -92.893 -533.61575 34.1176470588 -73.281 -535.38975 34.1176470588 -73.281 -535.38975 -0.05 -92.893 -533.61575 -0.05 -91.70575 -514.67975 -0.05 -91.70575 -514.67975 34.1176470588 -73.281 -535.38975 34.1176470588 -72.68725 -527.10525 34.1176470588 -72.68725 -527.10525 -0.05 -73.281 -535.38975 -0.05 -91.70575 -514.67975 -0.05 -91.70575 -514.67975 34.1176470588 -72.68725 -527.10525 34.1176470588 -64.9615 -527.6965 34.1176470588 -64.9615 -527.6965 -0.05 -72.68725 -527.10525 -0.05 -91.70575 -514.67975 -0.05 -64.9615 -527.6965 34.1176470588 -64.36775 -517.045 34.1176470588 -91.70575 -514.67975 34.1176470588 -91.70575 -514.67975 -0.05 -64.36775 -517.045 -0.05 -64.9615 -527.6965 -0.05 -92.893 -533.61575 -0.05 -73.281 -535.38975 -0.05 -73.281 -535.38975 34.1176470588 -92.893 -533.61575 -0.05 -73.281 -535.38975 34.1176470588 -92.893 -533.61575 34.1176470588 -73.281 -535.38975 -0.05 -72.68725 -527.10525 -0.05 -72.68725 -527.10525 34.1176470588 -73.281 -535.38975 -0.05 -72.68725 -527.10525 34.1176470588 -73.281 -535.38975 34.1176470588 -72.68725 -527.10525 -0.05 -64.9615 -527.6965 -0.05 -64.9615 -527.6965 34.1176470588 -72.68725 -527.10525 -0.05 -64.9615 -527.6965 34.1176470588 -72.68725 -527.10525 34.1176470588 -64.9615 -527.6965 -0.05 -64.36775 -517.045 -0.05 -64.36775 -517.045 34.1176470588 -64.9615 -527.6965 -0.05 -64.36775 -517.045 34.1176470588 -64.9615 -527.6965 34.1176470588 -64.36775 -517.045 -0.05 -91.70575 -514.67975 -0.05 -91.70575 -514.67975 34.1176470588 -64.36775 -517.045 -0.05 -91.70575 -514.67975 34.1176470588 -64.36775 -517.045 34.1176470588 -91.70575 -514.67975 -0.05 -92.893 -533.61575 -0.05 -92.893 -533.61575 34.1176470588 -91.70575 -514.67975 -0.05 -92.893 -533.61575 34.1176470588 -91.70575 -514.67975 34.1176470588 -586.79125 380.0235 20.5882352941 -605.80725 364.04525 20.5882352941 -590.3555 345.11 20.5882352941 -590.3555 345.11 -0.05 -605.80725 364.04525 -0.05 -586.79125 380.0235 -0.05 -590.3555 345.11 20.5882352941 -602.2405 335.64125 20.5882352941 -590.3545 321.43975 20.5882352941 -590.3545 321.43975 -0.05 -602.2405 335.64125 -0.05 -590.3555 345.11 -0.05 -586.79125 380.0235 20.5882352941 -590.3555 345.11 20.5882352941 -590.3545 321.43975 20.5882352941 -590.3545 321.43975 -0.05 -590.3555 345.11 -0.05 -586.79125 380.0235 -0.05 -590.3545 321.43975 20.5882352941 -559.4535 347.47825 20.5882352941 -586.79125 380.0235 20.5882352941 -586.79125 380.0235 -0.05 -559.4535 347.47825 -0.05 -590.3545 321.43975 -0.05 -605.80725 364.04525 -0.05 -590.3555 345.11 -0.05 -590.3555 345.11 20.5882352941 -605.80725 364.04525 -0.05 -590.3555 345.11 20.5882352941 -605.80725 364.04525 20.5882352941 -590.3555 345.11 -0.05 -602.2405 335.64125 -0.05 -602.2405 335.64125 20.5882352941 -590.3555 345.11 -0.05 -602.2405 335.64125 20.5882352941 -590.3555 345.11 20.5882352941 -602.2405 335.64125 -0.05 -590.3545 321.43975 -0.05 -590.3545 321.43975 20.5882352941 -602.2405 335.64125 -0.05 -590.3545 321.43975 20.5882352941 -602.2405 335.64125 20.5882352941 -590.3545 321.43975 -0.05 -559.4535 347.47825 -0.05 -559.4535 347.47825 20.5882352941 -590.3545 321.43975 -0.05 -559.4535 347.47825 20.5882352941 -590.3545 321.43975 20.5882352941 -559.4535 347.47825 -0.05 -586.79125 380.0235 -0.05 -586.79125 380.0235 20.5882352941 -559.4535 347.47825 -0.05 -586.79125 380.0235 20.5882352941 -559.4535 347.47825 20.5882352941 -586.79125 380.0235 -0.05 -605.80725 364.04525 -0.05 -605.80725 364.04525 20.5882352941 -586.79125 380.0235 -0.05 -605.80725 364.04525 20.5882352941 -586.79125 380.0235 20.5882352941 463.28575 385.41825 29.5588235294 459.12925 349.91275 29.5588235294 471.01475 348.73025 29.5588235294 471.01475 348.73025 -0.05 459.12925 349.91275 -0.05 463.28575 385.41825 -0.05 463.28575 385.41825 29.5588235294 471.01475 348.73025 29.5588235294 471.0145 349.91375 29.5588235294 471.0145 349.91375 -0.05 471.01475 348.73025 -0.05 463.28575 385.41825 -0.05 463.28575 385.41825 29.5588235294 471.0145 349.91375 29.5588235294 480.523 348.73125 29.5588235294 480.523 348.73125 -0.05 471.0145 349.91375 -0.05 463.28575 385.41825 -0.05 480.523 348.73125 29.5588235294 484.67975 383.05325 29.5588235294 463.28575 385.41825 29.5588235294 463.28575 385.41825 -0.05 484.67975 383.05325 -0.05 480.523 348.73125 -0.05 459.12925 349.91275 -0.05 471.01475 348.73025 -0.05 471.01475 348.73025 29.5588235294 459.12925 349.91275 -0.05 471.01475 348.73025 29.5588235294 459.12925 349.91275 29.5588235294 471.01475 348.73025 -0.05 471.0145 349.91375 -0.05 471.0145 349.91375 29.5588235294 471.01475 348.73025 -0.05 471.0145 349.91375 29.5588235294 471.01475 348.73025 29.5588235294 471.0145 349.91375 -0.05 480.523 348.73125 -0.05 480.523 348.73125 29.5588235294 471.0145 349.91375 -0.05 480.523 348.73125 29.5588235294 471.0145 349.91375 29.5588235294 480.523 348.73125 -0.05 484.67975 383.05325 -0.05 484.67975 383.05325 29.5588235294 480.523 348.73125 -0.05 484.67975 383.05325 29.5588235294 480.523 348.73125 29.5588235294 484.67975 383.05325 -0.05 463.28575 385.41825 -0.05 463.28575 385.41825 29.5588235294 484.67975 383.05325 -0.05 463.28575 385.41825 29.5588235294 484.67975 383.05325 29.5588235294 463.28575 385.41825 -0.05 459.12925 349.91275 -0.05 459.12925 349.91275 29.5588235294 463.28575 385.41825 -0.05 459.12925 349.91275 29.5588235294 463.28575 385.41825 29.5588235294 471.0285 197.24175 27.7941176471 432.99475 197.23825 27.7941176471 432.99675 175.3435 27.7941176471 432.99675 175.3435 -0.05 432.99475 197.23825 -0.05 471.0285 197.24175 -0.05 432.99675 175.3435 27.7941176471 472.219 175.347 27.7941176471 472.218 185.9985 27.7941176471 472.218 185.9985 -0.05 472.219 175.347 -0.05 432.99675 175.3435 -0.05 432.99675 175.3435 27.7941176471 472.218 185.9985 27.7941176471 471.0295 185.9985 27.7941176471 471.0295 185.9985 -0.05 472.218 185.9985 -0.05 432.99675 175.3435 -0.05 432.99675 175.3435 27.7941176471 471.0295 185.9985 27.7941176471 471.0285 197.24175 27.7941176471 471.0285 197.24175 -0.05 471.0295 185.9985 -0.05 432.99675 175.3435 -0.05 432.99475 197.23825 -0.05 432.99675 175.3435 -0.05 432.99675 175.3435 27.7941176471 432.99475 197.23825 -0.05 432.99675 175.3435 27.7941176471 432.99475 197.23825 27.7941176471 432.99675 175.3435 -0.05 472.219 175.347 -0.05 472.219 175.347 27.7941176471 432.99675 175.3435 -0.05 472.219 175.347 27.7941176471 432.99675 175.3435 27.7941176471 472.219 175.347 -0.05 472.218 185.9985 -0.05 472.218 185.9985 27.7941176471 472.219 175.347 -0.05 472.218 185.9985 27.7941176471 472.219 175.347 27.7941176471 472.218 185.9985 -0.05 471.0295 185.9985 -0.05 471.0295 185.9985 27.7941176471 472.218 185.9985 -0.05 471.0295 185.9985 27.7941176471 472.218 185.9985 27.7941176471 471.0295 185.9985 -0.05 471.0285 197.24175 -0.05 471.0285 197.24175 27.7941176471 471.0295 185.9985 -0.05 471.0285 197.24175 27.7941176471 471.0295 185.9985 27.7941176471 471.0285 197.24175 -0.05 432.99475 197.23825 -0.05 432.99475 197.23825 27.7941176471 471.0285 197.24175 -0.05 432.99475 197.23825 27.7941176471 471.0285 197.24175 27.7941176471 563.17025 -104.54325 44.8529411765 547.1245 -104.54475 44.8529411765 547.12625 -122.889 44.8529411765 547.12625 -122.889 -0.05 547.1245 -104.54475 -0.05 563.17025 -104.54325 -0.05 563.17025 -104.54325 44.8529411765 547.12625 -122.889 44.8529411765 587.53775 -122.88525 44.8529411765 587.53775 -122.88525 -0.05 547.12625 -122.889 -0.05 563.17025 -104.54325 -0.05 563.17025 -104.54325 44.8529411765 587.53775 -122.88525 44.8529411765 587.53325 -77.32025 44.8529411765 587.53325 -77.32025 -0.05 587.53775 -122.88525 -0.05 563.17025 -104.54325 -0.05 587.53325 -77.32025 44.8529411765 563.16775 -77.32275 44.8529411765 563.17025 -104.54325 44.8529411765 563.17025 -104.54325 -0.05 563.16775 -77.32275 -0.05 587.53325 -77.32025 -0.05 547.1245 -104.54475 -0.05 547.12625 -122.889 -0.05 547.12625 -122.889 44.8529411765 547.1245 -104.54475 -0.05 547.12625 -122.889 44.8529411765 547.1245 -104.54475 44.8529411765 547.12625 -122.889 -0.05 587.53775 -122.88525 -0.05 587.53775 -122.88525 44.8529411765 547.12625 -122.889 -0.05 587.53775 -122.88525 44.8529411765 547.12625 -122.889 44.8529411765 587.53775 -122.88525 -0.05 587.53325 -77.32025 -0.05 587.53325 -77.32025 44.8529411765 587.53775 -122.88525 -0.05 587.53325 -77.32025 44.8529411765 587.53775 -122.88525 44.8529411765 587.53325 -77.32025 -0.05 563.16775 -77.32275 -0.05 563.16775 -77.32275 44.8529411765 587.53325 -77.32025 -0.05 563.16775 -77.32275 44.8529411765 587.53325 -77.32025 44.8529411765 563.16775 -77.32275 -0.05 563.17025 -104.54325 -0.05 563.17025 -104.54325 44.8529411765 563.16775 -77.32275 -0.05 563.17025 -104.54325 44.8529411765 563.16775 -77.32275 44.8529411765 563.17025 -104.54325 -0.05 547.1245 -104.54475 -0.05 547.1245 -104.54475 44.8529411765 563.17025 -104.54325 -0.05 547.1245 -104.54475 44.8529411765 563.17025 -104.54325 44.8529411765 455.6275 -357.23125 46.3235294118 437.79875 -357.233 46.3235294118 438.39675 -398.06375 46.3235294118 438.39675 -398.06375 -0.05 437.79875 -357.233 -0.05 455.6275 -357.23125 -0.05 438.39675 -398.06375 46.3235294118 480.5915 -397.46825 46.3235294118 479.99475 -371.43125 46.3235294118 479.99475 -371.43125 -0.05 480.5915 -397.46825 -0.05 438.39675 -398.06375 -0.05 438.39675 -398.06375 46.3235294118 479.99475 -371.43125 46.3235294118 456.223 -372.025 46.3235294118 456.223 -372.025 -0.05 479.99475 -371.43125 -0.05 438.39675 -398.06375 -0.05 438.39675 -398.06375 46.3235294118 456.223 -372.025 46.3235294118 455.6275 -357.23125 46.3235294118 455.6275 -357.23125 -0.05 456.223 -372.025 -0.05 438.39675 -398.06375 -0.05 437.79875 -357.233 -0.05 438.39675 -398.06375 -0.05 438.39675 -398.06375 46.3235294118 437.79875 -357.233 -0.05 438.39675 -398.06375 46.3235294118 437.79875 -357.233 46.3235294118 438.39675 -398.06375 -0.05 480.5915 -397.46825 -0.05 480.5915 -397.46825 46.3235294118 438.39675 -398.06375 -0.05 480.5915 -397.46825 46.3235294118 438.39675 -398.06375 46.3235294118 480.5915 -397.46825 -0.05 479.99475 -371.43125 -0.05 479.99475 -371.43125 46.3235294118 480.5915 -397.46825 -0.05 479.99475 -371.43125 46.3235294118 480.5915 -397.46825 46.3235294118 479.99475 -371.43125 -0.05 456.223 -372.025 -0.05 456.223 -372.025 46.3235294118 479.99475 -371.43125 -0.05 456.223 -372.025 46.3235294118 479.99475 -371.43125 46.3235294118 456.223 -372.025 -0.05 455.6275 -357.23125 -0.05 455.6275 -357.23125 46.3235294118 456.223 -372.025 -0.05 455.6275 -357.23125 46.3235294118 456.223 -372.025 46.3235294118 455.6275 -357.23125 -0.05 437.79875 -357.233 -0.05 437.79875 -357.233 46.3235294118 455.6275 -357.23125 -0.05 437.79875 -357.233 46.3235294118 455.6275 -357.23125 46.3235294118 -268.81075 -433.62025 42.9411764706 -283.668 -433.62125 42.9411764706 -283.667 -451.9655 42.9411764706 -283.667 -451.9655 -0.05 -283.668 -433.62125 -0.05 -268.81075 -433.62025 -0.05 -268.81075 -433.62025 42.9411764706 -283.667 -451.9655 42.9411764706 -243.84925 -451.96325 42.9411764706 -243.84925 -451.96325 -0.05 -283.667 -451.9655 -0.05 -268.81075 -433.62025 -0.05 -268.81075 -433.62025 42.9411764706 -243.84925 -451.96325 42.9411764706 -243.25725 -409.94875 42.9411764706 -243.25725 -409.94875 -0.05 -243.84925 -451.96325 -0.05 -268.81075 -433.62025 -0.05 -243.25725 -409.94875 42.9411764706 -268.812 -409.95025 42.9411764706 -268.81075 -433.62025 42.9411764706 -268.81075 -433.62025 -0.05 -268.812 -409.95025 -0.05 -243.25725 -409.94875 -0.05 -283.668 -433.62125 -0.05 -283.667 -451.9655 -0.05 -283.667 -451.9655 42.9411764706 -283.668 -433.62125 -0.05 -283.667 -451.9655 42.9411764706 -283.668 -433.62125 42.9411764706 -283.667 -451.9655 -0.05 -243.84925 -451.96325 -0.05 -243.84925 -451.96325 42.9411764706 -283.667 -451.9655 -0.05 -243.84925 -451.96325 42.9411764706 -283.667 -451.9655 42.9411764706 -243.84925 -451.96325 -0.05 -243.25725 -409.94875 -0.05 -243.25725 -409.94875 42.9411764706 -243.84925 -451.96325 -0.05 -243.25725 -409.94875 42.9411764706 -243.84925 -451.96325 42.9411764706 -243.25725 -409.94875 -0.05 -268.812 -409.95025 -0.05 -268.812 -409.95025 42.9411764706 -243.25725 -409.94875 -0.05 -268.812 -409.95025 42.9411764706 -243.25725 -409.94875 42.9411764706 -268.812 -409.95025 -0.05 -268.81075 -433.62025 -0.05 -268.81075 -433.62025 42.9411764706 -268.812 -409.95025 -0.05 -268.81075 -433.62025 42.9411764706 -268.812 -409.95025 42.9411764706 -268.81075 -433.62025 -0.05 -283.668 -433.62125 -0.05 -283.668 -433.62125 42.9411764706 -268.81075 -433.62025 -0.05 -283.668 -433.62125 42.9411764706 -268.81075 -433.62025 42.9411764706 -356.17175 -437.1755 38.0882352941 -397.178 -437.76925 38.0882352941 -396.58175 -480.3755 38.0882352941 -396.58175 -480.3755 -0.05 -397.178 -437.76925 -0.05 -356.17175 -437.1755 -0.05 -396.58175 -480.3755 38.0882352941 -371.62125 -479.7825 38.0882352941 -371.6225 -454.929 38.0882352941 -371.6225 -454.929 -0.05 -371.62125 -479.7825 -0.05 -396.58175 -480.3755 -0.05 -356.17175 -437.1755 38.0882352941 -396.58175 -480.3755 38.0882352941 -371.6225 -454.929 38.0882352941 -371.6225 -454.929 -0.05 -396.58175 -480.3755 -0.05 -356.17175 -437.1755 -0.05 -371.6225 -454.929 38.0882352941 -355.5765 -454.928 38.0882352941 -356.17175 -437.1755 38.0882352941 -356.17175 -437.1755 -0.05 -355.5765 -454.928 -0.05 -371.6225 -454.929 -0.05 -397.178 -437.76925 -0.05 -396.58175 -480.3755 -0.05 -396.58175 -480.3755 38.0882352941 -397.178 -437.76925 -0.05 -396.58175 -480.3755 38.0882352941 -397.178 -437.76925 38.0882352941 -396.58175 -480.3755 -0.05 -371.62125 -479.7825 -0.05 -371.62125 -479.7825 38.0882352941 -396.58175 -480.3755 -0.05 -371.62125 -479.7825 38.0882352941 -396.58175 -480.3755 38.0882352941 -371.62125 -479.7825 -0.05 -371.6225 -454.929 -0.05 -371.6225 -454.929 38.0882352941 -371.62125 -479.7825 -0.05 -371.6225 -454.929 38.0882352941 -371.62125 -479.7825 38.0882352941 -371.6225 -454.929 -0.05 -355.5765 -454.928 -0.05 -355.5765 -454.928 38.0882352941 -371.6225 -454.929 -0.05 -355.5765 -454.928 38.0882352941 -371.6225 -454.929 38.0882352941 -355.5765 -454.928 -0.05 -356.17175 -437.1755 -0.05 -356.17175 -437.1755 38.0882352941 -355.5765 -454.928 -0.05 -356.17175 -437.1755 38.0882352941 -355.5765 -454.928 38.0882352941 -356.17175 -437.1755 -0.05 -397.178 -437.76925 -0.05 -397.178 -437.76925 38.0882352941 -356.17175 -437.1755 -0.05 -397.178 -437.76925 38.0882352941 -356.17175 -437.1755 38.0882352941 179.882 -437.141 42.0588235294 137.687 -436.5525 42.0588235294 138.28425 -476.19975 42.0588235294 138.28425 -476.19975 -0.05 137.687 -436.5525 -0.05 179.882 -437.141 -0.05 138.28425 -476.19975 42.0588235294 154.9245 -476.1985 42.0588235294 155.51775 -461.40475 42.0588235294 155.51775 -461.40475 -0.05 154.9245 -476.1985 -0.05 138.28425 -476.19975 -0.05 179.882 -437.141 42.0588235294 138.28425 -476.19975 42.0588235294 155.51775 -461.40475 42.0588235294 155.51775 -461.40475 -0.05 138.28425 -476.19975 -0.05 179.882 -437.141 -0.05 155.51775 -461.40475 42.0588235294 179.2895 -461.9945 42.0588235294 179.882 -437.141 42.0588235294 179.882 -437.141 -0.05 179.2895 -461.9945 -0.05 155.51775 -461.40475 -0.05 137.687 -436.5525 -0.05 138.28425 -476.19975 -0.05 138.28425 -476.19975 42.0588235294 137.687 -436.5525 -0.05 138.28425 -476.19975 42.0588235294 137.687 -436.5525 42.0588235294 138.28425 -476.19975 -0.05 154.9245 -476.1985 -0.05 154.9245 -476.1985 42.0588235294 138.28425 -476.19975 -0.05 154.9245 -476.1985 42.0588235294 138.28425 -476.19975 42.0588235294 154.9245 -476.1985 -0.05 155.51775 -461.40475 -0.05 155.51775 -461.40475 42.0588235294 154.9245 -476.1985 -0.05 155.51775 -461.40475 42.0588235294 154.9245 -476.1985 42.0588235294 155.51775 -461.40475 -0.05 179.2895 -461.9945 -0.05 179.2895 -461.9945 42.0588235294 155.51775 -461.40475 -0.05 179.2895 -461.9945 42.0588235294 155.51775 -461.40475 42.0588235294 179.2895 -461.9945 -0.05 179.882 -437.141 -0.05 179.882 -437.141 42.0588235294 179.2895 -461.9945 -0.05 179.882 -437.141 42.0588235294 179.2895 -461.9945 42.0588235294 179.882 -437.141 -0.05 137.687 -436.5525 -0.05 137.687 -436.5525 42.0588235294 179.882 -437.141 -0.05 137.687 -436.5525 42.0588235294 179.882 -437.141 42.0588235294 228.56925 126.8025 47.0588235294 188.7525 126.79925 47.0588235294 189.3485 105.49625 47.0588235294 189.3485 105.49625 -0.05 188.7525 126.79925 -0.05 228.56925 126.8025 -0.05 189.3485 105.49625 47.0588235294 214.30825 105.49825 47.0588235294 214.30775 110.824 47.0588235294 214.30775 110.824 -0.05 214.30825 105.49825 -0.05 189.3485 105.49625 -0.05 228.56925 126.8025 47.0588235294 189.3485 105.49625 47.0588235294 214.30775 110.824 47.0588235294 214.30775 110.824 -0.05 189.3485 105.49625 -0.05 228.56925 126.8025 -0.05 214.30775 110.824 47.0588235294 228.5705 110.82525 47.0588235294 228.56925 126.8025 47.0588235294 228.56925 126.8025 -0.05 228.5705 110.82525 -0.05 214.30775 110.824 -0.05 188.7525 126.79925 -0.05 189.3485 105.49625 -0.05 189.3485 105.49625 47.0588235294 188.7525 126.79925 -0.05 189.3485 105.49625 47.0588235294 188.7525 126.79925 47.0588235294 189.3485 105.49625 -0.05 214.30825 105.49825 -0.05 214.30825 105.49825 47.0588235294 189.3485 105.49625 -0.05 214.30825 105.49825 47.0588235294 189.3485 105.49625 47.0588235294 214.30825 105.49825 -0.05 214.30775 110.824 -0.05 214.30775 110.824 47.0588235294 214.30825 105.49825 -0.05 214.30775 110.824 47.0588235294 214.30825 105.49825 47.0588235294 214.30775 110.824 -0.05 228.5705 110.82525 -0.05 228.5705 110.82525 47.0588235294 214.30775 110.824 -0.05 228.5705 110.82525 47.0588235294 214.30775 110.824 47.0588235294 228.5705 110.82525 -0.05 228.56925 126.8025 -0.05 228.56925 126.8025 47.0588235294 228.5705 110.82525 -0.05 228.56925 126.8025 47.0588235294 228.5705 110.82525 47.0588235294 228.56925 126.8025 -0.05 188.7525 126.79925 -0.05 188.7525 126.79925 47.0588235294 228.56925 126.8025 -0.05 188.7525 126.79925 47.0588235294 228.56925 126.8025 47.0588235294 190.57425 -373.231 45.2941176471 189.982 -398.67625 45.2941176471 235.14825 -399.2645 45.2941176471 235.14825 -399.2645 -0.05 189.982 -398.67625 -0.05 190.57425 -373.231 -0.05 235.14825 -399.2645 45.2941176471 235.145 -358.43375 45.2941176471 214.93925 -358.43525 45.2941176471 214.93925 -358.43525 -0.05 235.145 -358.43375 -0.05 235.14825 -399.2645 -0.05 235.14825 -399.2645 45.2941176471 214.93925 -358.43525 45.2941176471 214.346 -373.82075 45.2941176471 214.346 -373.82075 -0.05 214.93925 -358.43525 -0.05 235.14825 -399.2645 -0.05 235.14825 -399.2645 45.2941176471 214.346 -373.82075 45.2941176471 190.57425 -373.231 45.2941176471 190.57425 -373.231 -0.05 214.346 -373.82075 -0.05 235.14825 -399.2645 -0.05 189.982 -398.67625 -0.05 235.14825 -399.2645 -0.05 235.14825 -399.2645 45.2941176471 189.982 -398.67625 -0.05 235.14825 -399.2645 45.2941176471 189.982 -398.67625 45.2941176471 235.14825 -399.2645 -0.05 235.145 -358.43375 -0.05 235.145 -358.43375 45.2941176471 235.14825 -399.2645 -0.05 235.145 -358.43375 45.2941176471 235.14825 -399.2645 45.2941176471 235.145 -358.43375 -0.05 214.93925 -358.43525 -0.05 214.93925 -358.43525 45.2941176471 235.145 -358.43375 -0.05 214.93925 -358.43525 45.2941176471 235.145 -358.43375 45.2941176471 214.93925 -358.43525 -0.05 214.346 -373.82075 -0.05 214.346 -373.82075 45.2941176471 214.93925 -358.43525 -0.05 214.346 -373.82075 45.2941176471 214.93925 -358.43525 45.2941176471 214.346 -373.82075 -0.05 190.57425 -373.231 -0.05 190.57425 -373.231 45.2941176471 214.346 -373.82075 -0.05 190.57425 -373.231 45.2941176471 214.346 -373.82075 45.2941176471 190.57425 -373.231 -0.05 189.982 -398.67625 -0.05 189.982 -398.67625 45.2941176471 190.57425 -373.231 -0.05 189.982 -398.67625 45.2941176471 190.57425 -373.231 45.2941176471 89.524 -91.5645 43.8235294118 88.9315 -115.8265 43.8235294118 88.93275 -134.17075 43.8235294118 88.93275 -134.17075 -0.05 88.9315 -115.8265 -0.05 89.524 -91.5645 -0.05 89.524 -91.5645 43.8235294118 88.93275 -134.17075 43.8235294118 128.15575 -134.75975 43.8235294118 128.15575 -134.75975 -0.05 88.93275 -134.17075 -0.05 89.524 -91.5645 -0.05 128.15575 -134.75975 43.8235294118 128.1525 -92.1535 43.8235294118 103.78675 -92.15525 43.8235294118 103.78675 -92.15525 -0.05 128.1525 -92.1535 -0.05 128.15575 -134.75975 -0.05 128.15575 -134.75975 43.8235294118 103.78675 -92.15525 43.8235294118 89.524 -91.5645 43.8235294118 89.524 -91.5645 -0.05 103.78675 -92.15525 -0.05 128.15575 -134.75975 -0.05 88.9315 -115.8265 -0.05 88.93275 -134.17075 -0.05 88.93275 -134.17075 43.8235294118 88.9315 -115.8265 -0.05 88.93275 -134.17075 43.8235294118 88.9315 -115.8265 43.8235294118 88.93275 -134.17075 -0.05 128.15575 -134.75975 -0.05 128.15575 -134.75975 43.8235294118 88.93275 -134.17075 -0.05 128.15575 -134.75975 43.8235294118 88.93275 -134.17075 43.8235294118 128.15575 -134.75975 -0.05 128.1525 -92.1535 -0.05 128.1525 -92.1535 43.8235294118 128.15575 -134.75975 -0.05 128.1525 -92.1535 43.8235294118 128.15575 -134.75975 43.8235294118 128.1525 -92.1535 -0.05 103.78675 -92.15525 -0.05 103.78675 -92.15525 43.8235294118 128.1525 -92.1535 -0.05 103.78675 -92.15525 43.8235294118 128.1525 -92.1535 43.8235294118 103.78675 -92.15525 -0.05 89.524 -91.5645 -0.05 89.524 -91.5645 43.8235294118 103.78675 -92.15525 -0.05 89.524 -91.5645 43.8235294118 103.78675 -92.15525 43.8235294118 89.524 -91.5645 -0.05 88.9315 -115.8265 -0.05 88.9315 -115.8265 43.8235294118 89.524 -91.5645 -0.05 88.9315 -115.8265 43.8235294118 89.524 -91.5645 43.8235294118 -58.44275 -244.83875 25.8823529412 -99.44875 -244.2495 25.8823529412 -99.4475 -263.1855 25.8823529412 -99.4475 -263.1855 -0.05 -99.44875 -244.2495 -0.05 -58.44275 -244.83875 -0.05 -58.44275 -244.83875 25.8823529412 -99.4475 -263.1855 25.8823529412 -82.21325 -263.1845 25.8823529412 -82.21325 -263.1845 -0.05 -99.4475 -263.1855 -0.05 -58.44275 -244.83875 -0.05 -58.44275 -244.83875 25.8823529412 -82.21325 -263.1845 25.8823529412 -82.2115 -288.62975 25.8823529412 -82.2115 -288.62975 -0.05 -82.21325 -263.1845 -0.05 -58.44275 -244.83875 -0.05 -82.2115 -288.62975 25.8823529412 -59.03425 -288.62825 25.8823529412 -58.44275 -244.83875 25.8823529412 -58.44275 -244.83875 -0.05 -59.03425 -288.62825 -0.05 -82.2115 -288.62975 -0.05 -99.44875 -244.2495 -0.05 -99.4475 -263.1855 -0.05 -99.4475 -263.1855 25.8823529412 -99.44875 -244.2495 -0.05 -99.4475 -263.1855 25.8823529412 -99.44875 -244.2495 25.8823529412 -99.4475 -263.1855 -0.05 -82.21325 -263.1845 -0.05 -82.21325 -263.1845 25.8823529412 -99.4475 -263.1855 -0.05 -82.21325 -263.1845 25.8823529412 -99.4475 -263.1855 25.8823529412 -82.21325 -263.1845 -0.05 -82.2115 -288.62975 -0.05 -82.2115 -288.62975 25.8823529412 -82.21325 -263.1845 -0.05 -82.2115 -288.62975 25.8823529412 -82.21325 -263.1845 25.8823529412 -82.2115 -288.62975 -0.05 -59.03425 -288.62825 -0.05 -59.03425 -288.62825 25.8823529412 -82.2115 -288.62975 -0.05 -59.03425 -288.62825 25.8823529412 -82.2115 -288.62975 25.8823529412 -59.03425 -288.62825 -0.05 -58.44275 -244.83875 -0.05 -58.44275 -244.83875 25.8823529412 -59.03425 -288.62825 -0.05 -58.44275 -244.83875 25.8823529412 -59.03425 -288.62825 25.8823529412 -58.44275 -244.83875 -0.05 -99.44875 -244.2495 -0.05 -99.44875 -244.2495 25.8823529412 -58.44275 -244.83875 -0.05 -99.44875 -244.2495 25.8823529412 -58.44275 -244.83875 25.8823529412 -208.798 -243.07275 25.2941176471 -208.7955 -288.046 25.2941176471 -187.401 -288.04475 25.2941176471 -187.401 -288.04475 -0.05 -208.7955 -288.046 -0.05 -208.798 -243.07275 -0.05 -208.798 -243.07275 25.2941176471 -187.401 -288.04475 25.2941176471 -187.40275 -257.86525 25.2941176471 -187.40275 -257.86525 -0.05 -187.401 -288.04475 -0.05 -208.798 -243.07275 -0.05 -167.79225 -243.07025 25.2941176471 -208.798 -243.07275 25.2941176471 -187.40275 -257.86525 25.2941176471 -187.40275 -257.86525 -0.05 -208.798 -243.07275 -0.05 -167.79225 -243.07025 -0.05 -187.40275 -257.86525 25.2941176471 -167.79125 -257.864 25.2941176471 -167.79225 -243.07025 25.2941176471 -167.79225 -243.07025 -0.05 -167.79125 -257.864 -0.05 -187.40275 -257.86525 -0.05 -208.798 -243.07275 -0.05 -208.7955 -288.046 -0.05 -208.7955 -288.046 25.2941176471 -208.798 -243.07275 -0.05 -208.7955 -288.046 25.2941176471 -208.798 -243.07275 25.2941176471 -208.7955 -288.046 -0.05 -187.401 -288.04475 -0.05 -187.401 -288.04475 25.2941176471 -208.7955 -288.046 -0.05 -187.401 -288.04475 25.2941176471 -208.7955 -288.046 25.2941176471 -187.401 -288.04475 -0.05 -187.40275 -257.86525 -0.05 -187.40275 -257.86525 25.2941176471 -187.401 -288.04475 -0.05 -187.40275 -257.86525 25.2941176471 -187.401 -288.04475 25.2941176471 -187.40275 -257.86525 -0.05 -167.79125 -257.864 -0.05 -167.79125 -257.864 25.2941176471 -187.40275 -257.86525 -0.05 -167.79125 -257.864 25.2941176471 -187.40275 -257.86525 25.2941176471 -167.79125 -257.864 -0.05 -167.79225 -243.07025 -0.05 -167.79225 -243.07025 25.2941176471 -167.79125 -257.864 -0.05 -167.79225 -243.07025 25.2941176471 -167.79125 -257.864 25.2941176471 -167.79225 -243.07025 -0.05 -208.798 -243.07275 -0.05 -208.798 -243.07275 25.2941176471 -167.79225 -243.07025 -0.05 -208.798 -243.07275 25.2941176471 -167.79225 -243.07025 25.2941176471 -387.09275 -86.86 36.7647058824 -396.60125 -86.8605 36.7647058824 -396.59925 -125.916 36.7647058824 -396.59925 -125.916 -0.05 -396.60125 -86.8605 -0.05 -387.09275 -86.86 -0.05 -387.09275 -86.86 36.7647058824 -396.59925 -125.916 36.7647058824 -358.565 -126.50575 36.7647058824 -358.565 -126.50575 -0.05 -396.59925 -125.916 -0.05 -387.09275 -86.86 -0.05 -387.09275 -86.86 36.7647058824 -358.565 -126.50575 36.7647058824 -357.973 -82.71625 36.7647058824 -357.973 -82.71625 -0.05 -358.565 -126.50575 -0.05 -387.09275 -86.86 -0.05 -357.973 -82.71625 36.7647058824 -387.093 -82.126 36.7647058824 -387.09275 -86.86 36.7647058824 -387.09275 -86.86 -0.05 -387.093 -82.126 -0.05 -357.973 -82.71625 -0.05 -396.60125 -86.8605 -0.05 -396.59925 -125.916 -0.05 -396.59925 -125.916 36.7647058824 -396.60125 -86.8605 -0.05 -396.59925 -125.916 36.7647058824 -396.60125 -86.8605 36.7647058824 -396.59925 -125.916 -0.05 -358.565 -126.50575 -0.05 -358.565 -126.50575 36.7647058824 -396.59925 -125.916 -0.05 -358.565 -126.50575 36.7647058824 -396.59925 -125.916 36.7647058824 -358.565 -126.50575 -0.05 -357.973 -82.71625 -0.05 -357.973 -82.71625 36.7647058824 -358.565 -126.50575 -0.05 -357.973 -82.71625 36.7647058824 -358.565 -126.50575 36.7647058824 -357.973 -82.71625 -0.05 -387.093 -82.126 -0.05 -387.093 -82.126 36.7647058824 -357.973 -82.71625 -0.05 -387.093 -82.126 36.7647058824 -357.973 -82.71625 36.7647058824 -387.093 -82.126 -0.05 -387.09275 -86.86 -0.05 -387.09275 -86.86 36.7647058824 -387.093 -82.126 -0.05 -387.09275 -86.86 36.7647058824 -387.093 -82.126 36.7647058824 -387.09275 -86.86 -0.05 -396.60125 -86.8605 -0.05 -396.60125 -86.8605 36.7647058824 -387.09275 -86.86 -0.05 -396.60125 -86.8605 36.7647058824 -387.09275 -86.86 36.7647058824 334.34675 175.33475 49.5588235294 295.1245 175.92325 49.5588235294 295.12575 159.946 49.5588235294 295.12575 159.946 -0.05 295.1245 175.92325 -0.05 334.34675 175.33475 -0.05 334.34675 175.33475 49.5588235294 295.12575 159.946 49.5588235294 309.98275 159.94725 49.5588235294 309.98275 159.94725 -0.05 295.12575 159.946 -0.05 334.34675 175.33475 -0.05 334.34675 175.33475 49.5588235294 309.98275 159.94725 49.5588235294 309.985 133.3185 49.5588235294 309.985 133.3185 -0.05 309.98275 159.94725 -0.05 334.34675 175.33475 -0.05 309.985 133.3185 49.5588235294 334.35025 133.3205 49.5588235294 334.34675 175.33475 49.5588235294 334.34675 175.33475 -0.05 334.35025 133.3205 -0.05 309.985 133.3185 -0.05 295.1245 175.92325 -0.05 295.12575 159.946 -0.05 295.12575 159.946 49.5588235294 295.1245 175.92325 -0.05 295.12575 159.946 49.5588235294 295.1245 175.92325 49.5588235294 295.12575 159.946 -0.05 309.98275 159.94725 -0.05 309.98275 159.94725 49.5588235294 295.12575 159.946 -0.05 309.98275 159.94725 49.5588235294 295.12575 159.946 49.5588235294 309.98275 159.94725 -0.05 309.985 133.3185 -0.05 309.985 133.3185 49.5588235294 309.98275 159.94725 -0.05 309.985 133.3185 49.5588235294 309.98275 159.94725 49.5588235294 309.985 133.3185 -0.05 334.35025 133.3205 -0.05 334.35025 133.3205 49.5588235294 309.985 133.3185 -0.05 334.35025 133.3205 49.5588235294 309.985 133.3185 49.5588235294 334.35025 133.3205 -0.05 334.34675 175.33475 -0.05 334.34675 175.33475 49.5588235294 334.35025 133.3205 -0.05 334.34675 175.33475 49.5588235294 334.35025 133.3205 49.5588235294 334.34675 175.33475 -0.05 295.1245 175.92325 -0.05 295.1245 175.92325 49.5588235294 334.34675 175.33475 -0.05 295.1245 175.92325 49.5588235294 334.34675 175.33475 49.5588235294 -214.77525 342.7615 36.0294117647 -220.717 325.60025 36.0294117647 -207.64275 320.867 36.0294117647 -207.64275 320.867 -0.05 -220.717 325.60025 -0.05 -214.77525 342.7615 -0.05 -207.64275 320.867 36.0294117647 -215.961 297.78825 36.0294117647 -193.37825 289.505 36.0294117647 -193.37825 289.505 -0.05 -215.961 297.78825 -0.05 -207.64275 320.867 -0.05 -214.77525 342.7615 36.0294117647 -207.64275 320.867 36.0294117647 -193.37825 289.505 36.0294117647 -193.37825 289.505 -0.05 -207.64275 320.867 -0.05 -214.77525 342.7615 -0.05 -214.77525 342.7615 36.0294117647 -193.37825 289.505 36.0294117647 -184.4655 313.17575 36.0294117647 -184.4655 313.17575 -0.05 -193.37825 289.505 -0.05 -214.77525 342.7615 -0.05 -184.4655 313.17575 36.0294117647 -178.52375 329.745 36.0294117647 -214.77525 342.7615 36.0294117647 -214.77525 342.7615 -0.05 -178.52375 329.745 -0.05 -184.4655 313.17575 -0.05 -220.717 325.60025 -0.05 -207.64275 320.867 -0.05 -207.64275 320.867 36.0294117647 -220.717 325.60025 -0.05 -207.64275 320.867 36.0294117647 -220.717 325.60025 36.0294117647 -207.64275 320.867 -0.05 -215.961 297.78825 -0.05 -215.961 297.78825 36.0294117647 -207.64275 320.867 -0.05 -215.961 297.78825 36.0294117647 -207.64275 320.867 36.0294117647 -215.961 297.78825 -0.05 -193.37825 289.505 -0.05 -193.37825 289.505 36.0294117647 -215.961 297.78825 -0.05 -193.37825 289.505 36.0294117647 -215.961 297.78825 36.0294117647 -193.37825 289.505 -0.05 -184.4655 313.17575 -0.05 -184.4655 313.17575 36.0294117647 -193.37825 289.505 -0.05 -184.4655 313.17575 36.0294117647 -193.37825 289.505 36.0294117647 -184.4655 313.17575 -0.05 -178.52375 329.745 -0.05 -178.52375 329.745 36.0294117647 -184.4655 313.17575 -0.05 -178.52375 329.745 36.0294117647 -184.4655 313.17575 36.0294117647 -178.52375 329.745 -0.05 -214.77525 342.7615 -0.05 -214.77525 342.7615 36.0294117647 -178.52375 329.745 -0.05 -214.77525 342.7615 36.0294117647 -178.52375 329.745 36.0294117647 -214.77525 342.7615 -0.05 -220.717 325.60025 -0.05 -220.717 325.60025 36.0294117647 -214.77525 342.7615 -0.05 -220.717 325.60025 36.0294117647 -214.77525 342.7615 36.0294117647 -1.98525 -247.20175 43.3823529412 -21.0025 -247.20325 43.3823529412 -20.40525 -288.62575 43.3823529412 -20.40525 -288.62575 -0.05 -21.0025 -247.20325 -0.05 -1.98525 -247.20175 -0.05 -1.98525 -247.20175 43.3823529412 -20.40525 -288.62575 43.3823529412 4.55475 -288.624 43.3823529412 4.55475 -288.624 -0.05 -20.40525 -288.62575 -0.05 -1.98525 -247.20175 -0.05 -1.98525 -247.20175 43.3823529412 4.55475 -288.624 43.3823529412 3.959 -264.36225 43.3823529412 3.959 -264.36225 -0.05 4.55475 -288.624 -0.05 -1.98525 -247.20175 -0.05 -1.98525 -247.20175 43.3823529412 3.959 -264.36225 43.3823529412 20.00475 -264.36125 43.3823529412 20.00475 -264.36125 -0.05 3.959 -264.36225 -0.05 -1.98525 -247.20175 -0.05 -1.98525 -247.20175 43.3823529412 20.00475 -264.36125 43.3823529412 19.409 -242.46625 43.3823529412 19.409 -242.46625 -0.05 20.00475 -264.36125 -0.05 -1.98525 -247.20175 -0.05 19.409 -242.46625 43.3823529412 -1.9855 -242.46775 43.3823529412 -1.98525 -247.20175 43.3823529412 -1.98525 -247.20175 -0.05 -1.9855 -242.46775 -0.05 19.409 -242.46625 -0.05 -21.0025 -247.20325 -0.05 -20.40525 -288.62575 -0.05 -20.40525 -288.62575 43.3823529412 -21.0025 -247.20325 -0.05 -20.40525 -288.62575 43.3823529412 -21.0025 -247.20325 43.3823529412 -20.40525 -288.62575 -0.05 4.55475 -288.624 -0.05 4.55475 -288.624 43.3823529412 -20.40525 -288.62575 -0.05 4.55475 -288.624 43.3823529412 -20.40525 -288.62575 43.3823529412 4.55475 -288.624 -0.05 3.959 -264.36225 -0.05 3.959 -264.36225 43.3823529412 4.55475 -288.624 -0.05 3.959 -264.36225 43.3823529412 4.55475 -288.624 43.3823529412 3.959 -264.36225 -0.05 20.00475 -264.36125 -0.05 20.00475 -264.36125 43.3823529412 3.959 -264.36225 -0.05 20.00475 -264.36125 43.3823529412 3.959 -264.36225 43.3823529412 20.00475 -264.36125 -0.05 19.409 -242.46625 -0.05 19.409 -242.46625 43.3823529412 20.00475 -264.36125 -0.05 19.409 -242.46625 43.3823529412 20.00475 -264.36125 43.3823529412 19.409 -242.46625 -0.05 -1.9855 -242.46775 -0.05 -1.9855 -242.46775 43.3823529412 19.409 -242.46625 -0.05 -1.9855 -242.46775 43.3823529412 19.409 -242.46625 43.3823529412 -1.9855 -242.46775 -0.05 -1.98525 -247.20175 -0.05 -1.98525 -247.20175 43.3823529412 -1.9855 -242.46775 -0.05 -1.98525 -247.20175 43.3823529412 -1.9855 -242.46775 43.3823529412 -1.98525 -247.20175 -0.05 -21.0025 -247.20325 -0.05 -21.0025 -247.20325 43.3823529412 -1.98525 -247.20175 -0.05 -21.0025 -247.20325 43.3823529412 -1.98525 -247.20175 43.3823529412 5.154 -357.859 26.9117647059 -17.42925 -357.8605 26.9117647059 -17.426 -403.4255 26.9117647059 -17.426 -403.4255 -0.05 -17.42925 -357.8605 -0.05 5.154 -357.859 -0.05 -17.426 -403.4255 26.9117647059 20.01425 -402.831 26.9117647059 20.013 -384.48675 26.9117647059 20.013 -384.48675 -0.05 20.01425 -402.831 -0.05 -17.426 -403.4255 -0.05 -17.426 -403.4255 26.9117647059 20.013 -384.48675 26.9117647059 6.9385 -384.48775 26.9117647059 6.9385 -384.48775 -0.05 20.013 -384.48675 -0.05 -17.426 -403.4255 -0.05 -17.426 -403.4255 26.9117647059 6.9385 -384.48775 26.9117647059 6.93825 -377.9785 26.9117647059 6.93825 -377.9785 -0.05 6.9385 -384.48775 -0.05 -17.426 -403.4255 -0.05 -17.426 -403.4255 26.9117647059 6.93825 -377.9785 26.9117647059 5.15525 -377.9785 26.9117647059 5.15525 -377.9785 -0.05 6.93825 -377.9785 -0.05 -17.426 -403.4255 -0.05 -17.426 -403.4255 26.9117647059 5.15525 -377.9785 26.9117647059 5.154 -357.859 26.9117647059 5.154 -357.859 -0.05 5.15525 -377.9785 -0.05 -17.426 -403.4255 -0.05 -17.42925 -357.8605 -0.05 -17.426 -403.4255 -0.05 -17.426 -403.4255 26.9117647059 -17.42925 -357.8605 -0.05 -17.426 -403.4255 26.9117647059 -17.42925 -357.8605 26.9117647059 -17.426 -403.4255 -0.05 20.01425 -402.831 -0.05 20.01425 -402.831 26.9117647059 -17.426 -403.4255 -0.05 20.01425 -402.831 26.9117647059 -17.426 -403.4255 26.9117647059 20.01425 -402.831 -0.05 20.013 -384.48675 -0.05 20.013 -384.48675 26.9117647059 20.01425 -402.831 -0.05 20.013 -384.48675 26.9117647059 20.01425 -402.831 26.9117647059 20.013 -384.48675 -0.05 6.9385 -384.48775 -0.05 6.9385 -384.48775 26.9117647059 20.013 -384.48675 -0.05 6.9385 -384.48775 26.9117647059 20.013 -384.48675 26.9117647059 6.9385 -384.48775 -0.05 6.93825 -377.9785 -0.05 6.93825 -377.9785 26.9117647059 6.9385 -384.48775 -0.05 6.93825 -377.9785 26.9117647059 6.9385 -384.48775 26.9117647059 6.93825 -377.9785 -0.05 5.15525 -377.9785 -0.05 5.15525 -377.9785 26.9117647059 6.93825 -377.9785 -0.05 5.15525 -377.9785 26.9117647059 6.93825 -377.9785 26.9117647059 5.15525 -377.9785 -0.05 5.154 -357.859 -0.05 5.154 -357.859 26.9117647059 5.15525 -377.9785 -0.05 5.154 -357.859 26.9117647059 5.15525 -377.9785 26.9117647059 5.154 -357.859 -0.05 -17.42925 -357.8605 -0.05 -17.42925 -357.8605 26.9117647059 5.154 -357.859 -0.05 -17.42925 -357.8605 26.9117647059 5.154 -357.859 26.9117647059 591.0665 258.2035 39.2647058824 554.816 255.24125 39.2647058824 555.41125 244.58975 39.2647058824 555.41125 244.58975 -0.05 554.816 255.24125 -0.05 591.0665 258.2035 -0.05 591.0665 258.2035 39.2647058824 555.41125 244.58975 39.2647058824 557.194 244.59 39.2647058824 557.194 244.59 -0.05 555.41125 244.58975 -0.05 591.0665 258.2035 -0.05 591.0665 258.2035 39.2647058824 557.194 244.59 39.2647058824 557.7895 233.34675 39.2647058824 557.7895 233.34675 -0.05 557.194 244.59 -0.05 591.0665 258.2035 -0.05 557.7895 233.34675 39.2647058824 567.29775 233.93925 39.2647058824 567.29775 235.12275 39.2647058824 567.29775 235.12275 -0.05 567.29775 233.93925 -0.05 557.7895 233.34675 -0.05 591.0665 258.2035 39.2647058824 557.7895 233.34675 39.2647058824 567.29775 235.12275 39.2647058824 567.29775 235.12275 -0.05 557.7895 233.34675 -0.05 591.0665 258.2035 -0.05 567.29775 235.12275 39.2647058824 592.85125 236.9005 39.2647058824 591.0665 258.2035 39.2647058824 591.0665 258.2035 -0.05 592.85125 236.9005 -0.05 567.29775 235.12275 -0.05 554.816 255.24125 -0.05 555.41125 244.58975 -0.05 555.41125 244.58975 39.2647058824 554.816 255.24125 -0.05 555.41125 244.58975 39.2647058824 554.816 255.24125 39.2647058824 555.41125 244.58975 -0.05 557.194 244.59 -0.05 557.194 244.59 39.2647058824 555.41125 244.58975 -0.05 557.194 244.59 39.2647058824 555.41125 244.58975 39.2647058824 557.194 244.59 -0.05 557.7895 233.34675 -0.05 557.7895 233.34675 39.2647058824 557.194 244.59 -0.05 557.7895 233.34675 39.2647058824 557.194 244.59 39.2647058824 557.7895 233.34675 -0.05 567.29775 233.93925 -0.05 567.29775 233.93925 39.2647058824 557.7895 233.34675 -0.05 567.29775 233.93925 39.2647058824 557.7895 233.34675 39.2647058824 567.29775 233.93925 -0.05 567.29775 235.12275 -0.05 567.29775 235.12275 39.2647058824 567.29775 233.93925 -0.05 567.29775 235.12275 39.2647058824 567.29775 233.93925 39.2647058824 567.29775 235.12275 -0.05 592.85125 236.9005 -0.05 592.85125 236.9005 39.2647058824 567.29775 235.12275 -0.05 592.85125 236.9005 39.2647058824 567.29775 235.12275 39.2647058824 592.85125 236.9005 -0.05 591.0665 258.2035 -0.05 591.0665 258.2035 39.2647058824 592.85125 236.9005 -0.05 591.0665 258.2035 39.2647058824 592.85125 236.9005 39.2647058824 591.0665 258.2035 -0.05 554.816 255.24125 -0.05 554.816 255.24125 39.2647058824 591.0665 258.2035 -0.05 554.816 255.24125 39.2647058824 591.0665 258.2035 39.2647058824 208.97225 -52.5 49.4117647059 178.072 -84.457 49.4117647059 206.59975 -111.67525 49.4117647059 206.59975 -111.67525 -0.05 178.072 -84.457 -0.05 208.97225 -52.5 -0.05 206.59975 -111.67525 49.4117647059 219.07875 -99.2475 49.4117647059 208.975 -89.1885 49.4117647059 208.975 -89.1885 -0.05 219.07875 -99.2475 -0.05 206.59975 -111.67525 -0.05 208.97225 -52.5 49.4117647059 206.59975 -111.67525 49.4117647059 208.975 -89.1885 49.4117647059 208.975 -89.1885 -0.05 206.59975 -111.67525 -0.05 208.97225 -52.5 -0.05 208.975 -89.1885 49.4117647059 213.729 -84.45425 49.4117647059 211.946 -82.679 49.4117647059 211.946 -82.679 -0.05 213.729 -84.45425 -0.05 208.975 -89.1885 -0.05 208.97225 -52.5 49.4117647059 208.975 -89.1885 49.4117647059 211.946 -82.679 49.4117647059 211.946 -82.679 -0.05 208.975 -89.1885 -0.05 208.97225 -52.5 -0.05 211.946 -82.679 49.4117647059 225.019 -68.476 49.4117647059 208.97225 -52.5 49.4117647059 208.97225 -52.5 -0.05 225.019 -68.476 -0.05 211.946 -82.679 -0.05 178.072 -84.457 -0.05 206.59975 -111.67525 -0.05 206.59975 -111.67525 49.4117647059 178.072 -84.457 -0.05 206.59975 -111.67525 49.4117647059 178.072 -84.457 49.4117647059 206.59975 -111.67525 -0.05 219.07875 -99.2475 -0.05 219.07875 -99.2475 49.4117647059 206.59975 -111.67525 -0.05 219.07875 -99.2475 49.4117647059 206.59975 -111.67525 49.4117647059 219.07875 -99.2475 -0.05 208.975 -89.1885 -0.05 208.975 -89.1885 49.4117647059 219.07875 -99.2475 -0.05 208.975 -89.1885 49.4117647059 219.07875 -99.2475 49.4117647059 208.975 -89.1885 -0.05 213.729 -84.45425 -0.05 213.729 -84.45425 49.4117647059 208.975 -89.1885 -0.05 213.729 -84.45425 49.4117647059 208.975 -89.1885 49.4117647059 213.729 -84.45425 -0.05 211.946 -82.679 -0.05 211.946 -82.679 49.4117647059 213.729 -84.45425 -0.05 211.946 -82.679 49.4117647059 213.729 -84.45425 49.4117647059 211.946 -82.679 -0.05 225.019 -68.476 -0.05 225.019 -68.476 49.4117647059 211.946 -82.679 -0.05 225.019 -68.476 49.4117647059 211.946 -82.679 49.4117647059 225.019 -68.476 -0.05 208.97225 -52.5 -0.05 208.97225 -52.5 49.4117647059 225.019 -68.476 -0.05 208.97225 -52.5 49.4117647059 225.019 -68.476 49.4117647059 208.97225 -52.5 -0.05 178.072 -84.457 -0.05 178.072 -84.457 49.4117647059 208.97225 -52.5 -0.05 178.072 -84.457 49.4117647059 208.97225 -52.5 49.4117647059 295.717 197.2265 21.6176470588 295.12425 178.882 21.6176470588 347.4205 178.8865 21.6176470588 347.4205 178.8865 -0.05 295.12425 178.882 -0.05 295.717 197.2265 -0.05 347.4205 178.8865 21.6176470588 347.419 197.23075 21.6176470588 334.93925 197.22975 21.6176470588 334.93925 197.22975 -0.05 347.419 197.23075 -0.05 347.4205 178.8865 -0.05 334.93925 197.22975 21.6176470588 335.53125 223.85875 21.6176470588 309.383 223.8565 21.6176470588 309.383 223.8565 -0.05 335.53125 223.85875 -0.05 334.93925 197.22975 -0.05 347.4205 178.8865 21.6176470588 334.93925 197.22975 21.6176470588 309.383 223.8565 21.6176470588 309.383 223.8565 -0.05 334.93925 197.22975 -0.05 347.4205 178.8865 -0.05 347.4205 178.8865 21.6176470588 309.383 223.8565 21.6176470588 309.38525 197.2275 21.6176470588 309.38525 197.2275 -0.05 309.383 223.8565 -0.05 347.4205 178.8865 -0.05 347.4205 178.8865 21.6176470588 309.38525 197.2275 21.6176470588 295.717 197.2265 21.6176470588 295.717 197.2265 -0.05 309.38525 197.2275 -0.05 347.4205 178.8865 -0.05 295.12425 178.882 -0.05 347.4205 178.8865 -0.05 347.4205 178.8865 21.6176470588 295.12425 178.882 -0.05 347.4205 178.8865 21.6176470588 295.12425 178.882 21.6176470588 347.4205 178.8865 -0.05 347.419 197.23075 -0.05 347.419 197.23075 21.6176470588 347.4205 178.8865 -0.05 347.419 197.23075 21.6176470588 347.4205 178.8865 21.6176470588 347.419 197.23075 -0.05 334.93925 197.22975 -0.05 334.93925 197.22975 21.6176470588 347.419 197.23075 -0.05 334.93925 197.22975 21.6176470588 347.419 197.23075 21.6176470588 334.93925 197.22975 -0.05 335.53125 223.85875 -0.05 335.53125 223.85875 21.6176470588 334.93925 197.22975 -0.05 335.53125 223.85875 21.6176470588 334.93925 197.22975 21.6176470588 335.53125 223.85875 -0.05 309.383 223.8565 -0.05 309.383 223.8565 21.6176470588 335.53125 223.85875 -0.05 309.383 223.8565 21.6176470588 335.53125 223.85875 21.6176470588 309.383 223.8565 -0.05 309.38525 197.2275 -0.05 309.38525 197.2275 21.6176470588 309.383 223.8565 -0.05 309.38525 197.2275 21.6176470588 309.383 223.8565 21.6176470588 309.38525 197.2275 -0.05 295.717 197.2265 -0.05 295.717 197.2265 21.6176470588 309.38525 197.2275 -0.05 295.717 197.2265 21.6176470588 309.38525 197.2275 21.6176470588 295.717 197.2265 -0.05 295.12425 178.882 -0.05 295.12425 178.882 21.6176470588 295.717 197.2265 -0.05 295.12425 178.882 21.6176470588 295.717 197.2265 21.6176470588 499.54225 322.104 37.0588235294 485.27975 322.6945 37.0588235294 485.28175 300.79975 37.0588235294 485.28175 300.79975 -0.05 485.27975 322.6945 -0.05 499.54225 322.104 -0.05 499.54225 322.104 37.0588235294 485.28175 300.79975 37.0588235294 520.938 300.21125 37.0588235294 520.938 300.21125 -0.05 485.28175 300.79975 -0.05 499.54225 322.104 -0.05 499.54225 322.104 37.0588235294 520.938 300.21125 37.0588235294 520.937 310.86275 37.0588235294 520.937 310.86275 -0.05 520.938 300.21125 -0.05 499.54225 322.104 -0.05 499.54225 322.104 37.0588235294 520.937 310.86275 37.0588235294 522.72 310.863 37.0588235294 522.72 310.863 -0.05 520.937 310.86275 -0.05 499.54225 322.104 -0.05 499.54225 322.104 37.0588235294 522.72 310.863 37.0588235294 522.71875 322.698 37.0588235294 522.71875 322.698 -0.05 522.72 310.863 -0.05 499.54225 322.104 -0.05 522.71875 322.698 37.0588235294 499.54225 323.2875 37.0588235294 499.54225 322.104 37.0588235294 499.54225 322.104 -0.05 499.54225 323.2875 -0.05 522.71875 322.698 -0.05 485.27975 322.6945 -0.05 485.28175 300.79975 -0.05 485.28175 300.79975 37.0588235294 485.27975 322.6945 -0.05 485.28175 300.79975 37.0588235294 485.27975 322.6945 37.0588235294 485.28175 300.79975 -0.05 520.938 300.21125 -0.05 520.938 300.21125 37.0588235294 485.28175 300.79975 -0.05 520.938 300.21125 37.0588235294 485.28175 300.79975 37.0588235294 520.938 300.21125 -0.05 520.937 310.86275 -0.05 520.937 310.86275 37.0588235294 520.938 300.21125 -0.05 520.937 310.86275 37.0588235294 520.938 300.21125 37.0588235294 520.937 310.86275 -0.05 522.72 310.863 -0.05 522.72 310.863 37.0588235294 520.937 310.86275 -0.05 522.72 310.863 37.0588235294 520.937 310.86275 37.0588235294 522.72 310.863 -0.05 522.71875 322.698 -0.05 522.71875 322.698 37.0588235294 522.72 310.863 -0.05 522.71875 322.698 37.0588235294 522.72 310.863 37.0588235294 522.71875 322.698 -0.05 499.54225 323.2875 -0.05 499.54225 323.2875 37.0588235294 522.71875 322.698 -0.05 499.54225 323.2875 37.0588235294 522.71875 322.698 37.0588235294 499.54225 323.2875 -0.05 499.54225 322.104 -0.05 499.54225 322.104 37.0588235294 499.54225 323.2875 -0.05 499.54225 322.104 37.0588235294 499.54225 323.2875 37.0588235294 499.54225 322.104 -0.05 485.27975 322.6945 -0.05 485.27975 322.6945 37.0588235294 499.54225 322.104 -0.05 485.27975 322.6945 37.0588235294 499.54225 322.104 37.0588235294 488.259 236.89075 43.6764705882 487.07025 236.8905 43.6764705882 487.07125 225.64725 43.6764705882 487.07125 225.64725 -0.05 487.07025 236.8905 -0.05 488.259 236.89075 -0.05 488.259 236.89075 43.6764705882 487.07125 225.64725 43.6764705882 523.32225 225.059 43.6764705882 523.32225 225.059 -0.05 487.07125 225.64725 -0.05 488.259 236.89075 -0.05 488.259 236.89075 43.6764705882 523.32225 225.059 43.6764705882 523.3215 232.75175 43.6764705882 523.3215 232.75175 -0.05 523.32225 225.059 -0.05 488.259 236.89075 -0.05 488.259 236.89075 43.6764705882 523.3215 232.75175 43.6764705882 525.10425 232.75175 43.6764705882 525.10425 232.75175 -0.05 523.3215 232.75175 -0.05 488.259 236.89075 -0.05 488.259 236.89075 43.6764705882 525.10425 232.75175 43.6764705882 525.103 246.954 43.6764705882 525.103 246.954 -0.05 525.10425 232.75175 -0.05 488.259 236.89075 -0.05 525.103 246.954 43.6764705882 488.258 247.54225 43.6764705882 488.259 236.89075 43.6764705882 488.259 236.89075 -0.05 488.258 247.54225 -0.05 525.103 246.954 -0.05 487.07025 236.8905 -0.05 487.07125 225.64725 -0.05 487.07125 225.64725 43.6764705882 487.07025 236.8905 -0.05 487.07125 225.64725 43.6764705882 487.07025 236.8905 43.6764705882 487.07125 225.64725 -0.05 523.32225 225.059 -0.05 523.32225 225.059 43.6764705882 487.07125 225.64725 -0.05 523.32225 225.059 43.6764705882 487.07125 225.64725 43.6764705882 523.32225 225.059 -0.05 523.3215 232.75175 -0.05 523.3215 232.75175 43.6764705882 523.32225 225.059 -0.05 523.3215 232.75175 43.6764705882 523.32225 225.059 43.6764705882 523.3215 232.75175 -0.05 525.10425 232.75175 -0.05 525.10425 232.75175 43.6764705882 523.3215 232.75175 -0.05 525.10425 232.75175 43.6764705882 523.3215 232.75175 43.6764705882 525.10425 232.75175 -0.05 525.103 246.954 -0.05 525.103 246.954 43.6764705882 525.10425 232.75175 -0.05 525.103 246.954 43.6764705882 525.10425 232.75175 43.6764705882 525.103 246.954 -0.05 488.258 247.54225 -0.05 488.258 247.54225 43.6764705882 525.103 246.954 -0.05 488.258 247.54225 43.6764705882 525.103 246.954 43.6764705882 488.258 247.54225 -0.05 488.259 236.89075 -0.05 488.259 236.89075 43.6764705882 488.258 247.54225 -0.05 488.259 236.89075 43.6764705882 488.258 247.54225 43.6764705882 488.259 236.89075 -0.05 487.07025 236.8905 -0.05 487.07025 236.8905 43.6764705882 488.259 236.89075 -0.05 487.07025 236.8905 43.6764705882 488.259 236.89075 43.6764705882 523.90975 297.8445 38.5294117647 488.8475 298.433 38.5294117647 488.8495 276.53825 38.5294117647 488.8495 276.53825 -0.05 488.8475 298.433 -0.05 523.90975 297.8445 -0.05 488.8495 276.53825 38.5294117647 525.6945 275.94975 38.5294117647 525.6935 287.193 38.5294117647 525.6935 287.193 -0.05 525.6945 275.94975 -0.05 488.8495 276.53825 -0.05 488.8495 276.53825 38.5294117647 525.6935 287.193 38.5294117647 523.91075 287.193 38.5294117647 523.91075 287.193 -0.05 525.6935 287.193 -0.05 488.8495 276.53825 -0.05 488.8495 276.53825 38.5294117647 523.91075 287.193 38.5294117647 524.50425 294.294 38.5294117647 524.50425 294.294 -0.05 523.91075 287.193 -0.05 488.8495 276.53825 -0.05 488.8495 276.53825 38.5294117647 524.50425 294.294 38.5294117647 523.31575 294.294 38.5294117647 523.31575 294.294 -0.05 524.50425 294.294 -0.05 488.8495 276.53825 -0.05 488.8495 276.53825 38.5294117647 523.31575 294.294 38.5294117647 523.90975 297.8445 38.5294117647 523.90975 297.8445 -0.05 523.31575 294.294 -0.05 488.8495 276.53825 -0.05 488.8475 298.433 -0.05 488.8495 276.53825 -0.05 488.8495 276.53825 38.5294117647 488.8475 298.433 -0.05 488.8495 276.53825 38.5294117647 488.8475 298.433 38.5294117647 488.8495 276.53825 -0.05 525.6945 275.94975 -0.05 525.6945 275.94975 38.5294117647 488.8495 276.53825 -0.05 525.6945 275.94975 38.5294117647 488.8495 276.53825 38.5294117647 525.6945 275.94975 -0.05 525.6935 287.193 -0.05 525.6935 287.193 38.5294117647 525.6945 275.94975 -0.05 525.6935 287.193 38.5294117647 525.6945 275.94975 38.5294117647 525.6935 287.193 -0.05 523.91075 287.193 -0.05 523.91075 287.193 38.5294117647 525.6935 287.193 -0.05 523.91075 287.193 38.5294117647 525.6935 287.193 38.5294117647 523.91075 287.193 -0.05 524.50425 294.294 -0.05 524.50425 294.294 38.5294117647 523.91075 287.193 -0.05 524.50425 294.294 38.5294117647 523.91075 287.193 38.5294117647 524.50425 294.294 -0.05 523.31575 294.294 -0.05 523.31575 294.294 38.5294117647 524.50425 294.294 -0.05 523.31575 294.294 38.5294117647 524.50425 294.294 38.5294117647 523.31575 294.294 -0.05 523.90975 297.8445 -0.05 523.90975 297.8445 38.5294117647 523.31575 294.294 -0.05 523.90975 297.8445 38.5294117647 523.31575 294.294 38.5294117647 523.90975 297.8445 -0.05 488.8475 298.433 -0.05 488.8475 298.433 38.5294117647 523.90975 297.8445 -0.05 488.8475 298.433 38.5294117647 523.90975 297.8445 38.5294117647 -124.44525 333.89075 21.4705882353 -154.1575 311.40225 21.4705882353 -139.89375 293.05875 21.4705882353 -139.89375 293.05875 -0.05 -154.1575 311.40225 -0.05 -124.44525 333.89075 -0.05 -124.44525 333.89075 21.4705882353 -139.89375 293.05875 21.4705882353 -107.21025 317.9145 21.4705882353 -107.21025 317.9145 -0.05 -139.89375 293.05875 -0.05 -124.44525 333.89075 -0.05 -124.44525 333.89075 21.4705882353 -107.21025 317.9145 21.4705882353 -114.34225 326.79025 21.4705882353 -114.34225 326.79025 -0.05 -107.21025 317.9145 -0.05 -124.44525 333.89075 -0.05 -124.44525 333.89075 21.4705882353 -114.34225 326.79025 21.4705882353 -103.0515 335.0755 21.4705882353 -103.0515 335.0755 -0.05 -114.34225 326.79025 -0.05 -124.44525 333.89075 -0.05 -124.44525 333.89075 21.4705882353 -103.0515 335.0755 21.4705882353 -117.9095 354.60225 21.4705882353 -117.9095 354.60225 -0.05 -103.0515 335.0755 -0.05 -124.44525 333.89075 -0.05 -117.9095 354.60225 21.4705882353 -132.1715 343.95 21.4705882353 -124.44525 333.89075 21.4705882353 -124.44525 333.89075 -0.05 -132.1715 343.95 -0.05 -117.9095 354.60225 -0.05 -154.1575 311.40225 -0.05 -139.89375 293.05875 -0.05 -139.89375 293.05875 21.4705882353 -154.1575 311.40225 -0.05 -139.89375 293.05875 21.4705882353 -154.1575 311.40225 21.4705882353 -139.89375 293.05875 -0.05 -107.21025 317.9145 -0.05 -107.21025 317.9145 21.4705882353 -139.89375 293.05875 -0.05 -107.21025 317.9145 21.4705882353 -139.89375 293.05875 21.4705882353 -107.21025 317.9145 -0.05 -114.34225 326.79025 -0.05 -114.34225 326.79025 21.4705882353 -107.21025 317.9145 -0.05 -114.34225 326.79025 21.4705882353 -107.21025 317.9145 21.4705882353 -114.34225 326.79025 -0.05 -103.0515 335.0755 -0.05 -103.0515 335.0755 21.4705882353 -114.34225 326.79025 -0.05 -103.0515 335.0755 21.4705882353 -114.34225 326.79025 21.4705882353 -103.0515 335.0755 -0.05 -117.9095 354.60225 -0.05 -117.9095 354.60225 21.4705882353 -103.0515 335.0755 -0.05 -117.9095 354.60225 21.4705882353 -103.0515 335.0755 21.4705882353 -117.9095 354.60225 -0.05 -132.1715 343.95 -0.05 -132.1715 343.95 21.4705882353 -117.9095 354.60225 -0.05 -132.1715 343.95 21.4705882353 -117.9095 354.60225 21.4705882353 -132.1715 343.95 -0.05 -124.44525 333.89075 -0.05 -124.44525 333.89075 21.4705882353 -132.1715 343.95 -0.05 -124.44525 333.89075 21.4705882353 -132.1715 343.95 21.4705882353 -124.44525 333.89075 -0.05 -154.1575 311.40225 -0.05 -154.1575 311.40225 21.4705882353 -124.44525 333.89075 -0.05 -154.1575 311.40225 21.4705882353 -124.44525 333.89075 21.4705882353 -589.15725 105.45025 36.6176470588 -608.174 101.899 36.6176470588 -601.041 59.29325 36.6176470588 -601.041 59.29325 -0.05 -608.174 101.899 -0.05 -589.15725 105.45025 -0.05 -589.15725 105.45025 36.6176470588 -601.041 59.29325 36.6176470588 -583.21275 62.8445 36.6176470588 -583.21275 62.8445 -0.05 -601.041 59.29325 -0.05 -589.15725 105.45025 -0.05 -589.15725 105.45025 36.6176470588 -583.21275 62.8445 36.6176470588 -580.2405 45.68375 36.6176470588 -580.2405 45.68375 -0.05 -583.21275 62.8445 -0.05 -589.15725 105.45025 -0.05 -580.2405 45.68375 36.6176470588 -559.441 49.235 36.6176470588 -565.9795 85.33175 36.6176470588 -565.9795 85.33175 -0.05 -559.441 49.235 -0.05 -580.2405 45.68375 -0.05 -580.2405 45.68375 36.6176470588 -565.9795 85.33175 36.6176470588 -584.99625 82.37225 36.6176470588 -584.99625 82.37225 -0.05 -565.9795 85.33175 -0.05 -580.2405 45.68375 -0.05 -580.2405 45.68375 36.6176470588 -584.99625 82.37225 36.6176470588 -589.15725 105.45025 36.6176470588 -589.15725 105.45025 -0.05 -584.99625 82.37225 -0.05 -580.2405 45.68375 -0.05 -608.174 101.899 -0.05 -601.041 59.29325 -0.05 -601.041 59.29325 36.6176470588 -608.174 101.899 -0.05 -601.041 59.29325 36.6176470588 -608.174 101.899 36.6176470588 -601.041 59.29325 -0.05 -583.21275 62.8445 -0.05 -583.21275 62.8445 36.6176470588 -601.041 59.29325 -0.05 -583.21275 62.8445 36.6176470588 -601.041 59.29325 36.6176470588 -583.21275 62.8445 -0.05 -580.2405 45.68375 -0.05 -580.2405 45.68375 36.6176470588 -583.21275 62.8445 -0.05 -580.2405 45.68375 36.6176470588 -583.21275 62.8445 36.6176470588 -580.2405 45.68375 -0.05 -559.441 49.235 -0.05 -559.441 49.235 36.6176470588 -580.2405 45.68375 -0.05 -559.441 49.235 36.6176470588 -580.2405 45.68375 36.6176470588 -559.441 49.235 -0.05 -565.9795 85.33175 -0.05 -565.9795 85.33175 36.6176470588 -559.441 49.235 -0.05 -565.9795 85.33175 36.6176470588 -559.441 49.235 36.6176470588 -565.9795 85.33175 -0.05 -584.99625 82.37225 -0.05 -584.99625 82.37225 36.6176470588 -565.9795 85.33175 -0.05 -584.99625 82.37225 36.6176470588 -565.9795 85.33175 36.6176470588 -584.99625 82.37225 -0.05 -589.15725 105.45025 -0.05 -589.15725 105.45025 36.6176470588 -584.99625 82.37225 -0.05 -589.15725 105.45025 36.6176470588 -584.99625 82.37225 36.6176470588 -589.15725 105.45025 -0.05 -608.174 101.899 -0.05 -608.174 101.899 36.6176470588 -589.15725 105.45025 -0.05 -608.174 101.899 36.6176470588 -589.15725 105.45025 36.6176470588 -177.342 441.58625 38.2352941176 -185.06625 420.8745 38.2352941176 -143.4665 406.08325 38.2352941176 -143.4665 406.08325 -0.05 -185.06625 420.8745 -0.05 -177.342 441.58625 -0.05 -143.4665 406.08325 38.2352941176 -129.8005 443.3645 38.2352941176 -147.629 449.28075 38.2352941176 -147.629 449.28075 -0.05 -129.8005 443.3645 -0.05 -143.4665 406.08325 -0.05 -143.4665 406.08325 38.2352941176 -147.629 449.28075 38.2352941176 -152.38225 435.67025 38.2352941176 -152.38225 435.67025 -0.05 -147.629 449.28075 -0.05 -143.4665 406.08325 -0.05 -143.4665 406.08325 38.2352941176 -152.38225 435.67025 38.2352941176 -157.73075 437.44525 38.2352941176 -157.73075 437.44525 -0.05 -152.38225 435.67025 -0.05 -143.4665 406.08325 -0.05 -143.4665 406.08325 38.2352941176 -157.73075 437.44525 38.2352941176 -158.91925 435.07825 38.2352941176 -158.91925 435.07825 -0.05 -157.73075 437.44525 -0.05 -143.4665 406.08325 -0.05 -143.4665 406.08325 38.2352941176 -158.91925 435.07825 38.2352941176 -177.342 441.58625 38.2352941176 -177.342 441.58625 -0.05 -158.91925 435.07825 -0.05 -143.4665 406.08325 -0.05 -185.06625 420.8745 -0.05 -143.4665 406.08325 -0.05 -143.4665 406.08325 38.2352941176 -185.06625 420.8745 -0.05 -143.4665 406.08325 38.2352941176 -185.06625 420.8745 38.2352941176 -143.4665 406.08325 -0.05 -129.8005 443.3645 -0.05 -129.8005 443.3645 38.2352941176 -143.4665 406.08325 -0.05 -129.8005 443.3645 38.2352941176 -143.4665 406.08325 38.2352941176 -129.8005 443.3645 -0.05 -147.629 449.28075 -0.05 -147.629 449.28075 38.2352941176 -129.8005 443.3645 -0.05 -147.629 449.28075 38.2352941176 -129.8005 443.3645 38.2352941176 -147.629 449.28075 -0.05 -152.38225 435.67025 -0.05 -152.38225 435.67025 38.2352941176 -147.629 449.28075 -0.05 -152.38225 435.67025 38.2352941176 -147.629 449.28075 38.2352941176 -152.38225 435.67025 -0.05 -157.73075 437.44525 -0.05 -157.73075 437.44525 38.2352941176 -152.38225 435.67025 -0.05 -157.73075 437.44525 38.2352941176 -152.38225 435.67025 38.2352941176 -157.73075 437.44525 -0.05 -158.91925 435.07825 -0.05 -158.91925 435.07825 38.2352941176 -157.73075 437.44525 -0.05 -158.91925 435.07825 38.2352941176 -157.73075 437.44525 38.2352941176 -158.91925 435.07825 -0.05 -177.342 441.58625 -0.05 -177.342 441.58625 38.2352941176 -158.91925 435.07825 -0.05 -177.342 441.58625 38.2352941176 -158.91925 435.07825 38.2352941176 -177.342 441.58625 -0.05 -185.06625 420.8745 -0.05 -185.06625 420.8745 38.2352941176 -177.342 441.58625 -0.05 -185.06625 420.8745 38.2352941176 -177.342 441.58625 38.2352941176 -94.676 -533.02425 44.2647058824 -108.344 -544.86 44.2647058824 -84.57025 -572.671 44.2647058824 -84.57025 -572.671 -0.05 -108.344 -544.86 -0.05 -94.676 -533.02425 -0.05 -84.57025 -572.671 44.2647058824 -47.726 -541.30575 44.2647058824 -60.20725 -526.51275 44.2647058824 -60.20725 -526.51275 -0.05 -47.726 -541.30575 -0.05 -84.57025 -572.671 -0.05 -84.57025 -572.671 44.2647058824 -60.20725 -526.51275 44.2647058824 -78.035 -541.8995 44.2647058824 -78.035 -541.8995 -0.05 -60.20725 -526.51275 -0.05 -84.57025 -572.671 -0.05 -84.57025 -572.671 44.2647058824 -78.035 -541.8995 44.2647058824 -79.818 -540.716 44.2647058824 -79.818 -540.716 -0.05 -78.035 -541.8995 -0.05 -84.57025 -572.671 -0.05 -84.57025 -572.671 44.2647058824 -79.818 -540.716 44.2647058824 -84.57225 -544.8585 44.2647058824 -84.57225 -544.8585 -0.05 -79.818 -540.716 -0.05 -84.57025 -572.671 -0.05 -84.57025 -572.671 44.2647058824 -84.57225 -544.8585 44.2647058824 -94.676 -533.02425 44.2647058824 -94.676 -533.02425 -0.05 -84.57225 -544.8585 -0.05 -84.57025 -572.671 -0.05 -108.344 -544.86 -0.05 -84.57025 -572.671 -0.05 -84.57025 -572.671 44.2647058824 -108.344 -544.86 -0.05 -84.57025 -572.671 44.2647058824 -108.344 -544.86 44.2647058824 -84.57025 -572.671 -0.05 -47.726 -541.30575 -0.05 -47.726 -541.30575 44.2647058824 -84.57025 -572.671 -0.05 -47.726 -541.30575 44.2647058824 -84.57025 -572.671 44.2647058824 -47.726 -541.30575 -0.05 -60.20725 -526.51275 -0.05 -60.20725 -526.51275 44.2647058824 -47.726 -541.30575 -0.05 -60.20725 -526.51275 44.2647058824 -47.726 -541.30575 44.2647058824 -60.20725 -526.51275 -0.05 -78.035 -541.8995 -0.05 -78.035 -541.8995 44.2647058824 -60.20725 -526.51275 -0.05 -78.035 -541.8995 44.2647058824 -60.20725 -526.51275 44.2647058824 -78.035 -541.8995 -0.05 -79.818 -540.716 -0.05 -79.818 -540.716 44.2647058824 -78.035 -541.8995 -0.05 -79.818 -540.716 44.2647058824 -78.035 -541.8995 44.2647058824 -79.818 -540.716 -0.05 -84.57225 -544.8585 -0.05 -84.57225 -544.8585 44.2647058824 -79.818 -540.716 -0.05 -84.57225 -544.8585 44.2647058824 -79.818 -540.716 44.2647058824 -84.57225 -544.8585 -0.05 -94.676 -533.02425 -0.05 -94.676 -533.02425 44.2647058824 -84.57225 -544.8585 -0.05 -94.676 -533.02425 44.2647058824 -84.57225 -544.8585 44.2647058824 -94.676 -533.02425 -0.05 -108.344 -544.86 -0.05 -108.344 -544.86 44.2647058824 -94.676 -533.02425 -0.05 -108.344 -544.86 44.2647058824 -94.676 -533.02425 44.2647058824 -424.54275 122.02675 41.1764705882 -449.5025 122.0255 41.1764705882 -449.50125 96.58025 41.1764705882 -449.50125 96.58025 -0.05 -449.5025 122.0255 -0.05 -424.54275 122.02675 -0.05 -424.54275 122.02675 41.1764705882 -449.50125 96.58025 41.1764705882 -407.30725 95.9905 41.1764705882 -407.30725 95.9905 -0.05 -449.50125 96.58025 -0.05 -424.54275 122.02675 -0.05 -424.54275 122.02675 41.1764705882 -407.30725 95.9905 41.1764705882 -407.30825 115.51825 41.1764705882 -407.30825 115.51825 -0.05 -407.30725 95.9905 -0.05 -424.54275 122.02675 -0.05 -424.54275 122.02675 41.1764705882 -407.30825 115.51825 41.1764705882 -405.5255 115.51825 41.1764705882 -405.5255 115.51825 -0.05 -407.30825 115.51825 -0.05 -424.54275 122.02675 -0.05 -424.54275 122.02675 41.1764705882 -405.5255 115.51825 41.1764705882 -404.93225 135.638 41.1764705882 -404.93225 135.638 -0.05 -405.5255 115.51825 -0.05 -424.54275 122.02675 -0.05 -404.93225 135.638 41.1764705882 -424.5435 136.22875 41.1764705882 -424.54275 122.02675 41.1764705882 -424.54275 122.02675 -0.05 -424.5435 136.22875 -0.05 -404.93225 135.638 -0.05 -449.5025 122.0255 -0.05 -449.50125 96.58025 -0.05 -449.50125 96.58025 41.1764705882 -449.5025 122.0255 -0.05 -449.50125 96.58025 41.1764705882 -449.5025 122.0255 41.1764705882 -449.50125 96.58025 -0.05 -407.30725 95.9905 -0.05 -407.30725 95.9905 41.1764705882 -449.50125 96.58025 -0.05 -407.30725 95.9905 41.1764705882 -449.50125 96.58025 41.1764705882 -407.30725 95.9905 -0.05 -407.30825 115.51825 -0.05 -407.30825 115.51825 41.1764705882 -407.30725 95.9905 -0.05 -407.30825 115.51825 41.1764705882 -407.30725 95.9905 41.1764705882 -407.30825 115.51825 -0.05 -405.5255 115.51825 -0.05 -405.5255 115.51825 41.1764705882 -407.30825 115.51825 -0.05 -405.5255 115.51825 41.1764705882 -407.30825 115.51825 41.1764705882 -405.5255 115.51825 -0.05 -404.93225 135.638 -0.05 -404.93225 135.638 41.1764705882 -405.5255 115.51825 -0.05 -404.93225 135.638 41.1764705882 -405.5255 115.51825 41.1764705882 -404.93225 135.638 -0.05 -424.5435 136.22875 -0.05 -424.5435 136.22875 41.1764705882 -404.93225 135.638 -0.05 -424.5435 136.22875 41.1764705882 -404.93225 135.638 41.1764705882 -424.5435 136.22875 -0.05 -424.54275 122.02675 -0.05 -424.54275 122.02675 41.1764705882 -424.5435 136.22875 -0.05 -424.54275 122.02675 41.1764705882 -424.5435 136.22875 41.1764705882 -424.54275 122.02675 -0.05 -449.5025 122.0255 -0.05 -449.5025 122.0255 41.1764705882 -424.54275 122.02675 -0.05 -449.5025 122.0255 41.1764705882 -424.54275 122.02675 41.1764705882 -279.55975 501.939 40.2941176471 -296.19725 464.066 40.2941176471 -255.786 446.9075 40.2941176471 -255.786 446.9075 -0.05 -296.19725 464.066 -0.05 -279.55975 501.939 -0.05 -255.786 446.9075 40.2941176471 -246.873 468.211 40.2941176471 -263.513 475.31125 40.2941176471 -263.513 475.31125 -0.05 -246.873 468.211 -0.05 -255.786 446.9075 -0.05 -263.513 475.31125 40.2941176471 -262.91875 477.67825 40.2941176471 -269.456 480.6365 40.2941176471 -269.456 480.6365 -0.05 -262.91875 477.67825 -0.05 -263.513 475.31125 -0.05 -255.786 446.9075 40.2941176471 -263.513 475.31125 40.2941176471 -269.456 480.6365 40.2941176471 -269.456 480.6365 -0.05 -263.513 475.31125 -0.05 -255.786 446.9075 -0.05 -279.55975 501.939 40.2941176471 -255.786 446.9075 40.2941176471 -269.456 480.6365 40.2941176471 -269.456 480.6365 -0.05 -255.786 446.9075 -0.05 -279.55975 501.939 -0.05 -269.456 480.6365 40.2941176471 -263.514 494.839 40.2941176471 -279.55975 501.939 40.2941176471 -279.55975 501.939 -0.05 -263.514 494.839 -0.05 -269.456 480.6365 -0.05 -296.19725 464.066 -0.05 -255.786 446.9075 -0.05 -255.786 446.9075 40.2941176471 -296.19725 464.066 -0.05 -255.786 446.9075 40.2941176471 -296.19725 464.066 40.2941176471 -255.786 446.9075 -0.05 -246.873 468.211 -0.05 -246.873 468.211 40.2941176471 -255.786 446.9075 -0.05 -246.873 468.211 40.2941176471 -255.786 446.9075 40.2941176471 -246.873 468.211 -0.05 -263.513 475.31125 -0.05 -263.513 475.31125 40.2941176471 -246.873 468.211 -0.05 -263.513 475.31125 40.2941176471 -246.873 468.211 40.2941176471 -263.513 475.31125 -0.05 -262.91875 477.67825 -0.05 -262.91875 477.67825 40.2941176471 -263.513 475.31125 -0.05 -262.91875 477.67825 40.2941176471 -263.513 475.31125 40.2941176471 -262.91875 477.67825 -0.05 -269.456 480.6365 -0.05 -269.456 480.6365 40.2941176471 -262.91875 477.67825 -0.05 -269.456 480.6365 40.2941176471 -262.91875 477.67825 40.2941176471 -269.456 480.6365 -0.05 -263.514 494.839 -0.05 -263.514 494.839 40.2941176471 -269.456 480.6365 -0.05 -263.514 494.839 40.2941176471 -269.456 480.6365 40.2941176471 -263.514 494.839 -0.05 -279.55975 501.939 -0.05 -279.55975 501.939 40.2941176471 -263.514 494.839 -0.05 -279.55975 501.939 40.2941176471 -263.514 494.839 40.2941176471 -279.55975 501.939 -0.05 -296.19725 464.066 -0.05 -296.19725 464.066 40.2941176471 -279.55975 501.939 -0.05 -296.19725 464.066 40.2941176471 -279.55975 501.939 40.2941176471 -527.36075 300.731 37.5 -561.2335 280.01825 37.5 -552.31875 264.63325 37.5 -552.31875 264.63325 -0.05 -561.2335 280.01825 -0.05 -527.36075 300.731 -0.05 -527.36075 300.731 37.5 -552.31875 264.63325 37.5 -539.245 272.91825 37.5 -539.245 272.91825 -0.05 -552.31875 264.63325 -0.05 -527.36075 300.731 -0.05 -527.36075 300.731 37.5 -539.245 272.91825 37.5 -527.35875 253.391 37.5 -527.35875 253.391 -0.05 -539.245 272.91825 -0.05 -527.36075 300.731 -0.05 -527.35875 253.391 37.5 -493.486 274.10375 37.5 -502.995 289.489 37.5 -502.995 289.489 -0.05 -493.486 274.10375 -0.05 -527.35875 253.391 -0.05 -527.35875 253.391 37.5 -502.995 289.489 37.5 -515.4745 281.7955 37.5 -515.4745 281.7955 -0.05 -502.995 289.489 -0.05 -527.35875 253.391 -0.05 -527.35875 253.391 37.5 -515.4745 281.7955 37.5 -527.36075 300.731 37.5 -527.36075 300.731 -0.05 -515.4745 281.7955 -0.05 -527.35875 253.391 -0.05 -561.2335 280.01825 -0.05 -552.31875 264.63325 -0.05 -552.31875 264.63325 37.5 -561.2335 280.01825 -0.05 -552.31875 264.63325 37.5 -561.2335 280.01825 37.5 -552.31875 264.63325 -0.05 -539.245 272.91825 -0.05 -539.245 272.91825 37.5 -552.31875 264.63325 -0.05 -539.245 272.91825 37.5 -552.31875 264.63325 37.5 -539.245 272.91825 -0.05 -527.35875 253.391 -0.05 -527.35875 253.391 37.5 -539.245 272.91825 -0.05 -527.35875 253.391 37.5 -539.245 272.91825 37.5 -527.35875 253.391 -0.05 -493.486 274.10375 -0.05 -493.486 274.10375 37.5 -527.35875 253.391 -0.05 -493.486 274.10375 37.5 -527.35875 253.391 37.5 -493.486 274.10375 -0.05 -502.995 289.489 -0.05 -502.995 289.489 37.5 -493.486 274.10375 -0.05 -502.995 289.489 37.5 -493.486 274.10375 37.5 -502.995 289.489 -0.05 -515.4745 281.7955 -0.05 -515.4745 281.7955 37.5 -502.995 289.489 -0.05 -515.4745 281.7955 37.5 -502.995 289.489 37.5 -515.4745 281.7955 -0.05 -527.36075 300.731 -0.05 -527.36075 300.731 37.5 -515.4745 281.7955 -0.05 -527.36075 300.731 37.5 -515.4745 281.7955 37.5 -527.36075 300.731 -0.05 -561.2335 280.01825 -0.05 -561.2335 280.01825 37.5 -527.36075 300.731 -0.05 -561.2335 280.01825 37.5 -527.36075 300.731 37.5 563.17275 -130.58025 31.3235294118 547.127 -130.58175 31.3235294118 547.129 -150.7015 31.3235294118 547.129 -150.7015 -0.05 547.127 -130.58175 -0.05 563.17275 -130.58025 -0.05 563.17275 -130.58025 31.3235294118 547.129 -150.7015 31.3235294118 559.609 -150.70025 31.3235294118 559.609 -150.70025 -0.05 547.129 -150.7015 -0.05 563.17275 -130.58025 -0.05 563.17275 -130.58025 31.3235294118 559.609 -150.70025 31.3235294118 559.6115 -177.329 31.3235294118 559.6115 -177.329 -0.05 559.609 -150.70025 -0.05 563.17275 -130.58025 -0.05 559.6115 -177.329 31.3235294118 585.16575 -177.32675 31.3235294118 585.1615 -132.3535 31.3235294118 585.1615 -132.3535 -0.05 585.16575 -177.32675 -0.05 559.6115 -177.329 -0.05 559.6115 -177.329 31.3235294118 585.1615 -132.3535 31.3235294118 563.173 -132.3555 31.3235294118 563.173 -132.3555 -0.05 585.1615 -132.3535 -0.05 559.6115 -177.329 -0.05 559.6115 -177.329 31.3235294118 563.173 -132.3555 31.3235294118 563.17275 -130.58025 31.3235294118 563.17275 -130.58025 -0.05 563.173 -132.3555 -0.05 559.6115 -177.329 -0.05 547.127 -130.58175 -0.05 547.129 -150.7015 -0.05 547.129 -150.7015 31.3235294118 547.127 -130.58175 -0.05 547.129 -150.7015 31.3235294118 547.127 -130.58175 31.3235294118 547.129 -150.7015 -0.05 559.609 -150.70025 -0.05 559.609 -150.70025 31.3235294118 547.129 -150.7015 -0.05 559.609 -150.70025 31.3235294118 547.129 -150.7015 31.3235294118 559.609 -150.70025 -0.05 559.6115 -177.329 -0.05 559.6115 -177.329 31.3235294118 559.609 -150.70025 -0.05 559.6115 -177.329 31.3235294118 559.609 -150.70025 31.3235294118 559.6115 -177.329 -0.05 585.16575 -177.32675 -0.05 585.16575 -177.32675 31.3235294118 559.6115 -177.329 -0.05 585.16575 -177.32675 31.3235294118 559.6115 -177.329 31.3235294118 585.16575 -177.32675 -0.05 585.1615 -132.3535 -0.05 585.1615 -132.3535 31.3235294118 585.16575 -177.32675 -0.05 585.1615 -132.3535 31.3235294118 585.16575 -177.32675 31.3235294118 585.1615 -132.3535 -0.05 563.173 -132.3555 -0.05 563.173 -132.3555 31.3235294118 585.1615 -132.3535 -0.05 563.173 -132.3555 31.3235294118 585.1615 -132.3535 31.3235294118 563.173 -132.3555 -0.05 563.17275 -130.58025 -0.05 563.17275 -130.58025 31.3235294118 563.173 -132.3555 -0.05 563.17275 -130.58025 31.3235294118 563.173 -132.3555 31.3235294118 563.17275 -130.58025 -0.05 547.127 -130.58175 -0.05 547.127 -130.58175 31.3235294118 563.17275 -130.58025 -0.05 547.127 -130.58175 31.3235294118 563.17275 -130.58025 31.3235294118 -465.5305 -255.513 42.3529411765 -479.199 -255.51375 42.3529411765 -478.604 -275.0415 42.3529411765 -478.604 -275.0415 -0.05 -479.199 -255.51375 -0.05 -465.5305 -255.513 -0.05 -465.5305 -255.513 42.3529411765 -478.604 -275.0415 42.3529411765 -459.5865 -275.0405 42.3529411765 -459.5865 -275.0405 -0.05 -478.604 -275.0415 -0.05 -465.5305 -255.513 -0.05 -465.5305 -255.513 42.3529411765 -459.5865 -275.0405 42.3529411765 -459.58675 -273.857 42.3529411765 -459.58675 -273.857 -0.05 -459.5865 -275.0405 -0.05 -465.5305 -255.513 -0.05 -465.5305 -255.513 42.3529411765 -459.58675 -273.857 42.3529411765 -439.975 -273.2645 42.3529411765 -439.975 -273.2645 -0.05 -459.58675 -273.857 -0.05 -465.5305 -255.513 -0.05 -465.5305 -255.513 42.3529411765 -439.975 -273.2645 42.3529411765 -441.16575 -230.65825 42.3529411765 -441.16575 -230.65825 -0.05 -439.975 -273.2645 -0.05 -465.5305 -255.513 -0.05 -441.16575 -230.65825 42.3529411765 -466.12575 -231.25125 42.3529411765 -465.5305 -255.513 42.3529411765 -465.5305 -255.513 -0.05 -466.12575 -231.25125 -0.05 -441.16575 -230.65825 -0.05 -479.199 -255.51375 -0.05 -478.604 -275.0415 -0.05 -478.604 -275.0415 42.3529411765 -479.199 -255.51375 -0.05 -478.604 -275.0415 42.3529411765 -479.199 -255.51375 42.3529411765 -478.604 -275.0415 -0.05 -459.5865 -275.0405 -0.05 -459.5865 -275.0405 42.3529411765 -478.604 -275.0415 -0.05 -459.5865 -275.0405 42.3529411765 -478.604 -275.0415 42.3529411765 -459.5865 -275.0405 -0.05 -459.58675 -273.857 -0.05 -459.58675 -273.857 42.3529411765 -459.5865 -275.0405 -0.05 -459.58675 -273.857 42.3529411765 -459.5865 -275.0405 42.3529411765 -459.58675 -273.857 -0.05 -439.975 -273.2645 -0.05 -439.975 -273.2645 42.3529411765 -459.58675 -273.857 -0.05 -439.975 -273.2645 42.3529411765 -459.58675 -273.857 42.3529411765 -439.975 -273.2645 -0.05 -441.16575 -230.65825 -0.05 -441.16575 -230.65825 42.3529411765 -439.975 -273.2645 -0.05 -441.16575 -230.65825 42.3529411765 -439.975 -273.2645 42.3529411765 -441.16575 -230.65825 -0.05 -466.12575 -231.25125 -0.05 -466.12575 -231.25125 42.3529411765 -441.16575 -230.65825 -0.05 -466.12575 -231.25125 42.3529411765 -441.16575 -230.65825 42.3529411765 -466.12575 -231.25125 -0.05 -465.5305 -255.513 -0.05 -465.5305 -255.513 42.3529411765 -466.12575 -231.25125 -0.05 -465.5305 -255.513 42.3529411765 -466.12575 -231.25125 42.3529411765 -465.5305 -255.513 -0.05 -479.199 -255.51375 -0.05 -479.199 -255.51375 42.3529411765 -465.5305 -255.513 -0.05 -479.199 -255.51375 42.3529411765 -465.5305 -255.513 42.3529411765 -546.94725 -274.45275 39.4117647059 -592.7075 -274.45475 39.4117647059 -592.70575 -320.0195 39.4117647059 -592.70575 -320.0195 -0.05 -592.7075 -274.45475 -0.05 -546.94725 -274.45275 -0.05 -592.70575 -320.0195 39.4117647059 -573.6885 -320.01875 39.4117647059 -573.68925 -302.26625 39.4117647059 -573.68925 -302.26625 -0.05 -573.6885 -320.01875 -0.05 -592.70575 -320.0195 -0.05 -546.94725 -274.45275 39.4117647059 -592.70575 -320.0195 39.4117647059 -573.68925 -302.26625 39.4117647059 -573.68925 -302.26625 -0.05 -592.70575 -320.0195 -0.05 -546.94725 -274.45275 -0.05 -573.68925 -302.26625 39.4117647059 -562.39775 -302.26575 39.4117647059 -562.39775 -300.4905 39.4117647059 -562.39775 -300.4905 -0.05 -562.39775 -302.26575 -0.05 -573.68925 -302.26625 -0.05 -546.94725 -274.45275 39.4117647059 -573.68925 -302.26625 39.4117647059 -562.39775 -300.4905 39.4117647059 -562.39775 -300.4905 -0.05 -573.68925 -302.26625 -0.05 -546.94725 -274.45275 -0.05 -562.39775 -300.4905 39.4117647059 -546.94625 -300.48975 39.4117647059 -546.94725 -274.45275 39.4117647059 -546.94725 -274.45275 -0.05 -546.94625 -300.48975 -0.05 -562.39775 -300.4905 -0.05 -592.7075 -274.45475 -0.05 -592.70575 -320.0195 -0.05 -592.70575 -320.0195 39.4117647059 -592.7075 -274.45475 -0.05 -592.70575 -320.0195 39.4117647059 -592.7075 -274.45475 39.4117647059 -592.70575 -320.0195 -0.05 -573.6885 -320.01875 -0.05 -573.6885 -320.01875 39.4117647059 -592.70575 -320.0195 -0.05 -573.6885 -320.01875 39.4117647059 -592.70575 -320.0195 39.4117647059 -573.6885 -320.01875 -0.05 -573.68925 -302.26625 -0.05 -573.68925 -302.26625 39.4117647059 -573.6885 -320.01875 -0.05 -573.68925 -302.26625 39.4117647059 -573.6885 -320.01875 39.4117647059 -573.68925 -302.26625 -0.05 -562.39775 -302.26575 -0.05 -562.39775 -302.26575 39.4117647059 -573.68925 -302.26625 -0.05 -562.39775 -302.26575 39.4117647059 -573.68925 -302.26625 39.4117647059 -562.39775 -302.26575 -0.05 -562.39775 -300.4905 -0.05 -562.39775 -300.4905 39.4117647059 -562.39775 -302.26575 -0.05 -562.39775 -300.4905 39.4117647059 -562.39775 -302.26575 39.4117647059 -562.39775 -300.4905 -0.05 -546.94625 -300.48975 -0.05 -546.94625 -300.48975 39.4117647059 -562.39775 -300.4905 -0.05 -546.94625 -300.48975 39.4117647059 -562.39775 -300.4905 39.4117647059 -546.94625 -300.48975 -0.05 -546.94725 -274.45275 -0.05 -546.94725 -274.45275 39.4117647059 -546.94625 -300.48975 -0.05 -546.94725 -274.45275 39.4117647059 -546.94625 -300.48975 39.4117647059 -546.94725 -274.45275 -0.05 -592.7075 -274.45475 -0.05 -592.7075 -274.45475 39.4117647059 -546.94725 -274.45275 -0.05 -592.7075 -274.45475 39.4117647059 -546.94725 -274.45275 39.4117647059 453.81075 16.164 48.5294117647 435.388 16.16225 48.5294117647 435.39175 -24.6685 48.5294117647 435.39175 -24.6685 -0.05 435.388 16.16225 -0.05 453.81075 16.164 -0.05 435.39175 -24.6685 48.5294117647 480.55725 -24.6645 48.5294117647 480.55525 -1.58625 48.5294117647 480.55525 -1.58625 -0.05 480.55725 -24.6645 -0.05 435.39175 -24.6685 -0.05 435.39175 -24.6685 48.5294117647 480.55525 -1.58625 48.5294117647 460.3495 -1.588 48.5294117647 460.3495 -1.588 -0.05 480.55525 -1.58625 -0.05 435.39175 -24.6685 -0.05 435.39175 -24.6685 48.5294117647 460.3495 -1.588 48.5294117647 460.34925 1.37075 48.5294117647 460.34925 1.37075 -0.05 460.3495 -1.588 -0.05 435.39175 -24.6685 -0.05 435.39175 -24.6685 48.5294117647 460.34925 1.37075 48.5294117647 453.81225 1.37025 48.5294117647 453.81225 1.37025 -0.05 460.34925 1.37075 -0.05 435.39175 -24.6685 -0.05 435.39175 -24.6685 48.5294117647 453.81225 1.37025 48.5294117647 453.81075 16.164 48.5294117647 453.81075 16.164 -0.05 453.81225 1.37025 -0.05 435.39175 -24.6685 -0.05 435.388 16.16225 -0.05 435.39175 -24.6685 -0.05 435.39175 -24.6685 48.5294117647 435.388 16.16225 -0.05 435.39175 -24.6685 48.5294117647 435.388 16.16225 48.5294117647 435.39175 -24.6685 -0.05 480.55725 -24.6645 -0.05 480.55725 -24.6645 48.5294117647 435.39175 -24.6685 -0.05 480.55725 -24.6645 48.5294117647 435.39175 -24.6685 48.5294117647 480.55725 -24.6645 -0.05 480.55525 -1.58625 -0.05 480.55525 -1.58625 48.5294117647 480.55725 -24.6645 -0.05 480.55525 -1.58625 48.5294117647 480.55725 -24.6645 48.5294117647 480.55525 -1.58625 -0.05 460.3495 -1.588 -0.05 460.3495 -1.588 48.5294117647 480.55525 -1.58625 -0.05 460.3495 -1.588 48.5294117647 480.55525 -1.58625 48.5294117647 460.3495 -1.588 -0.05 460.34925 1.37075 -0.05 460.34925 1.37075 48.5294117647 460.3495 -1.588 -0.05 460.34925 1.37075 48.5294117647 460.3495 -1.588 48.5294117647 460.34925 1.37075 -0.05 453.81225 1.37025 -0.05 453.81225 1.37025 48.5294117647 460.34925 1.37075 -0.05 453.81225 1.37025 48.5294117647 460.34925 1.37075 48.5294117647 453.81225 1.37025 -0.05 453.81075 16.164 -0.05 453.81075 16.164 48.5294117647 453.81225 1.37025 -0.05 453.81075 16.164 48.5294117647 453.81225 1.37025 48.5294117647 453.81075 16.164 -0.05 435.388 16.16225 -0.05 435.388 16.16225 48.5294117647 453.81075 16.164 -0.05 435.388 16.16225 48.5294117647 453.81075 16.164 48.5294117647 437.18725 -166.097 43.0882352941 436.00225 -206.928 43.0882352941 482.357 -208.1075 43.0882352941 482.357 -208.1075 -0.05 436.00225 -206.928 -0.05 437.18725 -166.097 -0.05 482.357 -208.1075 43.0882352941 482.949 -185.029 43.0882352941 463.3375 -184.439 43.0882352941 463.3375 -184.439 -0.05 482.949 -185.029 -0.05 482.357 -208.1075 -0.05 463.3375 -184.439 43.0882352941 463.33725 -182.072 43.0882352941 455.6115 -181.481 43.0882352941 455.6115 -181.481 -0.05 463.33725 -182.072 -0.05 463.3375 -184.439 -0.05 482.357 -208.1075 43.0882352941 463.3375 -184.439 43.0882352941 455.6115 -181.481 43.0882352941 455.6115 -181.481 -0.05 463.3375 -184.439 -0.05 482.357 -208.1075 -0.05 437.18725 -166.097 43.0882352941 482.357 -208.1075 43.0882352941 455.6115 -181.481 43.0882352941 455.6115 -181.481 -0.05 482.357 -208.1075 -0.05 437.18725 -166.097 -0.05 455.6115 -181.481 43.0882352941 455.61025 -166.68725 43.0882352941 437.18725 -166.097 43.0882352941 437.18725 -166.097 -0.05 455.61025 -166.68725 -0.05 455.6115 -181.481 -0.05 436.00225 -206.928 -0.05 482.357 -208.1075 -0.05 482.357 -208.1075 43.0882352941 436.00225 -206.928 -0.05 482.357 -208.1075 43.0882352941 436.00225 -206.928 43.0882352941 482.357 -208.1075 -0.05 482.949 -185.029 -0.05 482.949 -185.029 43.0882352941 482.357 -208.1075 -0.05 482.949 -185.029 43.0882352941 482.357 -208.1075 43.0882352941 482.949 -185.029 -0.05 463.3375 -184.439 -0.05 463.3375 -184.439 43.0882352941 482.949 -185.029 -0.05 463.3375 -184.439 43.0882352941 482.949 -185.029 43.0882352941 463.3375 -184.439 -0.05 463.33725 -182.072 -0.05 463.33725 -182.072 43.0882352941 463.3375 -184.439 -0.05 463.33725 -182.072 43.0882352941 463.3375 -184.439 43.0882352941 463.33725 -182.072 -0.05 455.6115 -181.481 -0.05 455.6115 -181.481 43.0882352941 463.33725 -182.072 -0.05 455.6115 -181.481 43.0882352941 463.33725 -182.072 43.0882352941 455.6115 -181.481 -0.05 455.61025 -166.68725 -0.05 455.61025 -166.68725 43.0882352941 455.6115 -181.481 -0.05 455.61025 -166.68725 43.0882352941 455.6115 -181.481 43.0882352941 455.61025 -166.68725 -0.05 437.18725 -166.097 -0.05 437.18725 -166.097 43.0882352941 455.61025 -166.68725 -0.05 437.18725 -166.097 43.0882352941 455.61025 -166.68725 43.0882352941 437.18725 -166.097 -0.05 436.00225 -206.928 -0.05 436.00225 -206.928 43.0882352941 437.18725 -166.097 -0.05 436.00225 -206.928 43.0882352941 437.18725 -166.097 43.0882352941 -284.873 -136.56175 26.3235294118 -285.46625 -153.7225 26.3235294118 -271.2035 -153.72175 26.3235294118 -271.2035 -153.72175 -0.05 -285.46625 -153.7225 -0.05 -284.873 -136.56175 -0.05 -271.2035 -153.72175 26.3235294118 -271.796 -184.493 26.3235294118 -246.836 -184.4915 26.3235294118 -246.836 -184.4915 -0.05 -271.796 -184.493 -0.05 -271.2035 -153.72175 -0.05 -271.2035 -153.72175 26.3235294118 -246.836 -184.4915 26.3235294118 -246.83825 -142.477 26.3235294118 -246.83825 -142.477 -0.05 -246.836 -184.4915 -0.05 -271.2035 -153.72175 -0.05 -271.2035 -153.72175 26.3235294118 -246.83825 -142.477 26.3235294118 -265.26125 -142.47825 26.3235294118 -265.26125 -142.47825 -0.05 -246.83825 -142.477 -0.05 -271.2035 -153.72175 -0.05 -284.873 -136.56175 26.3235294118 -271.2035 -153.72175 26.3235294118 -265.26125 -142.47825 26.3235294118 -265.26125 -142.47825 -0.05 -271.2035 -153.72175 -0.05 -284.873 -136.56175 -0.05 -265.26125 -142.47825 26.3235294118 -265.2615 -136.56075 26.3235294118 -284.873 -136.56175 26.3235294118 -284.873 -136.56175 -0.05 -265.2615 -136.56075 -0.05 -265.26125 -142.47825 -0.05 -285.46625 -153.7225 -0.05 -271.2035 -153.72175 -0.05 -271.2035 -153.72175 26.3235294118 -285.46625 -153.7225 -0.05 -271.2035 -153.72175 26.3235294118 -285.46625 -153.7225 26.3235294118 -271.2035 -153.72175 -0.05 -271.796 -184.493 -0.05 -271.796 -184.493 26.3235294118 -271.2035 -153.72175 -0.05 -271.796 -184.493 26.3235294118 -271.2035 -153.72175 26.3235294118 -271.796 -184.493 -0.05 -246.836 -184.4915 -0.05 -246.836 -184.4915 26.3235294118 -271.796 -184.493 -0.05 -246.836 -184.4915 26.3235294118 -271.796 -184.493 26.3235294118 -246.836 -184.4915 -0.05 -246.83825 -142.477 -0.05 -246.83825 -142.477 26.3235294118 -246.836 -184.4915 -0.05 -246.83825 -142.477 26.3235294118 -246.836 -184.4915 26.3235294118 -246.83825 -142.477 -0.05 -265.26125 -142.47825 -0.05 -265.26125 -142.47825 26.3235294118 -246.83825 -142.477 -0.05 -265.26125 -142.47825 26.3235294118 -246.83825 -142.477 26.3235294118 -265.26125 -142.47825 -0.05 -265.2615 -136.56075 -0.05 -265.2615 -136.56075 26.3235294118 -265.26125 -142.47825 -0.05 -265.2615 -136.56075 26.3235294118 -265.26125 -142.47825 26.3235294118 -265.2615 -136.56075 -0.05 -284.873 -136.56175 -0.05 -284.873 -136.56175 26.3235294118 -265.2615 -136.56075 -0.05 -284.873 -136.56175 26.3235294118 -265.2615 -136.56075 26.3235294118 -284.873 -136.56175 -0.05 -285.46625 -153.7225 -0.05 -285.46625 -153.7225 26.3235294118 -284.873 -136.56175 -0.05 -285.46625 -153.7225 26.3235294118 -284.873 -136.56175 26.3235294118 -19.24 55.774 36.3235294118 20.57675 53.40975 36.3235294118 21.76425 69.97875 36.3235294118 21.76425 69.97875 -0.05 20.57675 53.40975 -0.05 -19.24 55.774 -0.05 -19.24 55.774 36.3235294118 21.76425 69.97875 36.3235294118 6.313 71.16125 36.3235294118 6.313 71.16125 -0.05 21.76425 69.97875 -0.05 -19.24 55.774 -0.05 -16.27175 99.56375 36.3235294118 -19.24 55.774 36.3235294118 6.313 71.16125 36.3235294118 6.313 71.16125 -0.05 -19.24 55.774 -0.05 -16.27175 99.56375 -0.05 6.313 71.16125 36.3235294118 6.3125 77.07875 36.3235294118 3.93525 77.07875 36.3235294118 3.93525 77.07875 -0.05 6.3125 77.07875 -0.05 6.313 71.16125 -0.05 -16.27175 99.56375 36.3235294118 6.313 71.16125 36.3235294118 3.93525 77.07875 36.3235294118 3.93525 77.07875 -0.05 6.313 71.16125 -0.05 -16.27175 99.56375 -0.05 3.93525 77.07875 36.3235294118 5.1225 98.38175 36.3235294118 -16.27175 99.56375 36.3235294118 -16.27175 99.56375 -0.05 5.1225 98.38175 -0.05 3.93525 77.07875 -0.05 -19.24 55.774 -0.05 20.57675 53.40975 -0.05 20.57675 53.40975 36.3235294118 -19.24 55.774 -0.05 20.57675 53.40975 36.3235294118 -19.24 55.774 36.3235294118 20.57675 53.40975 -0.05 21.76425 69.97875 -0.05 21.76425 69.97875 36.3235294118 20.57675 53.40975 -0.05 21.76425 69.97875 36.3235294118 20.57675 53.40975 36.3235294118 21.76425 69.97875 -0.05 6.313 71.16125 -0.05 6.313 71.16125 36.3235294118 21.76425 69.97875 -0.05 6.313 71.16125 36.3235294118 21.76425 69.97875 36.3235294118 6.313 71.16125 -0.05 6.3125 77.07875 -0.05 6.3125 77.07875 36.3235294118 6.313 71.16125 -0.05 6.3125 77.07875 36.3235294118 6.313 71.16125 36.3235294118 6.3125 77.07875 -0.05 3.93525 77.07875 -0.05 3.93525 77.07875 36.3235294118 6.3125 77.07875 -0.05 3.93525 77.07875 36.3235294118 6.3125 77.07875 36.3235294118 3.93525 77.07875 -0.05 5.1225 98.38175 -0.05 5.1225 98.38175 36.3235294118 3.93525 77.07875 -0.05 5.1225 98.38175 36.3235294118 3.93525 77.07875 36.3235294118 5.1225 98.38175 -0.05 -16.27175 99.56375 -0.05 -16.27175 99.56375 36.3235294118 5.1225 98.38175 -0.05 -16.27175 99.56375 36.3235294118 5.1225 98.38175 36.3235294118 -16.27175 99.56375 -0.05 -19.24 55.774 -0.05 -19.24 55.774 36.3235294118 -16.27175 99.56375 -0.05 -19.24 55.774 36.3235294118 -16.27175 99.56375 36.3235294118 -283.1 42.73925 24.2647058824 -284.2875 24.39475 24.2647058824 -243.87625 21.43825 24.2647058824 -243.87625 21.43825 -0.05 -284.2875 24.39475 -0.05 -283.1 42.73925 -0.05 -243.87625 21.43825 24.2647058824 -240.9075 66.41175 24.2647058824 -263.49025 68.18575 24.2647058824 -263.49025 68.18575 -0.05 -240.9075 66.41175 -0.05 -243.87625 21.43825 -0.05 -243.87625 21.43825 24.2647058824 -263.49025 68.18575 24.2647058824 -265.272 48.65775 24.2647058824 -265.272 48.65775 -0.05 -263.49025 68.18575 -0.05 -243.87625 21.43825 -0.05 -243.87625 21.43825 24.2647058824 -265.272 48.65775 24.2647058824 -267.05475 48.65775 24.2647058824 -267.05475 48.65775 -0.05 -265.272 48.65775 -0.05 -243.87625 21.43825 -0.05 -243.87625 21.43825 24.2647058824 -267.05475 48.65775 24.2647058824 -267.6485 41.5565 24.2647058824 -267.6485 41.5565 -0.05 -267.05475 48.65775 -0.05 -243.87625 21.43825 -0.05 -243.87625 21.43825 24.2647058824 -267.6485 41.5565 24.2647058824 -283.1 42.73925 24.2647058824 -283.1 42.73925 -0.05 -267.6485 41.5565 -0.05 -243.87625 21.43825 -0.05 -284.2875 24.39475 -0.05 -243.87625 21.43825 -0.05 -243.87625 21.43825 24.2647058824 -284.2875 24.39475 -0.05 -243.87625 21.43825 24.2647058824 -284.2875 24.39475 24.2647058824 -243.87625 21.43825 -0.05 -240.9075 66.41175 -0.05 -240.9075 66.41175 24.2647058824 -243.87625 21.43825 -0.05 -240.9075 66.41175 24.2647058824 -243.87625 21.43825 24.2647058824 -240.9075 66.41175 -0.05 -263.49025 68.18575 -0.05 -263.49025 68.18575 24.2647058824 -240.9075 66.41175 -0.05 -263.49025 68.18575 24.2647058824 -240.9075 66.41175 24.2647058824 -263.49025 68.18575 -0.05 -265.272 48.65775 -0.05 -265.272 48.65775 24.2647058824 -263.49025 68.18575 -0.05 -265.272 48.65775 24.2647058824 -263.49025 68.18575 24.2647058824 -265.272 48.65775 -0.05 -267.05475 48.65775 -0.05 -267.05475 48.65775 24.2647058824 -265.272 48.65775 -0.05 -267.05475 48.65775 24.2647058824 -265.272 48.65775 24.2647058824 -267.05475 48.65775 -0.05 -267.6485 41.5565 -0.05 -267.6485 41.5565 24.2647058824 -267.05475 48.65775 -0.05 -267.6485 41.5565 24.2647058824 -267.05475 48.65775 24.2647058824 -267.6485 41.5565 -0.05 -283.1 42.73925 -0.05 -283.1 42.73925 24.2647058824 -267.6485 41.5565 -0.05 -283.1 42.73925 24.2647058824 -267.6485 41.5565 24.2647058824 -283.1 42.73925 -0.05 -284.2875 24.39475 -0.05 -284.2875 24.39475 24.2647058824 -283.1 42.73925 -0.05 -284.2875 24.39475 24.2647058824 -283.1 42.73925 24.2647058824 362.856 362.92275 45.7352941176 362.2625 352.27125 45.7352941176 364.0455 352.27125 45.7352941176 364.0455 352.27125 -0.05 362.2625 352.27125 -0.05 362.856 362.92275 -0.05 364.0455 352.27125 45.7352941176 364.0465 340.43625 45.7352941176 401.4855 339.84775 45.7352941176 401.4855 339.84775 -0.05 364.0465 340.43625 -0.05 364.0455 352.27125 -0.05 362.856 362.92275 45.7352941176 364.0455 352.27125 45.7352941176 401.4855 339.84775 45.7352941176 401.4855 339.84775 -0.05 364.0455 352.27125 -0.05 362.856 362.92275 -0.05 362.856 362.92275 45.7352941176 401.4855 339.84775 45.7352941176 401.485 347.5405 45.7352941176 401.485 347.5405 -0.05 401.4855 339.84775 -0.05 362.856 362.92275 -0.05 362.856 362.92275 45.7352941176 401.485 347.5405 45.7352941176 402.07925 347.5405 45.7352941176 402.07925 347.5405 -0.05 401.485 347.5405 -0.05 362.856 362.92275 -0.05 402.07925 347.5405 45.7352941176 402.67225 362.92625 45.7352941176 362.856 362.92275 45.7352941176 362.856 362.92275 -0.05 402.67225 362.92625 -0.05 402.07925 347.5405 -0.05 362.2625 352.27125 -0.05 364.0455 352.27125 -0.05 364.0455 352.27125 45.7352941176 362.2625 352.27125 -0.05 364.0455 352.27125 45.7352941176 362.2625 352.27125 45.7352941176 364.0455 352.27125 -0.05 364.0465 340.43625 -0.05 364.0465 340.43625 45.7352941176 364.0455 352.27125 -0.05 364.0465 340.43625 45.7352941176 364.0455 352.27125 45.7352941176 364.0465 340.43625 -0.05 401.4855 339.84775 -0.05 401.4855 339.84775 45.7352941176 364.0465 340.43625 -0.05 401.4855 339.84775 45.7352941176 364.0465 340.43625 45.7352941176 401.4855 339.84775 -0.05 401.485 347.5405 -0.05 401.485 347.5405 45.7352941176 401.4855 339.84775 -0.05 401.485 347.5405 45.7352941176 401.4855 339.84775 45.7352941176 401.485 347.5405 -0.05 402.07925 347.5405 -0.05 402.07925 347.5405 45.7352941176 401.485 347.5405 -0.05 402.07925 347.5405 45.7352941176 401.485 347.5405 45.7352941176 402.07925 347.5405 -0.05 402.67225 362.92625 -0.05 402.67225 362.92625 45.7352941176 402.07925 347.5405 -0.05 402.67225 362.92625 45.7352941176 402.07925 347.5405 45.7352941176 402.67225 362.92625 -0.05 362.856 362.92275 -0.05 362.856 362.92275 45.7352941176 402.67225 362.92625 -0.05 362.856 362.92275 45.7352941176 402.67225 362.92625 45.7352941176 362.856 362.92275 -0.05 362.2625 352.27125 -0.05 362.2625 352.27125 45.7352941176 362.856 362.92275 -0.05 362.2625 352.27125 45.7352941176 362.856 362.92275 45.7352941176 -182.0675 -37.1415 46.0294117647 -207.6215 -37.143 46.0294117647 -207.61925 -79.1575 46.0294117647 -207.61925 -79.1575 -0.05 -207.6215 -37.143 -0.05 -182.0675 -37.1415 -0.05 -182.0675 -37.1415 46.0294117647 -207.61925 -79.1575 46.0294117647 -184.442 -79.156 46.0294117647 -184.442 -79.156 -0.05 -207.61925 -79.1575 -0.05 -182.0675 -37.1415 -0.05 -182.0675 -37.1415 46.0294117647 -184.442 -79.156 46.0294117647 -184.442 -80.93125 46.0294117647 -184.442 -80.93125 -0.05 -184.442 -79.156 -0.05 -182.0675 -37.1415 -0.05 -184.442 -80.93125 46.0294117647 -168.39625 -80.93025 46.0294117647 -168.3975 -61.4025 46.0294117647 -168.3975 -61.4025 -0.05 -168.39625 -80.93025 -0.05 -184.442 -80.93125 -0.05 -184.442 -80.93125 46.0294117647 -168.3975 -61.4025 46.0294117647 -182.066 -61.40325 46.0294117647 -182.066 -61.40325 -0.05 -168.3975 -61.4025 -0.05 -184.442 -80.93125 -0.05 -184.442 -80.93125 46.0294117647 -182.066 -61.40325 46.0294117647 -182.0675 -37.1415 46.0294117647 -182.0675 -37.1415 -0.05 -182.066 -61.40325 -0.05 -184.442 -80.93125 -0.05 -207.6215 -37.143 -0.05 -207.61925 -79.1575 -0.05 -207.61925 -79.1575 46.0294117647 -207.6215 -37.143 -0.05 -207.61925 -79.1575 46.0294117647 -207.6215 -37.143 46.0294117647 -207.61925 -79.1575 -0.05 -184.442 -79.156 -0.05 -184.442 -79.156 46.0294117647 -207.61925 -79.1575 -0.05 -184.442 -79.156 46.0294117647 -207.61925 -79.1575 46.0294117647 -184.442 -79.156 -0.05 -184.442 -80.93125 -0.05 -184.442 -80.93125 46.0294117647 -184.442 -79.156 -0.05 -184.442 -80.93125 46.0294117647 -184.442 -79.156 46.0294117647 -184.442 -80.93125 -0.05 -168.39625 -80.93025 -0.05 -168.39625 -80.93025 46.0294117647 -184.442 -80.93125 -0.05 -168.39625 -80.93025 46.0294117647 -184.442 -80.93125 46.0294117647 -168.39625 -80.93025 -0.05 -168.3975 -61.4025 -0.05 -168.3975 -61.4025 46.0294117647 -168.39625 -80.93025 -0.05 -168.3975 -61.4025 46.0294117647 -168.39625 -80.93025 46.0294117647 -168.3975 -61.4025 -0.05 -182.066 -61.40325 -0.05 -182.066 -61.40325 46.0294117647 -168.3975 -61.4025 -0.05 -182.066 -61.40325 46.0294117647 -168.3975 -61.4025 46.0294117647 -182.066 -61.40325 -0.05 -182.0675 -37.1415 -0.05 -182.0675 -37.1415 46.0294117647 -182.066 -61.40325 -0.05 -182.0675 -37.1415 46.0294117647 -182.066 -61.40325 46.0294117647 -182.0675 -37.1415 -0.05 -207.6215 -37.143 -0.05 -207.6215 -37.143 46.0294117647 -182.0675 -37.1415 -0.05 -207.6215 -37.143 46.0294117647 -182.0675 -37.1415 46.0294117647 364.0535 256.99925 44.7058823529 363.46025 245.75575 44.7058823529 364.64875 245.756 44.7058823529 364.64875 245.756 -0.05 363.46025 245.75575 -0.05 364.0535 256.99925 -0.05 364.64875 245.756 44.7058823529 364.0555 233.92075 44.7058823529 400.90075 233.33225 44.7058823529 400.90075 233.33225 -0.05 364.0555 233.92075 -0.05 364.64875 245.756 -0.05 364.0535 256.99925 44.7058823529 364.64875 245.756 44.7058823529 400.90075 233.33225 44.7058823529 400.90075 233.33225 -0.05 364.64875 245.756 -0.05 364.0535 256.99925 -0.05 364.0535 256.99925 44.7058823529 400.90075 233.33225 44.7058823529 400.89975 243.392 44.7058823529 400.89975 243.392 -0.05 400.90075 233.33225 -0.05 364.0535 256.99925 -0.05 364.0535 256.99925 44.7058823529 400.89975 243.392 44.7058823529 402.08825 243.39225 44.7058823529 402.08825 243.39225 -0.05 400.89975 243.392 -0.05 364.0535 256.99925 -0.05 402.08825 243.39225 44.7058823529 402.08725 257.0025 44.7058823529 364.0535 256.99925 44.7058823529 364.0535 256.99925 -0.05 402.08725 257.0025 -0.05 402.08825 243.39225 -0.05 363.46025 245.75575 -0.05 364.64875 245.756 -0.05 364.64875 245.756 44.7058823529 363.46025 245.75575 -0.05 364.64875 245.756 44.7058823529 363.46025 245.75575 44.7058823529 364.64875 245.756 -0.05 364.0555 233.92075 -0.05 364.0555 233.92075 44.7058823529 364.64875 245.756 -0.05 364.0555 233.92075 44.7058823529 364.64875 245.756 44.7058823529 364.0555 233.92075 -0.05 400.90075 233.33225 -0.05 400.90075 233.33225 44.7058823529 364.0555 233.92075 -0.05 400.90075 233.33225 44.7058823529 364.0555 233.92075 44.7058823529 400.90075 233.33225 -0.05 400.89975 243.392 -0.05 400.89975 243.392 44.7058823529 400.90075 233.33225 -0.05 400.89975 243.392 44.7058823529 400.90075 233.33225 44.7058823529 400.89975 243.392 -0.05 402.08825 243.39225 -0.05 402.08825 243.39225 44.7058823529 400.89975 243.392 -0.05 402.08825 243.39225 44.7058823529 400.89975 243.392 44.7058823529 402.08825 243.39225 -0.05 402.08725 257.0025 -0.05 402.08725 257.0025 44.7058823529 402.08825 243.39225 -0.05 402.08725 257.0025 44.7058823529 402.08825 243.39225 44.7058823529 402.08725 257.0025 -0.05 364.0535 256.99925 -0.05 364.0535 256.99925 44.7058823529 402.08725 257.0025 -0.05 364.0535 256.99925 44.7058823529 402.08725 257.0025 44.7058823529 364.0535 256.99925 -0.05 363.46025 245.75575 -0.05 363.46025 245.75575 44.7058823529 364.0535 256.99925 -0.05 363.46025 245.75575 44.7058823529 364.0535 256.99925 44.7058823529 136.4925 -358.44125 38.9705882353 135.90125 -399.27225 38.9705882353 181.662 -399.26875 38.9705882353 181.662 -399.26875 -0.05 135.90125 -399.27225 -0.05 136.4925 -358.44125 -0.05 181.662 -399.26875 38.9705882353 181.66025 -376.78225 38.9705882353 161.45425 -376.78375 38.9705882353 161.45425 -376.78375 -0.05 181.66025 -376.78225 -0.05 181.662 -399.26875 -0.05 161.45425 -376.78375 38.9705882353 161.454 -374.41675 38.9705882353 154.91675 -374.41725 38.9705882353 154.91675 -374.41725 -0.05 161.454 -374.41675 -0.05 161.45425 -376.78375 -0.05 181.662 -399.26875 38.9705882353 161.45425 -376.78375 38.9705882353 154.91675 -374.41725 38.9705882353 154.91675 -374.41725 -0.05 161.45425 -376.78375 -0.05 181.662 -399.26875 -0.05 136.4925 -358.44125 38.9705882353 181.662 -399.26875 38.9705882353 154.91675 -374.41725 38.9705882353 154.91675 -374.41725 -0.05 181.662 -399.26875 -0.05 136.4925 -358.44125 -0.05 154.91675 -374.41725 38.9705882353 154.9155 -358.44 38.9705882353 136.4925 -358.44125 38.9705882353 136.4925 -358.44125 -0.05 154.9155 -358.44 -0.05 154.91675 -374.41725 -0.05 135.90125 -399.27225 -0.05 181.662 -399.26875 -0.05 181.662 -399.26875 38.9705882353 135.90125 -399.27225 -0.05 181.662 -399.26875 38.9705882353 135.90125 -399.27225 38.9705882353 181.662 -399.26875 -0.05 181.66025 -376.78225 -0.05 181.66025 -376.78225 38.9705882353 181.662 -399.26875 -0.05 181.66025 -376.78225 38.9705882353 181.662 -399.26875 38.9705882353 181.66025 -376.78225 -0.05 161.45425 -376.78375 -0.05 161.45425 -376.78375 38.9705882353 181.66025 -376.78225 -0.05 161.45425 -376.78375 38.9705882353 181.66025 -376.78225 38.9705882353 161.45425 -376.78375 -0.05 161.454 -374.41675 -0.05 161.454 -374.41675 38.9705882353 161.45425 -376.78375 -0.05 161.454 -374.41675 38.9705882353 161.45425 -376.78375 38.9705882353 161.454 -374.41675 -0.05 154.91675 -374.41725 -0.05 154.91675 -374.41725 38.9705882353 161.454 -374.41675 -0.05 154.91675 -374.41725 38.9705882353 161.454 -374.41675 38.9705882353 154.91675 -374.41725 -0.05 154.9155 -358.44 -0.05 154.9155 -358.44 38.9705882353 154.91675 -374.41725 -0.05 154.9155 -358.44 38.9705882353 154.91675 -374.41725 38.9705882353 154.9155 -358.44 -0.05 136.4925 -358.44125 -0.05 136.4925 -358.44125 38.9705882353 154.9155 -358.44 -0.05 136.4925 -358.44125 38.9705882353 154.9155 -358.44 38.9705882353 136.4925 -358.44125 -0.05 135.90125 -399.27225 -0.05 135.90125 -399.27225 38.9705882353 136.4925 -358.44125 -0.05 135.90125 -399.27225 38.9705882353 136.4925 -358.44125 38.9705882353 142.38025 374.14825 32.9411764706 139.41075 348.111 32.9411764706 164.96475 345.154 32.9411764706 164.96475 345.154 -0.05 139.41075 348.111 -0.05 142.38025 374.14825 -0.05 164.96475 345.154 32.9411764706 164.37075 341.01175 32.9411764706 181.60475 338.646 32.9411764706 181.60475 338.646 -0.05 164.37075 341.01175 -0.05 164.96475 345.154 -0.05 142.38025 374.14825 32.9411764706 164.96475 345.154 32.9411764706 181.60475 338.646 32.9411764706 181.60475 338.646 -0.05 164.96475 345.154 -0.05 142.38025 374.14825 -0.05 181.60475 338.646 32.9411764706 186.94975 383.61975 32.9411764706 168.52725 385.98525 32.9411764706 168.52725 385.98525 -0.05 186.94975 383.61975 -0.05 181.60475 338.646 -0.05 181.60475 338.646 32.9411764706 168.52725 385.98525 32.9411764706 166.7455 371.19125 32.9411764706 166.7455 371.19125 -0.05 168.52725 385.98525 -0.05 181.60475 338.646 -0.05 181.60475 338.646 32.9411764706 166.7455 371.19125 32.9411764706 142.38025 374.14825 32.9411764706 142.38025 374.14825 -0.05 166.7455 371.19125 -0.05 181.60475 338.646 -0.05 139.41075 348.111 -0.05 164.96475 345.154 -0.05 164.96475 345.154 32.9411764706 139.41075 348.111 -0.05 164.96475 345.154 32.9411764706 139.41075 348.111 32.9411764706 164.96475 345.154 -0.05 164.37075 341.01175 -0.05 164.37075 341.01175 32.9411764706 164.96475 345.154 -0.05 164.37075 341.01175 32.9411764706 164.96475 345.154 32.9411764706 164.37075 341.01175 -0.05 181.60475 338.646 -0.05 181.60475 338.646 32.9411764706 164.37075 341.01175 -0.05 181.60475 338.646 32.9411764706 164.37075 341.01175 32.9411764706 181.60475 338.646 -0.05 186.94975 383.61975 -0.05 186.94975 383.61975 32.9411764706 181.60475 338.646 -0.05 186.94975 383.61975 32.9411764706 181.60475 338.646 32.9411764706 186.94975 383.61975 -0.05 168.52725 385.98525 -0.05 168.52725 385.98525 32.9411764706 186.94975 383.61975 -0.05 168.52725 385.98525 32.9411764706 186.94975 383.61975 32.9411764706 168.52725 385.98525 -0.05 166.7455 371.19125 -0.05 166.7455 371.19125 32.9411764706 168.52725 385.98525 -0.05 166.7455 371.19125 32.9411764706 168.52725 385.98525 32.9411764706 166.7455 371.19125 -0.05 142.38025 374.14825 -0.05 142.38025 374.14825 32.9411764706 166.7455 371.19125 -0.05 142.38025 374.14825 32.9411764706 166.7455 371.19125 32.9411764706 142.38025 374.14825 -0.05 139.41075 348.111 -0.05 139.41075 348.111 32.9411764706 142.38025 374.14825 -0.05 139.41075 348.111 32.9411764706 142.38025 374.14825 32.9411764706 64.59775 -563.19275 21.9117647059 64.00525 -586.271 21.9117647059 109.76625 -586.26775 21.9117647059 109.76625 -586.26775 -0.05 64.00525 -586.271 -0.05 64.59775 -563.19275 -0.05 109.76625 -586.26775 21.9117647059 110.3575 -544.845 21.9117647059 91.34 -544.8465 21.9117647059 91.34 -544.8465 -0.05 110.3575 -544.845 -0.05 109.76625 -586.26775 -0.05 109.76625 -586.26775 21.9117647059 91.34 -544.8465 21.9117647059 90.74675 -559.64025 21.9117647059 90.74675 -559.64025 -0.05 91.34 -544.8465 -0.05 109.76625 -586.26775 -0.05 109.76625 -586.26775 21.9117647059 90.74675 -559.64025 21.9117647059 84.80375 -559.64075 21.9117647059 84.80375 -559.64075 -0.05 90.74675 -559.64025 -0.05 109.76625 -586.26775 -0.05 109.76625 -586.26775 21.9117647059 84.80375 -559.64075 21.9117647059 84.804 -563.19125 21.9117647059 84.804 -563.19125 -0.05 84.80375 -559.64075 -0.05 109.76625 -586.26775 -0.05 109.76625 -586.26775 21.9117647059 84.804 -563.19125 21.9117647059 64.59775 -563.19275 21.9117647059 64.59775 -563.19275 -0.05 84.804 -563.19125 -0.05 109.76625 -586.26775 -0.05 64.00525 -586.271 -0.05 109.76625 -586.26775 -0.05 109.76625 -586.26775 21.9117647059 64.00525 -586.271 -0.05 109.76625 -586.26775 21.9117647059 64.00525 -586.271 21.9117647059 109.76625 -586.26775 -0.05 110.3575 -544.845 -0.05 110.3575 -544.845 21.9117647059 109.76625 -586.26775 -0.05 110.3575 -544.845 21.9117647059 109.76625 -586.26775 21.9117647059 110.3575 -544.845 -0.05 91.34 -544.8465 -0.05 91.34 -544.8465 21.9117647059 110.3575 -544.845 -0.05 91.34 -544.8465 21.9117647059 110.3575 -544.845 21.9117647059 91.34 -544.8465 -0.05 90.74675 -559.64025 -0.05 90.74675 -559.64025 21.9117647059 91.34 -544.8465 -0.05 90.74675 -559.64025 21.9117647059 91.34 -544.8465 21.9117647059 90.74675 -559.64025 -0.05 84.80375 -559.64075 -0.05 84.80375 -559.64075 21.9117647059 90.74675 -559.64025 -0.05 84.80375 -559.64075 21.9117647059 90.74675 -559.64025 21.9117647059 84.80375 -559.64075 -0.05 84.804 -563.19125 -0.05 84.804 -563.19125 21.9117647059 84.80375 -559.64075 -0.05 84.804 -563.19125 21.9117647059 84.80375 -559.64075 21.9117647059 84.804 -563.19125 -0.05 64.59775 -563.19275 -0.05 64.59775 -563.19275 21.9117647059 84.804 -563.19125 -0.05 64.59775 -563.19275 21.9117647059 84.804 -563.19125 21.9117647059 64.59775 -563.19275 -0.05 64.00525 -586.271 -0.05 64.00525 -586.271 21.9117647059 64.59775 -563.19275 -0.05 64.00525 -586.271 21.9117647059 64.59775 -563.19275 21.9117647059 -158.26375 -568.53325 33.6764705882 -159.451 -589.24475 33.6764705882 -117.2555 -592.20075 33.6764705882 -117.2555 -592.20075 -0.05 -159.451 -589.24475 -0.05 -158.26375 -568.53325 -0.05 -117.2555 -592.20075 33.6764705882 -114.2865 -553.145 33.6764705882 -132.1155 -551.9625 33.6764705882 -132.1155 -551.9625 -0.05 -114.2865 -553.145 -0.05 -117.2555 -592.20075 -0.05 -117.2555 -592.20075 33.6764705882 -132.1155 -551.9625 33.6764705882 -133.30325 -567.94 33.6764705882 -133.30325 -567.94 -0.05 -132.1155 -551.9625 -0.05 -117.2555 -592.20075 -0.05 -117.2555 -592.20075 33.6764705882 -133.30325 -567.94 33.6764705882 -139.24625 -567.3485 33.6764705882 -139.24625 -567.3485 -0.05 -133.30325 -567.94 -0.05 -117.2555 -592.20075 -0.05 -117.2555 -592.20075 33.6764705882 -139.24625 -567.3485 33.6764705882 -139.246 -569.7155 33.6764705882 -139.246 -569.7155 -0.05 -139.24625 -567.3485 -0.05 -117.2555 -592.20075 -0.05 -117.2555 -592.20075 33.6764705882 -139.246 -569.7155 33.6764705882 -158.26375 -568.53325 33.6764705882 -158.26375 -568.53325 -0.05 -139.246 -569.7155 -0.05 -117.2555 -592.20075 -0.05 -159.451 -589.24475 -0.05 -117.2555 -592.20075 -0.05 -117.2555 -592.20075 33.6764705882 -159.451 -589.24475 -0.05 -117.2555 -592.20075 33.6764705882 -159.451 -589.24475 33.6764705882 -117.2555 -592.20075 -0.05 -114.2865 -553.145 -0.05 -114.2865 -553.145 33.6764705882 -117.2555 -592.20075 -0.05 -114.2865 -553.145 33.6764705882 -117.2555 -592.20075 33.6764705882 -114.2865 -553.145 -0.05 -132.1155 -551.9625 -0.05 -132.1155 -551.9625 33.6764705882 -114.2865 -553.145 -0.05 -132.1155 -551.9625 33.6764705882 -114.2865 -553.145 33.6764705882 -132.1155 -551.9625 -0.05 -133.30325 -567.94 -0.05 -133.30325 -567.94 33.6764705882 -132.1155 -551.9625 -0.05 -133.30325 -567.94 33.6764705882 -132.1155 -551.9625 33.6764705882 -133.30325 -567.94 -0.05 -139.24625 -567.3485 -0.05 -139.24625 -567.3485 33.6764705882 -133.30325 -567.94 -0.05 -139.24625 -567.3485 33.6764705882 -133.30325 -567.94 33.6764705882 -139.24625 -567.3485 -0.05 -139.246 -569.7155 -0.05 -139.246 -569.7155 33.6764705882 -139.24625 -567.3485 -0.05 -139.246 -569.7155 33.6764705882 -139.24625 -567.3485 33.6764705882 -139.246 -569.7155 -0.05 -158.26375 -568.53325 -0.05 -158.26375 -568.53325 33.6764705882 -139.246 -569.7155 -0.05 -158.26375 -568.53325 33.6764705882 -139.246 -569.7155 33.6764705882 -158.26375 -568.53325 -0.05 -159.451 -589.24475 -0.05 -159.451 -589.24475 33.6764705882 -158.26375 -568.53325 -0.05 -159.451 -589.24475 33.6764705882 -158.26375 -568.53325 33.6764705882 -498.83325 249.25 42.7941176471 -536.272 235.04625 42.7941176471 -529.73425 217.88575 42.7941176471 -529.73425 217.88575 -0.05 -536.272 235.04625 -0.05 -498.83325 249.25 -0.05 -498.83325 249.25 42.7941176471 -529.73425 217.88575 42.7941176471 -515.47175 223.212 42.7941176471 -515.47175 223.212 -0.05 -529.73425 217.88575 -0.05 -498.83325 249.25 -0.05 -498.83325 249.25 42.7941176471 -515.47175 223.212 42.7941176471 -512.5 215.5195 42.7941176471 -512.5 215.5195 -0.05 -515.47175 223.212 -0.05 -498.83325 249.25 -0.05 -498.83325 249.25 42.7941176471 -512.5 215.5195 42.7941176471 -510.71725 216.703 42.7941176471 -510.71725 216.703 -0.05 -512.5 215.5195 -0.05 -498.83325 249.25 -0.05 -498.83325 249.25 42.7941176471 -510.71725 216.703 42.7941176471 -503.58525 198.359 42.7941176471 -503.58525 198.359 -0.05 -510.71725 216.703 -0.05 -498.83325 249.25 -0.05 -503.58525 198.359 42.7941176471 -482.786 206.6445 42.7941176471 -498.83325 249.25 42.7941176471 -498.83325 249.25 -0.05 -482.786 206.6445 -0.05 -503.58525 198.359 -0.05 -536.272 235.04625 -0.05 -529.73425 217.88575 -0.05 -529.73425 217.88575 42.7941176471 -536.272 235.04625 -0.05 -529.73425 217.88575 42.7941176471 -536.272 235.04625 42.7941176471 -529.73425 217.88575 -0.05 -515.47175 223.212 -0.05 -515.47175 223.212 42.7941176471 -529.73425 217.88575 -0.05 -515.47175 223.212 42.7941176471 -529.73425 217.88575 42.7941176471 -515.47175 223.212 -0.05 -512.5 215.5195 -0.05 -512.5 215.5195 42.7941176471 -515.47175 223.212 -0.05 -512.5 215.5195 42.7941176471 -515.47175 223.212 42.7941176471 -512.5 215.5195 -0.05 -510.71725 216.703 -0.05 -510.71725 216.703 42.7941176471 -512.5 215.5195 -0.05 -510.71725 216.703 42.7941176471 -512.5 215.5195 42.7941176471 -510.71725 216.703 -0.05 -503.58525 198.359 -0.05 -503.58525 198.359 42.7941176471 -510.71725 216.703 -0.05 -503.58525 198.359 42.7941176471 -510.71725 216.703 42.7941176471 -503.58525 198.359 -0.05 -482.786 206.6445 -0.05 -482.786 206.6445 42.7941176471 -503.58525 198.359 -0.05 -482.786 206.6445 42.7941176471 -503.58525 198.359 42.7941176471 -482.786 206.6445 -0.05 -498.83325 249.25 -0.05 -498.83325 249.25 42.7941176471 -482.786 206.6445 -0.05 -498.83325 249.25 42.7941176471 -482.786 206.6445 42.7941176471 -498.83325 249.25 -0.05 -536.272 235.04625 -0.05 -536.272 235.04625 42.7941176471 -498.83325 249.25 -0.05 -536.272 235.04625 42.7941176471 -498.83325 249.25 42.7941176471 326.60375 382.4475 37.9411764706 300.45575 383.037 37.9411764706 300.45975 333.32975 37.9411764706 300.45975 333.32975 -0.05 300.45575 383.037 -0.05 326.60375 382.4475 -0.05 300.45975 333.32975 37.9411764706 324.825 333.332 37.9411764706 324.82475 336.8825 37.9411764706 324.82475 336.8825 -0.05 324.825 333.332 -0.05 300.45975 333.32975 -0.05 326.60375 382.4475 37.9411764706 300.45975 333.32975 37.9411764706 324.82475 336.8825 37.9411764706 324.82475 336.8825 -0.05 300.45975 333.32975 -0.05 326.60375 382.4475 -0.05 324.82475 336.8825 37.9411764706 344.43575 336.884 37.9411764706 344.434 356.412 37.9411764706 344.434 356.412 -0.05 344.43575 336.884 -0.05 324.82475 336.8825 -0.05 324.82475 336.8825 37.9411764706 344.434 356.412 37.9411764706 326.606 356.41025 37.9411764706 326.606 356.41025 -0.05 344.434 356.412 -0.05 324.82475 336.8825 -0.05 324.82475 336.8825 37.9411764706 326.606 356.41025 37.9411764706 326.60375 382.4475 37.9411764706 326.60375 382.4475 -0.05 326.606 356.41025 -0.05 324.82475 336.8825 -0.05 300.45575 383.037 -0.05 300.45975 333.32975 -0.05 300.45975 333.32975 37.9411764706 300.45575 383.037 -0.05 300.45975 333.32975 37.9411764706 300.45575 383.037 37.9411764706 300.45975 333.32975 -0.05 324.825 333.332 -0.05 324.825 333.332 37.9411764706 300.45975 333.32975 -0.05 324.825 333.332 37.9411764706 300.45975 333.32975 37.9411764706 324.825 333.332 -0.05 324.82475 336.8825 -0.05 324.82475 336.8825 37.9411764706 324.825 333.332 -0.05 324.82475 336.8825 37.9411764706 324.825 333.332 37.9411764706 324.82475 336.8825 -0.05 344.43575 336.884 -0.05 344.43575 336.884 37.9411764706 324.82475 336.8825 -0.05 344.43575 336.884 37.9411764706 324.82475 336.8825 37.9411764706 344.43575 336.884 -0.05 344.434 356.412 -0.05 344.434 356.412 37.9411764706 344.43575 336.884 -0.05 344.434 356.412 37.9411764706 344.43575 336.884 37.9411764706 344.434 356.412 -0.05 326.606 356.41025 -0.05 326.606 356.41025 37.9411764706 344.434 356.412 -0.05 326.606 356.41025 37.9411764706 344.434 356.412 37.9411764706 326.606 356.41025 -0.05 326.60375 382.4475 -0.05 326.60375 382.4475 37.9411764706 326.606 356.41025 -0.05 326.60375 382.4475 37.9411764706 326.606 356.41025 37.9411764706 326.60375 382.4475 -0.05 300.45575 383.037 -0.05 300.45575 383.037 37.9411764706 326.60375 382.4475 -0.05 300.45575 383.037 37.9411764706 326.60375 382.4475 37.9411764706 -106.633 586.57 48.9705882353 -114.35725 564.083 48.9705882353 -87.02025 554.6165 48.9705882353 -87.02025 554.6165 -0.05 -114.35725 564.083 -0.05 -106.633 586.57 -0.05 -87.02025 554.6165 48.9705882353 -92.36775 539.23075 48.9705882353 -75.72775 533.31425 48.9705882353 -75.72775 533.31425 -0.05 -92.36775 539.23075 -0.05 -87.02025 554.6165 -0.05 -87.02025 554.6165 48.9705882353 -75.72775 533.31425 48.9705882353 -57.309 584.798 48.9705882353 -57.309 584.798 -0.05 -75.72775 533.31425 -0.05 -87.02025 554.6165 -0.05 -87.02025 554.6165 48.9705882353 -57.309 584.798 48.9705882353 -76.32575 591.306 48.9705882353 -76.32575 591.306 -0.05 -57.309 584.798 -0.05 -87.02025 554.6165 -0.05 -87.02025 554.6165 48.9705882353 -76.32575 591.306 48.9705882353 -81.079 577.69525 48.9705882353 -81.079 577.69525 -0.05 -76.32575 591.306 -0.05 -87.02025 554.6165 -0.05 -87.02025 554.6165 48.9705882353 -81.079 577.69525 48.9705882353 -106.633 586.57 48.9705882353 -106.633 586.57 -0.05 -81.079 577.69525 -0.05 -87.02025 554.6165 -0.05 -114.35725 564.083 -0.05 -87.02025 554.6165 -0.05 -87.02025 554.6165 48.9705882353 -114.35725 564.083 -0.05 -87.02025 554.6165 48.9705882353 -114.35725 564.083 48.9705882353 -87.02025 554.6165 -0.05 -92.36775 539.23075 -0.05 -92.36775 539.23075 48.9705882353 -87.02025 554.6165 -0.05 -92.36775 539.23075 48.9705882353 -87.02025 554.6165 48.9705882353 -92.36775 539.23075 -0.05 -75.72775 533.31425 -0.05 -75.72775 533.31425 48.9705882353 -92.36775 539.23075 -0.05 -75.72775 533.31425 48.9705882353 -92.36775 539.23075 48.9705882353 -75.72775 533.31425 -0.05 -57.309 584.798 -0.05 -57.309 584.798 48.9705882353 -75.72775 533.31425 -0.05 -57.309 584.798 48.9705882353 -75.72775 533.31425 48.9705882353 -57.309 584.798 -0.05 -76.32575 591.306 -0.05 -76.32575 591.306 48.9705882353 -57.309 584.798 -0.05 -76.32575 591.306 48.9705882353 -57.309 584.798 48.9705882353 -76.32575 591.306 -0.05 -81.079 577.69525 -0.05 -81.079 577.69525 48.9705882353 -76.32575 591.306 -0.05 -81.079 577.69525 48.9705882353 -76.32575 591.306 48.9705882353 -81.079 577.69525 -0.05 -106.633 586.57 -0.05 -106.633 586.57 48.9705882353 -81.079 577.69525 -0.05 -106.633 586.57 48.9705882353 -81.079 577.69525 48.9705882353 -106.633 586.57 -0.05 -114.35725 564.083 -0.05 -114.35725 564.083 48.9705882353 -106.633 586.57 -0.05 -114.35725 564.083 48.9705882353 -106.633 586.57 48.9705882353 377.10075 566.48675 48.0882352941 344.41625 565.89225 48.0882352941 345.01725 486.5975 48.0882352941 345.01725 486.5975 -0.05 344.41625 565.89225 -0.05 377.10075 566.48675 -0.05 345.01725 486.5975 48.0882352941 377.702 487.192 48.0882352941 377.70025 506.128 48.0882352941 377.70025 506.128 -0.05 377.702 487.192 -0.05 345.01725 486.5975 -0.05 377.70025 506.128 48.0882352941 379.483 506.12825 48.0882352941 379.47975 545.7755 48.0882352941 379.47975 545.7755 -0.05 379.483 506.12825 -0.05 377.70025 506.128 -0.05 345.01725 486.5975 48.0882352941 377.70025 506.128 48.0882352941 379.47975 545.7755 48.0882352941 379.47975 545.7755 -0.05 377.70025 506.128 -0.05 345.01725 486.5975 -0.05 345.01725 486.5975 48.0882352941 379.47975 545.7755 48.0882352941 377.1025 545.7755 48.0882352941 377.1025 545.7755 -0.05 379.47975 545.7755 -0.05 345.01725 486.5975 -0.05 345.01725 486.5975 48.0882352941 377.1025 545.7755 48.0882352941 377.10075 566.48675 48.0882352941 377.10075 566.48675 -0.05 377.1025 545.7755 -0.05 345.01725 486.5975 -0.05 344.41625 565.89225 -0.05 345.01725 486.5975 -0.05 345.01725 486.5975 48.0882352941 344.41625 565.89225 -0.05 345.01725 486.5975 48.0882352941 344.41625 565.89225 48.0882352941 345.01725 486.5975 -0.05 377.702 487.192 -0.05 377.702 487.192 48.0882352941 345.01725 486.5975 -0.05 377.702 487.192 48.0882352941 345.01725 486.5975 48.0882352941 377.702 487.192 -0.05 377.70025 506.128 -0.05 377.70025 506.128 48.0882352941 377.702 487.192 -0.05 377.70025 506.128 48.0882352941 377.702 487.192 48.0882352941 377.70025 506.128 -0.05 379.483 506.12825 -0.05 379.483 506.12825 48.0882352941 377.70025 506.128 -0.05 379.483 506.12825 48.0882352941 377.70025 506.128 48.0882352941 379.483 506.12825 -0.05 379.47975 545.7755 -0.05 379.47975 545.7755 48.0882352941 379.483 506.12825 -0.05 379.47975 545.7755 48.0882352941 379.483 506.12825 48.0882352941 379.47975 545.7755 -0.05 377.1025 545.7755 -0.05 377.1025 545.7755 48.0882352941 379.47975 545.7755 -0.05 377.1025 545.7755 48.0882352941 379.47975 545.7755 48.0882352941 377.1025 545.7755 -0.05 377.10075 566.48675 -0.05 377.10075 566.48675 48.0882352941 377.1025 545.7755 -0.05 377.10075 566.48675 48.0882352941 377.1025 545.7755 48.0882352941 377.10075 566.48675 -0.05 344.41625 565.89225 -0.05 344.41625 565.89225 48.0882352941 377.10075 566.48675 -0.05 344.41625 565.89225 48.0882352941 377.10075 566.48675 48.0882352941 194.08125 381.845 29.7058823529 192.89575 342.78925 29.7058823529 239.84325 341.6095 29.7058823529 239.84325 341.6095 -0.05 192.89575 342.78925 -0.05 194.08125 381.845 -0.05 239.84325 341.6095 29.7058823529 240.43575 364.68775 29.7058823529 219.042 365.27775 29.7058823529 219.042 365.27775 -0.05 240.43575 364.68775 -0.05 239.84325 341.6095 -0.05 219.042 365.27775 29.7058823529 219.04175 367.64475 29.7058823529 213.099 367.6445 29.7058823529 213.099 367.6445 -0.05 219.04175 367.64475 -0.05 219.042 365.27775 -0.05 239.84325 341.6095 29.7058823529 219.042 365.27775 29.7058823529 213.099 367.6445 29.7058823529 213.099 367.6445 -0.05 219.042 365.27775 -0.05 239.84325 341.6095 -0.05 194.08125 381.845 29.7058823529 239.84325 341.6095 29.7058823529 213.099 367.6445 29.7058823529 213.099 367.6445 -0.05 239.84325 341.6095 -0.05 194.08125 381.845 -0.05 213.099 367.6445 29.7058823529 213.69225 381.25475 29.7058823529 194.08125 381.845 29.7058823529 194.08125 381.845 -0.05 213.69225 381.25475 -0.05 213.099 367.6445 -0.05 192.89575 342.78925 -0.05 239.84325 341.6095 -0.05 239.84325 341.6095 29.7058823529 192.89575 342.78925 -0.05 239.84325 341.6095 29.7058823529 192.89575 342.78925 29.7058823529 239.84325 341.6095 -0.05 240.43575 364.68775 -0.05 240.43575 364.68775 29.7058823529 239.84325 341.6095 -0.05 240.43575 364.68775 29.7058823529 239.84325 341.6095 29.7058823529 240.43575 364.68775 -0.05 219.042 365.27775 -0.05 219.042 365.27775 29.7058823529 240.43575 364.68775 -0.05 219.042 365.27775 29.7058823529 240.43575 364.68775 29.7058823529 219.042 365.27775 -0.05 219.04175 367.64475 -0.05 219.04175 367.64475 29.7058823529 219.042 365.27775 -0.05 219.04175 367.64475 29.7058823529 219.042 365.27775 29.7058823529 219.04175 367.64475 -0.05 213.099 367.6445 -0.05 213.099 367.6445 29.7058823529 219.04175 367.64475 -0.05 213.099 367.6445 29.7058823529 219.04175 367.64475 29.7058823529 213.099 367.6445 -0.05 213.69225 381.25475 -0.05 213.69225 381.25475 29.7058823529 213.099 367.6445 -0.05 213.69225 381.25475 29.7058823529 213.099 367.6445 29.7058823529 213.69225 381.25475 -0.05 194.08125 381.845 -0.05 194.08125 381.845 29.7058823529 213.69225 381.25475 -0.05 194.08125 381.845 29.7058823529 213.69225 381.25475 29.7058823529 194.08125 381.845 -0.05 192.89575 342.78925 -0.05 192.89575 342.78925 29.7058823529 194.08125 381.845 -0.05 192.89575 342.78925 29.7058823529 194.08125 381.845 29.7058823529 -177.92275 219.0875 40.8823529412 -186.83425 174.7055 40.8823529412 -147.01725 167.015 40.8823529412 -147.01725 167.015 -0.05 -186.83425 174.7055 -0.05 -177.92275 219.0875 -0.05 -147.01725 167.015 40.8823529412 -143.45275 184.768 40.8823529412 -158.30975 187.72575 40.8823529412 -158.30975 187.72575 -0.05 -143.45275 184.768 -0.05 -147.01725 167.015 -0.05 -177.92275 219.0875 40.8823529412 -147.01725 167.015 40.8823529412 -158.30975 187.72575 40.8823529412 -158.30975 187.72575 -0.05 -147.01725 167.015 -0.05 -177.92275 219.0875 -0.05 -158.30975 187.72575 40.8823529412 -157.12175 194.235 40.8823529412 -159.49875 194.82675 40.8823529412 -159.49875 194.82675 -0.05 -157.12175 194.235 -0.05 -158.30975 187.72575 -0.05 -177.92275 219.0875 40.8823529412 -158.30975 187.72575 40.8823529412 -159.49875 194.82675 40.8823529412 -159.49875 194.82675 -0.05 -158.30975 187.72575 -0.05 -177.92275 219.0875 -0.05 -159.49875 194.82675 40.8823529412 -155.34 214.35475 40.8823529412 -177.92275 219.0875 40.8823529412 -177.92275 219.0875 -0.05 -155.34 214.35475 -0.05 -159.49875 194.82675 -0.05 -186.83425 174.7055 -0.05 -147.01725 167.015 -0.05 -147.01725 167.015 40.8823529412 -186.83425 174.7055 -0.05 -147.01725 167.015 40.8823529412 -186.83425 174.7055 40.8823529412 -147.01725 167.015 -0.05 -143.45275 184.768 -0.05 -143.45275 184.768 40.8823529412 -147.01725 167.015 -0.05 -143.45275 184.768 40.8823529412 -147.01725 167.015 40.8823529412 -143.45275 184.768 -0.05 -158.30975 187.72575 -0.05 -158.30975 187.72575 40.8823529412 -143.45275 184.768 -0.05 -158.30975 187.72575 40.8823529412 -143.45275 184.768 40.8823529412 -158.30975 187.72575 -0.05 -157.12175 194.235 -0.05 -157.12175 194.235 40.8823529412 -158.30975 187.72575 -0.05 -157.12175 194.235 40.8823529412 -158.30975 187.72575 40.8823529412 -157.12175 194.235 -0.05 -159.49875 194.82675 -0.05 -159.49875 194.82675 40.8823529412 -157.12175 194.235 -0.05 -159.49875 194.82675 40.8823529412 -157.12175 194.235 40.8823529412 -159.49875 194.82675 -0.05 -155.34 214.35475 -0.05 -155.34 214.35475 40.8823529412 -159.49875 194.82675 -0.05 -155.34 214.35475 40.8823529412 -159.49875 194.82675 40.8823529412 -155.34 214.35475 -0.05 -177.92275 219.0875 -0.05 -177.92275 219.0875 40.8823529412 -155.34 214.35475 -0.05 -177.92275 219.0875 40.8823529412 -155.34 214.35475 40.8823529412 -177.92275 219.0875 -0.05 -186.83425 174.7055 -0.05 -186.83425 174.7055 40.8823529412 -177.92275 219.0875 -0.05 -186.83425 174.7055 40.8823529412 -177.92275 219.0875 40.8823529412 -374.628 216.11775 47.3529411765 -376.41025 201.32375 47.3529411765 -359.176 198.95775 47.3529411765 -359.176 198.95775 -0.05 -376.41025 201.32375 -0.05 -374.628 216.11775 -0.05 -374.628 216.11775 47.3529411765 -359.176 198.95775 47.3529411765 -356.79975 214.3435 47.3529411765 -356.79975 214.3435 -0.05 -359.176 198.95775 -0.05 -374.628 216.11775 -0.05 -356.79975 214.3435 47.3529411765 -330.65125 210.79425 47.3529411765 -327.087 236.23975 47.3529411765 -327.087 236.23975 -0.05 -330.65125 210.79425 -0.05 -356.79975 214.3435 -0.05 -374.628 216.11775 47.3529411765 -356.79975 214.3435 47.3529411765 -327.087 236.23975 47.3529411765 -327.087 236.23975 -0.05 -356.79975 214.3435 -0.05 -374.628 216.11775 -0.05 -374.628 216.11775 47.3529411765 -327.087 236.23975 47.3529411765 -371.658 242.155 47.3529411765 -371.658 242.155 -0.05 -327.087 236.23975 -0.05 -374.628 216.11775 -0.05 -371.658 242.155 47.3529411765 -375.22225 216.11775 47.3529411765 -374.628 216.11775 47.3529411765 -374.628 216.11775 -0.05 -375.22225 216.11775 -0.05 -371.658 242.155 -0.05 -376.41025 201.32375 -0.05 -359.176 198.95775 -0.05 -359.176 198.95775 47.3529411765 -376.41025 201.32375 -0.05 -359.176 198.95775 47.3529411765 -376.41025 201.32375 47.3529411765 -359.176 198.95775 -0.05 -356.79975 214.3435 -0.05 -356.79975 214.3435 47.3529411765 -359.176 198.95775 -0.05 -356.79975 214.3435 47.3529411765 -359.176 198.95775 47.3529411765 -356.79975 214.3435 -0.05 -330.65125 210.79425 -0.05 -330.65125 210.79425 47.3529411765 -356.79975 214.3435 -0.05 -330.65125 210.79425 47.3529411765 -356.79975 214.3435 47.3529411765 -330.65125 210.79425 -0.05 -327.087 236.23975 -0.05 -327.087 236.23975 47.3529411765 -330.65125 210.79425 -0.05 -327.087 236.23975 47.3529411765 -330.65125 210.79425 47.3529411765 -327.087 236.23975 -0.05 -371.658 242.155 -0.05 -371.658 242.155 47.3529411765 -327.087 236.23975 -0.05 -371.658 242.155 47.3529411765 -327.087 236.23975 47.3529411765 -371.658 242.155 -0.05 -375.22225 216.11775 -0.05 -375.22225 216.11775 47.3529411765 -371.658 242.155 -0.05 -375.22225 216.11775 47.3529411765 -371.658 242.155 47.3529411765 -375.22225 216.11775 -0.05 -374.628 216.11775 -0.05 -374.628 216.11775 47.3529411765 -375.22225 216.11775 -0.05 -374.628 216.11775 47.3529411765 -375.22225 216.11775 47.3529411765 -374.628 216.11775 -0.05 -376.41025 201.32375 -0.05 -376.41025 201.32375 47.3529411765 -374.628 216.11775 -0.05 -376.41025 201.32375 47.3529411765 -374.628 216.11775 47.3529411765 -67.38675 206.6675 22.2058823529 -71.54525 184.18075 22.2058823529 -26.97375 175.3075 22.2058823529 -26.97375 175.3075 -0.05 -71.54525 184.18075 -0.05 -67.38675 206.6675 -0.05 -26.97375 175.3075 22.2058823529 -18.65675 215.547 22.2058823529 -36.48525 219.0965 22.2058823529 -36.48525 219.0965 -0.05 -18.65675 215.547 -0.05 -26.97375 175.3075 -0.05 -26.97375 175.3075 22.2058823529 -36.48525 219.0965 22.2058823529 -40.04975 203.7105 22.2058823529 -40.04975 203.7105 -0.05 -36.48525 219.0965 -0.05 -26.97375 175.3075 -0.05 -26.97375 175.3075 22.2058823529 -40.04975 203.7105 22.2058823529 -48.36975 205.48525 22.2058823529 -48.36975 205.48525 -0.05 -40.04975 203.7105 -0.05 -26.97375 175.3075 -0.05 -26.97375 175.3075 22.2058823529 -48.36975 205.48525 22.2058823529 -48.964 203.11825 22.2058823529 -48.964 203.11825 -0.05 -48.36975 205.48525 -0.05 -26.97375 175.3075 -0.05 -26.97375 175.3075 22.2058823529 -48.964 203.11825 22.2058823529 -67.38675 206.6675 22.2058823529 -67.38675 206.6675 -0.05 -48.964 203.11825 -0.05 -26.97375 175.3075 -0.05 -71.54525 184.18075 -0.05 -26.97375 175.3075 -0.05 -26.97375 175.3075 22.2058823529 -71.54525 184.18075 -0.05 -26.97375 175.3075 22.2058823529 -71.54525 184.18075 22.2058823529 -26.97375 175.3075 -0.05 -18.65675 215.547 -0.05 -18.65675 215.547 22.2058823529 -26.97375 175.3075 -0.05 -18.65675 215.547 22.2058823529 -26.97375 175.3075 22.2058823529 -18.65675 215.547 -0.05 -36.48525 219.0965 -0.05 -36.48525 219.0965 22.2058823529 -18.65675 215.547 -0.05 -36.48525 219.0965 22.2058823529 -18.65675 215.547 22.2058823529 -36.48525 219.0965 -0.05 -40.04975 203.7105 -0.05 -40.04975 203.7105 22.2058823529 -36.48525 219.0965 -0.05 -40.04975 203.7105 22.2058823529 -36.48525 219.0965 22.2058823529 -40.04975 203.7105 -0.05 -48.36975 205.48525 -0.05 -48.36975 205.48525 22.2058823529 -40.04975 203.7105 -0.05 -48.36975 205.48525 22.2058823529 -40.04975 203.7105 22.2058823529 -48.36975 205.48525 -0.05 -48.964 203.11825 -0.05 -48.964 203.11825 22.2058823529 -48.36975 205.48525 -0.05 -48.964 203.11825 22.2058823529 -48.36975 205.48525 22.2058823529 -48.964 203.11825 -0.05 -67.38675 206.6675 -0.05 -67.38675 206.6675 22.2058823529 -48.964 203.11825 -0.05 -67.38675 206.6675 22.2058823529 -48.964 203.11825 22.2058823529 -67.38675 206.6675 -0.05 -71.54525 184.18075 -0.05 -71.54525 184.18075 22.2058823529 -67.38675 206.6675 -0.05 -71.54525 184.18075 22.2058823529 -67.38675 206.6675 22.2058823529 238.1165 -358.4335 28.6764705882 237.52525 -396.89725 28.6764705882 281.503 -397.4855 28.6764705882 281.503 -397.4855 -0.05 237.52525 -396.89725 -0.05 238.1165 -358.4335 -0.05 281.503 -397.4855 28.6764705882 281.50125 -374.999 28.6764705882 263.6725 -375.0005 28.6764705882 263.6725 -375.0005 -0.05 281.50125 -374.999 -0.05 281.503 -397.4855 -0.05 263.6725 -375.0005 28.6764705882 263.67225 -372.0415 28.6764705882 257.135 -372.04225 28.6764705882 257.135 -372.04225 -0.05 263.67225 -372.0415 -0.05 263.6725 -375.0005 -0.05 281.503 -397.4855 28.6764705882 263.6725 -375.0005 28.6764705882 257.135 -372.04225 28.6764705882 257.135 -372.04225 -0.05 263.6725 -375.0005 -0.05 281.503 -397.4855 -0.05 238.1165 -358.4335 28.6764705882 281.503 -397.4855 28.6764705882 257.135 -372.04225 28.6764705882 257.135 -372.04225 -0.05 281.503 -397.4855 -0.05 238.1165 -358.4335 -0.05 257.135 -372.04225 28.6764705882 257.72825 -358.43175 28.6764705882 238.1165 -358.4335 28.6764705882 238.1165 -358.4335 -0.05 257.72825 -358.43175 -0.05 257.135 -372.04225 -0.05 237.52525 -396.89725 -0.05 281.503 -397.4855 -0.05 281.503 -397.4855 28.6764705882 237.52525 -396.89725 -0.05 281.503 -397.4855 28.6764705882 237.52525 -396.89725 28.6764705882 281.503 -397.4855 -0.05 281.50125 -374.999 -0.05 281.50125 -374.999 28.6764705882 281.503 -397.4855 -0.05 281.50125 -374.999 28.6764705882 281.503 -397.4855 28.6764705882 281.50125 -374.999 -0.05 263.6725 -375.0005 -0.05 263.6725 -375.0005 28.6764705882 281.50125 -374.999 -0.05 263.6725 -375.0005 28.6764705882 281.50125 -374.999 28.6764705882 263.6725 -375.0005 -0.05 263.67225 -372.0415 -0.05 263.67225 -372.0415 28.6764705882 263.6725 -375.0005 -0.05 263.67225 -372.0415 28.6764705882 263.6725 -375.0005 28.6764705882 263.67225 -372.0415 -0.05 257.135 -372.04225 -0.05 257.135 -372.04225 28.6764705882 263.67225 -372.0415 -0.05 257.135 -372.04225 28.6764705882 263.67225 -372.0415 28.6764705882 257.135 -372.04225 -0.05 257.72825 -358.43175 -0.05 257.72825 -358.43175 28.6764705882 257.135 -372.04225 -0.05 257.72825 -358.43175 28.6764705882 257.135 -372.04225 28.6764705882 257.72825 -358.43175 -0.05 238.1165 -358.4335 -0.05 238.1165 -358.4335 28.6764705882 257.72825 -358.43175 -0.05 238.1165 -358.4335 28.6764705882 257.72825 -358.43175 28.6764705882 238.1165 -358.4335 -0.05 237.52525 -396.89725 -0.05 237.52525 -396.89725 28.6764705882 238.1165 -358.4335 -0.05 237.52525 -396.89725 28.6764705882 238.1165 -358.4335 28.6764705882 284.462 -245.99675 20.4411764706 238.702 -246.59225 20.4411764706 239.29925 -285.056 20.4411764706 239.29925 -285.056 -0.05 238.702 -246.59225 -0.05 284.462 -245.99675 -0.05 239.29925 -285.056 20.4411764706 257.128 -285.0545 20.4411764706 257.12675 -271.44425 20.4411764706 257.12675 -271.44425 -0.05 257.128 -285.0545 -0.05 239.29925 -285.056 -0.05 284.462 -245.99675 20.4411764706 239.29925 -285.056 20.4411764706 257.12675 -271.44425 20.4411764706 257.12675 -271.44425 -0.05 239.29925 -285.056 -0.05 284.462 -245.99675 -0.05 257.12675 -271.44425 20.4411764706 264.25825 -271.44375 20.4411764706 264.258 -268.485 20.4411764706 264.258 -268.485 -0.05 264.25825 -271.44375 -0.05 257.12675 -271.44425 -0.05 284.462 -245.99675 20.4411764706 257.12675 -271.44425 20.4411764706 264.258 -268.485 20.4411764706 264.258 -268.485 -0.05 257.12675 -271.44425 -0.05 284.462 -245.99675 -0.05 264.258 -268.485 20.4411764706 284.464 -268.48325 20.4411764706 284.462 -245.99675 20.4411764706 284.462 -245.99675 -0.05 284.464 -268.48325 -0.05 264.258 -268.485 -0.05 238.702 -246.59225 -0.05 239.29925 -285.056 -0.05 239.29925 -285.056 20.4411764706 238.702 -246.59225 -0.05 239.29925 -285.056 20.4411764706 238.702 -246.59225 20.4411764706 239.29925 -285.056 -0.05 257.128 -285.0545 -0.05 257.128 -285.0545 20.4411764706 239.29925 -285.056 -0.05 257.128 -285.0545 20.4411764706 239.29925 -285.056 20.4411764706 257.128 -285.0545 -0.05 257.12675 -271.44425 -0.05 257.12675 -271.44425 20.4411764706 257.128 -285.0545 -0.05 257.12675 -271.44425 20.4411764706 257.128 -285.0545 20.4411764706 257.12675 -271.44425 -0.05 264.25825 -271.44375 -0.05 264.25825 -271.44375 20.4411764706 257.12675 -271.44425 -0.05 264.25825 -271.44375 20.4411764706 257.12675 -271.44425 20.4411764706 264.25825 -271.44375 -0.05 264.258 -268.485 -0.05 264.258 -268.485 20.4411764706 264.25825 -271.44375 -0.05 264.258 -268.485 20.4411764706 264.25825 -271.44375 20.4411764706 264.258 -268.485 -0.05 284.464 -268.48325 -0.05 284.464 -268.48325 20.4411764706 264.258 -268.485 -0.05 284.464 -268.48325 20.4411764706 264.258 -268.485 20.4411764706 284.464 -268.48325 -0.05 284.462 -245.99675 -0.05 284.462 -245.99675 20.4411764706 284.464 -268.48325 -0.05 284.462 -245.99675 20.4411764706 284.464 -268.48325 20.4411764706 284.462 -245.99675 -0.05 238.702 -246.59225 -0.05 238.702 -246.59225 20.4411764706 284.462 -245.99675 -0.05 238.702 -246.59225 20.4411764706 284.462 -245.99675 20.4411764706 104.38975 -210.50575 31.0294117647 88.9385 -210.50675 31.0294117647 88.9395 -227.07575 31.0294117647 88.9395 -227.07575 -0.05 88.9385 -210.50675 -0.05 104.38975 -210.50575 -0.05 104.38975 -210.50575 31.0294117647 88.9395 -227.07575 31.0294117647 110.92825 -227.07425 31.0294117647 110.92825 -227.07425 -0.05 88.9395 -227.07575 -0.05 104.38975 -210.50575 -0.05 110.92825 -227.07425 31.0294117647 110.92825 -228.25775 31.0294117647 129.9455 -228.25625 31.0294117647 129.9455 -228.25625 -0.05 110.92825 -228.25775 -0.05 110.92825 -227.07425 -0.05 104.38975 -210.50575 31.0294117647 110.92825 -227.07425 31.0294117647 129.9455 -228.25625 31.0294117647 129.9455 -228.25625 -0.05 110.92825 -227.07425 -0.05 104.38975 -210.50575 -0.05 104.38975 -210.50575 31.0294117647 129.9455 -228.25625 31.0294117647 129.9425 -185.65025 31.0294117647 129.9425 -185.65025 -0.05 129.9455 -228.25625 -0.05 104.38975 -210.50575 -0.05 129.9425 -185.65025 31.0294117647 104.388 -185.652 31.0294117647 104.38975 -210.50575 31.0294117647 104.38975 -210.50575 -0.05 104.388 -185.652 -0.05 129.9425 -185.65025 -0.05 88.9385 -210.50675 -0.05 88.9395 -227.07575 -0.05 88.9395 -227.07575 31.0294117647 88.9385 -210.50675 -0.05 88.9395 -227.07575 31.0294117647 88.9385 -210.50675 31.0294117647 88.9395 -227.07575 -0.05 110.92825 -227.07425 -0.05 110.92825 -227.07425 31.0294117647 88.9395 -227.07575 -0.05 110.92825 -227.07425 31.0294117647 88.9395 -227.07575 31.0294117647 110.92825 -227.07425 -0.05 110.92825 -228.25775 -0.05 110.92825 -228.25775 31.0294117647 110.92825 -227.07425 -0.05 110.92825 -228.25775 31.0294117647 110.92825 -227.07425 31.0294117647 110.92825 -228.25775 -0.05 129.9455 -228.25625 -0.05 129.9455 -228.25625 31.0294117647 110.92825 -228.25775 -0.05 129.9455 -228.25625 31.0294117647 110.92825 -228.25775 31.0294117647 129.9455 -228.25625 -0.05 129.9425 -185.65025 -0.05 129.9425 -185.65025 31.0294117647 129.9455 -228.25625 -0.05 129.9425 -185.65025 31.0294117647 129.9455 -228.25625 31.0294117647 129.9425 -185.65025 -0.05 104.388 -185.652 -0.05 104.388 -185.652 31.0294117647 129.9425 -185.65025 -0.05 104.388 -185.652 31.0294117647 129.9425 -185.65025 31.0294117647 104.388 -185.652 -0.05 104.38975 -210.50575 -0.05 104.38975 -210.50575 31.0294117647 104.388 -185.652 -0.05 104.38975 -210.50575 31.0294117647 104.388 -185.652 31.0294117647 104.38975 -210.50575 -0.05 88.9385 -210.50675 -0.05 88.9385 -210.50675 31.0294117647 104.38975 -210.50575 -0.05 88.9385 -210.50675 31.0294117647 104.38975 -210.50575 31.0294117647 -98.8725 35.0575 48.6764705882 -100.654 16.12125 48.6764705882 -79.25975 14.34725 48.6764705882 -79.25975 14.34725 -0.05 -100.654 16.12125 -0.05 -98.8725 35.0575 -0.05 -98.8725 35.0575 48.6764705882 -79.25975 14.34725 48.6764705882 -79.26 16.12275 48.6764705882 -79.26 16.12275 -0.05 -79.25975 14.34725 -0.05 -98.8725 35.0575 -0.05 -98.8725 35.0575 48.6764705882 -79.26 16.12275 48.6764705882 -60.24275 14.3485 48.6764705882 -60.24275 14.3485 -0.05 -79.26 16.12275 -0.05 -98.8725 35.0575 -0.05 -60.24275 14.3485 48.6764705882 -56.08575 58.73025 48.6764705882 -81.04575 61.09575 48.6764705882 -81.04575 61.09575 -0.05 -56.08575 58.73025 -0.05 -60.24275 14.3485 -0.05 -60.24275 14.3485 48.6764705882 -81.04575 61.09575 48.6764705882 -83.421 33.875 48.6764705882 -83.421 33.875 -0.05 -81.04575 61.09575 -0.05 -60.24275 14.3485 -0.05 -60.24275 14.3485 48.6764705882 -83.421 33.875 48.6764705882 -98.8725 35.0575 48.6764705882 -98.8725 35.0575 -0.05 -83.421 33.875 -0.05 -60.24275 14.3485 -0.05 -100.654 16.12125 -0.05 -79.25975 14.34725 -0.05 -79.25975 14.34725 48.6764705882 -100.654 16.12125 -0.05 -79.25975 14.34725 48.6764705882 -100.654 16.12125 48.6764705882 -79.25975 14.34725 -0.05 -79.26 16.12275 -0.05 -79.26 16.12275 48.6764705882 -79.25975 14.34725 -0.05 -79.26 16.12275 48.6764705882 -79.25975 14.34725 48.6764705882 -79.26 16.12275 -0.05 -60.24275 14.3485 -0.05 -60.24275 14.3485 48.6764705882 -79.26 16.12275 -0.05 -60.24275 14.3485 48.6764705882 -79.26 16.12275 48.6764705882 -60.24275 14.3485 -0.05 -56.08575 58.73025 -0.05 -56.08575 58.73025 48.6764705882 -60.24275 14.3485 -0.05 -56.08575 58.73025 48.6764705882 -60.24275 14.3485 48.6764705882 -56.08575 58.73025 -0.05 -81.04575 61.09575 -0.05 -81.04575 61.09575 48.6764705882 -56.08575 58.73025 -0.05 -81.04575 61.09575 48.6764705882 -56.08575 58.73025 48.6764705882 -81.04575 61.09575 -0.05 -83.421 33.875 -0.05 -83.421 33.875 48.6764705882 -81.04575 61.09575 -0.05 -83.421 33.875 48.6764705882 -81.04575 61.09575 48.6764705882 -83.421 33.875 -0.05 -98.8725 35.0575 -0.05 -98.8725 35.0575 48.6764705882 -83.421 33.875 -0.05 -98.8725 35.0575 48.6764705882 -83.421 33.875 48.6764705882 -98.8725 35.0575 -0.05 -100.654 16.12125 -0.05 -100.654 16.12125 48.6764705882 -98.8725 35.0575 -0.05 -100.654 16.12125 48.6764705882 -98.8725 35.0575 48.6764705882 -57.841 -359.04675 45.5882352941 -99.4415 -359.0495 45.5882352941 -99.44025 -376.802 45.5882352941 -99.44025 -376.802 -0.05 -99.4415 -359.0495 -0.05 -57.841 -359.04675 -0.05 -57.841 -359.04675 45.5882352941 -99.44025 -376.802 45.5882352941 -82.80025 -376.801 45.5882352941 -82.80025 -376.801 -0.05 -99.44025 -376.802 -0.05 -57.841 -359.04675 -0.05 -57.841 -359.04675 45.5882352941 -82.80025 -376.801 45.5882352941 -82.7995 -386.86075 45.5882352941 -82.7995 -386.86075 -0.05 -82.80025 -376.801 -0.05 -57.841 -359.04675 -0.05 -82.7995 -386.86075 45.5882352941 -99.43975 -386.86175 45.5882352941 -99.4385 -404.61425 45.5882352941 -99.4385 -404.61425 -0.05 -99.43975 -386.86175 -0.05 -82.7995 -386.86075 -0.05 -82.7995 -386.86075 45.5882352941 -99.4385 -404.61425 45.5882352941 -57.838 -404.61175 45.5882352941 -57.838 -404.61175 -0.05 -99.4385 -404.61425 -0.05 -82.7995 -386.86075 -0.05 -82.7995 -386.86075 45.5882352941 -57.838 -404.61175 45.5882352941 -57.841 -359.04675 45.5882352941 -57.841 -359.04675 -0.05 -57.838 -404.61175 -0.05 -82.7995 -386.86075 -0.05 -99.4415 -359.0495 -0.05 -99.44025 -376.802 -0.05 -99.44025 -376.802 45.5882352941 -99.4415 -359.0495 -0.05 -99.44025 -376.802 45.5882352941 -99.4415 -359.0495 45.5882352941 -99.44025 -376.802 -0.05 -82.80025 -376.801 -0.05 -82.80025 -376.801 45.5882352941 -99.44025 -376.802 -0.05 -82.80025 -376.801 45.5882352941 -99.44025 -376.802 45.5882352941 -82.80025 -376.801 -0.05 -82.7995 -386.86075 -0.05 -82.7995 -386.86075 45.5882352941 -82.80025 -376.801 -0.05 -82.7995 -386.86075 45.5882352941 -82.80025 -376.801 45.5882352941 -82.7995 -386.86075 -0.05 -99.43975 -386.86175 -0.05 -99.43975 -386.86175 45.5882352941 -82.7995 -386.86075 -0.05 -99.43975 -386.86175 45.5882352941 -82.7995 -386.86075 45.5882352941 -99.43975 -386.86175 -0.05 -99.4385 -404.61425 -0.05 -99.4385 -404.61425 45.5882352941 -99.43975 -386.86175 -0.05 -99.4385 -404.61425 45.5882352941 -99.43975 -386.86175 45.5882352941 -99.4385 -404.61425 -0.05 -57.838 -404.61175 -0.05 -57.838 -404.61175 45.5882352941 -99.4385 -404.61425 -0.05 -57.838 -404.61175 45.5882352941 -99.4385 -404.61425 45.5882352941 -57.838 -404.61175 -0.05 -57.841 -359.04675 -0.05 -57.841 -359.04675 45.5882352941 -57.838 -404.61175 -0.05 -57.841 -359.04675 45.5882352941 -57.838 -404.61175 45.5882352941 -57.841 -359.04675 -0.05 -99.4415 -359.0495 -0.05 -99.4415 -359.0495 45.5882352941 -57.841 -359.04675 -0.05 -99.4415 -359.0495 45.5882352941 -57.841 -359.04675 45.5882352941 -98.2765 8.4285 33.2352941176 -98.8695 -8.73225 33.2352941176 -87.57825 -8.7315 33.2352941176 -87.57825 -8.7315 -0.05 -98.8695 -8.73225 -0.05 -98.2765 8.4285 -0.05 -87.57825 -8.7315 33.2352941176 -87.5775 -18.1995 33.2352941176 -85.2005 -18.1995 33.2352941176 -85.2005 -18.1995 -0.05 -87.5775 -18.1995 -0.05 -87.57825 -8.7315 -0.05 -85.2005 -18.1995 33.2352941176 -85.7935 -37.1355 33.2352941176 -57.86225 -38.31725 33.2352941176 -57.86225 -38.31725 -0.05 -85.7935 -37.1355 -0.05 -85.2005 -18.1995 -0.05 -87.57825 -8.7315 33.2352941176 -85.2005 -18.1995 33.2352941176 -57.86225 -38.31725 33.2352941176 -57.86225 -38.31725 -0.05 -85.2005 -18.1995 -0.05 -87.57825 -8.7315 -0.05 -98.2765 8.4285 33.2352941176 -87.57825 -8.7315 33.2352941176 -57.86225 -38.31725 33.2352941176 -57.86225 -38.31725 -0.05 -87.57825 -8.7315 -0.05 -98.2765 8.4285 -0.05 -57.86225 -38.31725 33.2352941176 -56.6765 7.24775 33.2352941176 -98.2765 8.4285 33.2352941176 -98.2765 8.4285 -0.05 -56.6765 7.24775 -0.05 -57.86225 -38.31725 -0.05 -98.8695 -8.73225 -0.05 -87.57825 -8.7315 -0.05 -87.57825 -8.7315 33.2352941176 -98.8695 -8.73225 -0.05 -87.57825 -8.7315 33.2352941176 -98.8695 -8.73225 33.2352941176 -87.57825 -8.7315 -0.05 -87.5775 -18.1995 -0.05 -87.5775 -18.1995 33.2352941176 -87.57825 -8.7315 -0.05 -87.5775 -18.1995 33.2352941176 -87.57825 -8.7315 33.2352941176 -87.5775 -18.1995 -0.05 -85.2005 -18.1995 -0.05 -85.2005 -18.1995 33.2352941176 -87.5775 -18.1995 -0.05 -85.2005 -18.1995 33.2352941176 -87.5775 -18.1995 33.2352941176 -85.2005 -18.1995 -0.05 -85.7935 -37.1355 -0.05 -85.7935 -37.1355 33.2352941176 -85.2005 -18.1995 -0.05 -85.7935 -37.1355 33.2352941176 -85.2005 -18.1995 33.2352941176 -85.7935 -37.1355 -0.05 -57.86225 -38.31725 -0.05 -57.86225 -38.31725 33.2352941176 -85.7935 -37.1355 -0.05 -57.86225 -38.31725 33.2352941176 -85.7935 -37.1355 33.2352941176 -57.86225 -38.31725 -0.05 -56.6765 7.24775 -0.05 -56.6765 7.24775 33.2352941176 -57.86225 -38.31725 -0.05 -56.6765 7.24775 33.2352941176 -57.86225 -38.31725 33.2352941176 -56.6765 7.24775 -0.05 -98.2765 8.4285 -0.05 -98.2765 8.4285 33.2352941176 -56.6765 7.24775 -0.05 -98.2765 8.4285 33.2352941176 -56.6765 7.24775 33.2352941176 -98.2765 8.4285 -0.05 -98.8695 -8.73225 -0.05 -98.8695 -8.73225 33.2352941176 -98.2765 8.4285 -0.05 -98.8695 -8.73225 33.2352941176 -98.2765 8.4285 33.2352941176 -57.24325 -411.7125 35 -98.2495 -411.71525 35 -98.24825 -430.0595 35 -98.24825 -430.0595 -0.05 -98.2495 -411.71525 -0.05 -57.24325 -411.7125 -0.05 -57.24325 -411.7125 35 -98.24825 -430.0595 35 -83.391 -430.6505 35 -83.391 -430.6505 -0.05 -98.24825 -430.0595 -0.05 -57.24325 -411.7125 -0.05 -57.24325 -411.7125 35 -83.391 -430.6505 35 -83.39025 -440.1185 35 -83.39025 -440.1185 -0.05 -83.391 -430.6505 -0.05 -57.24325 -411.7125 -0.05 -57.24325 -411.7125 35 -83.39025 -440.1185 35 -80.41875 -440.11825 35 -80.41875 -440.11825 -0.05 -83.39025 -440.1185 -0.05 -57.24325 -411.7125 -0.05 -57.24325 -411.7125 35 -80.41875 -440.11825 35 -80.41775 -457.279 35 -80.41775 -457.279 -0.05 -80.41875 -440.11825 -0.05 -57.24325 -411.7125 -0.05 -80.41775 -457.279 35 -57.24025 -457.2775 35 -57.24325 -411.7125 35 -57.24325 -411.7125 -0.05 -57.24025 -457.2775 -0.05 -80.41775 -457.279 -0.05 -98.2495 -411.71525 -0.05 -98.24825 -430.0595 -0.05 -98.24825 -430.0595 35 -98.2495 -411.71525 -0.05 -98.24825 -430.0595 35 -98.2495 -411.71525 35 -98.24825 -430.0595 -0.05 -83.391 -430.6505 -0.05 -83.391 -430.6505 35 -98.24825 -430.0595 -0.05 -83.391 -430.6505 35 -98.24825 -430.0595 35 -83.391 -430.6505 -0.05 -83.39025 -440.1185 -0.05 -83.39025 -440.1185 35 -83.391 -430.6505 -0.05 -83.39025 -440.1185 35 -83.391 -430.6505 35 -83.39025 -440.1185 -0.05 -80.41875 -440.11825 -0.05 -80.41875 -440.11825 35 -83.39025 -440.1185 -0.05 -80.41875 -440.11825 35 -83.39025 -440.1185 35 -80.41875 -440.11825 -0.05 -80.41775 -457.279 -0.05 -80.41775 -457.279 35 -80.41875 -440.11825 -0.05 -80.41775 -457.279 35 -80.41875 -440.11825 35 -80.41775 -457.279 -0.05 -57.24025 -457.2775 -0.05 -57.24025 -457.2775 35 -80.41775 -457.279 -0.05 -57.24025 -457.2775 35 -80.41775 -457.279 35 -57.24025 -457.2775 -0.05 -57.24325 -411.7125 -0.05 -57.24325 -411.7125 35 -57.24025 -457.2775 -0.05 -57.24325 -411.7125 35 -57.24025 -457.2775 35 -57.24325 -411.7125 -0.05 -98.2495 -411.71525 -0.05 -98.2495 -411.71525 35 -57.24325 -411.7125 -0.05 -98.2495 -411.71525 35 -57.24325 -411.7125 35 -590.33475 -169.7145 34.5588235294 -590.92725 -214.6875 34.5588235294 -546.94975 -215.2775 34.5588235294 -546.94975 -215.2775 -0.05 -590.92725 -214.6875 -0.05 -590.33475 -169.7145 -0.05 -546.94975 -215.2775 34.5588235294 -546.9505 -195.74975 34.5588235294 -560.025 -195.75025 34.5588235294 -560.025 -195.75025 -0.05 -546.9505 -195.74975 -0.05 -546.94975 -215.2775 -0.05 -590.33475 -169.7145 34.5588235294 -546.94975 -215.2775 34.5588235294 -560.025 -195.75025 34.5588235294 -560.025 -195.75025 -0.05 -546.94975 -215.2775 -0.05 -590.33475 -169.7145 -0.05 -590.33475 -169.7145 34.5588235294 -560.025 -195.75025 34.5588235294 -560.02525 -189.241 34.5588235294 -560.02525 -189.241 -0.05 -560.025 -195.75025 -0.05 -590.33475 -169.7145 -0.05 -590.33475 -169.7145 34.5588235294 -560.02525 -189.241 34.5588235294 -550.5165 -189.2405 34.5588235294 -550.5165 -189.2405 -0.05 -560.02525 -189.241 -0.05 -590.33475 -169.7145 -0.05 -550.5165 -189.2405 34.5588235294 -549.923 -170.3045 34.5588235294 -590.33475 -169.7145 34.5588235294 -590.33475 -169.7145 -0.05 -549.923 -170.3045 -0.05 -550.5165 -189.2405 -0.05 -590.92725 -214.6875 -0.05 -546.94975 -215.2775 -0.05 -546.94975 -215.2775 34.5588235294 -590.92725 -214.6875 -0.05 -546.94975 -215.2775 34.5588235294 -590.92725 -214.6875 34.5588235294 -546.94975 -215.2775 -0.05 -546.9505 -195.74975 -0.05 -546.9505 -195.74975 34.5588235294 -546.94975 -215.2775 -0.05 -546.9505 -195.74975 34.5588235294 -546.94975 -215.2775 34.5588235294 -546.9505 -195.74975 -0.05 -560.025 -195.75025 -0.05 -560.025 -195.75025 34.5588235294 -546.9505 -195.74975 -0.05 -560.025 -195.75025 34.5588235294 -546.9505 -195.74975 34.5588235294 -560.025 -195.75025 -0.05 -560.02525 -189.241 -0.05 -560.02525 -189.241 34.5588235294 -560.025 -195.75025 -0.05 -560.02525 -189.241 34.5588235294 -560.025 -195.75025 34.5588235294 -560.02525 -189.241 -0.05 -550.5165 -189.2405 -0.05 -550.5165 -189.2405 34.5588235294 -560.02525 -189.241 -0.05 -550.5165 -189.2405 34.5588235294 -560.02525 -189.241 34.5588235294 -550.5165 -189.2405 -0.05 -549.923 -170.3045 -0.05 -549.923 -170.3045 34.5588235294 -550.5165 -189.2405 -0.05 -549.923 -170.3045 34.5588235294 -550.5165 -189.2405 34.5588235294 -549.923 -170.3045 -0.05 -590.33475 -169.7145 -0.05 -590.33475 -169.7145 34.5588235294 -549.923 -170.3045 -0.05 -590.33475 -169.7145 34.5588235294 -549.923 -170.3045 34.5588235294 -590.33475 -169.7145 -0.05 -590.92725 -214.6875 -0.05 -590.92725 -214.6875 34.5588235294 -590.33475 -169.7145 -0.05 -590.92725 -214.6875 34.5588235294 -590.33475 -169.7145 34.5588235294 -285.47575 19.069 33.8235294118 -286.6615 -31.82175 33.8235294118 -247.43875 -33.003 33.8235294118 -247.43875 -33.003 -0.05 -286.6615 -31.82175 -0.05 -285.47575 19.069 -0.05 -247.43875 -33.003 33.8235294118 -246.2525 8.41975 33.8235294118 -251.60125 8.4195 33.8235294118 -251.60125 8.4195 -0.05 -246.2525 8.41975 -0.05 -247.43875 -33.003 -0.05 -251.60125 8.4195 33.8235294118 -251.60125 9.603 33.8235294118 -259.92125 9.6025 33.8235294118 -259.92125 9.6025 -0.05 -251.60125 9.603 -0.05 -251.60125 8.4195 -0.05 -247.43875 -33.003 33.8235294118 -251.60125 8.4195 33.8235294118 -259.92125 9.6025 33.8235294118 -259.92125 9.6025 -0.05 -251.60125 8.4195 -0.05 -247.43875 -33.003 -0.05 -285.47575 19.069 33.8235294118 -247.43875 -33.003 33.8235294118 -259.92125 9.6025 33.8235294118 -259.92125 9.6025 -0.05 -247.43875 -33.003 -0.05 -285.47575 19.069 -0.05 -259.92125 9.6025 33.8235294118 -259.3275 18.47875 33.8235294118 -285.47575 19.069 33.8235294118 -285.47575 19.069 -0.05 -259.3275 18.47875 -0.05 -259.92125 9.6025 -0.05 -286.6615 -31.82175 -0.05 -247.43875 -33.003 -0.05 -247.43875 -33.003 33.8235294118 -286.6615 -31.82175 -0.05 -247.43875 -33.003 33.8235294118 -286.6615 -31.82175 33.8235294118 -247.43875 -33.003 -0.05 -246.2525 8.41975 -0.05 -246.2525 8.41975 33.8235294118 -247.43875 -33.003 -0.05 -246.2525 8.41975 33.8235294118 -247.43875 -33.003 33.8235294118 -246.2525 8.41975 -0.05 -251.60125 8.4195 -0.05 -251.60125 8.4195 33.8235294118 -246.2525 8.41975 -0.05 -251.60125 8.4195 33.8235294118 -246.2525 8.41975 33.8235294118 -251.60125 8.4195 -0.05 -251.60125 9.603 -0.05 -251.60125 9.603 33.8235294118 -251.60125 8.4195 -0.05 -251.60125 9.603 33.8235294118 -251.60125 8.4195 33.8235294118 -251.60125 9.603 -0.05 -259.92125 9.6025 -0.05 -259.92125 9.6025 33.8235294118 -251.60125 9.603 -0.05 -259.92125 9.6025 33.8235294118 -251.60125 9.603 33.8235294118 -259.92125 9.6025 -0.05 -259.3275 18.47875 -0.05 -259.3275 18.47875 33.8235294118 -259.92125 9.6025 -0.05 -259.3275 18.47875 33.8235294118 -259.92125 9.6025 33.8235294118 -259.3275 18.47875 -0.05 -285.47575 19.069 -0.05 -285.47575 19.069 33.8235294118 -259.3275 18.47875 -0.05 -285.47575 19.069 33.8235294118 -259.3275 18.47875 33.8235294118 -285.47575 19.069 -0.05 -286.6615 -31.82175 -0.05 -286.6615 -31.82175 33.8235294118 -285.47575 19.069 -0.05 -286.6615 -31.82175 33.8235294118 -285.47575 19.069 33.8235294118 -587.95975 -117.64025 28.9705882353 -588.552 -162.61325 28.9705882353 -566.5635 -163.20425 28.9705882353 -566.5635 -163.20425 -0.05 -588.552 -162.61325 -0.05 -587.95975 -117.64025 -0.05 -587.95975 -117.64025 28.9705882353 -566.5635 -163.20425 28.9705882353 -566.56425 -144.268 28.9705882353 -566.56425 -144.268 -0.05 -566.5635 -163.20425 -0.05 -587.95975 -117.64025 -0.05 -587.95975 -117.64025 28.9705882353 -566.56425 -144.268 28.9705882353 -562.9985 -144.268 28.9705882353 -562.9985 -144.268 -0.05 -566.56425 -144.268 -0.05 -587.95975 -117.64025 -0.05 -587.95975 -117.64025 28.9705882353 -562.9985 -144.268 28.9705882353 -562.999 -135.39175 28.9705882353 -562.999 -135.39175 -0.05 -562.9985 -144.268 -0.05 -587.95975 -117.64025 -0.05 -587.95975 -117.64025 28.9705882353 -562.999 -135.39175 28.9705882353 -546.95325 -134.79925 28.9705882353 -546.95325 -134.79925 -0.05 -562.999 -135.39175 -0.05 -587.95975 -117.64025 -0.05 -546.95325 -134.79925 28.9705882353 -547.54825 -117.04675 28.9705882353 -587.95975 -117.64025 28.9705882353 -587.95975 -117.64025 -0.05 -547.54825 -117.04675 -0.05 -546.95325 -134.79925 -0.05 -588.552 -162.61325 -0.05 -566.5635 -163.20425 -0.05 -566.5635 -163.20425 28.9705882353 -588.552 -162.61325 -0.05 -566.5635 -163.20425 28.9705882353 -588.552 -162.61325 28.9705882353 -566.5635 -163.20425 -0.05 -566.56425 -144.268 -0.05 -566.56425 -144.268 28.9705882353 -566.5635 -163.20425 -0.05 -566.56425 -144.268 28.9705882353 -566.5635 -163.20425 28.9705882353 -566.56425 -144.268 -0.05 -562.9985 -144.268 -0.05 -562.9985 -144.268 28.9705882353 -566.56425 -144.268 -0.05 -562.9985 -144.268 28.9705882353 -566.56425 -144.268 28.9705882353 -562.9985 -144.268 -0.05 -562.999 -135.39175 -0.05 -562.999 -135.39175 28.9705882353 -562.9985 -144.268 -0.05 -562.999 -135.39175 28.9705882353 -562.9985 -144.268 28.9705882353 -562.999 -135.39175 -0.05 -546.95325 -134.79925 -0.05 -546.95325 -134.79925 28.9705882353 -562.999 -135.39175 -0.05 -546.95325 -134.79925 28.9705882353 -562.999 -135.39175 28.9705882353 -546.95325 -134.79925 -0.05 -547.54825 -117.04675 -0.05 -547.54825 -117.04675 28.9705882353 -546.95325 -134.79925 -0.05 -547.54825 -117.04675 28.9705882353 -546.95325 -134.79925 28.9705882353 -547.54825 -117.04675 -0.05 -587.95975 -117.64025 -0.05 -587.95975 -117.64025 28.9705882353 -547.54825 -117.04675 -0.05 -587.95975 -117.64025 28.9705882353 -547.54825 -117.04675 28.9705882353 -587.95975 -117.64025 -0.05 -588.552 -162.61325 -0.05 -588.552 -162.61325 28.9705882353 -587.95975 -117.64025 -0.05 -588.552 -162.61325 28.9705882353 -587.95975 -117.64025 28.9705882353 -167.20125 -188.03725 21.3235294118 -208.207 -188.03975 21.3235294118 -208.20425 -233.60475 21.3235294118 -208.20425 -233.60475 -0.05 -208.207 -188.03975 -0.05 -167.20125 -188.03725 -0.05 -208.20425 -233.60475 21.3235294118 -185.027 -233.60325 21.3235294118 -185.02825 -214.66725 21.3235294118 -185.02825 -214.66725 -0.05 -185.027 -233.60325 -0.05 -208.20425 -233.60475 -0.05 -185.02825 -214.66725 21.3235294118 -182.651 -214.667 21.3235294118 -182.6515 -206.3825 21.3235294118 -182.6515 -206.3825 -0.05 -182.651 -214.667 -0.05 -185.02825 -214.66725 -0.05 -208.20425 -233.60475 21.3235294118 -185.02825 -214.66725 21.3235294118 -182.6515 -206.3825 21.3235294118 -182.6515 -206.3825 -0.05 -185.02825 -214.66725 -0.05 -208.20425 -233.60475 -0.05 -167.20125 -188.03725 21.3235294118 -208.20425 -233.60475 21.3235294118 -182.6515 -206.3825 21.3235294118 -182.6515 -206.3825 -0.05 -208.20425 -233.60475 -0.05 -167.20125 -188.03725 -0.05 -182.6515 -206.3825 21.3235294118 -167.2 -206.38175 21.3235294118 -167.20125 -188.03725 21.3235294118 -167.20125 -188.03725 -0.05 -167.2 -206.38175 -0.05 -182.6515 -206.3825 -0.05 -208.207 -188.03975 -0.05 -208.20425 -233.60475 -0.05 -208.20425 -233.60475 21.3235294118 -208.207 -188.03975 -0.05 -208.20425 -233.60475 21.3235294118 -208.207 -188.03975 21.3235294118 -208.20425 -233.60475 -0.05 -185.027 -233.60325 -0.05 -185.027 -233.60325 21.3235294118 -208.20425 -233.60475 -0.05 -185.027 -233.60325 21.3235294118 -208.20425 -233.60475 21.3235294118 -185.027 -233.60325 -0.05 -185.02825 -214.66725 -0.05 -185.02825 -214.66725 21.3235294118 -185.027 -233.60325 -0.05 -185.02825 -214.66725 21.3235294118 -185.027 -233.60325 21.3235294118 -185.02825 -214.66725 -0.05 -182.651 -214.667 -0.05 -182.651 -214.667 21.3235294118 -185.02825 -214.66725 -0.05 -182.651 -214.667 21.3235294118 -185.02825 -214.66725 21.3235294118 -182.651 -214.667 -0.05 -182.6515 -206.3825 -0.05 -182.6515 -206.3825 21.3235294118 -182.651 -214.667 -0.05 -182.6515 -206.3825 21.3235294118 -182.651 -214.667 21.3235294118 -182.6515 -206.3825 -0.05 -167.2 -206.38175 -0.05 -167.2 -206.38175 21.3235294118 -182.6515 -206.3825 -0.05 -167.2 -206.38175 21.3235294118 -182.6515 -206.3825 21.3235294118 -167.2 -206.38175 -0.05 -167.20125 -188.03725 -0.05 -167.20125 -188.03725 21.3235294118 -167.2 -206.38175 -0.05 -167.20125 -188.03725 21.3235294118 -167.2 -206.38175 21.3235294118 -167.20125 -188.03725 -0.05 -208.207 -188.03975 -0.05 -208.207 -188.03975 21.3235294118 -167.20125 -188.03725 -0.05 -208.207 -188.03975 21.3235294118 -167.20125 -188.03725 21.3235294118 -207.0245 -86.85025 24.5588235294 -208.21025 -134.19025 24.5588235294 -183.8445 -134.78075 24.5588235294 -183.8445 -134.78075 -0.05 -208.21025 -134.19025 -0.05 -207.0245 -86.85025 -0.05 -207.0245 -86.85025 24.5588235294 -183.8445 -134.78075 24.5588235294 -183.84575 -114.06925 24.5588235294 -183.84575 -114.06925 -0.05 -183.8445 -134.78075 -0.05 -207.0245 -86.85025 -0.05 -207.0245 -86.85025 24.5588235294 -183.84575 -114.06925 24.5588235294 -181.4685 -114.06925 24.5588235294 -181.4685 -114.06925 -0.05 -183.84575 -114.06925 -0.05 -207.0245 -86.85025 -0.05 -207.0245 -86.85025 24.5588235294 -181.4685 -114.06925 24.5588235294 -181.469 -106.96825 24.5588235294 -181.469 -106.96825 -0.05 -181.4685 -114.06925 -0.05 -207.0245 -86.85025 -0.05 -207.0245 -86.85025 24.5588235294 -181.469 -106.96825 24.5588235294 -168.39475 -107.55925 24.5588235294 -168.39475 -107.55925 -0.05 -181.469 -106.96825 -0.05 -207.0245 -86.85025 -0.05 -168.39475 -107.55925 24.5588235294 -167.8015 -87.4395 24.5588235294 -207.0245 -86.85025 24.5588235294 -207.0245 -86.85025 -0.05 -167.8015 -87.4395 -0.05 -168.39475 -107.55925 -0.05 -208.21025 -134.19025 -0.05 -183.8445 -134.78075 -0.05 -183.8445 -134.78075 24.5588235294 -208.21025 -134.19025 -0.05 -183.8445 -134.78075 24.5588235294 -208.21025 -134.19025 24.5588235294 -183.8445 -134.78075 -0.05 -183.84575 -114.06925 -0.05 -183.84575 -114.06925 24.5588235294 -183.8445 -134.78075 -0.05 -183.84575 -114.06925 24.5588235294 -183.8445 -134.78075 24.5588235294 -183.84575 -114.06925 -0.05 -181.4685 -114.06925 -0.05 -181.4685 -114.06925 24.5588235294 -183.84575 -114.06925 -0.05 -181.4685 -114.06925 24.5588235294 -183.84575 -114.06925 24.5588235294 -181.4685 -114.06925 -0.05 -181.469 -106.96825 -0.05 -181.469 -106.96825 24.5588235294 -181.4685 -114.06925 -0.05 -181.469 -106.96825 24.5588235294 -181.4685 -114.06925 24.5588235294 -181.469 -106.96825 -0.05 -168.39475 -107.55925 -0.05 -168.39475 -107.55925 24.5588235294 -181.469 -106.96825 -0.05 -168.39475 -107.55925 24.5588235294 -181.469 -106.96825 24.5588235294 -168.39475 -107.55925 -0.05 -167.8015 -87.4395 -0.05 -167.8015 -87.4395 24.5588235294 -168.39475 -107.55925 -0.05 -167.8015 -87.4395 24.5588235294 -168.39475 -107.55925 24.5588235294 -167.8015 -87.4395 -0.05 -207.0245 -86.85025 -0.05 -207.0245 -86.85025 24.5588235294 -167.8015 -87.4395 -0.05 -207.0245 -86.85025 24.5588235294 -167.8015 -87.4395 24.5588235294 -207.0245 -86.85025 -0.05 -208.21025 -134.19025 -0.05 -208.21025 -134.19025 24.5588235294 -207.0245 -86.85025 -0.05 -208.21025 -134.19025 24.5588235294 -207.0245 -86.85025 24.5588235294 -87.58625 116.12825 38.6764705882 -90.5565 98.3755 38.6764705882 -75.105 96.0095 38.6764705882 -75.105 96.0095 -0.05 -90.5565 98.3755 -0.05 -87.58625 116.12825 -0.05 -75.105 96.0095 38.6764705882 -76.29325 88.90825 38.6764705882 -73.32175 88.31675 38.6764705882 -73.32175 88.31675 -0.05 -76.29325 88.90825 -0.05 -75.105 96.0095 -0.05 -73.32175 88.31675 38.6764705882 -76.88625 68.78875 38.6764705882 -54.30325 64.648 38.6764705882 -54.30325 64.648 -0.05 -76.88625 68.78875 -0.05 -73.32175 88.31675 -0.05 -75.105 96.0095 38.6764705882 -73.32175 88.31675 38.6764705882 -54.30325 64.648 38.6764705882 -54.30325 64.648 -0.05 -73.32175 88.31675 -0.05 -75.105 96.0095 -0.05 -87.58625 116.12825 38.6764705882 -75.105 96.0095 38.6764705882 -54.30325 64.648 38.6764705882 -54.30325 64.648 -0.05 -75.105 96.0095 -0.05 -87.58625 116.12825 -0.05 -54.30325 64.648 38.6764705882 -47.17475 109.6215 38.6764705882 -87.58625 116.12825 38.6764705882 -87.58625 116.12825 -0.05 -47.17475 109.6215 -0.05 -54.30325 64.648 -0.05 -90.5565 98.3755 -0.05 -75.105 96.0095 -0.05 -75.105 96.0095 38.6764705882 -90.5565 98.3755 -0.05 -75.105 96.0095 38.6764705882 -90.5565 98.3755 38.6764705882 -75.105 96.0095 -0.05 -76.29325 88.90825 -0.05 -76.29325 88.90825 38.6764705882 -75.105 96.0095 -0.05 -76.29325 88.90825 38.6764705882 -75.105 96.0095 38.6764705882 -76.29325 88.90825 -0.05 -73.32175 88.31675 -0.05 -73.32175 88.31675 38.6764705882 -76.29325 88.90825 -0.05 -73.32175 88.31675 38.6764705882 -76.29325 88.90825 38.6764705882 -73.32175 88.31675 -0.05 -76.88625 68.78875 -0.05 -76.88625 68.78875 38.6764705882 -73.32175 88.31675 -0.05 -76.88625 68.78875 38.6764705882 -73.32175 88.31675 38.6764705882 -76.88625 68.78875 -0.05 -54.30325 64.648 -0.05 -54.30325 64.648 38.6764705882 -76.88625 68.78875 -0.05 -54.30325 64.648 38.6764705882 -76.88625 68.78875 38.6764705882 -54.30325 64.648 -0.05 -47.17475 109.6215 -0.05 -47.17475 109.6215 38.6764705882 -54.30325 64.648 -0.05 -47.17475 109.6215 38.6764705882 -54.30325 64.648 38.6764705882 -47.17475 109.6215 -0.05 -87.58625 116.12825 -0.05 -87.58625 116.12825 38.6764705882 -47.17475 109.6215 -0.05 -87.58625 116.12825 38.6764705882 -47.17475 109.6215 38.6764705882 -87.58625 116.12825 -0.05 -90.5565 98.3755 -0.05 -90.5565 98.3755 38.6764705882 -87.58625 116.12825 -0.05 -90.5565 98.3755 38.6764705882 -87.58625 116.12825 38.6764705882 335.5395 126.2195 24.7058823529 295.1285 126.21625 24.7058823529 295.13 109.05525 24.7058823529 295.13 109.05525 -0.05 295.1285 126.21625 -0.05 335.5395 126.2195 -0.05 335.5395 126.2195 24.7058823529 295.13 109.05525 24.7058823529 315.3355 109.057 24.7058823529 315.3355 109.057 -0.05 295.13 109.05525 -0.05 335.5395 126.2195 -0.05 335.5395 126.2195 24.7058823529 315.3355 109.057 24.7058823529 315.337 91.3045 24.7058823529 315.337 91.3045 -0.05 315.3355 109.057 -0.05 335.5395 126.2195 -0.05 315.337 91.3045 24.7058823529 312.95975 91.30425 24.7058823529 312.9605 82.428 24.7058823529 312.9605 82.428 -0.05 312.95975 91.30425 -0.05 315.337 91.3045 -0.05 335.5395 126.2195 24.7058823529 315.337 91.3045 24.7058823529 312.9605 82.428 24.7058823529 312.9605 82.428 -0.05 315.337 91.3045 -0.05 335.5395 126.2195 -0.05 312.9605 82.428 24.7058823529 335.54325 82.43 24.7058823529 335.5395 126.2195 24.7058823529 335.5395 126.2195 -0.05 335.54325 82.43 -0.05 312.9605 82.428 -0.05 295.1285 126.21625 -0.05 295.13 109.05525 -0.05 295.13 109.05525 24.7058823529 295.1285 126.21625 -0.05 295.13 109.05525 24.7058823529 295.1285 126.21625 24.7058823529 295.13 109.05525 -0.05 315.3355 109.057 -0.05 315.3355 109.057 24.7058823529 295.13 109.05525 -0.05 315.3355 109.057 24.7058823529 295.13 109.05525 24.7058823529 315.3355 109.057 -0.05 315.337 91.3045 -0.05 315.337 91.3045 24.7058823529 315.3355 109.057 -0.05 315.337 91.3045 24.7058823529 315.3355 109.057 24.7058823529 315.337 91.3045 -0.05 312.95975 91.30425 -0.05 312.95975 91.30425 24.7058823529 315.337 91.3045 -0.05 312.95975 91.30425 24.7058823529 315.337 91.3045 24.7058823529 312.95975 91.30425 -0.05 312.9605 82.428 -0.05 312.9605 82.428 24.7058823529 312.95975 91.30425 -0.05 312.9605 82.428 24.7058823529 312.95975 91.30425 24.7058823529 312.9605 82.428 -0.05 335.54325 82.43 -0.05 335.54325 82.43 24.7058823529 312.9605 82.428 -0.05 335.54325 82.43 24.7058823529 312.9605 82.428 24.7058823529 335.54325 82.43 -0.05 335.5395 126.2195 -0.05 335.5395 126.2195 24.7058823529 335.54325 82.43 -0.05 335.5395 126.2195 24.7058823529 335.54325 82.43 24.7058823529 335.5395 126.2195 -0.05 295.1285 126.21625 -0.05 295.1285 126.21625 24.7058823529 335.5395 126.2195 -0.05 295.1285 126.21625 24.7058823529 335.5395 126.2195 24.7058823529 488.83975 383.64525 35.4411764706 485.27725 349.32325 35.4411764706 489.43725 347.5485 35.4411764706 489.43725 347.5485 -0.05 485.27725 349.32325 -0.05 488.83975 383.64525 -0.05 488.83975 383.64525 35.4411764706 489.43725 347.5485 35.4411764706 494.1915 346.95725 35.4411764706 494.1915 346.95725 -0.05 489.43725 347.5485 -0.05 488.83975 383.64525 -0.05 488.83975 383.64525 35.4411764706 494.1915 346.95725 35.4411764706 497.163 346.36575 35.4411764706 497.163 346.36575 -0.05 494.1915 346.95725 -0.05 488.83975 383.64525 -0.05 488.83975 383.64525 35.4411764706 497.163 346.36575 35.4411764706 499.54 346.36575 35.4411764706 499.54 346.36575 -0.05 497.163 346.36575 -0.05 488.83975 383.64525 -0.05 488.83975 383.64525 35.4411764706 499.54 346.36575 35.4411764706 501.91725 345.77425 35.4411764706 501.91725 345.77425 -0.05 499.54 346.36575 -0.05 488.83975 383.64525 -0.05 488.83975 383.64525 35.4411764706 501.91725 345.77425 35.4411764706 507.26525 348.14175 35.4411764706 507.26525 348.14175 -0.05 501.91725 345.77425 -0.05 488.83975 383.64525 -0.05 507.26525 348.14175 35.4411764706 510.828 381.28025 35.4411764706 488.83975 383.64525 35.4411764706 488.83975 383.64525 -0.05 510.828 381.28025 -0.05 507.26525 348.14175 -0.05 485.27725 349.32325 -0.05 489.43725 347.5485 -0.05 489.43725 347.5485 35.4411764706 485.27725 349.32325 -0.05 489.43725 347.5485 35.4411764706 485.27725 349.32325 35.4411764706 489.43725 347.5485 -0.05 494.1915 346.95725 -0.05 494.1915 346.95725 35.4411764706 489.43725 347.5485 -0.05 494.1915 346.95725 35.4411764706 489.43725 347.5485 35.4411764706 494.1915 346.95725 -0.05 497.163 346.36575 -0.05 497.163 346.36575 35.4411764706 494.1915 346.95725 -0.05 497.163 346.36575 35.4411764706 494.1915 346.95725 35.4411764706 497.163 346.36575 -0.05 499.54 346.36575 -0.05 499.54 346.36575 35.4411764706 497.163 346.36575 -0.05 499.54 346.36575 35.4411764706 497.163 346.36575 35.4411764706 499.54 346.36575 -0.05 501.91725 345.77425 -0.05 501.91725 345.77425 35.4411764706 499.54 346.36575 -0.05 501.91725 345.77425 35.4411764706 499.54 346.36575 35.4411764706 501.91725 345.77425 -0.05 507.26525 348.14175 -0.05 507.26525 348.14175 35.4411764706 501.91725 345.77425 -0.05 507.26525 348.14175 35.4411764706 501.91725 345.77425 35.4411764706 507.26525 348.14175 -0.05 510.828 381.28025 -0.05 510.828 381.28025 35.4411764706 507.26525 348.14175 -0.05 510.828 381.28025 35.4411764706 507.26525 348.14175 35.4411764706 510.828 381.28025 -0.05 488.83975 383.64525 -0.05 488.83975 383.64525 35.4411764706 510.828 381.28025 -0.05 488.83975 383.64525 35.4411764706 510.828 381.28025 35.4411764706 488.83975 383.64525 -0.05 485.27725 349.32325 -0.05 485.27725 349.32325 35.4411764706 488.83975 383.64525 -0.05 485.27725 349.32325 35.4411764706 488.83975 383.64525 35.4411764706 308.85275 -544.23775 27.3529411765 262.4975 -543.64975 27.3529411765 262.50075 -581.522 27.3529411765 262.50075 -581.522 -0.05 262.4975 -543.64975 -0.05 308.85275 -544.23775 -0.05 308.85275 -544.23775 27.3529411765 262.50075 -581.522 27.3529411765 269.63225 -581.52125 27.3529411765 269.63225 -581.52125 -0.05 262.50075 -581.522 -0.05 308.85275 -544.23775 -0.05 308.85275 -544.23775 27.3529411765 269.63225 -581.52125 27.3529411765 269.633 -590.98925 27.3529411765 269.633 -590.98925 -0.05 269.63225 -581.52125 -0.05 308.85275 -544.23775 -0.05 269.633 -590.98925 27.3529411765 283.302 -590.98825 27.3529411765 283.30125 -582.112 27.3529411765 283.30125 -582.112 -0.05 283.302 -590.98825 -0.05 269.633 -590.98925 -0.05 308.85275 -544.23775 27.3529411765 269.633 -590.98925 27.3529411765 283.30125 -582.112 27.3529411765 283.30125 -582.112 -0.05 269.633 -590.98925 -0.05 308.85275 -544.23775 -0.05 283.30125 -582.112 27.3529411765 308.26175 -582.10975 27.3529411765 308.85275 -544.23775 27.3529411765 308.85275 -544.23775 -0.05 308.26175 -582.10975 -0.05 283.30125 -582.112 -0.05 262.4975 -543.64975 -0.05 262.50075 -581.522 -0.05 262.50075 -581.522 27.3529411765 262.4975 -543.64975 -0.05 262.50075 -581.522 27.3529411765 262.4975 -543.64975 27.3529411765 262.50075 -581.522 -0.05 269.63225 -581.52125 -0.05 269.63225 -581.52125 27.3529411765 262.50075 -581.522 -0.05 269.63225 -581.52125 27.3529411765 262.50075 -581.522 27.3529411765 269.63225 -581.52125 -0.05 269.633 -590.98925 -0.05 269.633 -590.98925 27.3529411765 269.63225 -581.52125 -0.05 269.633 -590.98925 27.3529411765 269.63225 -581.52125 27.3529411765 269.633 -590.98925 -0.05 283.302 -590.98825 -0.05 283.302 -590.98825 27.3529411765 269.633 -590.98925 -0.05 283.302 -590.98825 27.3529411765 269.633 -590.98925 27.3529411765 283.302 -590.98825 -0.05 283.30125 -582.112 -0.05 283.30125 -582.112 27.3529411765 283.302 -590.98825 -0.05 283.30125 -582.112 27.3529411765 283.302 -590.98825 27.3529411765 283.30125 -582.112 -0.05 308.26175 -582.10975 -0.05 308.26175 -582.10975 27.3529411765 283.30125 -582.112 -0.05 308.26175 -582.10975 27.3529411765 283.30125 -582.112 27.3529411765 308.26175 -582.10975 -0.05 308.85275 -544.23775 -0.05 308.85275 -544.23775 27.3529411765 308.26175 -582.10975 -0.05 308.85275 -544.23775 27.3529411765 308.26175 -582.10975 27.3529411765 308.85275 -544.23775 -0.05 262.4975 -543.64975 -0.05 262.4975 -543.64975 27.3529411765 308.85275 -544.23775 -0.05 262.4975 -543.64975 27.3529411765 308.85275 -544.23775 27.3529411765 -263.49675 187.12775 22.0588235294 -267.65575 169.96675 22.0588235294 -252.2045 166.41725 22.0588235294 -252.2045 166.41725 -0.05 -267.65575 169.96675 -0.05 -263.49675 187.12775 -0.05 -252.2045 166.41725 22.0588235294 -253.3925 159.90775 22.0588235294 -250.42125 159.31625 22.0588235294 -250.42125 159.31625 -0.05 -253.3925 159.90775 -0.05 -252.2045 166.41725 -0.05 -250.42125 159.31625 22.0588235294 -254.58 140.97175 22.0588235294 -232.5915 135.64725 22.0588235294 -232.5915 135.64725 -0.05 -254.58 140.97175 -0.05 -250.42125 159.31625 -0.05 -252.2045 166.41725 22.0588235294 -250.42125 159.31625 22.0588235294 -232.5915 135.64725 22.0588235294 -232.5915 135.64725 -0.05 -250.42125 159.31625 -0.05 -252.2045 166.41725 -0.05 -263.49675 187.12775 22.0588235294 -252.2045 166.41725 22.0588235294 -232.5915 135.64725 22.0588235294 -232.5915 135.64725 -0.05 -252.2045 166.41725 -0.05 -263.49675 187.12775 -0.05 -232.5915 135.64725 22.0588235294 -223.0855 178.25375 22.0588235294 -263.49675 187.12775 22.0588235294 -263.49675 187.12775 -0.05 -223.0855 178.25375 -0.05 -232.5915 135.64725 -0.05 -267.65575 169.96675 -0.05 -252.2045 166.41725 -0.05 -252.2045 166.41725 22.0588235294 -267.65575 169.96675 -0.05 -252.2045 166.41725 22.0588235294 -267.65575 169.96675 22.0588235294 -252.2045 166.41725 -0.05 -253.3925 159.90775 -0.05 -253.3925 159.90775 22.0588235294 -252.2045 166.41725 -0.05 -253.3925 159.90775 22.0588235294 -252.2045 166.41725 22.0588235294 -253.3925 159.90775 -0.05 -250.42125 159.31625 -0.05 -250.42125 159.31625 22.0588235294 -253.3925 159.90775 -0.05 -250.42125 159.31625 22.0588235294 -253.3925 159.90775 22.0588235294 -250.42125 159.31625 -0.05 -254.58 140.97175 -0.05 -254.58 140.97175 22.0588235294 -250.42125 159.31625 -0.05 -254.58 140.97175 22.0588235294 -250.42125 159.31625 22.0588235294 -254.58 140.97175 -0.05 -232.5915 135.64725 -0.05 -232.5915 135.64725 22.0588235294 -254.58 140.97175 -0.05 -232.5915 135.64725 22.0588235294 -254.58 140.97175 22.0588235294 -232.5915 135.64725 -0.05 -223.0855 178.25375 -0.05 -223.0855 178.25375 22.0588235294 -232.5915 135.64725 -0.05 -223.0855 178.25375 22.0588235294 -232.5915 135.64725 22.0588235294 -223.0855 178.25375 -0.05 -263.49675 187.12775 -0.05 -263.49675 187.12775 22.0588235294 -223.0855 178.25375 -0.05 -263.49675 187.12775 22.0588235294 -223.0855 178.25375 22.0588235294 -263.49675 187.12775 -0.05 -267.65575 169.96675 -0.05 -267.65575 169.96675 22.0588235294 -263.49675 187.12775 -0.05 -267.65575 169.96675 22.0588235294 -263.49675 187.12775 22.0588235294 233.9475 -244.81725 40.4411764706 188.7815 -244.821 40.4411764706 188.78325 -266.71575 40.4411764706 188.78325 -266.71575 -0.05 188.7815 -244.821 -0.05 233.9475 -244.81725 -0.05 233.9475 -244.81725 40.4411764706 188.78325 -266.71575 40.4411764706 201.26325 -266.71475 40.4411764706 201.26325 -266.71475 -0.05 188.78325 -266.71575 -0.05 233.9475 -244.81725 -0.05 233.9475 -244.81725 40.4411764706 201.26325 -266.71475 40.4411764706 201.2635 -269.6735 40.4411764706 201.2635 -269.6735 -0.05 201.26325 -266.71475 -0.05 233.9475 -244.81725 -0.05 233.9475 -244.81725 40.4411764706 201.2635 -269.6735 40.4411764706 214.93225 -269.6725 40.4411764706 214.93225 -269.6725 -0.05 201.2635 -269.6735 -0.05 233.9475 -244.81725 -0.05 233.9475 -244.81725 40.4411764706 214.93225 -269.6725 40.4411764706 214.9335 -285.64975 40.4411764706 214.9335 -285.64975 -0.05 214.93225 -269.6725 -0.05 233.9475 -244.81725 -0.05 214.9335 -285.64975 40.4411764706 233.95075 -285.64825 40.4411764706 233.9475 -244.81725 40.4411764706 233.9475 -244.81725 -0.05 233.95075 -285.64825 -0.05 214.9335 -285.64975 -0.05 188.7815 -244.821 -0.05 188.78325 -266.71575 -0.05 188.78325 -266.71575 40.4411764706 188.7815 -244.821 -0.05 188.78325 -266.71575 40.4411764706 188.7815 -244.821 40.4411764706 188.78325 -266.71575 -0.05 201.26325 -266.71475 -0.05 201.26325 -266.71475 40.4411764706 188.78325 -266.71575 -0.05 201.26325 -266.71475 40.4411764706 188.78325 -266.71575 40.4411764706 201.26325 -266.71475 -0.05 201.2635 -269.6735 -0.05 201.2635 -269.6735 40.4411764706 201.26325 -266.71475 -0.05 201.2635 -269.6735 40.4411764706 201.26325 -266.71475 40.4411764706 201.2635 -269.6735 -0.05 214.93225 -269.6725 -0.05 214.93225 -269.6725 40.4411764706 201.2635 -269.6735 -0.05 214.93225 -269.6725 40.4411764706 201.2635 -269.6735 40.4411764706 214.93225 -269.6725 -0.05 214.9335 -285.64975 -0.05 214.9335 -285.64975 40.4411764706 214.93225 -269.6725 -0.05 214.9335 -285.64975 40.4411764706 214.93225 -269.6725 40.4411764706 214.9335 -285.64975 -0.05 233.95075 -285.64825 -0.05 233.95075 -285.64825 40.4411764706 214.9335 -285.64975 -0.05 233.95075 -285.64825 40.4411764706 214.9335 -285.64975 40.4411764706 233.95075 -285.64825 -0.05 233.9475 -244.81725 -0.05 233.9475 -244.81725 40.4411764706 233.95075 -285.64825 -0.05 233.9475 -244.81725 40.4411764706 233.95075 -285.64825 40.4411764706 233.9475 -244.81725 -0.05 188.7815 -244.821 -0.05 188.7815 -244.821 40.4411764706 233.9475 -244.81725 -0.05 188.7815 -244.821 40.4411764706 233.9475 -244.81725 40.4411764706 133.535 -544.84325 35.5882352941 115.11175 -544.84475 35.5882352941 115.115 -586.26725 35.5882352941 115.115 -586.26725 -0.05 115.11175 -544.84475 -0.05 133.535 -544.84325 -0.05 115.115 -586.26725 35.5882352941 159.6875 -586.85575 35.5882352941 160.2785 -544.84125 35.5882352941 160.2785 -544.84125 -0.05 159.6875 -586.85575 -0.05 115.115 -586.26725 -0.05 160.2785 -544.84125 35.5882352941 141.261 -544.84275 35.5882352941 140.66775 -560.22825 35.5882352941 140.66775 -560.22825 -0.05 141.261 -544.84275 -0.05 160.2785 -544.84125 -0.05 115.115 -586.26725 35.5882352941 160.2785 -544.84125 35.5882352941 140.66775 -560.22825 35.5882352941 140.66775 -560.22825 -0.05 160.2785 -544.84125 -0.05 115.115 -586.26725 -0.05 115.115 -586.26725 35.5882352941 140.66775 -560.22825 35.5882352941 133.53625 -560.229 35.5882352941 133.53625 -560.229 -0.05 140.66775 -560.22825 -0.05 115.115 -586.26725 -0.05 115.115 -586.26725 35.5882352941 133.53625 -560.229 35.5882352941 133.535 -544.84325 35.5882352941 133.535 -544.84325 -0.05 133.53625 -560.229 -0.05 115.115 -586.26725 -0.05 115.11175 -544.84475 -0.05 115.115 -586.26725 -0.05 115.115 -586.26725 35.5882352941 115.11175 -544.84475 -0.05 115.115 -586.26725 35.5882352941 115.11175 -544.84475 35.5882352941 115.115 -586.26725 -0.05 159.6875 -586.85575 -0.05 159.6875 -586.85575 35.5882352941 115.115 -586.26725 -0.05 159.6875 -586.85575 35.5882352941 115.115 -586.26725 35.5882352941 159.6875 -586.85575 -0.05 160.2785 -544.84125 -0.05 160.2785 -544.84125 35.5882352941 159.6875 -586.85575 -0.05 160.2785 -544.84125 35.5882352941 159.6875 -586.85575 35.5882352941 160.2785 -544.84125 -0.05 141.261 -544.84275 -0.05 141.261 -544.84275 35.5882352941 160.2785 -544.84125 -0.05 141.261 -544.84275 35.5882352941 160.2785 -544.84125 35.5882352941 141.261 -544.84275 -0.05 140.66775 -560.22825 -0.05 140.66775 -560.22825 35.5882352941 141.261 -544.84275 -0.05 140.66775 -560.22825 35.5882352941 141.261 -544.84275 35.5882352941 140.66775 -560.22825 -0.05 133.53625 -560.229 -0.05 133.53625 -560.229 35.5882352941 140.66775 -560.22825 -0.05 133.53625 -560.229 35.5882352941 140.66775 -560.22825 35.5882352941 133.53625 -560.229 -0.05 133.535 -544.84325 -0.05 133.535 -544.84325 35.5882352941 133.53625 -560.229 -0.05 133.535 -544.84325 35.5882352941 133.53625 -560.229 35.5882352941 133.535 -544.84325 -0.05 115.11175 -544.84475 -0.05 115.11175 -544.84475 35.5882352941 133.535 -544.84325 -0.05 115.11175 -544.84475 35.5882352941 133.535 -544.84325 35.5882352941 126.341 291.8935 26.6176470588 122.7765 277.69125 26.6176470588 163.782 268.22625 26.6176470588 163.782 268.22625 -0.05 122.7765 277.69125 -0.05 126.341 291.8935 -0.05 163.782 268.22625 26.6176470588 173.8815 309.64975 26.6176470588 132.876 319.70625 26.6176470588 132.876 319.70625 -0.05 173.8815 309.64975 -0.05 163.782 268.22625 -0.05 132.876 319.70625 26.6176470588 128.7175 301.36175 26.6176470588 144.16875 297.81225 26.6176470588 144.16875 297.81225 -0.05 128.7175 301.36175 -0.05 132.876 319.70625 -0.05 163.782 268.22625 26.6176470588 132.876 319.70625 26.6176470588 144.16875 297.81225 26.6176470588 144.16875 297.81225 -0.05 132.876 319.70625 -0.05 163.782 268.22625 -0.05 163.782 268.22625 26.6176470588 144.16875 297.81225 26.6176470588 141.7925 288.344 26.6176470588 141.7925 288.344 -0.05 144.16875 297.81225 -0.05 163.782 268.22625 -0.05 163.782 268.22625 26.6176470588 141.7925 288.344 26.6176470588 126.341 291.8935 26.6176470588 126.341 291.8935 -0.05 141.7925 288.344 -0.05 163.782 268.22625 -0.05 122.7765 277.69125 -0.05 163.782 268.22625 -0.05 163.782 268.22625 26.6176470588 122.7765 277.69125 -0.05 163.782 268.22625 26.6176470588 122.7765 277.69125 26.6176470588 163.782 268.22625 -0.05 173.8815 309.64975 -0.05 173.8815 309.64975 26.6176470588 163.782 268.22625 -0.05 173.8815 309.64975 26.6176470588 163.782 268.22625 26.6176470588 173.8815 309.64975 -0.05 132.876 319.70625 -0.05 132.876 319.70625 26.6176470588 173.8815 309.64975 -0.05 132.876 319.70625 26.6176470588 173.8815 309.64975 26.6176470588 132.876 319.70625 -0.05 128.7175 301.36175 -0.05 128.7175 301.36175 26.6176470588 132.876 319.70625 -0.05 128.7175 301.36175 26.6176470588 132.876 319.70625 26.6176470588 128.7175 301.36175 -0.05 144.16875 297.81225 -0.05 144.16875 297.81225 26.6176470588 128.7175 301.36175 -0.05 144.16875 297.81225 26.6176470588 128.7175 301.36175 26.6176470588 144.16875 297.81225 -0.05 141.7925 288.344 -0.05 141.7925 288.344 26.6176470588 144.16875 297.81225 -0.05 141.7925 288.344 26.6176470588 144.16875 297.81225 26.6176470588 141.7925 288.344 -0.05 126.341 291.8935 -0.05 126.341 291.8935 26.6176470588 141.7925 288.344 -0.05 126.341 291.8935 26.6176470588 141.7925 288.344 26.6176470588 126.341 291.8935 -0.05 122.7765 277.69125 -0.05 122.7765 277.69125 26.6176470588 126.341 291.8935 -0.05 122.7765 277.69125 26.6176470588 126.341 291.8935 26.6176470588 16.99275 320.28975 37.3529411765 9.26975 280.64175 37.3529411765 24.72125 277.09225 37.3529411765 24.72125 277.09225 -0.05 9.26975 280.64175 -0.05 16.99275 320.28975 -0.05 16.99275 320.28975 37.3529411765 24.72125 277.09225 37.3529411765 27.6915 291.88625 37.3529411765 27.6915 291.88625 -0.05 24.72125 277.09225 -0.05 16.99275 320.28975 -0.05 16.99275 320.28975 37.3529411765 27.6915 291.88625 37.3529411765 32.44575 290.70325 37.3529411765 32.44575 290.70325 -0.05 27.6915 291.88625 -0.05 16.99275 320.28975 -0.05 16.99275 320.28975 37.3529411765 32.44575 290.70325 37.3529411765 32.44575 293.07025 37.3529411765 32.44575 293.07025 -0.05 32.44575 290.70325 -0.05 16.99275 320.28975 -0.05 16.99275 320.28975 37.3529411765 32.44575 293.07025 37.3529411765 54.434 288.9295 37.3529411765 54.434 288.9295 -0.05 32.44575 293.07025 -0.05 16.99275 320.28975 -0.05 54.434 288.9295 37.3529411765 59.1865 312.00825 37.3529411765 16.99275 320.28975 37.3529411765 16.99275 320.28975 -0.05 59.1865 312.00825 -0.05 54.434 288.9295 -0.05 9.26975 280.64175 -0.05 24.72125 277.09225 -0.05 24.72125 277.09225 37.3529411765 9.26975 280.64175 -0.05 24.72125 277.09225 37.3529411765 9.26975 280.64175 37.3529411765 24.72125 277.09225 -0.05 27.6915 291.88625 -0.05 27.6915 291.88625 37.3529411765 24.72125 277.09225 -0.05 27.6915 291.88625 37.3529411765 24.72125 277.09225 37.3529411765 27.6915 291.88625 -0.05 32.44575 290.70325 -0.05 32.44575 290.70325 37.3529411765 27.6915 291.88625 -0.05 32.44575 290.70325 37.3529411765 27.6915 291.88625 37.3529411765 32.44575 290.70325 -0.05 32.44575 293.07025 -0.05 32.44575 293.07025 37.3529411765 32.44575 290.70325 -0.05 32.44575 293.07025 37.3529411765 32.44575 290.70325 37.3529411765 32.44575 293.07025 -0.05 54.434 288.9295 -0.05 54.434 288.9295 37.3529411765 32.44575 293.07025 -0.05 54.434 288.9295 37.3529411765 32.44575 293.07025 37.3529411765 54.434 288.9295 -0.05 59.1865 312.00825 -0.05 59.1865 312.00825 37.3529411765 54.434 288.9295 -0.05 59.1865 312.00825 37.3529411765 54.434 288.9295 37.3529411765 59.1865 312.00825 -0.05 16.99275 320.28975 -0.05 16.99275 320.28975 37.3529411765 59.1865 312.00825 -0.05 16.99275 320.28975 37.3529411765 59.1865 312.00825 37.3529411765 16.99275 320.28975 -0.05 9.26975 280.64175 -0.05 9.26975 280.64175 37.3529411765 16.99275 320.28975 -0.05 9.26975 280.64175 37.3529411765 16.99275 320.28975 37.3529411765 88.3605 -435.96425 22.3529411765 87.76775 -457.85925 22.3529411765 108.56825 -458.4495 22.3529411765 108.56825 -458.4495 -0.05 87.76775 -457.85925 -0.05 88.3605 -435.96425 -0.05 108.56825 -458.4495 22.3529411765 108.5685 -461.40825 22.3529411765 115.10575 -461.40775 22.3529411765 115.10575 -461.40775 -0.05 108.5685 -461.40825 -0.05 108.56825 -458.4495 -0.05 88.3605 -435.96425 22.3529411765 108.56825 -458.4495 22.3529411765 115.10575 -461.40775 22.3529411765 115.10575 -461.40775 -0.05 108.56825 -458.4495 -0.05 88.3605 -435.96425 -0.05 115.10575 -461.40775 22.3529411765 115.10675 -476.79325 22.3529411765 132.93575 -477.38375 22.3529411765 132.93575 -477.38375 -0.05 115.10675 -476.79325 -0.05 115.10575 -461.40775 -0.05 88.3605 -435.96425 22.3529411765 115.10575 -461.40775 22.3529411765 132.93575 -477.38375 22.3529411765 132.93575 -477.38375 -0.05 115.10575 -461.40775 -0.05 88.3605 -435.96425 -0.05 132.93575 -477.38375 22.3529411765 133.527 -437.1445 22.3529411765 88.3605 -435.96425 22.3529411765 88.3605 -435.96425 -0.05 133.527 -437.1445 -0.05 132.93575 -477.38375 -0.05 87.76775 -457.85925 -0.05 108.56825 -458.4495 -0.05 108.56825 -458.4495 22.3529411765 87.76775 -457.85925 -0.05 108.56825 -458.4495 22.3529411765 87.76775 -457.85925 22.3529411765 108.56825 -458.4495 -0.05 108.5685 -461.40825 -0.05 108.5685 -461.40825 22.3529411765 108.56825 -458.4495 -0.05 108.5685 -461.40825 22.3529411765 108.56825 -458.4495 22.3529411765 108.5685 -461.40825 -0.05 115.10575 -461.40775 -0.05 115.10575 -461.40775 22.3529411765 108.5685 -461.40825 -0.05 115.10575 -461.40775 22.3529411765 108.5685 -461.40825 22.3529411765 115.10575 -461.40775 -0.05 115.10675 -476.79325 -0.05 115.10675 -476.79325 22.3529411765 115.10575 -461.40775 -0.05 115.10675 -476.79325 22.3529411765 115.10575 -461.40775 22.3529411765 115.10675 -476.79325 -0.05 132.93575 -477.38375 -0.05 132.93575 -477.38375 22.3529411765 115.10675 -476.79325 -0.05 132.93575 -477.38375 22.3529411765 115.10675 -476.79325 22.3529411765 132.93575 -477.38375 -0.05 133.527 -437.1445 -0.05 133.527 -437.1445 22.3529411765 132.93575 -477.38375 -0.05 133.527 -437.1445 22.3529411765 132.93575 -477.38375 22.3529411765 133.527 -437.1445 -0.05 88.3605 -435.96425 -0.05 88.3605 -435.96425 22.3529411765 133.527 -437.1445 -0.05 88.3605 -435.96425 22.3529411765 133.527 -437.1445 22.3529411765 88.3605 -435.96425 -0.05 87.76775 -457.85925 -0.05 87.76775 -457.85925 22.3529411765 88.3605 -435.96425 -0.05 87.76775 -457.85925 22.3529411765 88.3605 -435.96425 22.3529411765 88.332 -43.63275 30 87.739 -60.79375 30 103.19025 -60.7925 30 103.19025 -60.7925 -0.05 87.739 -60.79375 -0.05 88.332 -43.63275 -0.05 103.19075 -67.8935 30 87.7395 -67.89475 30 87.74075 -86.239 30 87.74075 -86.239 -0.05 87.7395 -67.89475 -0.05 103.19075 -67.8935 -0.05 103.19075 -67.8935 30 87.74075 -86.239 30 128.152 -86.236 30 128.152 -86.236 -0.05 87.74075 -86.239 -0.05 103.19075 -67.8935 -0.05 103.19025 -60.7925 30 103.19075 -67.8935 30 128.152 -86.236 30 128.152 -86.236 -0.05 103.19075 -67.8935 -0.05 103.19025 -60.7925 -0.05 88.332 -43.63275 30 103.19025 -60.7925 30 128.152 -86.236 30 128.152 -86.236 -0.05 103.19025 -60.7925 -0.05 88.332 -43.63275 -0.05 128.152 -86.236 30 128.149 -44.2215 30 88.332 -43.63275 30 88.332 -43.63275 -0.05 128.149 -44.2215 -0.05 128.152 -86.236 -0.05 87.739 -60.79375 -0.05 103.19025 -60.7925 -0.05 103.19025 -60.7925 30 87.739 -60.79375 -0.05 103.19025 -60.7925 30 87.739 -60.79375 30 103.19025 -60.7925 -0.05 103.19075 -67.8935 -0.05 103.19075 -67.8935 30 103.19025 -60.7925 -0.05 103.19075 -67.8935 30 103.19025 -60.7925 30 103.19075 -67.8935 -0.05 87.7395 -67.89475 -0.05 87.7395 -67.89475 30 103.19075 -67.8935 -0.05 87.7395 -67.89475 30 103.19075 -67.8935 30 87.7395 -67.89475 -0.05 87.74075 -86.239 -0.05 87.74075 -86.239 30 87.7395 -67.89475 -0.05 87.74075 -86.239 30 87.7395 -67.89475 30 87.74075 -86.239 -0.05 128.152 -86.236 -0.05 128.152 -86.236 30 87.74075 -86.239 -0.05 128.152 -86.236 30 87.74075 -86.239 30 128.152 -86.236 -0.05 128.149 -44.2215 -0.05 128.149 -44.2215 30 128.152 -86.236 -0.05 128.149 -44.2215 30 128.152 -86.236 30 128.149 -44.2215 -0.05 88.332 -43.63275 -0.05 88.332 -43.63275 30 128.149 -44.2215 -0.05 88.332 -43.63275 30 128.149 -44.2215 30 88.332 -43.63275 -0.05 87.739 -60.79375 -0.05 87.739 -60.79375 30 88.332 -43.63275 -0.05 87.739 -60.79375 30 88.332 -43.63275 30 284.447 -62.55375 37.2058823529 239.87575 -62.55725 37.2058823529 239.8775 -84.452 37.2058823529 239.8775 -84.452 -0.05 239.87575 -62.55725 -0.05 284.447 -62.55375 -0.05 284.447 -62.55375 37.2058823529 239.8775 -84.452 37.2058823529 259.48875 -84.4505 37.2058823529 259.48875 -84.4505 -0.05 239.8775 -84.452 -0.05 284.447 -62.55375 -0.05 284.447 -62.55375 37.2058823529 259.48875 -84.4505 37.2058823529 259.489 -87.40925 37.2058823529 259.489 -87.40925 -0.05 259.48875 -84.4505 -0.05 284.447 -62.55375 -0.05 284.447 -62.55375 37.2058823529 259.489 -87.40925 37.2058823529 266.6205 -87.40875 37.2058823529 266.6205 -87.40875 -0.05 259.489 -87.40925 -0.05 284.447 -62.55375 -0.05 284.447 -62.55375 37.2058823529 266.6205 -87.40875 37.2058823529 266.6215 -99.8355 37.2058823529 266.6215 -99.8355 -0.05 266.6205 -87.40875 -0.05 284.447 -62.55375 -0.05 266.6215 -99.8355 37.2058823529 283.85575 -100.42575 37.2058823529 284.447 -62.55375 37.2058823529 284.447 -62.55375 -0.05 283.85575 -100.42575 -0.05 266.6215 -99.8355 -0.05 239.87575 -62.55725 -0.05 239.8775 -84.452 -0.05 239.8775 -84.452 37.2058823529 239.87575 -62.55725 -0.05 239.8775 -84.452 37.2058823529 239.87575 -62.55725 37.2058823529 239.8775 -84.452 -0.05 259.48875 -84.4505 -0.05 259.48875 -84.4505 37.2058823529 239.8775 -84.452 -0.05 259.48875 -84.4505 37.2058823529 239.8775 -84.452 37.2058823529 259.48875 -84.4505 -0.05 259.489 -87.40925 -0.05 259.489 -87.40925 37.2058823529 259.48875 -84.4505 -0.05 259.489 -87.40925 37.2058823529 259.48875 -84.4505 37.2058823529 259.489 -87.40925 -0.05 266.6205 -87.40875 -0.05 266.6205 -87.40875 37.2058823529 259.489 -87.40925 -0.05 266.6205 -87.40875 37.2058823529 259.489 -87.40925 37.2058823529 266.6205 -87.40875 -0.05 266.6215 -99.8355 -0.05 266.6215 -99.8355 37.2058823529 266.6205 -87.40875 -0.05 266.6215 -99.8355 37.2058823529 266.6205 -87.40875 37.2058823529 266.6215 -99.8355 -0.05 283.85575 -100.42575 -0.05 283.85575 -100.42575 37.2058823529 266.6215 -99.8355 -0.05 283.85575 -100.42575 37.2058823529 266.6215 -99.8355 37.2058823529 283.85575 -100.42575 -0.05 284.447 -62.55375 -0.05 284.447 -62.55375 37.2058823529 283.85575 -100.42575 -0.05 284.447 -62.55375 37.2058823529 283.85575 -100.42575 37.2058823529 284.447 -62.55375 -0.05 239.87575 -62.55725 -0.05 239.87575 -62.55725 37.2058823529 284.447 -62.55375 -0.05 239.87575 -62.55725 37.2058823529 284.447 -62.55375 37.2058823529 -100.0465 -190.40025 40.7352941176 -100.63975 -208.7445 40.7352941176 -83.9995 -208.7435 40.7352941176 -83.9995 -208.7435 -0.05 -100.63975 -208.7445 -0.05 -100.0465 -190.40025 -0.05 -83.9995 -208.7435 40.7352941176 -83.999 -216.43625 40.7352941176 -81.02775 -216.436 40.7352941176 -81.02775 -216.436 -0.05 -83.999 -216.43625 -0.05 -83.9995 -208.7435 -0.05 -81.02775 -216.436 40.7352941176 -81.62075 -234.7805 40.7352941176 -59.03775 -235.37075 40.7352941176 -59.03775 -235.37075 -0.05 -81.62075 -234.7805 -0.05 -81.02775 -216.436 -0.05 -83.9995 -208.7435 40.7352941176 -81.02775 -216.436 40.7352941176 -59.03775 -235.37075 40.7352941176 -59.03775 -235.37075 -0.05 -81.02775 -216.436 -0.05 -83.9995 -208.7435 -0.05 -100.0465 -190.40025 40.7352941176 -83.9995 -208.7435 40.7352941176 -59.03775 -235.37075 40.7352941176 -59.03775 -235.37075 -0.05 -83.9995 -208.7435 -0.05 -100.0465 -190.40025 -0.05 -59.03775 -235.37075 40.7352941176 -58.44625 -190.98925 40.7352941176 -100.0465 -190.40025 40.7352941176 -100.0465 -190.40025 -0.05 -58.44625 -190.98925 -0.05 -59.03775 -235.37075 -0.05 -100.63975 -208.7445 -0.05 -83.9995 -208.7435 -0.05 -83.9995 -208.7435 40.7352941176 -100.63975 -208.7445 -0.05 -83.9995 -208.7435 40.7352941176 -100.63975 -208.7445 40.7352941176 -83.9995 -208.7435 -0.05 -83.999 -216.43625 -0.05 -83.999 -216.43625 40.7352941176 -83.9995 -208.7435 -0.05 -83.999 -216.43625 40.7352941176 -83.9995 -208.7435 40.7352941176 -83.999 -216.43625 -0.05 -81.02775 -216.436 -0.05 -81.02775 -216.436 40.7352941176 -83.999 -216.43625 -0.05 -81.02775 -216.436 40.7352941176 -83.999 -216.43625 40.7352941176 -81.02775 -216.436 -0.05 -81.62075 -234.7805 -0.05 -81.62075 -234.7805 40.7352941176 -81.02775 -216.436 -0.05 -81.62075 -234.7805 40.7352941176 -81.02775 -216.436 40.7352941176 -81.62075 -234.7805 -0.05 -59.03775 -235.37075 -0.05 -59.03775 -235.37075 40.7352941176 -81.62075 -234.7805 -0.05 -59.03775 -235.37075 40.7352941176 -81.62075 -234.7805 40.7352941176 -59.03775 -235.37075 -0.05 -58.44625 -190.98925 -0.05 -58.44625 -190.98925 40.7352941176 -59.03775 -235.37075 -0.05 -58.44625 -190.98925 40.7352941176 -59.03775 -235.37075 40.7352941176 -58.44625 -190.98925 -0.05 -100.0465 -190.40025 -0.05 -100.0465 -190.40025 40.7352941176 -58.44625 -190.98925 -0.05 -100.0465 -190.40025 40.7352941176 -58.44625 -190.98925 40.7352941176 -100.0465 -190.40025 -0.05 -100.63975 -208.7445 -0.05 -100.63975 -208.7445 40.7352941176 -100.0465 -190.40025 -0.05 -100.63975 -208.7445 40.7352941176 -100.0465 -190.40025 40.7352941176 -437.001 -331.256 26.1764705882 -479.78975 -331.84975 26.1764705882 -479.19475 -349.0105 26.1764705882 -479.19475 -349.0105 -0.05 -479.78975 -331.84975 -0.05 -437.001 -331.256 -0.05 -437.001 -331.256 26.1764705882 -479.19475 -349.0105 26.1764705882 -463.74325 -349.00975 26.1764705882 -463.74325 -349.00975 -0.05 -479.19475 -349.0105 -0.05 -437.001 -331.256 -0.05 -437.001 -331.256 26.1764705882 -463.74325 -349.00975 26.1764705882 -463.74275 -359.0695 26.1764705882 -463.74275 -359.0695 -0.05 -463.74325 -349.00975 -0.05 -437.001 -331.256 -0.05 -463.74275 -359.0695 26.1764705882 -479.19425 -359.07025 26.1764705882 -479.1935 -376.82275 26.1764705882 -479.1935 -376.82275 -0.05 -479.19425 -359.07025 -0.05 -463.74275 -359.0695 -0.05 -437.001 -331.256 26.1764705882 -463.74275 -359.0695 26.1764705882 -479.1935 -376.82275 26.1764705882 -479.1935 -376.82275 -0.05 -463.74275 -359.0695 -0.05 -437.001 -331.256 -0.05 -479.1935 -376.82275 26.1764705882 -436.4045 -376.229 26.1764705882 -437.001 -331.256 26.1764705882 -437.001 -331.256 -0.05 -436.4045 -376.229 -0.05 -479.1935 -376.82275 -0.05 -479.78975 -331.84975 -0.05 -479.19475 -349.0105 -0.05 -479.19475 -349.0105 26.1764705882 -479.78975 -331.84975 -0.05 -479.19475 -349.0105 26.1764705882 -479.78975 -331.84975 26.1764705882 -479.19475 -349.0105 -0.05 -463.74325 -349.00975 -0.05 -463.74325 -349.00975 26.1764705882 -479.19475 -349.0105 -0.05 -463.74325 -349.00975 26.1764705882 -479.19475 -349.0105 26.1764705882 -463.74325 -349.00975 -0.05 -463.74275 -359.0695 -0.05 -463.74275 -359.0695 26.1764705882 -463.74325 -349.00975 -0.05 -463.74275 -359.0695 26.1764705882 -463.74325 -349.00975 26.1764705882 -463.74275 -359.0695 -0.05 -479.19425 -359.07025 -0.05 -479.19425 -359.07025 26.1764705882 -463.74275 -359.0695 -0.05 -479.19425 -359.07025 26.1764705882 -463.74275 -359.0695 26.1764705882 -479.19425 -359.07025 -0.05 -479.1935 -376.82275 -0.05 -479.1935 -376.82275 26.1764705882 -479.19425 -359.07025 -0.05 -479.1935 -376.82275 26.1764705882 -479.19425 -359.07025 26.1764705882 -479.1935 -376.82275 -0.05 -436.4045 -376.229 -0.05 -436.4045 -376.229 26.1764705882 -479.1935 -376.82275 -0.05 -436.4045 -376.229 26.1764705882 -479.1935 -376.82275 26.1764705882 -436.4045 -376.229 -0.05 -437.001 -331.256 -0.05 -437.001 -331.256 26.1764705882 -436.4045 -376.229 -0.05 -437.001 -331.256 26.1764705882 -436.4045 -376.229 26.1764705882 -437.001 -331.256 -0.05 -479.78975 -331.84975 -0.05 -479.78975 -331.84975 26.1764705882 -437.001 -331.256 -0.05 -479.78975 -331.84975 26.1764705882 -437.001 -331.256 26.1764705882 -243.25475 -456.1055 25.5882352941 -283.66675 -456.10775 25.5882352941 -283.66575 -475.04375 25.5882352941 -283.66575 -475.04375 -0.05 -283.66675 -456.10775 -0.05 -243.25475 -456.1055 -0.05 -243.25475 -456.1055 25.5882352941 -283.66575 -475.04375 25.5882352941 -269.40275 -474.45125 25.5882352941 -269.40275 -474.45125 -0.05 -283.66575 -475.04375 -0.05 -243.25475 -456.1055 -0.05 -243.25475 -456.1055 25.5882352941 -269.40275 -474.45125 25.5882352941 -269.40225 -482.144 25.5882352941 -269.40225 -482.144 -0.05 -269.40275 -474.45125 -0.05 -243.25475 -456.1055 -0.05 -269.40225 -482.144 25.5882352941 -283.66525 -482.7365 25.5882352941 -283.6645 -499.3055 25.5882352941 -283.6645 -499.3055 -0.05 -283.66525 -482.7365 -0.05 -269.40225 -482.144 -0.05 -243.25475 -456.1055 25.5882352941 -269.40225 -482.144 25.5882352941 -283.6645 -499.3055 25.5882352941 -283.6645 -499.3055 -0.05 -269.40225 -482.144 -0.05 -243.25475 -456.1055 -0.05 -283.6645 -499.3055 25.5882352941 -243.25225 -499.30325 25.5882352941 -243.25475 -456.1055 25.5882352941 -243.25475 -456.1055 -0.05 -243.25225 -499.30325 -0.05 -283.6645 -499.3055 -0.05 -283.66675 -456.10775 -0.05 -283.66575 -475.04375 -0.05 -283.66575 -475.04375 25.5882352941 -283.66675 -456.10775 -0.05 -283.66575 -475.04375 25.5882352941 -283.66675 -456.10775 25.5882352941 -283.66575 -475.04375 -0.05 -269.40275 -474.45125 -0.05 -269.40275 -474.45125 25.5882352941 -283.66575 -475.04375 -0.05 -269.40275 -474.45125 25.5882352941 -283.66575 -475.04375 25.5882352941 -269.40275 -474.45125 -0.05 -269.40225 -482.144 -0.05 -269.40225 -482.144 25.5882352941 -269.40275 -474.45125 -0.05 -269.40225 -482.144 25.5882352941 -269.40275 -474.45125 25.5882352941 -269.40225 -482.144 -0.05 -283.66525 -482.7365 -0.05 -283.66525 -482.7365 25.5882352941 -269.40225 -482.144 -0.05 -283.66525 -482.7365 25.5882352941 -269.40225 -482.144 25.5882352941 -283.66525 -482.7365 -0.05 -283.6645 -499.3055 -0.05 -283.6645 -499.3055 25.5882352941 -283.66525 -482.7365 -0.05 -283.6645 -499.3055 25.5882352941 -283.66525 -482.7365 25.5882352941 -283.6645 -499.3055 -0.05 -243.25225 -499.30325 -0.05 -243.25225 -499.30325 25.5882352941 -283.6645 -499.3055 -0.05 -243.25225 -499.30325 25.5882352941 -283.6645 -499.3055 25.5882352941 -243.25225 -499.30325 -0.05 -243.25475 -456.1055 -0.05 -243.25475 -456.1055 25.5882352941 -243.25225 -499.30325 -0.05 -243.25475 -456.1055 25.5882352941 -243.25225 -499.30325 25.5882352941 -243.25475 -456.1055 -0.05 -283.66675 -456.10775 -0.05 -283.66675 -456.10775 25.5882352941 -243.25475 -456.1055 -0.05 -283.66675 -456.10775 25.5882352941 -243.25475 -456.1055 25.5882352941 525.708 132.154 23.3823529412 516.7955 113.809 23.3823529412 525.71025 109.6675 23.3823529412 525.71025 109.6675 -0.05 516.7955 113.809 -0.05 525.708 132.154 -0.05 525.71025 109.6675 23.3823529412 517.39175 93.0975 23.3823529412 533.438 85.40625 23.3823529412 533.438 85.40625 -0.05 517.39175 93.0975 -0.05 525.71025 109.6675 -0.05 525.708 132.154 23.3823529412 525.71025 109.6675 23.3823529412 533.438 85.40625 23.3823529412 533.438 85.40625 -0.05 525.71025 109.6675 -0.05 525.708 132.154 -0.05 525.708 132.154 23.3823529412 533.438 85.40625 23.3823529412 539.97375 99.609 23.3823529412 539.97375 99.609 -0.05 533.438 85.40625 -0.05 525.708 132.154 -0.05 525.708 132.154 23.3823529412 539.97375 99.609 23.3823529412 562.5575 88.9595 23.3823529412 562.5575 88.9595 -0.05 539.97375 99.609 -0.05 525.708 132.154 -0.05 525.708 132.154 23.3823529412 562.5575 88.9595 23.3823529412 577.4115 119.73225 23.3823529412 577.4115 119.73225 -0.05 562.5575 88.9595 -0.05 525.708 132.154 -0.05 577.4115 119.73225 23.3823529412 539.376 137.481 23.3823529412 525.708 132.154 23.3823529412 525.708 132.154 -0.05 539.376 137.481 -0.05 577.4115 119.73225 -0.05 516.7955 113.809 -0.05 525.71025 109.6675 -0.05 525.71025 109.6675 23.3823529412 516.7955 113.809 -0.05 525.71025 109.6675 23.3823529412 516.7955 113.809 23.3823529412 525.71025 109.6675 -0.05 517.39175 93.0975 -0.05 517.39175 93.0975 23.3823529412 525.71025 109.6675 -0.05 517.39175 93.0975 23.3823529412 525.71025 109.6675 23.3823529412 517.39175 93.0975 -0.05 533.438 85.40625 -0.05 533.438 85.40625 23.3823529412 517.39175 93.0975 -0.05 533.438 85.40625 23.3823529412 517.39175 93.0975 23.3823529412 533.438 85.40625 -0.05 539.97375 99.609 -0.05 539.97375 99.609 23.3823529412 533.438 85.40625 -0.05 539.97375 99.609 23.3823529412 533.438 85.40625 23.3823529412 539.97375 99.609 -0.05 562.5575 88.9595 -0.05 562.5575 88.9595 23.3823529412 539.97375 99.609 -0.05 562.5575 88.9595 23.3823529412 539.97375 99.609 23.3823529412 562.5575 88.9595 -0.05 577.4115 119.73225 -0.05 577.4115 119.73225 23.3823529412 562.5575 88.9595 -0.05 577.4115 119.73225 23.3823529412 562.5575 88.9595 23.3823529412 577.4115 119.73225 -0.05 539.376 137.481 -0.05 539.376 137.481 23.3823529412 577.4115 119.73225 -0.05 539.376 137.481 23.3823529412 577.4115 119.73225 23.3823529412 539.376 137.481 -0.05 525.708 132.154 -0.05 525.708 132.154 23.3823529412 539.376 137.481 -0.05 525.708 132.154 23.3823529412 539.376 137.481 23.3823529412 525.708 132.154 -0.05 516.7955 113.809 -0.05 516.7955 113.809 23.3823529412 525.708 132.154 -0.05 516.7955 113.809 23.3823529412 525.708 132.154 23.3823529412 -596.30925 619.68275 46.7647058824 -611.16425 577.66775 46.7647058824 -603.43875 575.301 46.7647058824 -603.43875 575.301 -0.05 -611.16425 577.66775 -0.05 -596.30925 619.68275 -0.05 -596.30925 619.68275 46.7647058824 -603.43875 575.301 46.7647058824 -598.68425 571.159 46.7647058824 -598.68425 571.159 -0.05 -603.43875 575.301 -0.05 -596.30925 619.68275 -0.05 -596.30925 619.68275 46.7647058824 -598.68425 571.159 46.7647058824 -571.942 561.692 46.7647058824 -571.942 561.692 -0.05 -598.68425 571.159 -0.05 -596.30925 619.68275 -0.05 -571.942 561.692 46.7647058824 -564.2175 582.4035 46.7647058824 -578.48 587.72875 46.7647058824 -578.48 587.72875 -0.05 -564.2175 582.4035 -0.05 -571.942 561.692 -0.05 -596.30925 619.68275 46.7647058824 -571.942 561.692 46.7647058824 -578.48 587.72875 46.7647058824 -578.48 587.72875 -0.05 -571.942 561.692 -0.05 -596.30925 619.68275 -0.05 -596.30925 619.68275 46.7647058824 -578.48 587.72875 46.7647058824 -570.7555 610.8075 46.7647058824 -570.7555 610.8075 -0.05 -578.48 587.72875 -0.05 -596.30925 619.68275 -0.05 -570.7555 610.8075 46.7647058824 -582.04675 617.31625 46.7647058824 -596.30925 619.68275 46.7647058824 -596.30925 619.68275 -0.05 -582.04675 617.31625 -0.05 -570.7555 610.8075 -0.05 -611.16425 577.66775 -0.05 -603.43875 575.301 -0.05 -603.43875 575.301 46.7647058824 -611.16425 577.66775 -0.05 -603.43875 575.301 46.7647058824 -611.16425 577.66775 46.7647058824 -603.43875 575.301 -0.05 -598.68425 571.159 -0.05 -598.68425 571.159 46.7647058824 -603.43875 575.301 -0.05 -598.68425 571.159 46.7647058824 -603.43875 575.301 46.7647058824 -598.68425 571.159 -0.05 -571.942 561.692 -0.05 -571.942 561.692 46.7647058824 -598.68425 571.159 -0.05 -571.942 561.692 46.7647058824 -598.68425 571.159 46.7647058824 -571.942 561.692 -0.05 -564.2175 582.4035 -0.05 -564.2175 582.4035 46.7647058824 -571.942 561.692 -0.05 -564.2175 582.4035 46.7647058824 -571.942 561.692 46.7647058824 -564.2175 582.4035 -0.05 -578.48 587.72875 -0.05 -578.48 587.72875 46.7647058824 -564.2175 582.4035 -0.05 -578.48 587.72875 46.7647058824 -564.2175 582.4035 46.7647058824 -578.48 587.72875 -0.05 -570.7555 610.8075 -0.05 -570.7555 610.8075 46.7647058824 -578.48 587.72875 -0.05 -570.7555 610.8075 46.7647058824 -578.48 587.72875 46.7647058824 -570.7555 610.8075 -0.05 -582.04675 617.31625 -0.05 -582.04675 617.31625 46.7647058824 -570.7555 610.8075 -0.05 -582.04675 617.31625 46.7647058824 -570.7555 610.8075 46.7647058824 -582.04675 617.31625 -0.05 -596.30925 619.68275 -0.05 -596.30925 619.68275 46.7647058824 -582.04675 617.31625 -0.05 -596.30925 619.68275 46.7647058824 -582.04675 617.31625 46.7647058824 -596.30925 619.68275 -0.05 -611.16425 577.66775 -0.05 -611.16425 577.66775 46.7647058824 -596.30925 619.68275 -0.05 -611.16425 577.66775 46.7647058824 -596.30925 619.68275 46.7647058824 129.3445 -138.31 25.1470588235 88.933 -137.72125 25.1470588235 88.9345 -156.06575 25.1470588235 88.9345 -156.06575 -0.05 88.933 -137.72125 -0.05 129.3445 -138.31 -0.05 129.3445 -138.31 25.1470588235 88.9345 -156.06575 25.1470588235 103.7915 -156.0645 25.1470588235 103.7915 -156.0645 -0.05 88.9345 -156.06575 -0.05 129.3445 -138.31 -0.05 129.3445 -138.31 25.1470588235 103.7915 -156.0645 25.1470588235 103.792 -160.7985 25.1470588235 103.792 -160.7985 -0.05 103.7915 -156.0645 -0.05 129.3445 -138.31 -0.05 103.792 -160.7985 25.1470588235 90.12325 -160.7995 25.1470588235 89.5305 -180.3275 25.1470588235 89.5305 -180.3275 -0.05 90.12325 -160.7995 -0.05 103.792 -160.7985 -0.05 129.3445 -138.31 25.1470588235 103.792 -160.7985 25.1470588235 89.5305 -180.3275 25.1470588235 89.5305 -180.3275 -0.05 103.792 -160.7985 -0.05 129.3445 -138.31 -0.05 89.5305 -180.3275 25.1470588235 128.7535 -180.3245 25.1470588235 129.3445 -138.31 25.1470588235 129.3445 -138.31 -0.05 128.7535 -180.3245 -0.05 89.5305 -180.3275 -0.05 88.933 -137.72125 -0.05 88.9345 -156.06575 -0.05 88.9345 -156.06575 25.1470588235 88.933 -137.72125 -0.05 88.9345 -156.06575 25.1470588235 88.933 -137.72125 25.1470588235 88.9345 -156.06575 -0.05 103.7915 -156.0645 -0.05 103.7915 -156.0645 25.1470588235 88.9345 -156.06575 -0.05 103.7915 -156.0645 25.1470588235 88.9345 -156.06575 25.1470588235 103.7915 -156.0645 -0.05 103.792 -160.7985 -0.05 103.792 -160.7985 25.1470588235 103.7915 -156.0645 -0.05 103.792 -160.7985 25.1470588235 103.7915 -156.0645 25.1470588235 103.792 -160.7985 -0.05 90.12325 -160.7995 -0.05 90.12325 -160.7995 25.1470588235 103.792 -160.7985 -0.05 90.12325 -160.7995 25.1470588235 103.792 -160.7985 25.1470588235 90.12325 -160.7995 -0.05 89.5305 -180.3275 -0.05 89.5305 -180.3275 25.1470588235 90.12325 -160.7995 -0.05 89.5305 -180.3275 25.1470588235 90.12325 -160.7995 25.1470588235 89.5305 -180.3275 -0.05 128.7535 -180.3245 -0.05 128.7535 -180.3245 25.1470588235 89.5305 -180.3275 -0.05 128.7535 -180.3245 25.1470588235 89.5305 -180.3275 25.1470588235 128.7535 -180.3245 -0.05 129.3445 -138.31 -0.05 129.3445 -138.31 25.1470588235 128.7535 -180.3245 -0.05 129.3445 -138.31 25.1470588235 128.7535 -180.3245 25.1470588235 129.3445 -138.31 -0.05 88.933 -137.72125 -0.05 88.933 -137.72125 25.1470588235 129.3445 -138.31 -0.05 88.933 -137.72125 25.1470588235 129.3445 -138.31 25.1470588235 560.7515 331.57775 28.0882352941 547.6775 330.98475 28.0882352941 548.867 319.74175 28.0882352941 548.867 319.74175 -0.05 547.6775 330.98475 -0.05 560.7515 331.57775 -0.05 560.7515 331.57775 28.0882352941 548.867 319.74175 28.0882352941 550.0555 320.3335 28.0882352941 550.0555 320.3335 -0.05 548.867 319.74175 -0.05 560.7515 331.57775 -0.05 560.7515 331.57775 28.0882352941 550.0555 320.3335 28.0882352941 551.24525 307.90675 28.0882352941 551.24525 307.90675 -0.05 550.0555 320.3335 -0.05 560.7515 331.57775 -0.05 560.7515 331.57775 28.0882352941 551.24525 307.90675 28.0882352941 585.713 310.869 28.0882352941 585.713 310.869 -0.05 551.24525 307.90675 -0.05 560.7515 331.57775 -0.05 585.713 310.869 28.0882352941 583.928 333.35525 28.0882352941 570.854 332.1705 28.0882352941 570.854 332.1705 -0.05 583.928 333.35525 -0.05 585.713 310.869 -0.05 560.7515 331.57775 28.0882352941 585.713 310.869 28.0882352941 570.854 332.1705 28.0882352941 570.854 332.1705 -0.05 585.713 310.869 -0.05 560.7515 331.57775 -0.05 560.7515 331.57775 28.0882352941 570.854 332.1705 28.0882352941 570.85375 334.5375 28.0882352941 570.85375 334.5375 -0.05 570.854 332.1705 -0.05 560.7515 331.57775 -0.05 570.85375 334.5375 28.0882352941 560.157 333.353 28.0882352941 560.7515 331.57775 28.0882352941 560.7515 331.57775 -0.05 560.157 333.353 -0.05 570.85375 334.5375 -0.05 547.6775 330.98475 -0.05 548.867 319.74175 -0.05 548.867 319.74175 28.0882352941 547.6775 330.98475 -0.05 548.867 319.74175 28.0882352941 547.6775 330.98475 28.0882352941 548.867 319.74175 -0.05 550.0555 320.3335 -0.05 550.0555 320.3335 28.0882352941 548.867 319.74175 -0.05 550.0555 320.3335 28.0882352941 548.867 319.74175 28.0882352941 550.0555 320.3335 -0.05 551.24525 307.90675 -0.05 551.24525 307.90675 28.0882352941 550.0555 320.3335 -0.05 551.24525 307.90675 28.0882352941 550.0555 320.3335 28.0882352941 551.24525 307.90675 -0.05 585.713 310.869 -0.05 585.713 310.869 28.0882352941 551.24525 307.90675 -0.05 585.713 310.869 28.0882352941 551.24525 307.90675 28.0882352941 585.713 310.869 -0.05 583.928 333.35525 -0.05 583.928 333.35525 28.0882352941 585.713 310.869 -0.05 583.928 333.35525 28.0882352941 585.713 310.869 28.0882352941 583.928 333.35525 -0.05 570.854 332.1705 -0.05 570.854 332.1705 28.0882352941 583.928 333.35525 -0.05 570.854 332.1705 28.0882352941 583.928 333.35525 28.0882352941 570.854 332.1705 -0.05 570.85375 334.5375 -0.05 570.85375 334.5375 28.0882352941 570.854 332.1705 -0.05 570.85375 334.5375 28.0882352941 570.854 332.1705 28.0882352941 570.85375 334.5375 -0.05 560.157 333.353 -0.05 560.157 333.353 28.0882352941 570.85375 334.5375 -0.05 560.157 333.353 28.0882352941 570.85375 334.5375 28.0882352941 560.157 333.353 -0.05 560.7515 331.57775 -0.05 560.7515 331.57775 28.0882352941 560.157 333.353 -0.05 560.7515 331.57775 28.0882352941 560.157 333.353 28.0882352941 560.7515 331.57775 -0.05 547.6775 330.98475 -0.05 547.6775 330.98475 28.0882352941 560.7515 331.57775 -0.05 547.6775 330.98475 28.0882352941 560.7515 331.57775 28.0882352941 -568.9445 -70.29925 27.2058823529 -592.71575 -70.892 27.2058823529 -591.5255 -113.498 27.2058823529 -591.5255 -113.498 -0.05 -592.71575 -70.892 -0.05 -568.9445 -70.29925 -0.05 -568.9445 -70.29925 27.2058823529 -591.5255 -113.498 27.2058823529 -564.78275 -112.90525 27.2058823529 -564.78275 -112.90525 -0.05 -591.5255 -113.498 -0.05 -568.9445 -70.29925 -0.05 -568.9445 -70.29925 27.2058823529 -564.78275 -112.90525 27.2058823529 -564.78325 -96.928 27.2058823529 -564.78325 -96.928 -0.05 -564.78275 -112.90525 -0.05 -568.9445 -70.29925 -0.05 -568.9445 -70.29925 27.2058823529 -564.78325 -96.928 27.2058823529 -561.812 -96.92775 27.2058823529 -561.812 -96.92775 -0.05 -564.78325 -96.928 -0.05 -568.9445 -70.29925 -0.05 -568.9445 -70.29925 27.2058823529 -561.812 -96.92775 27.2058823529 -562.40675 -86.868 27.2058823529 -562.40675 -86.868 -0.05 -561.812 -96.92775 -0.05 -568.9445 -70.29925 -0.05 -568.9445 -70.29925 27.2058823529 -562.40675 -86.868 27.2058823529 -548.738 -86.27575 27.2058823529 -548.738 -86.27575 -0.05 -562.40675 -86.868 -0.05 -568.9445 -70.29925 -0.05 -568.9445 -70.29925 27.2058823529 -548.738 -86.27575 27.2058823529 -548.739 -67.3395 27.2058823529 -548.739 -67.3395 -0.05 -548.738 -86.27575 -0.05 -568.9445 -70.29925 -0.05 -548.739 -67.3395 27.2058823529 -568.9445 -67.93225 27.2058823529 -568.9445 -70.29925 27.2058823529 -568.9445 -70.29925 -0.05 -568.9445 -67.93225 -0.05 -548.739 -67.3395 -0.05 -592.71575 -70.892 -0.05 -591.5255 -113.498 -0.05 -591.5255 -113.498 27.2058823529 -592.71575 -70.892 -0.05 -591.5255 -113.498 27.2058823529 -592.71575 -70.892 27.2058823529 -591.5255 -113.498 -0.05 -564.78275 -112.90525 -0.05 -564.78275 -112.90525 27.2058823529 -591.5255 -113.498 -0.05 -564.78275 -112.90525 27.2058823529 -591.5255 -113.498 27.2058823529 -564.78275 -112.90525 -0.05 -564.78325 -96.928 -0.05 -564.78325 -96.928 27.2058823529 -564.78275 -112.90525 -0.05 -564.78325 -96.928 27.2058823529 -564.78275 -112.90525 27.2058823529 -564.78325 -96.928 -0.05 -561.812 -96.92775 -0.05 -561.812 -96.92775 27.2058823529 -564.78325 -96.928 -0.05 -561.812 -96.92775 27.2058823529 -564.78325 -96.928 27.2058823529 -561.812 -96.92775 -0.05 -562.40675 -86.868 -0.05 -562.40675 -86.868 27.2058823529 -561.812 -96.92775 -0.05 -562.40675 -86.868 27.2058823529 -561.812 -96.92775 27.2058823529 -562.40675 -86.868 -0.05 -548.738 -86.27575 -0.05 -548.738 -86.27575 27.2058823529 -562.40675 -86.868 -0.05 -548.738 -86.27575 27.2058823529 -562.40675 -86.868 27.2058823529 -548.738 -86.27575 -0.05 -548.739 -67.3395 -0.05 -548.739 -67.3395 27.2058823529 -548.738 -86.27575 -0.05 -548.739 -67.3395 27.2058823529 -548.738 -86.27575 27.2058823529 -548.739 -67.3395 -0.05 -568.9445 -67.93225 -0.05 -568.9445 -67.93225 27.2058823529 -548.739 -67.3395 -0.05 -568.9445 -67.93225 27.2058823529 -548.739 -67.3395 27.2058823529 -568.9445 -67.93225 -0.05 -568.9445 -70.29925 -0.05 -568.9445 -70.29925 27.2058823529 -568.9445 -67.93225 -0.05 -568.9445 -70.29925 27.2058823529 -568.9445 -67.93225 27.2058823529 -568.9445 -70.29925 -0.05 -592.71575 -70.892 -0.05 -592.71575 -70.892 27.2058823529 -568.9445 -70.29925 -0.05 -592.71575 -70.892 27.2058823529 -568.9445 -70.29925 27.2058823529 -19.226 -151.33925 41.6176470588 -19.81775 -188.61975 41.6176470588 19.40525 -189.20875 41.6176470588 19.40525 -189.20875 -0.05 -19.81775 -188.61975 -0.05 -19.226 -151.33925 -0.05 19.40525 -189.20875 41.6176470588 19.998 -168.49725 41.6176470588 17.0265 -168.4975 41.6176470588 17.0265 -168.4975 -0.05 19.998 -168.49725 -0.05 19.40525 -189.20875 -0.05 -19.226 -151.33925 41.6176470588 19.40525 -189.20875 41.6176470588 17.0265 -168.4975 41.6176470588 17.0265 -168.4975 -0.05 19.40525 -189.20875 -0.05 -19.226 -151.33925 -0.05 -19.226 -151.33925 41.6176470588 17.0265 -168.4975 41.6176470588 17.02625 -164.35525 41.6176470588 17.02625 -164.35525 -0.05 17.0265 -168.4975 -0.05 -19.226 -151.33925 -0.05 -19.226 -151.33925 41.6176470588 17.02625 -164.35525 41.6176470588 19.4035 -164.355 41.6176470588 19.4035 -164.355 -0.05 17.02625 -164.35525 -0.05 -19.226 -151.33925 -0.05 19.4035 -164.355 41.6176470588 19.40225 -146.01075 41.6176470588 -9.71775 -146.01275 41.6176470588 -9.71775 -146.01275 -0.05 19.40225 -146.01075 -0.05 19.4035 -164.355 -0.05 19.4035 -164.355 41.6176470588 -9.71775 -146.01275 41.6176470588 -9.7175 -151.3385 41.6176470588 -9.7175 -151.3385 -0.05 -9.71775 -146.01275 -0.05 19.4035 -164.355 -0.05 19.4035 -164.355 41.6176470588 -9.7175 -151.3385 41.6176470588 -19.226 -151.33925 41.6176470588 -19.226 -151.33925 -0.05 -9.7175 -151.3385 -0.05 19.4035 -164.355 -0.05 -19.81775 -188.61975 -0.05 19.40525 -189.20875 -0.05 19.40525 -189.20875 41.6176470588 -19.81775 -188.61975 -0.05 19.40525 -189.20875 41.6176470588 -19.81775 -188.61975 41.6176470588 19.40525 -189.20875 -0.05 19.998 -168.49725 -0.05 19.998 -168.49725 41.6176470588 19.40525 -189.20875 -0.05 19.998 -168.49725 41.6176470588 19.40525 -189.20875 41.6176470588 19.998 -168.49725 -0.05 17.0265 -168.4975 -0.05 17.0265 -168.4975 41.6176470588 19.998 -168.49725 -0.05 17.0265 -168.4975 41.6176470588 19.998 -168.49725 41.6176470588 17.0265 -168.4975 -0.05 17.02625 -164.35525 -0.05 17.02625 -164.35525 41.6176470588 17.0265 -168.4975 -0.05 17.02625 -164.35525 41.6176470588 17.0265 -168.4975 41.6176470588 17.02625 -164.35525 -0.05 19.4035 -164.355 -0.05 19.4035 -164.355 41.6176470588 17.02625 -164.35525 -0.05 19.4035 -164.355 41.6176470588 17.02625 -164.35525 41.6176470588 19.4035 -164.355 -0.05 19.40225 -146.01075 -0.05 19.40225 -146.01075 41.6176470588 19.4035 -164.355 -0.05 19.40225 -146.01075 41.6176470588 19.4035 -164.355 41.6176470588 19.40225 -146.01075 -0.05 -9.71775 -146.01275 -0.05 -9.71775 -146.01275 41.6176470588 19.40225 -146.01075 -0.05 -9.71775 -146.01275 41.6176470588 19.40225 -146.01075 41.6176470588 -9.71775 -146.01275 -0.05 -9.7175 -151.3385 -0.05 -9.7175 -151.3385 41.6176470588 -9.71775 -146.01275 -0.05 -9.7175 -151.3385 41.6176470588 -9.71775 -146.01275 41.6176470588 -9.7175 -151.3385 -0.05 -19.226 -151.33925 -0.05 -19.226 -151.33925 41.6176470588 -9.7175 -151.3385 -0.05 -19.226 -151.33925 41.6176470588 -9.7175 -151.3385 41.6176470588 -19.226 -151.33925 -0.05 -19.81775 -188.61975 -0.05 -19.81775 -188.61975 41.6176470588 -19.226 -151.33925 -0.05 -19.81775 -188.61975 41.6176470588 -19.226 -151.33925 41.6176470588 -463.15825 -148.40575 21.7647058824 -474.44975 -148.40625 21.7647058824 -474.4485 -173.26 21.7647058824 -474.4485 -173.26 -0.05 -474.44975 -148.40625 -0.05 -463.15825 -148.40575 -0.05 -463.15825 -148.40575 21.7647058824 -474.4485 -173.26 21.7647058824 -436.41425 -173.25825 21.7647058824 -436.41425 -173.25825 -0.05 -474.4485 -173.26 -0.05 -463.15825 -148.40575 -0.05 -463.15825 -148.40575 21.7647058824 -436.41425 -173.25825 21.7647058824 -436.41525 -150.17975 21.7647058824 -436.41525 -150.17975 -0.05 -436.41425 -173.25825 -0.05 -463.15825 -148.40575 -0.05 -463.15825 -148.40575 21.7647058824 -436.41525 -150.17975 21.7647058824 -433.44375 -150.17975 21.7647058824 -433.44375 -150.17975 -0.05 -436.41525 -150.17975 -0.05 -463.15825 -148.40575 -0.05 -433.44375 -150.17975 21.7647058824 -434.039 -130.06025 21.7647058824 -453.05625 -130.65275 21.7647058824 -453.05625 -130.65275 -0.05 -434.039 -130.06025 -0.05 -433.44375 -150.17975 -0.05 -433.44375 -150.17975 21.7647058824 -453.05625 -130.65275 21.7647058824 -453.0555 -146.03825 21.7647058824 -453.0555 -146.03825 -0.05 -453.05625 -130.65275 -0.05 -433.44375 -150.17975 -0.05 -463.15825 -148.40575 21.7647058824 -433.44375 -150.17975 21.7647058824 -453.0555 -146.03825 21.7647058824 -453.0555 -146.03825 -0.05 -433.44375 -150.17975 -0.05 -463.15825 -148.40575 -0.05 -453.0555 -146.03825 21.7647058824 -463.75275 -146.03875 21.7647058824 -463.15825 -148.40575 21.7647058824 -463.15825 -148.40575 -0.05 -463.75275 -146.03875 -0.05 -453.0555 -146.03825 -0.05 -474.44975 -148.40625 -0.05 -474.4485 -173.26 -0.05 -474.4485 -173.26 21.7647058824 -474.44975 -148.40625 -0.05 -474.4485 -173.26 21.7647058824 -474.44975 -148.40625 21.7647058824 -474.4485 -173.26 -0.05 -436.41425 -173.25825 -0.05 -436.41425 -173.25825 21.7647058824 -474.4485 -173.26 -0.05 -436.41425 -173.25825 21.7647058824 -474.4485 -173.26 21.7647058824 -436.41425 -173.25825 -0.05 -436.41525 -150.17975 -0.05 -436.41525 -150.17975 21.7647058824 -436.41425 -173.25825 -0.05 -436.41525 -150.17975 21.7647058824 -436.41425 -173.25825 21.7647058824 -436.41525 -150.17975 -0.05 -433.44375 -150.17975 -0.05 -433.44375 -150.17975 21.7647058824 -436.41525 -150.17975 -0.05 -433.44375 -150.17975 21.7647058824 -436.41525 -150.17975 21.7647058824 -433.44375 -150.17975 -0.05 -434.039 -130.06025 -0.05 -434.039 -130.06025 21.7647058824 -433.44375 -150.17975 -0.05 -434.039 -130.06025 21.7647058824 -433.44375 -150.17975 21.7647058824 -434.039 -130.06025 -0.05 -453.05625 -130.65275 -0.05 -453.05625 -130.65275 21.7647058824 -434.039 -130.06025 -0.05 -453.05625 -130.65275 21.7647058824 -434.039 -130.06025 21.7647058824 -453.05625 -130.65275 -0.05 -453.0555 -146.03825 -0.05 -453.0555 -146.03825 21.7647058824 -453.05625 -130.65275 -0.05 -453.0555 -146.03825 21.7647058824 -453.05625 -130.65275 21.7647058824 -453.0555 -146.03825 -0.05 -463.75275 -146.03875 -0.05 -463.75275 -146.03875 21.7647058824 -453.0555 -146.03825 -0.05 -463.75275 -146.03875 21.7647058824 -453.0555 -146.03825 21.7647058824 -463.75275 -146.03875 -0.05 -463.15825 -148.40575 -0.05 -463.15825 -148.40575 21.7647058824 -463.75275 -146.03875 -0.05 -463.15825 -148.40575 21.7647058824 -463.75275 -146.03875 21.7647058824 -463.15825 -148.40575 -0.05 -474.44975 -148.40625 -0.05 -474.44975 -148.40625 21.7647058824 -463.15825 -148.40575 -0.05 -474.44975 -148.40625 21.7647058824 -463.15825 -148.40575 21.7647058824 3.96875 -408.74975 46.6176470588 -18.02 -408.75125 46.6176470588 -17.42325 -447.215 46.6176470588 -17.42325 -447.215 -0.05 -18.02 -408.75125 -0.05 3.96875 -408.74975 -0.05 3.96875 -408.74975 46.6176470588 -17.42325 -447.215 46.6176470588 -7.9145 -447.2145 46.6176470588 -7.9145 -447.2145 -0.05 -17.42325 -447.215 -0.05 3.96875 -408.74975 -0.05 3.96875 -408.74975 46.6176470588 -7.9145 -447.2145 46.6176470588 -7.914 -453.132 46.6176470588 -7.914 -453.132 -0.05 -7.9145 -447.2145 -0.05 3.96875 -408.74975 -0.05 -7.914 -453.132 46.6176470588 21.2065 -452.53825 46.6176470588 21.205 -433.01025 46.6176470588 21.205 -433.01025 -0.05 21.2065 -452.53825 -0.05 -7.914 -453.132 -0.05 -7.914 -453.132 46.6176470588 21.205 -433.01025 46.6176470588 7.53625 -433.01125 46.6176470588 7.53625 -433.01125 -0.05 21.205 -433.01025 -0.05 -7.914 -453.132 -0.05 -7.914 -453.132 46.6176470588 7.53625 -433.01125 46.6176470588 7.53575 -426.502 46.6176470588 7.53575 -426.502 -0.05 7.53625 -433.01125 -0.05 -7.914 -453.132 -0.05 -7.914 -453.132 46.6176470588 7.53575 -426.502 46.6176470588 4.56425 -426.50225 46.6176470588 4.56425 -426.50225 -0.05 7.53575 -426.502 -0.05 -7.914 -453.132 -0.05 -7.914 -453.132 46.6176470588 4.56425 -426.50225 46.6176470588 3.96875 -408.74975 46.6176470588 3.96875 -408.74975 -0.05 4.56425 -426.50225 -0.05 -7.914 -453.132 -0.05 -18.02 -408.75125 -0.05 -17.42325 -447.215 -0.05 -17.42325 -447.215 46.6176470588 -18.02 -408.75125 -0.05 -17.42325 -447.215 46.6176470588 -18.02 -408.75125 46.6176470588 -17.42325 -447.215 -0.05 -7.9145 -447.2145 -0.05 -7.9145 -447.2145 46.6176470588 -17.42325 -447.215 -0.05 -7.9145 -447.2145 46.6176470588 -17.42325 -447.215 46.6176470588 -7.9145 -447.2145 -0.05 -7.914 -453.132 -0.05 -7.914 -453.132 46.6176470588 -7.9145 -447.2145 -0.05 -7.914 -453.132 46.6176470588 -7.9145 -447.2145 46.6176470588 -7.914 -453.132 -0.05 21.2065 -452.53825 -0.05 21.2065 -452.53825 46.6176470588 -7.914 -453.132 -0.05 21.2065 -452.53825 46.6176470588 -7.914 -453.132 46.6176470588 21.2065 -452.53825 -0.05 21.205 -433.01025 -0.05 21.205 -433.01025 46.6176470588 21.2065 -452.53825 -0.05 21.205 -433.01025 46.6176470588 21.2065 -452.53825 46.6176470588 21.205 -433.01025 -0.05 7.53625 -433.01125 -0.05 7.53625 -433.01125 46.6176470588 21.205 -433.01025 -0.05 7.53625 -433.01125 46.6176470588 21.205 -433.01025 46.6176470588 7.53625 -433.01125 -0.05 7.53575 -426.502 -0.05 7.53575 -426.502 46.6176470588 7.53625 -433.01125 -0.05 7.53575 -426.502 46.6176470588 7.53625 -433.01125 46.6176470588 7.53575 -426.502 -0.05 4.56425 -426.50225 -0.05 4.56425 -426.50225 46.6176470588 7.53575 -426.502 -0.05 4.56425 -426.50225 46.6176470588 7.53575 -426.502 46.6176470588 4.56425 -426.50225 -0.05 3.96875 -408.74975 -0.05 3.96875 -408.74975 46.6176470588 4.56425 -426.50225 -0.05 3.96875 -408.74975 46.6176470588 4.56425 -426.50225 46.6176470588 3.96875 -408.74975 -0.05 -18.02 -408.75125 -0.05 -18.02 -408.75125 46.6176470588 3.96875 -408.74975 -0.05 -18.02 -408.75125 46.6176470588 3.96875 -408.74975 46.6176470588 -119.69775 441.58975 35.1470588235 -131.581 404.9005 35.1470588235 -95.32975 393.06775 35.1470588235 -95.32975 393.06775 -0.05 -131.581 404.9005 -0.05 -119.69775 441.58975 -0.05 -92.359 403.12775 35.1470588235 -86.416 401.35275 35.1470588235 -77.50375 428.574 35.1470588235 -77.50375 428.574 -0.05 -86.416 401.35275 -0.05 -92.359 403.12775 -0.05 -92.359 403.12775 35.1470588235 -77.50375 428.574 35.1470588235 -97.11525 435.082 35.1470588235 -97.11525 435.082 -0.05 -77.50375 428.574 -0.05 -92.359 403.12775 -0.05 -95.32975 393.06775 35.1470588235 -92.359 403.12775 35.1470588235 -97.11525 435.082 35.1470588235 -97.11525 435.082 -0.05 -92.359 403.12775 -0.05 -95.32975 393.06775 -0.05 -95.32975 393.06775 35.1470588235 -97.11525 435.082 35.1470588235 -101.86825 419.1045 35.1470588235 -101.86825 419.1045 -0.05 -97.11525 435.082 -0.05 -95.32975 393.06775 -0.05 -95.32975 393.06775 35.1470588235 -101.86825 419.1045 35.1470588235 -106.6225 420.2875 35.1470588235 -106.6225 420.2875 -0.05 -101.86825 419.1045 -0.05 -95.32975 393.06775 -0.05 -119.69775 441.58975 35.1470588235 -95.32975 393.06775 35.1470588235 -106.6225 420.2875 35.1470588235 -106.6225 420.2875 -0.05 -95.32975 393.06775 -0.05 -119.69775 441.58975 -0.05 -106.6225 420.2875 35.1470588235 -101.275 435.6735 35.1470588235 -119.69775 441.58975 35.1470588235 -119.69775 441.58975 -0.05 -101.275 435.6735 -0.05 -106.6225 420.2875 -0.05 -131.581 404.9005 -0.05 -95.32975 393.06775 -0.05 -95.32975 393.06775 35.1470588235 -131.581 404.9005 -0.05 -95.32975 393.06775 35.1470588235 -131.581 404.9005 35.1470588235 -95.32975 393.06775 -0.05 -92.359 403.12775 -0.05 -92.359 403.12775 35.1470588235 -95.32975 393.06775 -0.05 -92.359 403.12775 35.1470588235 -95.32975 393.06775 35.1470588235 -92.359 403.12775 -0.05 -86.416 401.35275 -0.05 -86.416 401.35275 35.1470588235 -92.359 403.12775 -0.05 -86.416 401.35275 35.1470588235 -92.359 403.12775 35.1470588235 -86.416 401.35275 -0.05 -77.50375 428.574 -0.05 -77.50375 428.574 35.1470588235 -86.416 401.35275 -0.05 -77.50375 428.574 35.1470588235 -86.416 401.35275 35.1470588235 -77.50375 428.574 -0.05 -97.11525 435.082 -0.05 -97.11525 435.082 35.1470588235 -77.50375 428.574 -0.05 -97.11525 435.082 35.1470588235 -77.50375 428.574 35.1470588235 -97.11525 435.082 -0.05 -101.86825 419.1045 -0.05 -101.86825 419.1045 35.1470588235 -97.11525 435.082 -0.05 -101.86825 419.1045 35.1470588235 -97.11525 435.082 35.1470588235 -101.86825 419.1045 -0.05 -106.6225 420.2875 -0.05 -106.6225 420.2875 35.1470588235 -101.86825 419.1045 -0.05 -106.6225 420.2875 35.1470588235 -101.86825 419.1045 35.1470588235 -106.6225 420.2875 -0.05 -101.275 435.6735 -0.05 -101.275 435.6735 35.1470588235 -106.6225 420.2875 -0.05 -101.275 435.6735 35.1470588235 -106.6225 420.2875 35.1470588235 -101.275 435.6735 -0.05 -119.69775 441.58975 -0.05 -119.69775 441.58975 35.1470588235 -101.275 435.6735 -0.05 -119.69775 441.58975 35.1470588235 -101.275 435.6735 35.1470588235 -119.69775 441.58975 -0.05 -131.581 404.9005 -0.05 -131.581 404.9005 35.1470588235 -119.69775 441.58975 -0.05 -131.581 404.9005 35.1470588235 -119.69775 441.58975 35.1470588235 364.04775 323.2755 27.0588235294 362.85925 323.27525 27.0588235294 362.86025 313.2155 27.0588235294 362.86025 313.2155 -0.05 362.85925 323.27525 -0.05 364.04775 323.2755 -0.05 364.04775 323.2755 27.0588235294 362.86025 313.2155 27.0588235294 397.92225 312.62675 27.0588235294 397.92225 312.62675 -0.05 362.86025 313.2155 -0.05 364.04775 323.2755 -0.05 397.92225 312.62675 27.0588235294 397.9225 311.44325 27.0588235294 402.67675 311.44375 27.0588235294 402.67675 311.44375 -0.05 397.9225 311.44325 -0.05 397.92225 312.62675 -0.05 364.04775 323.2755 27.0588235294 397.92225 312.62675 27.0588235294 402.67675 311.44375 27.0588235294 402.67675 311.44375 -0.05 397.92225 312.62675 -0.05 364.04775 323.2755 -0.05 364.04775 323.2755 27.0588235294 402.67675 311.44375 27.0588235294 403.26875 336.2975 27.0588235294 403.26875 336.2975 -0.05 402.67675 311.44375 -0.05 364.04775 323.2755 -0.05 403.26875 336.2975 27.0588235294 387.81775 336.296 27.0588235294 387.81775 335.1125 27.0588235294 387.81775 335.1125 -0.05 387.81775 336.296 -0.05 403.26875 336.2975 -0.05 364.04775 323.2755 27.0588235294 403.26875 336.2975 27.0588235294 387.81775 335.1125 27.0588235294 387.81775 335.1125 -0.05 403.26875 336.2975 -0.05 364.04775 323.2755 -0.05 387.81775 335.1125 27.0588235294 364.641 335.70225 27.0588235294 364.04775 323.2755 27.0588235294 364.04775 323.2755 -0.05 364.641 335.70225 -0.05 387.81775 335.1125 -0.05 362.85925 323.27525 -0.05 362.86025 313.2155 -0.05 362.86025 313.2155 27.0588235294 362.85925 323.27525 -0.05 362.86025 313.2155 27.0588235294 362.85925 323.27525 27.0588235294 362.86025 313.2155 -0.05 397.92225 312.62675 -0.05 397.92225 312.62675 27.0588235294 362.86025 313.2155 -0.05 397.92225 312.62675 27.0588235294 362.86025 313.2155 27.0588235294 397.92225 312.62675 -0.05 397.9225 311.44325 -0.05 397.9225 311.44325 27.0588235294 397.92225 312.62675 -0.05 397.9225 311.44325 27.0588235294 397.92225 312.62675 27.0588235294 397.9225 311.44325 -0.05 402.67675 311.44375 -0.05 402.67675 311.44375 27.0588235294 397.9225 311.44325 -0.05 402.67675 311.44375 27.0588235294 397.9225 311.44325 27.0588235294 402.67675 311.44375 -0.05 403.26875 336.2975 -0.05 403.26875 336.2975 27.0588235294 402.67675 311.44375 -0.05 403.26875 336.2975 27.0588235294 402.67675 311.44375 27.0588235294 403.26875 336.2975 -0.05 387.81775 336.296 -0.05 387.81775 336.296 27.0588235294 403.26875 336.2975 -0.05 387.81775 336.296 27.0588235294 403.26875 336.2975 27.0588235294 387.81775 336.296 -0.05 387.81775 335.1125 -0.05 387.81775 335.1125 27.0588235294 387.81775 336.296 -0.05 387.81775 335.1125 27.0588235294 387.81775 336.296 27.0588235294 387.81775 335.1125 -0.05 364.641 335.70225 -0.05 364.641 335.70225 27.0588235294 387.81775 335.1125 -0.05 364.641 335.70225 27.0588235294 387.81775 335.1125 27.0588235294 364.641 335.70225 -0.05 364.04775 323.2755 -0.05 364.04775 323.2755 27.0588235294 364.641 335.70225 -0.05 364.04775 323.2755 27.0588235294 364.641 335.70225 27.0588235294 364.04775 323.2755 -0.05 362.85925 323.27525 -0.05 362.85925 323.27525 27.0588235294 364.04775 323.2755 -0.05 362.85925 323.27525 27.0588235294 364.04775 323.2755 27.0588235294 364.05225 271.20125 25.4411764706 363.459 259.36625 25.4411764706 401.49275 258.77775 25.4411764706 401.49275 258.77775 -0.05 363.459 259.36625 -0.05 364.05225 271.20125 -0.05 364.05225 271.20125 25.4411764706 401.49275 258.77775 25.4411764706 401.49225 263.51175 25.4411764706 401.49225 263.51175 -0.05 401.49275 258.77775 -0.05 364.05225 271.20125 -0.05 364.05225 271.20125 25.4411764706 401.49225 263.51175 25.4411764706 402.681 263.51175 25.4411764706 402.681 263.51175 -0.05 401.49225 263.51175 -0.05 364.05225 271.20125 -0.05 402.681 263.51175 25.4411764706 402.68 274.755 25.4411764706 401.49125 274.755 25.4411764706 401.49125 274.755 -0.05 402.68 274.755 -0.05 402.681 263.51175 -0.05 401.49125 274.755 25.4411764706 402.085 281.856 25.4411764706 365.24 282.44475 25.4411764706 365.24 282.44475 -0.05 402.085 281.856 -0.05 401.49125 274.755 -0.05 402.681 263.51175 25.4411764706 401.49125 274.755 25.4411764706 365.24 282.44475 25.4411764706 365.24 282.44475 -0.05 401.49125 274.755 -0.05 402.681 263.51175 -0.05 402.681 263.51175 25.4411764706 365.24 282.44475 25.4411764706 365.241 271.20125 25.4411764706 365.241 271.20125 -0.05 365.24 282.44475 -0.05 402.681 263.51175 -0.05 402.681 263.51175 25.4411764706 365.241 271.20125 25.4411764706 364.05225 271.20125 25.4411764706 364.05225 271.20125 -0.05 365.241 271.20125 -0.05 402.681 263.51175 -0.05 363.459 259.36625 -0.05 401.49275 258.77775 -0.05 401.49275 258.77775 25.4411764706 363.459 259.36625 -0.05 401.49275 258.77775 25.4411764706 363.459 259.36625 25.4411764706 401.49275 258.77775 -0.05 401.49225 263.51175 -0.05 401.49225 263.51175 25.4411764706 401.49275 258.77775 -0.05 401.49225 263.51175 25.4411764706 401.49275 258.77775 25.4411764706 401.49225 263.51175 -0.05 402.681 263.51175 -0.05 402.681 263.51175 25.4411764706 401.49225 263.51175 -0.05 402.681 263.51175 25.4411764706 401.49225 263.51175 25.4411764706 402.681 263.51175 -0.05 402.68 274.755 -0.05 402.68 274.755 25.4411764706 402.681 263.51175 -0.05 402.68 274.755 25.4411764706 402.681 263.51175 25.4411764706 402.68 274.755 -0.05 401.49125 274.755 -0.05 401.49125 274.755 25.4411764706 402.68 274.755 -0.05 401.49125 274.755 25.4411764706 402.68 274.755 25.4411764706 401.49125 274.755 -0.05 402.085 281.856 -0.05 402.085 281.856 25.4411764706 401.49125 274.755 -0.05 402.085 281.856 25.4411764706 401.49125 274.755 25.4411764706 402.085 281.856 -0.05 365.24 282.44475 -0.05 365.24 282.44475 25.4411764706 402.085 281.856 -0.05 365.24 282.44475 25.4411764706 402.085 281.856 25.4411764706 365.24 282.44475 -0.05 365.241 271.20125 -0.05 365.241 271.20125 25.4411764706 365.24 282.44475 -0.05 365.241 271.20125 25.4411764706 365.24 282.44475 25.4411764706 365.241 271.20125 -0.05 364.05225 271.20125 -0.05 364.05225 271.20125 25.4411764706 365.241 271.20125 -0.05 364.05225 271.20125 25.4411764706 365.241 271.20125 25.4411764706 364.05225 271.20125 -0.05 363.459 259.36625 -0.05 363.459 259.36625 25.4411764706 364.05225 271.20125 -0.05 363.459 259.36625 25.4411764706 364.05225 271.20125 25.4411764706 364.65125 217.9435 20.8823529412 363.46275 217.9435 20.8823529412 363.4635 207.88375 20.8823529412 363.4635 207.88375 -0.05 363.46275 217.9435 -0.05 364.65125 217.9435 -0.05 364.65125 217.9435 20.8823529412 363.4635 207.88375 20.8823529412 401.49725 207.29525 20.8823529412 401.49725 207.29525 -0.05 363.4635 207.88375 -0.05 364.65125 217.9435 -0.05 364.65125 217.9435 20.8823529412 401.49725 207.29525 20.8823529412 401.497 211.4375 20.8823529412 401.497 211.4375 -0.05 401.49725 207.29525 -0.05 364.65125 217.9435 -0.05 364.65125 217.9435 20.8823529412 401.497 211.4375 20.8823529412 402.6855 211.43775 20.8823529412 402.6855 211.43775 -0.05 401.497 211.4375 -0.05 364.65125 217.9435 -0.05 364.65125 217.9435 20.8823529412 402.6855 211.43775 20.8823529412 402.68475 220.314 20.8823529412 402.68475 220.314 -0.05 402.6855 211.43775 -0.05 364.65125 217.9435 -0.05 364.65125 217.9435 20.8823529412 402.68475 220.314 20.8823529412 401.496 220.31375 20.8823529412 401.496 220.31375 -0.05 402.68475 220.314 -0.05 364.65125 217.9435 -0.05 364.65125 217.9435 20.8823529412 401.496 220.31375 20.8823529412 401.49525 229.19 20.8823529412 401.49525 229.19 -0.05 401.496 220.31375 -0.05 364.65125 217.9435 -0.05 401.49525 229.19 20.8823529412 364.65025 229.187 20.8823529412 364.65125 217.9435 20.8823529412 364.65125 217.9435 -0.05 364.65025 229.187 -0.05 401.49525 229.19 -0.05 363.46275 217.9435 -0.05 363.4635 207.88375 -0.05 363.4635 207.88375 20.8823529412 363.46275 217.9435 -0.05 363.4635 207.88375 20.8823529412 363.46275 217.9435 20.8823529412 363.4635 207.88375 -0.05 401.49725 207.29525 -0.05 401.49725 207.29525 20.8823529412 363.4635 207.88375 -0.05 401.49725 207.29525 20.8823529412 363.4635 207.88375 20.8823529412 401.49725 207.29525 -0.05 401.497 211.4375 -0.05 401.497 211.4375 20.8823529412 401.49725 207.29525 -0.05 401.497 211.4375 20.8823529412 401.49725 207.29525 20.8823529412 401.497 211.4375 -0.05 402.6855 211.43775 -0.05 402.6855 211.43775 20.8823529412 401.497 211.4375 -0.05 402.6855 211.43775 20.8823529412 401.497 211.4375 20.8823529412 402.6855 211.43775 -0.05 402.68475 220.314 -0.05 402.68475 220.314 20.8823529412 402.6855 211.43775 -0.05 402.68475 220.314 20.8823529412 402.6855 211.43775 20.8823529412 402.68475 220.314 -0.05 401.496 220.31375 -0.05 401.496 220.31375 20.8823529412 402.68475 220.314 -0.05 401.496 220.31375 20.8823529412 402.68475 220.314 20.8823529412 401.496 220.31375 -0.05 401.49525 229.19 -0.05 401.49525 229.19 20.8823529412 401.496 220.31375 -0.05 401.49525 229.19 20.8823529412 401.496 220.31375 20.8823529412 401.49525 229.19 -0.05 364.65025 229.187 -0.05 364.65025 229.187 20.8823529412 401.49525 229.19 -0.05 364.65025 229.187 20.8823529412 401.49525 229.19 20.8823529412 364.65025 229.187 -0.05 364.65125 217.9435 -0.05 364.65125 217.9435 20.8823529412 364.65025 229.187 -0.05 364.65125 217.9435 20.8823529412 364.65025 229.187 20.8823529412 364.65125 217.9435 -0.05 363.46275 217.9435 -0.05 363.46275 217.9435 20.8823529412 364.65125 217.9435 -0.05 363.46275 217.9435 20.8823529412 364.65125 217.9435 20.8823529412 -156.55175 592.48425 45.1470588235 -166.65275 567.0385 45.1470588235 -148.23 559.9385 45.1470588235 -148.23 559.9385 -0.05 -166.65275 567.0385 -0.05 -156.55175 592.48425 -0.05 -156.55175 592.48425 45.1470588235 -148.23 559.9385 45.1470588235 -142.8825 572.36575 45.1470588235 -142.8825 572.36575 -0.05 -148.23 559.9385 -0.05 -156.55175 592.48425 -0.05 -156.55175 592.48425 45.1470588235 -142.8825 572.36575 45.1470588235 -135.15675 569.40725 45.1470588235 -135.15675 569.40725 -0.05 -142.8825 572.36575 -0.05 -156.55175 592.48425 -0.05 -156.55175 592.48425 45.1470588235 -135.15675 569.40725 45.1470588235 -133.37425 572.958 45.1470588235 -133.37425 572.958 -0.05 -135.15675 569.40725 -0.05 -156.55175 592.48425 -0.05 -156.55175 592.48425 45.1470588235 -133.37425 572.958 45.1470588235 -119.70575 567.04125 45.1470588235 -119.70575 567.04125 -0.05 -133.37425 572.958 -0.05 -156.55175 592.48425 -0.05 -119.70575 567.04125 45.1470588235 -111.9815 587.753 45.1470588235 -145.26125 600.7695 45.1470588235 -145.26125 600.7695 -0.05 -111.9815 587.753 -0.05 -119.70575 567.04125 -0.05 -119.70575 567.04125 45.1470588235 -145.26125 600.7695 45.1470588235 -150.01475 590.11775 45.1470588235 -150.01475 590.11775 -0.05 -145.26125 600.7695 -0.05 -119.70575 567.04125 -0.05 -119.70575 567.04125 45.1470588235 -150.01475 590.11775 45.1470588235 -156.55175 592.48425 45.1470588235 -156.55175 592.48425 -0.05 -150.01475 590.11775 -0.05 -119.70575 567.04125 -0.05 -166.65275 567.0385 -0.05 -148.23 559.9385 -0.05 -148.23 559.9385 45.1470588235 -166.65275 567.0385 -0.05 -148.23 559.9385 45.1470588235 -166.65275 567.0385 45.1470588235 -148.23 559.9385 -0.05 -142.8825 572.36575 -0.05 -142.8825 572.36575 45.1470588235 -148.23 559.9385 -0.05 -142.8825 572.36575 45.1470588235 -148.23 559.9385 45.1470588235 -142.8825 572.36575 -0.05 -135.15675 569.40725 -0.05 -135.15675 569.40725 45.1470588235 -142.8825 572.36575 -0.05 -135.15675 569.40725 45.1470588235 -142.8825 572.36575 45.1470588235 -135.15675 569.40725 -0.05 -133.37425 572.958 -0.05 -133.37425 572.958 45.1470588235 -135.15675 569.40725 -0.05 -133.37425 572.958 45.1470588235 -135.15675 569.40725 45.1470588235 -133.37425 572.958 -0.05 -119.70575 567.04125 -0.05 -119.70575 567.04125 45.1470588235 -133.37425 572.958 -0.05 -119.70575 567.04125 45.1470588235 -133.37425 572.958 45.1470588235 -119.70575 567.04125 -0.05 -111.9815 587.753 -0.05 -111.9815 587.753 45.1470588235 -119.70575 567.04125 -0.05 -111.9815 587.753 45.1470588235 -119.70575 567.04125 45.1470588235 -111.9815 587.753 -0.05 -145.26125 600.7695 -0.05 -145.26125 600.7695 45.1470588235 -111.9815 587.753 -0.05 -145.26125 600.7695 45.1470588235 -111.9815 587.753 45.1470588235 -145.26125 600.7695 -0.05 -150.01475 590.11775 -0.05 -150.01475 590.11775 45.1470588235 -145.26125 600.7695 -0.05 -150.01475 590.11775 45.1470588235 -145.26125 600.7695 45.1470588235 -150.01475 590.11775 -0.05 -156.55175 592.48425 -0.05 -156.55175 592.48425 45.1470588235 -150.01475 590.11775 -0.05 -156.55175 592.48425 45.1470588235 -150.01475 590.11775 45.1470588235 -156.55175 592.48425 -0.05 -166.65275 567.0385 -0.05 -166.65275 567.0385 45.1470588235 -156.55175 592.48425 -0.05 -166.65275 567.0385 45.1470588235 -156.55175 592.48425 45.1470588235 307.02475 -2.193 26.4705882353 289.7905 -2.1945 26.4705882353 289.7925 -25.27275 26.4705882353 289.7925 -25.27275 -0.05 289.7905 -2.1945 -0.05 307.02475 -2.193 -0.05 307.02475 -2.193 26.4705882353 289.7925 -25.27275 26.4705882353 333.17525 -25.861 26.4705882353 333.17525 -25.861 -0.05 289.7925 -25.27275 -0.05 307.02475 -2.193 -0.05 307.02475 -2.193 26.4705882353 333.17525 -25.861 26.4705882353 333.173 -0.4155 26.4705882353 333.173 -0.4155 -0.05 333.17525 -25.861 -0.05 307.02475 -2.193 -0.05 333.173 -0.4155 26.4705882353 334.3615 -0.4155 26.4705882353 334.36025 16.1535 26.4705882353 334.36025 16.1535 -0.05 334.3615 -0.4155 -0.05 333.173 -0.4155 -0.05 333.173 -0.4155 26.4705882353 334.36025 16.1535 26.4705882353 315.9375 16.152 26.4705882353 315.9375 16.152 -0.05 334.36025 16.1535 -0.05 333.173 -0.4155 -0.05 333.173 -0.4155 26.4705882353 315.9375 16.152 26.4705882353 315.93875 0.17475 26.4705882353 315.93875 0.17475 -0.05 315.9375 16.152 -0.05 333.173 -0.4155 -0.05 307.02475 -2.193 26.4705882353 333.173 -0.4155 26.4705882353 315.93875 0.17475 26.4705882353 315.93875 0.17475 -0.05 333.173 -0.4155 -0.05 307.02475 -2.193 -0.05 315.93875 0.17475 26.4705882353 307.0245 0.174 26.4705882353 307.02475 -2.193 26.4705882353 307.02475 -2.193 -0.05 307.0245 0.174 -0.05 315.93875 0.17475 -0.05 289.7905 -2.1945 -0.05 289.7925 -25.27275 -0.05 289.7925 -25.27275 26.4705882353 289.7905 -2.1945 -0.05 289.7925 -25.27275 26.4705882353 289.7905 -2.1945 26.4705882353 289.7925 -25.27275 -0.05 333.17525 -25.861 -0.05 333.17525 -25.861 26.4705882353 289.7925 -25.27275 -0.05 333.17525 -25.861 26.4705882353 289.7925 -25.27275 26.4705882353 333.17525 -25.861 -0.05 333.173 -0.4155 -0.05 333.173 -0.4155 26.4705882353 333.17525 -25.861 -0.05 333.173 -0.4155 26.4705882353 333.17525 -25.861 26.4705882353 333.173 -0.4155 -0.05 334.3615 -0.4155 -0.05 334.3615 -0.4155 26.4705882353 333.173 -0.4155 -0.05 334.3615 -0.4155 26.4705882353 333.173 -0.4155 26.4705882353 334.3615 -0.4155 -0.05 334.36025 16.1535 -0.05 334.36025 16.1535 26.4705882353 334.3615 -0.4155 -0.05 334.36025 16.1535 26.4705882353 334.3615 -0.4155 26.4705882353 334.36025 16.1535 -0.05 315.9375 16.152 -0.05 315.9375 16.152 26.4705882353 334.36025 16.1535 -0.05 315.9375 16.152 26.4705882353 334.36025 16.1535 26.4705882353 315.9375 16.152 -0.05 315.93875 0.17475 -0.05 315.93875 0.17475 26.4705882353 315.9375 16.152 -0.05 315.93875 0.17475 26.4705882353 315.9375 16.152 26.4705882353 315.93875 0.17475 -0.05 307.0245 0.174 -0.05 307.0245 0.174 26.4705882353 315.93875 0.17475 -0.05 307.0245 0.174 26.4705882353 315.93875 0.17475 26.4705882353 307.0245 0.174 -0.05 307.02475 -2.193 -0.05 307.02475 -2.193 26.4705882353 307.0245 0.174 -0.05 307.02475 -2.193 26.4705882353 307.0245 0.174 26.4705882353 307.02475 -2.193 -0.05 289.7905 -2.1945 -0.05 289.7905 -2.1945 26.4705882353 307.02475 -2.193 -0.05 289.7905 -2.1945 26.4705882353 307.02475 -2.193 26.4705882353 558.97925 220.32825 49.7058823529 557.79075 220.32825 49.7058823529 558.386 210.86025 49.7058823529 558.386 210.86025 -0.05 557.79075 220.32825 -0.05 558.97925 220.32825 -0.05 558.97925 220.32825 49.7058823529 558.386 210.86025 49.7058823529 560.16875 210.86025 49.7058823529 560.16875 210.86025 -0.05 558.386 210.86025 -0.05 558.97925 220.32825 -0.05 560.16875 210.86025 49.7058823529 560.169 208.49325 49.7058823529 580.9685 209.67875 49.7058823529 580.9685 209.67875 -0.05 560.169 208.49325 -0.05 560.16875 210.86025 -0.05 558.97925 220.32825 49.7058823529 560.16875 210.86025 49.7058823529 580.9685 209.67875 49.7058823529 580.9685 209.67875 -0.05 560.16875 210.86025 -0.05 558.97925 220.32825 -0.05 558.97925 220.32825 49.7058823529 580.9685 209.67875 49.7058823529 580.96825 212.6375 49.7058823529 580.96825 212.6375 -0.05 580.9685 209.67875 -0.05 558.97925 220.32825 -0.05 558.97925 220.32825 49.7058823529 580.96825 212.6375 49.7058823529 594.04225 213.2305 49.7058823529 594.04225 213.2305 -0.05 580.96825 212.6375 -0.05 558.97925 220.32825 -0.05 558.97925 220.32825 49.7058823529 594.04225 213.2305 49.7058823529 592.85175 233.35 49.7058823529 592.85175 233.35 -0.05 594.04225 213.2305 -0.05 558.97925 220.32825 -0.05 592.85175 233.35 49.7058823529 558.384 230.97975 49.7058823529 558.97925 220.32825 49.7058823529 558.97925 220.32825 -0.05 558.384 230.97975 -0.05 592.85175 233.35 -0.05 557.79075 220.32825 -0.05 558.386 210.86025 -0.05 558.386 210.86025 49.7058823529 557.79075 220.32825 -0.05 558.386 210.86025 49.7058823529 557.79075 220.32825 49.7058823529 558.386 210.86025 -0.05 560.16875 210.86025 -0.05 560.16875 210.86025 49.7058823529 558.386 210.86025 -0.05 560.16875 210.86025 49.7058823529 558.386 210.86025 49.7058823529 560.16875 210.86025 -0.05 560.169 208.49325 -0.05 560.169 208.49325 49.7058823529 560.16875 210.86025 -0.05 560.169 208.49325 49.7058823529 560.16875 210.86025 49.7058823529 560.169 208.49325 -0.05 580.9685 209.67875 -0.05 580.9685 209.67875 49.7058823529 560.169 208.49325 -0.05 580.9685 209.67875 49.7058823529 560.169 208.49325 49.7058823529 580.9685 209.67875 -0.05 580.96825 212.6375 -0.05 580.96825 212.6375 49.7058823529 580.9685 209.67875 -0.05 580.96825 212.6375 49.7058823529 580.9685 209.67875 49.7058823529 580.96825 212.6375 -0.05 594.04225 213.2305 -0.05 594.04225 213.2305 49.7058823529 580.96825 212.6375 -0.05 594.04225 213.2305 49.7058823529 580.96825 212.6375 49.7058823529 594.04225 213.2305 -0.05 592.85175 233.35 -0.05 592.85175 233.35 49.7058823529 594.04225 213.2305 -0.05 592.85175 233.35 49.7058823529 594.04225 213.2305 49.7058823529 592.85175 233.35 -0.05 558.384 230.97975 -0.05 558.384 230.97975 49.7058823529 592.85175 233.35 -0.05 558.384 230.97975 49.7058823529 592.85175 233.35 49.7058823529 558.384 230.97975 -0.05 558.97925 220.32825 -0.05 558.97925 220.32825 49.7058823529 558.384 230.97975 -0.05 558.97925 220.32825 49.7058823529 558.384 230.97975 49.7058823529 558.97925 220.32825 -0.05 557.79075 220.32825 -0.05 557.79075 220.32825 49.7058823529 558.97925 220.32825 -0.05 557.79075 220.32825 49.7058823529 558.97925 220.32825 49.7058823529 578.59475 173.58175 21.1764705882 558.3895 173.57975 21.1764705882 558.3915 151.685 21.1764705882 558.3915 151.685 -0.05 558.3895 173.57975 -0.05 578.59475 173.58175 -0.05 558.3915 151.685 21.1764705882 600.58525 151.689 21.1764705882 600.58425 161.74875 21.1764705882 600.58425 161.74875 -0.05 600.58525 151.689 -0.05 558.3915 151.685 -0.05 558.3915 151.685 21.1764705882 600.58425 161.74875 21.1764705882 599.39575 161.74875 21.1764705882 599.39575 161.74875 -0.05 600.58425 161.74875 -0.05 558.3915 151.685 -0.05 558.3915 151.685 21.1764705882 599.39575 161.74875 21.1764705882 599.39475 172.40025 21.1764705882 599.39475 172.40025 -0.05 599.39575 161.74875 -0.05 558.3915 151.685 -0.05 599.39475 172.40025 21.1764705882 591.669 172.3995 21.1764705882 591.66925 171.216 21.1764705882 591.66925 171.216 -0.05 591.669 172.3995 -0.05 599.39475 172.40025 -0.05 558.3915 151.685 21.1764705882 599.39475 172.40025 21.1764705882 591.66925 171.216 21.1764705882 591.66925 171.216 -0.05 599.39475 172.40025 -0.05 558.3915 151.685 -0.05 558.3915 151.685 21.1764705882 591.66925 171.216 21.1764705882 578.595 171.21475 21.1764705882 578.595 171.21475 -0.05 591.66925 171.216 -0.05 558.3915 151.685 -0.05 558.3915 151.685 21.1764705882 578.595 171.21475 21.1764705882 578.59475 173.58175 21.1764705882 578.59475 173.58175 -0.05 578.595 171.21475 -0.05 558.3915 151.685 -0.05 558.3895 173.57975 -0.05 558.3915 151.685 -0.05 558.3915 151.685 21.1764705882 558.3895 173.57975 -0.05 558.3915 151.685 21.1764705882 558.3895 173.57975 21.1764705882 558.3915 151.685 -0.05 600.58525 151.689 -0.05 600.58525 151.689 21.1764705882 558.3915 151.685 -0.05 600.58525 151.689 21.1764705882 558.3915 151.685 21.1764705882 600.58525 151.689 -0.05 600.58425 161.74875 -0.05 600.58425 161.74875 21.1764705882 600.58525 151.689 -0.05 600.58425 161.74875 21.1764705882 600.58525 151.689 21.1764705882 600.58425 161.74875 -0.05 599.39575 161.74875 -0.05 599.39575 161.74875 21.1764705882 600.58425 161.74875 -0.05 599.39575 161.74875 21.1764705882 600.58425 161.74875 21.1764705882 599.39575 161.74875 -0.05 599.39475 172.40025 -0.05 599.39475 172.40025 21.1764705882 599.39575 161.74875 -0.05 599.39475 172.40025 21.1764705882 599.39575 161.74875 21.1764705882 599.39475 172.40025 -0.05 591.669 172.3995 -0.05 591.669 172.3995 21.1764705882 599.39475 172.40025 -0.05 591.669 172.3995 21.1764705882 599.39475 172.40025 21.1764705882 591.669 172.3995 -0.05 591.66925 171.216 -0.05 591.66925 171.216 21.1764705882 591.669 172.3995 -0.05 591.66925 171.216 21.1764705882 591.669 172.3995 21.1764705882 591.66925 171.216 -0.05 578.595 171.21475 -0.05 578.595 171.21475 21.1764705882 591.66925 171.216 -0.05 578.595 171.21475 21.1764705882 591.66925 171.216 21.1764705882 578.595 171.21475 -0.05 578.59475 173.58175 -0.05 578.59475 173.58175 21.1764705882 578.595 171.21475 -0.05 578.59475 173.58175 21.1764705882 578.595 171.21475 21.1764705882 578.59475 173.58175 -0.05 558.3895 173.57975 -0.05 558.3895 173.57975 21.1764705882 578.59475 173.58175 -0.05 558.3895 173.57975 21.1764705882 578.59475 173.58175 21.1764705882 487.667 210.26175 27.6470588235 485.88425 210.2615 27.6470588235 485.88525 199.61 27.6470588235 485.88525 199.61 -0.05 485.88425 210.2615 -0.05 487.667 210.26175 -0.05 487.667 210.26175 27.6470588235 485.88525 199.61 27.6470588235 525.1075 199.022 27.6470588235 525.1075 199.022 -0.05 485.88525 199.61 -0.05 487.667 210.26175 -0.05 487.667 210.26175 27.6470588235 525.1075 199.022 27.6470588235 525.107 203.756 27.6470588235 525.107 203.756 -0.05 525.1075 199.022 -0.05 487.667 210.26175 -0.05 487.667 210.26175 27.6470588235 525.107 203.756 27.6470588235 525.70125 203.756 27.6470588235 525.70125 203.756 -0.05 525.107 203.756 -0.05 487.667 210.26175 -0.05 487.667 210.26175 27.6470588235 525.70125 203.756 27.6470588235 525.70025 214.4075 27.6470588235 525.70025 214.4075 -0.05 525.70125 203.756 -0.05 487.667 210.26175 -0.05 487.667 210.26175 27.6470588235 525.70025 214.4075 27.6470588235 525.106 214.4075 27.6470588235 525.106 214.4075 -0.05 525.70025 214.4075 -0.05 487.667 210.26175 -0.05 487.667 210.26175 27.6470588235 525.106 214.4075 27.6470588235 525.1055 221.5085 27.6470588235 525.1055 221.5085 -0.05 525.106 214.4075 -0.05 487.667 210.26175 -0.05 525.1055 221.5085 27.6470588235 488.26025 222.097 27.6470588235 487.667 210.26175 27.6470588235 487.667 210.26175 -0.05 488.26025 222.097 -0.05 525.1055 221.5085 -0.05 485.88425 210.2615 -0.05 485.88525 199.61 -0.05 485.88525 199.61 27.6470588235 485.88425 210.2615 -0.05 485.88525 199.61 27.6470588235 485.88425 210.2615 27.6470588235 485.88525 199.61 -0.05 525.1075 199.022 -0.05 525.1075 199.022 27.6470588235 485.88525 199.61 -0.05 525.1075 199.022 27.6470588235 485.88525 199.61 27.6470588235 525.1075 199.022 -0.05 525.107 203.756 -0.05 525.107 203.756 27.6470588235 525.1075 199.022 -0.05 525.107 203.756 27.6470588235 525.1075 199.022 27.6470588235 525.107 203.756 -0.05 525.70125 203.756 -0.05 525.70125 203.756 27.6470588235 525.107 203.756 -0.05 525.70125 203.756 27.6470588235 525.107 203.756 27.6470588235 525.70125 203.756 -0.05 525.70025 214.4075 -0.05 525.70025 214.4075 27.6470588235 525.70125 203.756 -0.05 525.70025 214.4075 27.6470588235 525.70125 203.756 27.6470588235 525.70025 214.4075 -0.05 525.106 214.4075 -0.05 525.106 214.4075 27.6470588235 525.70025 214.4075 -0.05 525.106 214.4075 27.6470588235 525.70025 214.4075 27.6470588235 525.106 214.4075 -0.05 525.1055 221.5085 -0.05 525.1055 221.5085 27.6470588235 525.106 214.4075 -0.05 525.1055 221.5085 27.6470588235 525.106 214.4075 27.6470588235 525.1055 221.5085 -0.05 488.26025 222.097 -0.05 488.26025 222.097 27.6470588235 525.1055 221.5085 -0.05 488.26025 222.097 27.6470588235 525.1055 221.5085 27.6470588235 488.26025 222.097 -0.05 487.667 210.26175 -0.05 487.667 210.26175 27.6470588235 488.26025 222.097 -0.05 487.667 210.26175 27.6470588235 488.26025 222.097 27.6470588235 487.667 210.26175 -0.05 485.88425 210.2615 -0.05 485.88425 210.2615 27.6470588235 487.667 210.26175 -0.05 485.88425 210.2615 27.6470588235 487.667 210.26175 27.6470588235 488.851 261.1525 32.2058823529 487.6625 261.1525 32.2058823529 487.66325 250.501 32.2058823529 487.66325 250.501 -0.05 487.6625 261.1525 -0.05 488.851 261.1525 -0.05 488.851 261.1525 32.2058823529 487.66325 250.501 32.2058823529 525.697 249.91275 32.2058823529 525.697 249.91275 -0.05 487.66325 250.501 -0.05 488.851 261.1525 -0.05 488.851 261.1525 32.2058823529 525.697 249.91275 32.2058823529 525.69675 254.055 32.2058823529 525.69675 254.055 -0.05 525.697 249.91275 -0.05 488.851 261.1525 -0.05 488.851 261.1525 32.2058823529 525.69675 254.055 32.2058823529 526.88525 254.055 32.2058823529 526.88525 254.055 -0.05 525.69675 254.055 -0.05 488.851 261.1525 -0.05 488.851 261.1525 32.2058823529 526.88525 254.055 32.2058823529 526.88425 265.29825 32.2058823529 526.88425 265.29825 -0.05 526.88525 254.055 -0.05 488.851 261.1525 -0.05 488.851 261.1525 32.2058823529 526.88425 265.29825 32.2058823529 525.6955 265.29825 32.2058823529 525.6955 265.29825 -0.05 526.88425 265.29825 -0.05 488.851 261.1525 -0.05 488.851 261.1525 32.2058823529 525.6955 265.29825 32.2058823529 525.695 271.8075 32.2058823529 525.695 271.8075 -0.05 525.6955 265.29825 -0.05 488.851 261.1525 -0.05 525.695 271.8075 32.2058823529 488.85 272.39575 32.2058823529 488.851 261.1525 32.2058823529 488.851 261.1525 -0.05 488.85 272.39575 -0.05 525.695 271.8075 -0.05 487.6625 261.1525 -0.05 487.66325 250.501 -0.05 487.66325 250.501 32.2058823529 487.6625 261.1525 -0.05 487.66325 250.501 32.2058823529 487.6625 261.1525 32.2058823529 487.66325 250.501 -0.05 525.697 249.91275 -0.05 525.697 249.91275 32.2058823529 487.66325 250.501 -0.05 525.697 249.91275 32.2058823529 487.66325 250.501 32.2058823529 525.697 249.91275 -0.05 525.69675 254.055 -0.05 525.69675 254.055 32.2058823529 525.697 249.91275 -0.05 525.69675 254.055 32.2058823529 525.697 249.91275 32.2058823529 525.69675 254.055 -0.05 526.88525 254.055 -0.05 526.88525 254.055 32.2058823529 525.69675 254.055 -0.05 526.88525 254.055 32.2058823529 525.69675 254.055 32.2058823529 526.88525 254.055 -0.05 526.88425 265.29825 -0.05 526.88425 265.29825 32.2058823529 526.88525 254.055 -0.05 526.88425 265.29825 32.2058823529 526.88525 254.055 32.2058823529 526.88425 265.29825 -0.05 525.6955 265.29825 -0.05 525.6955 265.29825 32.2058823529 526.88425 265.29825 -0.05 525.6955 265.29825 32.2058823529 526.88425 265.29825 32.2058823529 525.6955 265.29825 -0.05 525.695 271.8075 -0.05 525.695 271.8075 32.2058823529 525.6955 265.29825 -0.05 525.695 271.8075 32.2058823529 525.6955 265.29825 32.2058823529 525.695 271.8075 -0.05 488.85 272.39575 -0.05 488.85 272.39575 32.2058823529 525.695 271.8075 -0.05 488.85 272.39575 32.2058823529 525.695 271.8075 32.2058823529 488.85 272.39575 -0.05 488.851 261.1525 -0.05 488.851 261.1525 32.2058823529 488.85 272.39575 -0.05 488.851 261.1525 32.2058823529 488.85 272.39575 32.2058823529 488.851 261.1525 -0.05 487.6625 261.1525 -0.05 487.6625 261.1525 32.2058823529 488.851 261.1525 -0.05 487.6625 261.1525 32.2058823529 488.851 261.1525 32.2058823529 116.83575 249.2865 39.1176470588 113.2715 230.942 39.1176470588 143.58 224.435 39.1176470588 143.58 224.435 -0.05 113.2715 230.942 -0.05 116.83575 249.2865 -0.05 116.83575 249.2865 39.1176470588 143.58 224.435 39.1176470588 144.76825 229.76075 39.1176470588 144.76825 229.76075 -0.05 143.58 224.435 -0.05 116.83575 249.2865 -0.05 116.83575 249.2865 39.1176470588 144.76825 229.76075 39.1176470588 154.27675 227.3945 39.1176470588 154.27675 227.3945 -0.05 144.76825 229.76075 -0.05 116.83575 249.2865 -0.05 154.27675 227.3945 39.1176470588 161.9995 264.08375 39.1176470588 140.011 268.81625 39.1176470588 140.011 268.81625 -0.05 161.9995 264.08375 -0.05 154.27675 227.3945 -0.05 154.27675 227.3945 39.1176470588 140.011 268.81625 39.1176470588 136.44675 251.06325 39.1176470588 136.44675 251.06325 -0.05 140.011 268.81625 -0.05 154.27675 227.3945 -0.05 154.27675 227.3945 39.1176470588 136.44675 251.06325 39.1176470588 133.47525 251.65475 39.1176470588 133.47525 251.65475 -0.05 136.44675 251.06325 -0.05 154.27675 227.3945 -0.05 154.27675 227.3945 39.1176470588 133.47525 251.65475 39.1176470588 132.28725 245.73725 39.1176470588 132.28725 245.73725 -0.05 133.47525 251.65475 -0.05 154.27675 227.3945 -0.05 154.27675 227.3945 39.1176470588 132.28725 245.73725 39.1176470588 116.83575 249.2865 39.1176470588 116.83575 249.2865 -0.05 132.28725 245.73725 -0.05 154.27675 227.3945 -0.05 113.2715 230.942 -0.05 143.58 224.435 -0.05 143.58 224.435 39.1176470588 113.2715 230.942 -0.05 143.58 224.435 39.1176470588 113.2715 230.942 39.1176470588 143.58 224.435 -0.05 144.76825 229.76075 -0.05 144.76825 229.76075 39.1176470588 143.58 224.435 -0.05 144.76825 229.76075 39.1176470588 143.58 224.435 39.1176470588 144.76825 229.76075 -0.05 154.27675 227.3945 -0.05 154.27675 227.3945 39.1176470588 144.76825 229.76075 -0.05 154.27675 227.3945 39.1176470588 144.76825 229.76075 39.1176470588 154.27675 227.3945 -0.05 161.9995 264.08375 -0.05 161.9995 264.08375 39.1176470588 154.27675 227.3945 -0.05 161.9995 264.08375 39.1176470588 154.27675 227.3945 39.1176470588 161.9995 264.08375 -0.05 140.011 268.81625 -0.05 140.011 268.81625 39.1176470588 161.9995 264.08375 -0.05 140.011 268.81625 39.1176470588 161.9995 264.08375 39.1176470588 140.011 268.81625 -0.05 136.44675 251.06325 -0.05 136.44675 251.06325 39.1176470588 140.011 268.81625 -0.05 136.44675 251.06325 39.1176470588 140.011 268.81625 39.1176470588 136.44675 251.06325 -0.05 133.47525 251.65475 -0.05 133.47525 251.65475 39.1176470588 136.44675 251.06325 -0.05 133.47525 251.65475 39.1176470588 136.44675 251.06325 39.1176470588 133.47525 251.65475 -0.05 132.28725 245.73725 -0.05 132.28725 245.73725 39.1176470588 133.47525 251.65475 -0.05 132.28725 245.73725 39.1176470588 133.47525 251.65475 39.1176470588 132.28725 245.73725 -0.05 116.83575 249.2865 -0.05 116.83575 249.2865 39.1176470588 132.28725 245.73725 -0.05 116.83575 249.2865 39.1176470588 132.28725 245.73725 39.1176470588 116.83575 249.2865 -0.05 113.2715 230.942 -0.05 113.2715 230.942 39.1176470588 116.83575 249.2865 -0.05 113.2715 230.942 39.1176470588 116.83575 249.2865 39.1176470588 -587.9415 -567.37175 31.6176470588 -608.1475 -566.78075 31.6176470588 -608.1465 -590.45075 31.6176470588 -608.1465 -590.45075 -0.05 -608.1475 -566.78075 -0.05 -587.9415 -567.37175 -0.05 -587.9415 -567.37175 31.6176470588 -608.1465 -590.45075 31.6176470588 -562.3855 -590.449 31.6176470588 -562.3855 -590.449 -0.05 -608.1465 -590.45075 -0.05 -587.9415 -567.37175 -0.05 -562.3855 -590.449 31.6176470588 -562.386 -581.5725 31.6176470588 -564.16875 -581.57275 31.6176470588 -564.16875 -581.57275 -0.05 -562.386 -581.5725 -0.05 -562.3855 -590.449 -0.05 -587.9415 -567.37175 31.6176470588 -562.3855 -590.449 31.6176470588 -564.16875 -581.57275 31.6176470588 -564.16875 -581.57275 -0.05 -562.3855 -590.449 -0.05 -587.9415 -567.37175 -0.05 -564.16875 -581.57275 31.6176470588 -564.17025 -549.02625 31.6176470588 -580.8105 -548.43525 31.6176470588 -580.8105 -548.43525 -0.05 -564.17025 -549.02625 -0.05 -564.16875 -581.57275 -0.05 -564.16875 -581.57275 31.6176470588 -580.8105 -548.43525 31.6176470588 -581.40425 -564.4125 31.6176470588 -581.40425 -564.4125 -0.05 -580.8105 -548.43525 -0.05 -564.16875 -581.57275 -0.05 -587.9415 -567.37175 31.6176470588 -564.16875 -581.57275 31.6176470588 -581.40425 -564.4125 31.6176470588 -581.40425 -564.4125 -0.05 -564.16875 -581.57275 -0.05 -587.9415 -567.37175 -0.05 -581.40425 -564.4125 31.6176470588 -587.9415 -564.41275 31.6176470588 -587.9415 -567.37175 31.6176470588 -587.9415 -567.37175 -0.05 -587.9415 -564.41275 -0.05 -581.40425 -564.4125 -0.05 -608.1475 -566.78075 -0.05 -608.1465 -590.45075 -0.05 -608.1465 -590.45075 31.6176470588 -608.1475 -566.78075 -0.05 -608.1465 -590.45075 31.6176470588 -608.1475 -566.78075 31.6176470588 -608.1465 -590.45075 -0.05 -562.3855 -590.449 -0.05 -562.3855 -590.449 31.6176470588 -608.1465 -590.45075 -0.05 -562.3855 -590.449 31.6176470588 -608.1465 -590.45075 31.6176470588 -562.3855 -590.449 -0.05 -562.386 -581.5725 -0.05 -562.386 -581.5725 31.6176470588 -562.3855 -590.449 -0.05 -562.386 -581.5725 31.6176470588 -562.3855 -590.449 31.6176470588 -562.386 -581.5725 -0.05 -564.16875 -581.57275 -0.05 -564.16875 -581.57275 31.6176470588 -562.386 -581.5725 -0.05 -564.16875 -581.57275 31.6176470588 -562.386 -581.5725 31.6176470588 -564.16875 -581.57275 -0.05 -564.17025 -549.02625 -0.05 -564.17025 -549.02625 31.6176470588 -564.16875 -581.57275 -0.05 -564.17025 -549.02625 31.6176470588 -564.16875 -581.57275 31.6176470588 -564.17025 -549.02625 -0.05 -580.8105 -548.43525 -0.05 -580.8105 -548.43525 31.6176470588 -564.17025 -549.02625 -0.05 -580.8105 -548.43525 31.6176470588 -564.17025 -549.02625 31.6176470588 -580.8105 -548.43525 -0.05 -581.40425 -564.4125 -0.05 -581.40425 -564.4125 31.6176470588 -580.8105 -548.43525 -0.05 -581.40425 -564.4125 31.6176470588 -580.8105 -548.43525 31.6176470588 -581.40425 -564.4125 -0.05 -587.9415 -564.41275 -0.05 -587.9415 -564.41275 31.6176470588 -581.40425 -564.4125 -0.05 -587.9415 -564.41275 31.6176470588 -581.40425 -564.4125 31.6176470588 -587.9415 -564.41275 -0.05 -587.9415 -567.37175 -0.05 -587.9415 -567.37175 31.6176470588 -587.9415 -564.41275 -0.05 -587.9415 -567.37175 31.6176470588 -587.9415 -564.41275 31.6176470588 -587.9415 -567.37175 -0.05 -608.1475 -566.78075 -0.05 -608.1475 -566.78075 31.6176470588 -587.9415 -567.37175 -0.05 -608.1475 -566.78075 31.6176470588 -587.9415 -567.37175 31.6176470588 474.00575 132.741 28.3823529412 457.366 132.7395 28.3823529412 457.3705 83.624 28.3823529412 457.3705 83.624 -0.05 457.366 132.7395 -0.05 474.00575 132.741 -0.05 457.3705 83.624 28.3823529412 476.3875 83.62575 28.3823529412 476.386 97.82775 28.3823529412 476.386 97.82775 -0.05 476.3875 83.62575 -0.05 457.3705 83.624 -0.05 476.386 97.82775 28.3823529412 483.5175 97.8285 28.3823529412 483.51725 99.60375 28.3823529412 483.51725 99.60375 -0.05 483.5175 97.8285 -0.05 476.386 97.82775 -0.05 483.51725 99.60375 28.3823529412 504.91125 99.60575 28.3823529412 504.90925 123.27575 28.3823529412 504.90925 123.27575 -0.05 504.91125 99.60575 -0.05 483.51725 99.60375 -0.05 476.386 97.82775 28.3823529412 483.51725 99.60375 28.3823529412 504.90925 123.27575 28.3823529412 504.90925 123.27575 -0.05 483.51725 99.60375 -0.05 476.386 97.82775 -0.05 457.3705 83.624 28.3823529412 476.386 97.82775 28.3823529412 504.90925 123.27575 28.3823529412 504.90925 123.27575 -0.05 476.386 97.82775 -0.05 457.3705 83.624 -0.05 457.3705 83.624 28.3823529412 504.90925 123.27575 28.3823529412 474.00675 123.273 28.3823529412 474.00675 123.273 -0.05 504.90925 123.27575 -0.05 457.3705 83.624 -0.05 457.3705 83.624 28.3823529412 474.00675 123.273 28.3823529412 474.00575 132.741 28.3823529412 474.00575 132.741 -0.05 474.00675 123.273 -0.05 457.3705 83.624 -0.05 457.366 132.7395 -0.05 457.3705 83.624 -0.05 457.3705 83.624 28.3823529412 457.366 132.7395 -0.05 457.3705 83.624 28.3823529412 457.366 132.7395 28.3823529412 457.3705 83.624 -0.05 476.3875 83.62575 -0.05 476.3875 83.62575 28.3823529412 457.3705 83.624 -0.05 476.3875 83.62575 28.3823529412 457.3705 83.624 28.3823529412 476.3875 83.62575 -0.05 476.386 97.82775 -0.05 476.386 97.82775 28.3823529412 476.3875 83.62575 -0.05 476.386 97.82775 28.3823529412 476.3875 83.62575 28.3823529412 476.386 97.82775 -0.05 483.5175 97.8285 -0.05 483.5175 97.8285 28.3823529412 476.386 97.82775 -0.05 483.5175 97.8285 28.3823529412 476.386 97.82775 28.3823529412 483.5175 97.8285 -0.05 483.51725 99.60375 -0.05 483.51725 99.60375 28.3823529412 483.5175 97.8285 -0.05 483.51725 99.60375 28.3823529412 483.5175 97.8285 28.3823529412 483.51725 99.60375 -0.05 504.91125 99.60575 -0.05 504.91125 99.60575 28.3823529412 483.51725 99.60375 -0.05 504.91125 99.60575 28.3823529412 483.51725 99.60375 28.3823529412 504.91125 99.60575 -0.05 504.90925 123.27575 -0.05 504.90925 123.27575 28.3823529412 504.91125 99.60575 -0.05 504.90925 123.27575 28.3823529412 504.91125 99.60575 28.3823529412 504.90925 123.27575 -0.05 474.00675 123.273 -0.05 474.00675 123.273 28.3823529412 504.90925 123.27575 -0.05 474.00675 123.273 28.3823529412 504.90925 123.27575 28.3823529412 474.00675 123.273 -0.05 474.00575 132.741 -0.05 474.00575 132.741 28.3823529412 474.00675 123.273 -0.05 474.00575 132.741 28.3823529412 474.00675 123.273 28.3823529412 474.00575 132.741 -0.05 457.366 132.7395 -0.05 457.366 132.7395 28.3823529412 474.00575 132.741 -0.05 457.366 132.7395 28.3823529412 474.00575 132.741 28.3823529412 386.06425 -1.00275 43.2352941176 385.47175 -22.89775 43.2352941176 424.10025 -22.89425 43.2352941176 424.10025 -22.89425 -0.05 385.47175 -22.89775 -0.05 386.06425 -1.00275 -0.05 386.06425 -1.00275 43.2352941176 424.10025 -22.89425 43.2352941176 424.09925 -12.8345 43.2352941176 424.09925 -12.8345 -0.05 424.10025 -22.89425 -0.05 386.06425 -1.00275 -0.05 386.06425 -1.00275 43.2352941176 424.09925 -12.8345 43.2352941176 428.8535 -12.834 43.2352941176 428.8535 -12.834 -0.05 424.09925 -12.8345 -0.05 386.06425 -1.00275 -0.05 428.8535 -12.834 43.2352941176 428.851 16.16175 43.2352941176 410.42825 16.16025 43.2352941176 410.42825 16.16025 -0.05 428.851 16.16175 -0.05 428.8535 -12.834 -0.05 428.8535 -12.834 43.2352941176 410.42825 16.16025 43.2352941176 410.4295 1.958 43.2352941176 410.4295 1.958 -0.05 410.42825 16.16025 -0.05 428.8535 -12.834 -0.05 428.8535 -12.834 43.2352941176 410.4295 1.958 43.2352941176 404.48675 1.9575 43.2352941176 404.48675 1.9575 -0.05 410.4295 1.958 -0.05 428.8535 -12.834 -0.05 428.8535 -12.834 43.2352941176 404.48675 1.9575 43.2352941176 404.487 -1.00125 43.2352941176 404.487 -1.00125 -0.05 404.48675 1.9575 -0.05 428.8535 -12.834 -0.05 428.8535 -12.834 43.2352941176 404.487 -1.00125 43.2352941176 386.06425 -1.00275 43.2352941176 386.06425 -1.00275 -0.05 404.487 -1.00125 -0.05 428.8535 -12.834 -0.05 385.47175 -22.89775 -0.05 424.10025 -22.89425 -0.05 424.10025 -22.89425 43.2352941176 385.47175 -22.89775 -0.05 424.10025 -22.89425 43.2352941176 385.47175 -22.89775 43.2352941176 424.10025 -22.89425 -0.05 424.09925 -12.8345 -0.05 424.09925 -12.8345 43.2352941176 424.10025 -22.89425 -0.05 424.09925 -12.8345 43.2352941176 424.10025 -22.89425 43.2352941176 424.09925 -12.8345 -0.05 428.8535 -12.834 -0.05 428.8535 -12.834 43.2352941176 424.09925 -12.8345 -0.05 428.8535 -12.834 43.2352941176 424.09925 -12.8345 43.2352941176 428.8535 -12.834 -0.05 428.851 16.16175 -0.05 428.851 16.16175 43.2352941176 428.8535 -12.834 -0.05 428.851 16.16175 43.2352941176 428.8535 -12.834 43.2352941176 428.851 16.16175 -0.05 410.42825 16.16025 -0.05 410.42825 16.16025 43.2352941176 428.851 16.16175 -0.05 410.42825 16.16025 43.2352941176 428.851 16.16175 43.2352941176 410.42825 16.16025 -0.05 410.4295 1.958 -0.05 410.4295 1.958 43.2352941176 410.42825 16.16025 -0.05 410.4295 1.958 43.2352941176 410.42825 16.16025 43.2352941176 410.4295 1.958 -0.05 404.48675 1.9575 -0.05 404.48675 1.9575 43.2352941176 410.4295 1.958 -0.05 404.48675 1.9575 43.2352941176 410.4295 1.958 43.2352941176 404.48675 1.9575 -0.05 404.487 -1.00125 -0.05 404.487 -1.00125 43.2352941176 404.48675 1.9575 -0.05 404.487 -1.00125 43.2352941176 404.48675 1.9575 43.2352941176 404.487 -1.00125 -0.05 386.06425 -1.00275 -0.05 386.06425 -1.00275 43.2352941176 404.487 -1.00125 -0.05 386.06425 -1.00275 43.2352941176 404.487 -1.00125 43.2352941176 386.06425 -1.00275 -0.05 385.47175 -22.89775 -0.05 385.47175 -22.89775 43.2352941176 386.06425 -1.00275 -0.05 385.47175 -22.89775 43.2352941176 386.06425 -1.00275 43.2352941176 -517.267 501.92725 34.8529411765 -524.9915 484.76625 34.8529411765 -479.82625 465.24025 34.8529411765 -479.82625 465.24025 -0.05 -524.9915 484.76625 -0.05 -517.267 501.92725 -0.05 -479.82625 465.24025 34.8529411765 -472.696 482.4015 34.8529411765 -480.4215 485.36 34.8529411765 -480.4215 485.36 -0.05 -472.696 482.4015 -0.05 -479.82625 465.24025 -0.05 -517.267 501.92725 34.8529411765 -479.82625 465.24025 34.8529411765 -480.4215 485.36 34.8529411765 -480.4215 485.36 -0.05 -479.82625 465.24025 -0.05 -517.267 501.92725 -0.05 -480.4215 485.36 34.8529411765 -469.1315 510.80575 34.8529411765 -489.93125 519.681 34.8529411765 -489.93125 519.681 -0.05 -469.1315 510.80575 -0.05 -480.4215 485.36 -0.05 -480.4215 485.36 34.8529411765 -489.93125 519.681 34.8529411765 -498.25025 501.92825 34.8529411765 -498.25025 501.92825 -0.05 -489.93125 519.681 -0.05 -480.4215 485.36 -0.05 -480.4215 485.36 34.8529411765 -498.25025 501.92825 34.8529411765 -500.6275 503.1115 34.8529411765 -500.6275 503.1115 -0.05 -498.25025 501.92825 -0.05 -480.4215 485.36 -0.05 -480.4215 485.36 34.8529411765 -500.6275 503.1115 34.8529411765 -503.5985 496.0105 34.8529411765 -503.5985 496.0105 -0.05 -500.6275 503.1115 -0.05 -480.4215 485.36 -0.05 -480.4215 485.36 34.8529411765 -503.5985 496.0105 34.8529411765 -517.267 501.92725 34.8529411765 -517.267 501.92725 -0.05 -503.5985 496.0105 -0.05 -480.4215 485.36 -0.05 -524.9915 484.76625 -0.05 -479.82625 465.24025 -0.05 -479.82625 465.24025 34.8529411765 -524.9915 484.76625 -0.05 -479.82625 465.24025 34.8529411765 -524.9915 484.76625 34.8529411765 -479.82625 465.24025 -0.05 -472.696 482.4015 -0.05 -472.696 482.4015 34.8529411765 -479.82625 465.24025 -0.05 -472.696 482.4015 34.8529411765 -479.82625 465.24025 34.8529411765 -472.696 482.4015 -0.05 -480.4215 485.36 -0.05 -480.4215 485.36 34.8529411765 -472.696 482.4015 -0.05 -480.4215 485.36 34.8529411765 -472.696 482.4015 34.8529411765 -480.4215 485.36 -0.05 -469.1315 510.80575 -0.05 -469.1315 510.80575 34.8529411765 -480.4215 485.36 -0.05 -469.1315 510.80575 34.8529411765 -480.4215 485.36 34.8529411765 -469.1315 510.80575 -0.05 -489.93125 519.681 -0.05 -489.93125 519.681 34.8529411765 -469.1315 510.80575 -0.05 -489.93125 519.681 34.8529411765 -469.1315 510.80575 34.8529411765 -489.93125 519.681 -0.05 -498.25025 501.92825 -0.05 -498.25025 501.92825 34.8529411765 -489.93125 519.681 -0.05 -498.25025 501.92825 34.8529411765 -489.93125 519.681 34.8529411765 -498.25025 501.92825 -0.05 -500.6275 503.1115 -0.05 -500.6275 503.1115 34.8529411765 -498.25025 501.92825 -0.05 -500.6275 503.1115 34.8529411765 -498.25025 501.92825 34.8529411765 -500.6275 503.1115 -0.05 -503.5985 496.0105 -0.05 -503.5985 496.0105 34.8529411765 -500.6275 503.1115 -0.05 -503.5985 496.0105 34.8529411765 -500.6275 503.1115 34.8529411765 -503.5985 496.0105 -0.05 -517.267 501.92725 -0.05 -517.267 501.92725 34.8529411765 -503.5985 496.0105 -0.05 -517.267 501.92725 34.8529411765 -503.5985 496.0105 34.8529411765 -517.267 501.92725 -0.05 -524.9915 484.76625 -0.05 -524.9915 484.76625 34.8529411765 -517.267 501.92725 -0.05 -524.9915 484.76625 34.8529411765 -517.267 501.92725 34.8529411765 161.38475 532.73925 23.5294117647 160.1975 514.9865 23.5294117647 175.05425 513.80425 23.5294117647 175.05425 513.80425 -0.05 160.1975 514.9865 -0.05 161.38475 532.73925 -0.05 175.05425 513.80425 23.5294117647 173.2735 490.134 23.5294117647 197.6385 488.9525 23.5294117647 197.6385 488.9525 -0.05 173.2735 490.134 -0.05 175.05425 513.80425 -0.05 161.38475 532.73925 23.5294117647 175.05425 513.80425 23.5294117647 197.6385 488.9525 23.5294117647 197.6385 488.9525 -0.05 175.05425 513.80425 -0.05 161.38475 532.73925 -0.05 161.38475 532.73925 23.5294117647 197.6385 488.9525 23.5294117647 198.826 503.1545 23.5294117647 198.826 503.1545 -0.05 197.6385 488.9525 -0.05 161.38475 532.73925 -0.05 161.38475 532.73925 23.5294117647 198.826 503.1545 23.5294117647 206.5515 502.5635 23.5294117647 206.5515 502.5635 -0.05 198.826 503.1545 -0.05 161.38475 532.73925 -0.05 206.5515 502.5635 23.5294117647 207.73825 525.64175 23.5294117647 185.156 526.8235 23.5294117647 185.156 526.8235 -0.05 207.73825 525.64175 -0.05 206.5515 502.5635 -0.05 161.38475 532.73925 23.5294117647 206.5515 502.5635 23.5294117647 185.156 526.8235 23.5294117647 185.156 526.8235 -0.05 206.5515 502.5635 -0.05 161.38475 532.73925 -0.05 185.156 526.8235 23.5294117647 185.1555 530.96575 23.5294117647 161.38475 532.73925 23.5294117647 161.38475 532.73925 -0.05 185.1555 530.96575 -0.05 185.156 526.8235 -0.05 160.1975 514.9865 -0.05 175.05425 513.80425 -0.05 175.05425 513.80425 23.5294117647 160.1975 514.9865 -0.05 175.05425 513.80425 23.5294117647 160.1975 514.9865 23.5294117647 175.05425 513.80425 -0.05 173.2735 490.134 -0.05 173.2735 490.134 23.5294117647 175.05425 513.80425 -0.05 173.2735 490.134 23.5294117647 175.05425 513.80425 23.5294117647 173.2735 490.134 -0.05 197.6385 488.9525 -0.05 197.6385 488.9525 23.5294117647 173.2735 490.134 -0.05 197.6385 488.9525 23.5294117647 173.2735 490.134 23.5294117647 197.6385 488.9525 -0.05 198.826 503.1545 -0.05 198.826 503.1545 23.5294117647 197.6385 488.9525 -0.05 198.826 503.1545 23.5294117647 197.6385 488.9525 23.5294117647 198.826 503.1545 -0.05 206.5515 502.5635 -0.05 206.5515 502.5635 23.5294117647 198.826 503.1545 -0.05 206.5515 502.5635 23.5294117647 198.826 503.1545 23.5294117647 206.5515 502.5635 -0.05 207.73825 525.64175 -0.05 207.73825 525.64175 23.5294117647 206.5515 502.5635 -0.05 207.73825 525.64175 23.5294117647 206.5515 502.5635 23.5294117647 207.73825 525.64175 -0.05 185.156 526.8235 -0.05 185.156 526.8235 23.5294117647 207.73825 525.64175 -0.05 185.156 526.8235 23.5294117647 207.73825 525.64175 23.5294117647 185.156 526.8235 -0.05 185.1555 530.96575 -0.05 185.1555 530.96575 23.5294117647 185.156 526.8235 -0.05 185.1555 530.96575 23.5294117647 185.156 526.8235 23.5294117647 185.1555 530.96575 -0.05 161.38475 532.73925 -0.05 161.38475 532.73925 23.5294117647 185.1555 530.96575 -0.05 161.38475 532.73925 23.5294117647 185.1555 530.96575 23.5294117647 161.38475 532.73925 -0.05 160.1975 514.9865 -0.05 160.1975 514.9865 23.5294117647 161.38475 532.73925 -0.05 160.1975 514.9865 23.5294117647 161.38475 532.73925 23.5294117647 180.45575 -172.036 32.0588235294 161.4395 -185.056 32.0588235294 172.138 -200.44075 32.0588235294 172.138 -200.44075 -0.05 161.4395 -185.056 -0.05 180.45575 -172.036 -0.05 180.45575 -172.036 32.0588235294 172.138 -200.44075 32.0588235294 183.42875 -192.74725 32.0588235294 183.42875 -192.74725 -0.05 172.138 -200.44075 -0.05 180.45575 -172.036 -0.05 180.45575 -172.036 32.0588235294 183.42875 -192.74725 32.0588235294 206.60875 -227.067 32.0588235294 206.60875 -227.067 -0.05 183.42875 -192.74725 -0.05 180.45575 -172.036 -0.05 206.60875 -227.067 32.0588235294 227.40775 -212.86325 32.0588235294 205.4165 -180.9105 32.0588235294 205.4165 -180.9105 -0.05 227.40775 -212.86325 -0.05 206.60875 -227.067 -0.05 205.4165 -180.9105 32.0588235294 218.49025 -172.033 32.0588235294 208.386 -156.64825 32.0588235294 208.386 -156.64825 -0.05 218.49025 -172.033 -0.05 205.4165 -180.9105 -0.05 205.4165 -180.9105 32.0588235294 208.386 -156.64825 32.0588235294 182.23875 -174.403 32.0588235294 182.23875 -174.403 -0.05 208.386 -156.64825 -0.05 205.4165 -180.9105 -0.05 206.60875 -227.067 32.0588235294 205.4165 -180.9105 32.0588235294 182.23875 -174.403 32.0588235294 182.23875 -174.403 -0.05 205.4165 -180.9105 -0.05 206.60875 -227.067 -0.05 206.60875 -227.067 32.0588235294 182.23875 -174.403 32.0588235294 180.45575 -172.036 32.0588235294 180.45575 -172.036 -0.05 182.23875 -174.403 -0.05 206.60875 -227.067 -0.05 161.4395 -185.056 -0.05 172.138 -200.44075 -0.05 172.138 -200.44075 32.0588235294 161.4395 -185.056 -0.05 172.138 -200.44075 32.0588235294 161.4395 -185.056 32.0588235294 172.138 -200.44075 -0.05 183.42875 -192.74725 -0.05 183.42875 -192.74725 32.0588235294 172.138 -200.44075 -0.05 183.42875 -192.74725 32.0588235294 172.138 -200.44075 32.0588235294 183.42875 -192.74725 -0.05 206.60875 -227.067 -0.05 206.60875 -227.067 32.0588235294 183.42875 -192.74725 -0.05 206.60875 -227.067 32.0588235294 183.42875 -192.74725 32.0588235294 206.60875 -227.067 -0.05 227.40775 -212.86325 -0.05 227.40775 -212.86325 32.0588235294 206.60875 -227.067 -0.05 227.40775 -212.86325 32.0588235294 206.60875 -227.067 32.0588235294 227.40775 -212.86325 -0.05 205.4165 -180.9105 -0.05 205.4165 -180.9105 32.0588235294 227.40775 -212.86325 -0.05 205.4165 -180.9105 32.0588235294 227.40775 -212.86325 32.0588235294 205.4165 -180.9105 -0.05 218.49025 -172.033 -0.05 218.49025 -172.033 32.0588235294 205.4165 -180.9105 -0.05 218.49025 -172.033 32.0588235294 205.4165 -180.9105 32.0588235294 218.49025 -172.033 -0.05 208.386 -156.64825 -0.05 208.386 -156.64825 32.0588235294 218.49025 -172.033 -0.05 208.386 -156.64825 32.0588235294 218.49025 -172.033 32.0588235294 208.386 -156.64825 -0.05 182.23875 -174.403 -0.05 182.23875 -174.403 32.0588235294 208.386 -156.64825 -0.05 182.23875 -174.403 32.0588235294 208.386 -156.64825 32.0588235294 182.23875 -174.403 -0.05 180.45575 -172.036 -0.05 180.45575 -172.036 32.0588235294 182.23875 -174.403 -0.05 180.45575 -172.036 32.0588235294 182.23875 -174.403 32.0588235294 180.45575 -172.036 -0.05 161.4395 -185.056 -0.05 161.4395 -185.056 32.0588235294 180.45575 -172.036 -0.05 161.4395 -185.056 32.0588235294 180.45575 -172.036 32.0588235294 368.225 122.67175 22.6470588235 356.3395 122.67075 22.6470588235 356.937 84.207 22.6470588235 356.937 84.207 -0.05 356.3395 122.67075 -0.05 368.225 122.67175 -0.05 368.225 122.67175 22.6470588235 356.937 84.207 22.6470588235 375.35975 84.2085 22.6470588235 375.35975 84.2085 -0.05 356.937 84.207 -0.05 368.225 122.67175 -0.05 368.225 122.67175 22.6470588235 375.35975 84.2085 22.6470588235 375.3585 99.594 22.6470588235 375.3585 99.594 -0.05 375.35975 84.2085 -0.05 368.225 122.67175 -0.05 368.225 122.67175 22.6470588235 375.3585 99.594 22.6470588235 403.88375 99.5965 22.6470588235 403.88375 99.5965 -0.05 375.3585 99.594 -0.05 368.225 122.67175 -0.05 368.225 122.67175 22.6470588235 403.88375 99.5965 22.6470588235 403.28675 130.9595 22.6470588235 403.28675 130.9595 -0.05 403.88375 99.5965 -0.05 368.225 122.67175 -0.05 403.28675 130.9595 22.6470588235 384.86425 130.95775 22.6470588235 384.86425 129.77425 22.6470588235 384.86425 129.77425 -0.05 384.86425 130.95775 -0.05 403.28675 130.9595 -0.05 368.225 122.67175 22.6470588235 403.28675 130.9595 22.6470588235 384.86425 129.77425 22.6470588235 384.86425 129.77425 -0.05 403.28675 130.9595 -0.05 368.225 122.67175 -0.05 384.86425 129.77425 22.6470588235 368.2245 129.181 22.6470588235 368.225 122.67175 22.6470588235 368.225 122.67175 -0.05 368.2245 129.181 -0.05 384.86425 129.77425 -0.05 356.3395 122.67075 -0.05 356.937 84.207 -0.05 356.937 84.207 22.6470588235 356.3395 122.67075 -0.05 356.937 84.207 22.6470588235 356.3395 122.67075 22.6470588235 356.937 84.207 -0.05 375.35975 84.2085 -0.05 375.35975 84.2085 22.6470588235 356.937 84.207 -0.05 375.35975 84.2085 22.6470588235 356.937 84.207 22.6470588235 375.35975 84.2085 -0.05 375.3585 99.594 -0.05 375.3585 99.594 22.6470588235 375.35975 84.2085 -0.05 375.3585 99.594 22.6470588235 375.35975 84.2085 22.6470588235 375.3585 99.594 -0.05 403.88375 99.5965 -0.05 403.88375 99.5965 22.6470588235 375.3585 99.594 -0.05 403.88375 99.5965 22.6470588235 375.3585 99.594 22.6470588235 403.88375 99.5965 -0.05 403.28675 130.9595 -0.05 403.28675 130.9595 22.6470588235 403.88375 99.5965 -0.05 403.28675 130.9595 22.6470588235 403.88375 99.5965 22.6470588235 403.28675 130.9595 -0.05 384.86425 130.95775 -0.05 384.86425 130.95775 22.6470588235 403.28675 130.9595 -0.05 384.86425 130.95775 22.6470588235 403.28675 130.9595 22.6470588235 384.86425 130.95775 -0.05 384.86425 129.77425 -0.05 384.86425 129.77425 22.6470588235 384.86425 130.95775 -0.05 384.86425 129.77425 22.6470588235 384.86425 130.95775 22.6470588235 384.86425 129.77425 -0.05 368.2245 129.181 -0.05 368.2245 129.181 22.6470588235 384.86425 129.77425 -0.05 368.2245 129.181 22.6470588235 384.86425 129.77425 22.6470588235 368.2245 129.181 -0.05 368.225 122.67175 -0.05 368.225 122.67175 22.6470588235 368.2245 129.181 -0.05 368.225 122.67175 22.6470588235 368.2245 129.181 22.6470588235 368.225 122.67175 -0.05 356.3395 122.67075 -0.05 356.3395 122.67075 22.6470588235 368.225 122.67175 -0.05 356.3395 122.67075 22.6470588235 368.225 122.67175 22.6470588235 547.752 -454.27025 31.4705882353 547.1595 -473.798 31.4705882353 562.017 -473.7965 31.4705882353 562.017 -473.7965 -0.05 547.1595 -473.798 -0.05 547.752 -454.27025 -0.05 562.017 -473.7965 31.4705882353 562.0175 -480.30575 31.4705882353 564.39475 -480.30575 31.4705882353 564.39475 -480.30575 -0.05 562.0175 -480.30575 -0.05 562.017 -473.7965 -0.05 564.39475 -480.30575 31.4705882353 564.39675 -500.42525 31.4705882353 597.67725 -501.01375 31.4705882353 597.67725 -501.01375 -0.05 564.39675 -500.42525 -0.05 564.39475 -480.30575 -0.05 562.017 -473.7965 31.4705882353 564.39475 -480.30575 31.4705882353 597.67725 -501.01375 31.4705882353 597.67725 -501.01375 -0.05 564.39475 -480.30575 -0.05 562.017 -473.7965 -0.05 547.752 -454.27025 31.4705882353 562.017 -473.7965 31.4705882353 597.67725 -501.01375 31.4705882353 597.67725 -501.01375 -0.05 562.017 -473.7965 -0.05 547.752 -454.27025 -0.05 597.67725 -501.01375 31.4705882353 597.673 -456.0405 31.4705882353 566.7695 -455.45175 31.4705882353 566.7695 -455.45175 -0.05 597.673 -456.0405 -0.05 597.67725 -501.01375 -0.05 547.752 -454.27025 31.4705882353 597.67725 -501.01375 31.4705882353 566.7695 -455.45175 31.4705882353 566.7695 -455.45175 -0.05 597.67725 -501.01375 -0.05 547.752 -454.27025 -0.05 566.7695 -455.45175 31.4705882353 566.7695 -454.26825 31.4705882353 547.752 -454.27025 31.4705882353 547.752 -454.27025 -0.05 566.7695 -454.26825 -0.05 566.7695 -455.45175 -0.05 547.1595 -473.798 -0.05 562.017 -473.7965 -0.05 562.017 -473.7965 31.4705882353 547.1595 -473.798 -0.05 562.017 -473.7965 31.4705882353 547.1595 -473.798 31.4705882353 562.017 -473.7965 -0.05 562.0175 -480.30575 -0.05 562.0175 -480.30575 31.4705882353 562.017 -473.7965 -0.05 562.0175 -480.30575 31.4705882353 562.017 -473.7965 31.4705882353 562.0175 -480.30575 -0.05 564.39475 -480.30575 -0.05 564.39475 -480.30575 31.4705882353 562.0175 -480.30575 -0.05 564.39475 -480.30575 31.4705882353 562.0175 -480.30575 31.4705882353 564.39475 -480.30575 -0.05 564.39675 -500.42525 -0.05 564.39675 -500.42525 31.4705882353 564.39475 -480.30575 -0.05 564.39675 -500.42525 31.4705882353 564.39475 -480.30575 31.4705882353 564.39675 -500.42525 -0.05 597.67725 -501.01375 -0.05 597.67725 -501.01375 31.4705882353 564.39675 -500.42525 -0.05 597.67725 -501.01375 31.4705882353 564.39675 -500.42525 31.4705882353 597.67725 -501.01375 -0.05 597.673 -456.0405 -0.05 597.673 -456.0405 31.4705882353 597.67725 -501.01375 -0.05 597.673 -456.0405 31.4705882353 597.67725 -501.01375 31.4705882353 597.673 -456.0405 -0.05 566.7695 -455.45175 -0.05 566.7695 -455.45175 31.4705882353 597.673 -456.0405 -0.05 566.7695 -455.45175 31.4705882353 597.673 -456.0405 31.4705882353 566.7695 -455.45175 -0.05 566.7695 -454.26825 -0.05 566.7695 -454.26825 31.4705882353 566.7695 -455.45175 -0.05 566.7695 -454.26825 31.4705882353 566.7695 -455.45175 31.4705882353 566.7695 -454.26825 -0.05 547.752 -454.27025 -0.05 547.752 -454.27025 31.4705882353 566.7695 -454.26825 -0.05 547.752 -454.27025 31.4705882353 566.7695 -454.26825 31.4705882353 547.752 -454.27025 -0.05 547.1595 -473.798 -0.05 547.1595 -473.798 31.4705882353 547.752 -454.27025 -0.05 547.1595 -473.798 31.4705882353 547.752 -454.27025 31.4705882353 562.008 -380.29975 47.7941176471 547.745 -380.30125 47.7941176471 547.747 -401.0125 47.7941176471 547.747 -401.0125 -0.05 547.745 -380.30125 -0.05 562.008 -380.29975 -0.05 562.008 -380.29975 47.7941176471 547.747 -401.0125 47.7941176471 600.04475 -400.41575 47.7941176471 600.04475 -400.41575 -0.05 547.747 -401.0125 -0.05 562.008 -380.29975 -0.05 562.008 -380.29975 47.7941176471 600.04475 -400.41575 47.7941176471 600.0425 -376.7455 47.7941176471 600.0425 -376.7455 -0.05 600.04475 -400.41575 -0.05 562.008 -380.29975 -0.05 562.008 -380.29975 47.7941176471 600.0425 -376.7455 47.7941176471 586.968 -376.74675 47.7941176471 586.968 -376.74675 -0.05 600.0425 -376.7455 -0.05 562.008 -380.29975 -0.05 562.008 -380.29975 47.7941176471 586.968 -376.74675 47.7941176471 586.966 -356.0355 47.7941176471 586.966 -356.0355 -0.05 586.968 -376.74675 -0.05 562.008 -380.29975 -0.05 586.966 -356.0355 47.7941176471 564.38275 -356.03775 47.7941176471 564.38475 -374.97375 47.7941176471 564.38475 -374.97375 -0.05 564.38275 -356.03775 -0.05 586.966 -356.0355 -0.05 562.008 -380.29975 47.7941176471 586.966 -356.0355 47.7941176471 564.38475 -374.97375 47.7941176471 564.38475 -374.97375 -0.05 586.966 -356.0355 -0.05 562.008 -380.29975 -0.05 564.38475 -374.97375 47.7941176471 562.0075 -374.974 47.7941176471 562.008 -380.29975 47.7941176471 562.008 -380.29975 -0.05 562.0075 -374.974 -0.05 564.38475 -374.97375 -0.05 547.745 -380.30125 -0.05 547.747 -401.0125 -0.05 547.747 -401.0125 47.7941176471 547.745 -380.30125 -0.05 547.747 -401.0125 47.7941176471 547.745 -380.30125 47.7941176471 547.747 -401.0125 -0.05 600.04475 -400.41575 -0.05 600.04475 -400.41575 47.7941176471 547.747 -401.0125 -0.05 600.04475 -400.41575 47.7941176471 547.747 -401.0125 47.7941176471 600.04475 -400.41575 -0.05 600.0425 -376.7455 -0.05 600.0425 -376.7455 47.7941176471 600.04475 -400.41575 -0.05 600.0425 -376.7455 47.7941176471 600.04475 -400.41575 47.7941176471 600.0425 -376.7455 -0.05 586.968 -376.74675 -0.05 586.968 -376.74675 47.7941176471 600.0425 -376.7455 -0.05 586.968 -376.74675 47.7941176471 600.0425 -376.7455 47.7941176471 586.968 -376.74675 -0.05 586.966 -356.0355 -0.05 586.966 -356.0355 47.7941176471 586.968 -376.74675 -0.05 586.966 -356.0355 47.7941176471 586.968 -376.74675 47.7941176471 586.966 -356.0355 -0.05 564.38275 -356.03775 -0.05 564.38275 -356.03775 47.7941176471 586.966 -356.0355 -0.05 564.38275 -356.03775 47.7941176471 586.966 -356.0355 47.7941176471 564.38275 -356.03775 -0.05 564.38475 -374.97375 -0.05 564.38475 -374.97375 47.7941176471 564.38275 -356.03775 -0.05 564.38475 -374.97375 47.7941176471 564.38275 -356.03775 47.7941176471 564.38475 -374.97375 -0.05 562.0075 -374.974 -0.05 562.0075 -374.974 47.7941176471 564.38475 -374.97375 -0.05 562.0075 -374.974 47.7941176471 564.38475 -374.97375 47.7941176471 562.0075 -374.974 -0.05 562.008 -380.29975 -0.05 562.008 -380.29975 47.7941176471 562.0075 -374.974 -0.05 562.008 -380.29975 47.7941176471 562.0075 -374.974 47.7941176471 562.008 -380.29975 -0.05 547.745 -380.30125 -0.05 547.745 -380.30125 47.7941176471 562.008 -380.29975 -0.05 547.745 -380.30125 47.7941176471 562.008 -380.29975 47.7941176471 258.903 -186.82375 36.1764705882 244.64 -186.82475 36.1764705882 244.64175 -208.7195 36.1764705882 244.64175 -208.7195 -0.05 244.64 -186.82475 -0.05 258.903 -186.82375 -0.05 258.903 -186.82375 36.1764705882 244.64175 -208.7195 36.1764705882 283.2705 -208.12475 36.1764705882 283.2705 -208.12475 -0.05 244.64175 -208.7195 -0.05 258.903 -186.82375 -0.05 258.903 -186.82375 36.1764705882 283.2705 -208.12475 36.1764705882 283.26975 -199.2485 36.1764705882 283.26975 -199.2485 -0.05 283.2705 -208.12475 -0.05 258.903 -186.82375 -0.05 258.903 -186.82375 36.1764705882 283.26975 -199.2485 36.1764705882 286.8355 -199.24825 36.1764705882 286.8355 -199.24825 -0.05 283.26975 -199.2485 -0.05 258.903 -186.82375 -0.05 286.8355 -199.24825 36.1764705882 286.833 -168.477 36.1764705882 267.81575 -168.4785 36.1764705882 267.81575 -168.4785 -0.05 286.833 -168.477 -0.05 286.8355 -199.24825 -0.05 286.8355 -199.24825 36.1764705882 267.81575 -168.4785 36.1764705882 267.817 -185.04775 36.1764705882 267.817 -185.04775 -0.05 267.81575 -168.4785 -0.05 286.8355 -199.24825 -0.05 258.903 -186.82375 36.1764705882 286.8355 -199.24825 36.1764705882 267.817 -185.04775 36.1764705882 267.817 -185.04775 -0.05 286.8355 -199.24825 -0.05 258.903 -186.82375 -0.05 267.817 -185.04775 36.1764705882 258.3085 -185.0485 36.1764705882 258.903 -186.82375 36.1764705882 258.903 -186.82375 -0.05 258.3085 -185.0485 -0.05 267.817 -185.04775 -0.05 244.64 -186.82475 -0.05 244.64175 -208.7195 -0.05 244.64175 -208.7195 36.1764705882 244.64 -186.82475 -0.05 244.64175 -208.7195 36.1764705882 244.64 -186.82475 36.1764705882 244.64175 -208.7195 -0.05 283.2705 -208.12475 -0.05 283.2705 -208.12475 36.1764705882 244.64175 -208.7195 -0.05 283.2705 -208.12475 36.1764705882 244.64175 -208.7195 36.1764705882 283.2705 -208.12475 -0.05 283.26975 -199.2485 -0.05 283.26975 -199.2485 36.1764705882 283.2705 -208.12475 -0.05 283.26975 -199.2485 36.1764705882 283.2705 -208.12475 36.1764705882 283.26975 -199.2485 -0.05 286.8355 -199.24825 -0.05 286.8355 -199.24825 36.1764705882 283.26975 -199.2485 -0.05 286.8355 -199.24825 36.1764705882 283.26975 -199.2485 36.1764705882 286.8355 -199.24825 -0.05 286.833 -168.477 -0.05 286.833 -168.477 36.1764705882 286.8355 -199.24825 -0.05 286.833 -168.477 36.1764705882 286.8355 -199.24825 36.1764705882 286.833 -168.477 -0.05 267.81575 -168.4785 -0.05 267.81575 -168.4785 36.1764705882 286.833 -168.477 -0.05 267.81575 -168.4785 36.1764705882 286.833 -168.477 36.1764705882 267.81575 -168.4785 -0.05 267.817 -185.04775 -0.05 267.817 -185.04775 36.1764705882 267.81575 -168.4785 -0.05 267.817 -185.04775 36.1764705882 267.81575 -168.4785 36.1764705882 267.817 -185.04775 -0.05 258.3085 -185.0485 -0.05 258.3085 -185.0485 36.1764705882 267.817 -185.04775 -0.05 258.3085 -185.0485 36.1764705882 267.817 -185.04775 36.1764705882 258.3085 -185.0485 -0.05 258.903 -186.82375 -0.05 258.903 -186.82375 36.1764705882 258.3085 -185.0485 -0.05 258.903 -186.82375 36.1764705882 258.3085 -185.0485 36.1764705882 258.903 -186.82375 -0.05 244.64 -186.82475 -0.05 244.64 -186.82475 36.1764705882 258.903 -186.82375 -0.05 244.64 -186.82475 36.1764705882 258.903 -186.82375 36.1764705882 -590.92075 -373.27725 41.7647058824 -591.51425 -391.6215 41.7647058824 -587.9485 -391.62125 41.7647058824 -587.9485 -391.62125 -0.05 -591.51425 -391.6215 -0.05 -590.92075 -373.27725 -0.05 -587.9485 -391.62125 41.7647058824 -588.54175 -417.06675 41.7647058824 -562.987 -417.6575 41.7647058824 -562.987 -417.6575 -0.05 -588.54175 -417.06675 -0.05 -587.9485 -391.62125 -0.05 -590.92075 -373.27725 41.7647058824 -587.9485 -391.62125 41.7647058824 -562.987 -417.6575 41.7647058824 -562.987 -417.6575 -0.05 -587.9485 -391.62125 -0.05 -590.92075 -373.27725 -0.05 -562.987 -417.6575 41.7647058824 -562.987 -418.24925 41.7647058824 -546.94125 -418.2485 41.7647058824 -546.94125 -418.2485 -0.05 -562.987 -418.24925 -0.05 -562.987 -417.6575 -0.05 -590.92075 -373.27725 41.7647058824 -562.987 -417.6575 41.7647058824 -546.94125 -418.2485 41.7647058824 -546.94125 -418.2485 -0.05 -562.987 -417.6575 -0.05 -590.92075 -373.27725 -0.05 -546.94125 -418.2485 41.7647058824 -546.34875 -372.09175 41.7647058824 -567.149 -372.09275 41.7647058824 -567.149 -372.09275 -0.05 -546.34875 -372.09175 -0.05 -546.94125 -418.2485 -0.05 -546.94125 -418.2485 41.7647058824 -567.149 -372.09275 41.7647058824 -567.149 -373.868 41.7647058824 -567.149 -373.868 -0.05 -567.149 -372.09275 -0.05 -546.94125 -418.2485 -0.05 -546.94125 -418.2485 41.7647058824 -567.149 -373.868 41.7647058824 -590.92075 -373.27725 41.7647058824 -590.92075 -373.27725 -0.05 -567.149 -373.868 -0.05 -546.94125 -418.2485 -0.05 -591.51425 -391.6215 -0.05 -587.9485 -391.62125 -0.05 -587.9485 -391.62125 41.7647058824 -591.51425 -391.6215 -0.05 -587.9485 -391.62125 41.7647058824 -591.51425 -391.6215 41.7647058824 -587.9485 -391.62125 -0.05 -588.54175 -417.06675 -0.05 -588.54175 -417.06675 41.7647058824 -587.9485 -391.62125 -0.05 -588.54175 -417.06675 41.7647058824 -587.9485 -391.62125 41.7647058824 -588.54175 -417.06675 -0.05 -562.987 -417.6575 -0.05 -562.987 -417.6575 41.7647058824 -588.54175 -417.06675 -0.05 -562.987 -417.6575 41.7647058824 -588.54175 -417.06675 41.7647058824 -562.987 -417.6575 -0.05 -562.987 -418.24925 -0.05 -562.987 -418.24925 41.7647058824 -562.987 -417.6575 -0.05 -562.987 -418.24925 41.7647058824 -562.987 -417.6575 41.7647058824 -562.987 -418.24925 -0.05 -546.94125 -418.2485 -0.05 -546.94125 -418.2485 41.7647058824 -562.987 -418.24925 -0.05 -546.94125 -418.2485 41.7647058824 -562.987 -418.24925 41.7647058824 -546.94125 -418.2485 -0.05 -546.34875 -372.09175 -0.05 -546.34875 -372.09175 41.7647058824 -546.94125 -418.2485 -0.05 -546.34875 -372.09175 41.7647058824 -546.94125 -418.2485 41.7647058824 -546.34875 -372.09175 -0.05 -567.149 -372.09275 -0.05 -567.149 -372.09275 41.7647058824 -546.34875 -372.09175 -0.05 -567.149 -372.09275 41.7647058824 -546.34875 -372.09175 41.7647058824 -567.149 -372.09275 -0.05 -567.149 -373.868 -0.05 -567.149 -373.868 41.7647058824 -567.149 -372.09275 -0.05 -567.149 -373.868 41.7647058824 -567.149 -372.09275 41.7647058824 -567.149 -373.868 -0.05 -590.92075 -373.27725 -0.05 -590.92075 -373.27725 41.7647058824 -567.149 -373.868 -0.05 -590.92075 -373.27725 41.7647058824 -567.149 -373.868 41.7647058824 -590.92075 -373.27725 -0.05 -591.51425 -391.6215 -0.05 -591.51425 -391.6215 41.7647058824 -590.92075 -373.27725 -0.05 -591.51425 -391.6215 41.7647058824 -590.92075 -373.27725 41.7647058824 484.143 -242.42875 32.7941176471 436.0055 -242.43325 32.7941176471 436.00775 -267.8785 32.7941176471 436.00775 -267.8785 -0.05 436.0055 -242.43325 -0.05 484.143 -242.42875 -0.05 484.143 -242.42875 32.7941176471 436.00775 -267.8785 32.7941176471 437.1965 -267.8785 32.7941176471 437.1965 -267.8785 -0.05 436.00775 -267.8785 -0.05 484.143 -242.42875 -0.05 484.143 -242.42875 32.7941176471 437.1965 -267.8785 32.7941176471 437.19775 -283.85575 32.7941176471 437.19775 -283.85575 -0.05 437.1965 -267.8785 -0.05 484.143 -242.42875 -0.05 437.19775 -283.85575 32.7941176471 455.62075 -283.854 32.7941176471 455.6195 -269.652 32.7941176471 455.6195 -269.652 -0.05 455.62075 -283.854 -0.05 437.19775 -283.85575 -0.05 484.143 -242.42875 32.7941176471 437.19775 -283.85575 32.7941176471 455.6195 -269.652 32.7941176471 455.6195 -269.652 -0.05 437.19775 -283.85575 -0.05 484.143 -242.42875 -0.05 455.6195 -269.652 32.7941176471 462.15675 -269.6515 32.7941176471 462.1565 -266.69275 32.7941176471 462.1565 -266.69275 -0.05 462.15675 -269.6515 -0.05 455.6195 -269.652 -0.05 484.143 -242.42875 32.7941176471 455.6195 -269.652 32.7941176471 462.1565 -266.69275 32.7941176471 462.1565 -266.69275 -0.05 455.6195 -269.652 -0.05 484.143 -242.42875 -0.05 462.1565 -266.69275 32.7941176471 484.14525 -266.69075 32.7941176471 484.143 -242.42875 32.7941176471 484.143 -242.42875 -0.05 484.14525 -266.69075 -0.05 462.1565 -266.69275 -0.05 436.0055 -242.43325 -0.05 436.00775 -267.8785 -0.05 436.00775 -267.8785 32.7941176471 436.0055 -242.43325 -0.05 436.00775 -267.8785 32.7941176471 436.0055 -242.43325 32.7941176471 436.00775 -267.8785 -0.05 437.1965 -267.8785 -0.05 437.1965 -267.8785 32.7941176471 436.00775 -267.8785 -0.05 437.1965 -267.8785 32.7941176471 436.00775 -267.8785 32.7941176471 437.1965 -267.8785 -0.05 437.19775 -283.85575 -0.05 437.19775 -283.85575 32.7941176471 437.1965 -267.8785 -0.05 437.19775 -283.85575 32.7941176471 437.1965 -267.8785 32.7941176471 437.19775 -283.85575 -0.05 455.62075 -283.854 -0.05 455.62075 -283.854 32.7941176471 437.19775 -283.85575 -0.05 455.62075 -283.854 32.7941176471 437.19775 -283.85575 32.7941176471 455.62075 -283.854 -0.05 455.6195 -269.652 -0.05 455.6195 -269.652 32.7941176471 455.62075 -283.854 -0.05 455.6195 -269.652 32.7941176471 455.62075 -283.854 32.7941176471 455.6195 -269.652 -0.05 462.15675 -269.6515 -0.05 462.15675 -269.6515 32.7941176471 455.6195 -269.652 -0.05 462.15675 -269.6515 32.7941176471 455.6195 -269.652 32.7941176471 462.15675 -269.6515 -0.05 462.1565 -266.69275 -0.05 462.1565 -266.69275 32.7941176471 462.15675 -269.6515 -0.05 462.1565 -266.69275 32.7941176471 462.15675 -269.6515 32.7941176471 462.1565 -266.69275 -0.05 484.14525 -266.69075 -0.05 484.14525 -266.69075 32.7941176471 462.1565 -266.69275 -0.05 484.14525 -266.69075 32.7941176471 462.1565 -266.69275 32.7941176471 484.14525 -266.69075 -0.05 484.143 -242.42875 -0.05 484.143 -242.42875 32.7941176471 484.14525 -266.69075 -0.05 484.143 -242.42875 32.7941176471 484.14525 -266.69075 32.7941176471 484.143 -242.42875 -0.05 436.0055 -242.43325 -0.05 436.0055 -242.43325 32.7941176471 484.143 -242.42875 -0.05 436.0055 -242.43325 32.7941176471 484.143 -242.42875 32.7941176471 -237.3355 -40.1035 23.2352941176 -286.06675 -39.5145 23.2352941176 -286.06575 -59.04225 23.2352941176 -286.06575 -59.04225 -0.05 -286.06675 -39.5145 -0.05 -237.3355 -40.1035 -0.05 -237.3355 -40.1035 23.2352941176 -286.06575 -59.04225 23.2352941176 -271.20875 -59.0415 23.2352941176 -271.20875 -59.0415 -0.05 -286.06575 -59.04225 -0.05 -237.3355 -40.1035 -0.05 -237.3355 -40.1035 23.2352941176 -271.20875 -59.0415 23.2352941176 -271.2085 -64.36725 23.2352941176 -271.2085 -64.36725 -0.05 -271.20875 -59.0415 -0.05 -237.3355 -40.1035 -0.05 -237.3355 -40.1035 23.2352941176 -271.2085 -64.36725 23.2352941176 -268.83125 -64.367 23.2352941176 -268.83125 -64.367 -0.05 -271.2085 -64.36725 -0.05 -237.3355 -40.1035 -0.05 -237.3355 -40.1035 23.2352941176 -268.83125 -64.367 23.2352941176 -268.83025 -83.895 23.2352941176 -268.83025 -83.895 -0.05 -268.83125 -64.367 -0.05 -237.3355 -40.1035 -0.05 -268.83025 -83.895 23.2352941176 -246.84175 -83.89375 23.2352941176 -246.84275 -62.5905 23.2352941176 -246.84275 -62.5905 -0.05 -246.84175 -83.89375 -0.05 -268.83025 -83.895 -0.05 -237.3355 -40.1035 23.2352941176 -268.83025 -83.895 23.2352941176 -246.84275 -62.5905 23.2352941176 -246.84275 -62.5905 -0.05 -268.83025 -83.895 -0.05 -237.3355 -40.1035 -0.05 -246.84275 -62.5905 23.2352941176 -237.9285 -62.59 23.2352941176 -237.3355 -40.1035 23.2352941176 -237.3355 -40.1035 -0.05 -237.9285 -62.59 -0.05 -246.84275 -62.5905 -0.05 -286.06675 -39.5145 -0.05 -286.06575 -59.04225 -0.05 -286.06575 -59.04225 23.2352941176 -286.06675 -39.5145 -0.05 -286.06575 -59.04225 23.2352941176 -286.06675 -39.5145 23.2352941176 -286.06575 -59.04225 -0.05 -271.20875 -59.0415 -0.05 -271.20875 -59.0415 23.2352941176 -286.06575 -59.04225 -0.05 -271.20875 -59.0415 23.2352941176 -286.06575 -59.04225 23.2352941176 -271.20875 -59.0415 -0.05 -271.2085 -64.36725 -0.05 -271.2085 -64.36725 23.2352941176 -271.20875 -59.0415 -0.05 -271.2085 -64.36725 23.2352941176 -271.20875 -59.0415 23.2352941176 -271.2085 -64.36725 -0.05 -268.83125 -64.367 -0.05 -268.83125 -64.367 23.2352941176 -271.2085 -64.36725 -0.05 -268.83125 -64.367 23.2352941176 -271.2085 -64.36725 23.2352941176 -268.83125 -64.367 -0.05 -268.83025 -83.895 -0.05 -268.83025 -83.895 23.2352941176 -268.83125 -64.367 -0.05 -268.83025 -83.895 23.2352941176 -268.83125 -64.367 23.2352941176 -268.83025 -83.895 -0.05 -246.84175 -83.89375 -0.05 -246.84175 -83.89375 23.2352941176 -268.83025 -83.895 -0.05 -246.84175 -83.89375 23.2352941176 -268.83025 -83.895 23.2352941176 -246.84175 -83.89375 -0.05 -246.84275 -62.5905 -0.05 -246.84275 -62.5905 23.2352941176 -246.84175 -83.89375 -0.05 -246.84275 -62.5905 23.2352941176 -246.84175 -83.89375 23.2352941176 -246.84275 -62.5905 -0.05 -237.9285 -62.59 -0.05 -237.9285 -62.59 23.2352941176 -246.84275 -62.5905 -0.05 -237.9285 -62.59 23.2352941176 -246.84275 -62.5905 23.2352941176 -237.9285 -62.59 -0.05 -237.3355 -40.1035 -0.05 -237.3355 -40.1035 23.2352941176 -237.9285 -62.59 -0.05 -237.3355 -40.1035 23.2352941176 -237.9285 -62.59 23.2352941176 -237.3355 -40.1035 -0.05 -286.06675 -39.5145 -0.05 -286.06675 -39.5145 23.2352941176 -237.3355 -40.1035 -0.05 -286.06675 -39.5145 23.2352941176 -237.3355 -40.1035 23.2352941176 -237.333 -87.44375 50 -286.06425 -87.4465 50 -286.06325 -105.199 50 -286.06325 -105.199 -0.05 -286.06425 -87.4465 -0.05 -237.333 -87.44375 -0.05 -237.333 -87.44375 50 -286.06325 -105.199 50 -270.61175 -105.198 50 -270.61175 -105.198 -0.05 -286.06325 -105.199 -0.05 -237.333 -87.44375 -0.05 -237.333 -87.44375 50 -270.61175 -105.198 50 -270.6115 -111.70725 50 -270.6115 -111.70725 -0.05 -270.61175 -105.198 -0.05 -237.333 -87.44375 -0.05 -237.333 -87.44375 50 -270.6115 -111.70725 50 -267.64 -111.70725 50 -267.64 -111.70725 -0.05 -270.6115 -111.70725 -0.05 -237.333 -87.44375 -0.05 -237.333 -87.44375 50 -267.64 -111.70725 50 -267.63875 -133.01025 50 -267.63875 -133.01025 -0.05 -267.64 -111.70725 -0.05 -237.333 -87.44375 -0.05 -267.63875 -133.01025 50 -245.056 -133.009 50 -245.0575 -104.605 50 -245.0575 -104.605 -0.05 -245.056 -133.009 -0.05 -267.63875 -133.01025 -0.05 -237.333 -87.44375 50 -267.63875 -133.01025 50 -245.0575 -104.605 50 -245.0575 -104.605 -0.05 -267.63875 -133.01025 -0.05 -237.333 -87.44375 -0.05 -245.0575 -104.605 50 -237.33175 -105.19625 50 -237.333 -87.44375 50 -237.333 -87.44375 -0.05 -237.33175 -105.19625 -0.05 -245.0575 -104.605 -0.05 -286.06425 -87.4465 -0.05 -286.06325 -105.199 -0.05 -286.06325 -105.199 50 -286.06425 -87.4465 -0.05 -286.06325 -105.199 50 -286.06425 -87.4465 50 -286.06325 -105.199 -0.05 -270.61175 -105.198 -0.05 -270.61175 -105.198 50 -286.06325 -105.199 -0.05 -270.61175 -105.198 50 -286.06325 -105.199 50 -270.61175 -105.198 -0.05 -270.6115 -111.70725 -0.05 -270.6115 -111.70725 50 -270.61175 -105.198 -0.05 -270.6115 -111.70725 50 -270.61175 -105.198 50 -270.6115 -111.70725 -0.05 -267.64 -111.70725 -0.05 -267.64 -111.70725 50 -270.6115 -111.70725 -0.05 -267.64 -111.70725 50 -270.6115 -111.70725 50 -267.64 -111.70725 -0.05 -267.63875 -133.01025 -0.05 -267.63875 -133.01025 50 -267.64 -111.70725 -0.05 -267.63875 -133.01025 50 -267.64 -111.70725 50 -267.63875 -133.01025 -0.05 -245.056 -133.009 -0.05 -245.056 -133.009 50 -267.63875 -133.01025 -0.05 -245.056 -133.009 50 -267.63875 -133.01025 50 -245.056 -133.009 -0.05 -245.0575 -104.605 -0.05 -245.0575 -104.605 50 -245.056 -133.009 -0.05 -245.0575 -104.605 50 -245.056 -133.009 50 -245.0575 -104.605 -0.05 -237.33175 -105.19625 -0.05 -237.33175 -105.19625 50 -245.0575 -104.605 -0.05 -237.33175 -105.19625 50 -245.0575 -104.605 50 -237.33175 -105.19625 -0.05 -237.333 -87.44375 -0.05 -237.333 -87.44375 50 -237.33175 -105.19625 -0.05 -237.333 -87.44375 50 -237.33175 -105.19625 50 -237.333 -87.44375 -0.05 -286.06425 -87.4465 -0.05 -286.06425 -87.4465 50 -237.333 -87.44375 -0.05 -286.06425 -87.4465 50 -237.333 -87.44375 50 361.151 -543.04975 44.1176470588 360.56 -583.289 44.1176470588 395.0295 -583.87775 44.1176470588 395.0295 -583.87775 -0.05 360.56 -583.289 -0.05 361.151 -543.04975 -0.05 395.0295 -583.87775 44.1176470588 395.0295 -585.06125 44.1176470588 405.727 -585.06025 44.1176470588 405.727 -585.06025 -0.05 395.0295 -585.06125 -0.05 395.0295 -583.87775 -0.05 361.151 -543.04975 44.1176470588 395.0295 -583.87775 44.1176470588 405.727 -585.06025 44.1176470588 405.727 -585.06025 -0.05 395.0295 -583.87775 -0.05 361.151 -543.04975 -0.05 405.727 -585.06025 44.1176470588 406.31925 -561.39025 44.1176470588 388.49025 -561.39175 44.1176470588 388.49025 -561.39175 -0.05 406.31925 -561.39025 -0.05 405.727 -585.06025 -0.05 388.49025 -561.39175 44.1176470588 388.49 -559.02475 44.1176470588 379.5755 -559.0255 44.1176470588 379.5755 -559.0255 -0.05 388.49 -559.02475 -0.05 388.49025 -561.39175 -0.05 405.727 -585.06025 44.1176470588 388.49025 -561.39175 44.1176470588 379.5755 -559.0255 44.1176470588 379.5755 -559.0255 -0.05 388.49025 -561.39175 -0.05 405.727 -585.06025 -0.05 361.151 -543.04975 44.1176470588 405.727 -585.06025 44.1176470588 379.5755 -559.0255 44.1176470588 379.5755 -559.0255 -0.05 405.727 -585.06025 -0.05 361.151 -543.04975 -0.05 379.5755 -559.0255 44.1176470588 379.57425 -543.64 44.1176470588 361.151 -543.04975 44.1176470588 361.151 -543.04975 -0.05 379.57425 -543.64 -0.05 379.5755 -559.0255 -0.05 360.56 -583.289 -0.05 395.0295 -583.87775 -0.05 395.0295 -583.87775 44.1176470588 360.56 -583.289 -0.05 395.0295 -583.87775 44.1176470588 360.56 -583.289 44.1176470588 395.0295 -583.87775 -0.05 395.0295 -585.06125 -0.05 395.0295 -585.06125 44.1176470588 395.0295 -583.87775 -0.05 395.0295 -585.06125 44.1176470588 395.0295 -583.87775 44.1176470588 395.0295 -585.06125 -0.05 405.727 -585.06025 -0.05 405.727 -585.06025 44.1176470588 395.0295 -585.06125 -0.05 405.727 -585.06025 44.1176470588 395.0295 -585.06125 44.1176470588 405.727 -585.06025 -0.05 406.31925 -561.39025 -0.05 406.31925 -561.39025 44.1176470588 405.727 -585.06025 -0.05 406.31925 -561.39025 44.1176470588 405.727 -585.06025 44.1176470588 406.31925 -561.39025 -0.05 388.49025 -561.39175 -0.05 388.49025 -561.39175 44.1176470588 406.31925 -561.39025 -0.05 388.49025 -561.39175 44.1176470588 406.31925 -561.39025 44.1176470588 388.49025 -561.39175 -0.05 388.49 -559.02475 -0.05 388.49 -559.02475 44.1176470588 388.49025 -561.39175 -0.05 388.49 -559.02475 44.1176470588 388.49025 -561.39175 44.1176470588 388.49 -559.02475 -0.05 379.5755 -559.0255 -0.05 379.5755 -559.0255 44.1176470588 388.49 -559.02475 -0.05 379.5755 -559.0255 44.1176470588 388.49 -559.02475 44.1176470588 379.5755 -559.0255 -0.05 379.57425 -543.64 -0.05 379.57425 -543.64 44.1176470588 379.5755 -559.0255 -0.05 379.57425 -543.64 44.1176470588 379.5755 -559.0255 44.1176470588 379.57425 -543.64 -0.05 361.151 -543.04975 -0.05 361.151 -543.04975 44.1176470588 379.57425 -543.64 -0.05 361.151 -543.04975 44.1176470588 379.57425 -543.64 44.1176470588 361.151 -543.04975 -0.05 360.56 -583.289 -0.05 360.56 -583.289 44.1176470588 361.151 -543.04975 -0.05 360.56 -583.289 44.1176470588 361.151 -543.04975 44.1176470588 -17.4225 -457.27475 36.9117647059 -18.01375 -503.4315 36.9117647059 11.70125 -504.02125 36.9117647059 11.70125 -504.02125 -0.05 -18.01375 -503.4315 -0.05 -17.4225 -457.27475 -0.05 11.70125 -504.02125 36.9117647059 12.294 -482.71825 36.9117647059 8.134 -482.7185 36.9117647059 8.134 -482.7185 -0.05 12.294 -482.71825 -0.05 11.70125 -504.02125 -0.05 -17.4225 -457.27475 36.9117647059 11.70125 -504.02125 36.9117647059 8.134 -482.7185 36.9117647059 8.134 -482.7185 -0.05 11.70125 -504.02125 -0.05 -17.4225 -457.27475 -0.05 -17.4225 -457.27475 36.9117647059 8.134 -482.7185 36.9117647059 8.13375 -479.168 36.9117647059 8.13375 -479.168 -0.05 8.134 -482.7185 -0.05 -17.4225 -457.27475 -0.05 -17.4225 -457.27475 36.9117647059 8.13375 -479.168 36.9117647059 20.614 -479.167 36.9117647059 20.614 -479.167 -0.05 8.13375 -479.168 -0.05 -17.4225 -457.27475 -0.05 20.614 -479.167 36.9117647059 20.61275 -460.231 36.9117647059 6.94375 -460.232 36.9117647059 6.94375 -460.232 -0.05 20.61275 -460.231 -0.05 20.614 -479.167 -0.05 -17.4225 -457.27475 36.9117647059 20.614 -479.167 36.9117647059 6.94375 -460.232 36.9117647059 6.94375 -460.232 -0.05 20.614 -479.167 -0.05 -17.4225 -457.27475 -0.05 6.94375 -460.232 36.9117647059 6.94375 -457.27325 36.9117647059 -17.4225 -457.27475 36.9117647059 -17.4225 -457.27475 -0.05 6.94375 -457.27325 -0.05 6.94375 -460.232 -0.05 -18.01375 -503.4315 -0.05 11.70125 -504.02125 -0.05 11.70125 -504.02125 36.9117647059 -18.01375 -503.4315 -0.05 11.70125 -504.02125 36.9117647059 -18.01375 -503.4315 36.9117647059 11.70125 -504.02125 -0.05 12.294 -482.71825 -0.05 12.294 -482.71825 36.9117647059 11.70125 -504.02125 -0.05 12.294 -482.71825 36.9117647059 11.70125 -504.02125 36.9117647059 12.294 -482.71825 -0.05 8.134 -482.7185 -0.05 8.134 -482.7185 36.9117647059 12.294 -482.71825 -0.05 8.134 -482.7185 36.9117647059 12.294 -482.71825 36.9117647059 8.134 -482.7185 -0.05 8.13375 -479.168 -0.05 8.13375 -479.168 36.9117647059 8.134 -482.7185 -0.05 8.13375 -479.168 36.9117647059 8.134 -482.7185 36.9117647059 8.13375 -479.168 -0.05 20.614 -479.167 -0.05 20.614 -479.167 36.9117647059 8.13375 -479.168 -0.05 20.614 -479.167 36.9117647059 8.13375 -479.168 36.9117647059 20.614 -479.167 -0.05 20.61275 -460.231 -0.05 20.61275 -460.231 36.9117647059 20.614 -479.167 -0.05 20.61275 -460.231 36.9117647059 20.614 -479.167 36.9117647059 20.61275 -460.231 -0.05 6.94375 -460.232 -0.05 6.94375 -460.232 36.9117647059 20.61275 -460.231 -0.05 6.94375 -460.232 36.9117647059 20.61275 -460.231 36.9117647059 6.94375 -460.232 -0.05 6.94375 -457.27325 -0.05 6.94375 -457.27325 36.9117647059 6.94375 -460.232 -0.05 6.94375 -457.27325 36.9117647059 6.94375 -460.232 36.9117647059 6.94375 -457.27325 -0.05 -17.4225 -457.27475 -0.05 -17.4225 -457.27475 36.9117647059 6.94375 -457.27325 -0.05 -17.4225 -457.27475 36.9117647059 6.94375 -457.27325 36.9117647059 -17.4225 -457.27475 -0.05 -18.01375 -503.4315 -0.05 -18.01375 -503.4315 36.9117647059 -17.4225 -457.27475 -0.05 -18.01375 -503.4315 36.9117647059 -17.4225 -457.27475 36.9117647059 267.17825 362.323 33.9705882353 248.1615 362.3215 33.9705882353 248.16325 339.243 33.9705882353 248.16325 339.243 -0.05 248.1615 362.3215 -0.05 267.17825 362.323 -0.05 267.17825 362.323 33.9705882353 248.16325 339.243 33.9705882353 289.16825 339.2465 33.9705882353 289.16825 339.2465 -0.05 248.16325 339.243 -0.05 267.17825 362.323 -0.05 267.17825 362.323 33.9705882353 289.16825 339.2465 33.9705882353 289.16725 349.30625 33.9705882353 289.16725 349.30625 -0.05 289.16825 339.2465 -0.05 267.17825 362.323 -0.05 267.17825 362.323 33.9705882353 289.16725 349.30625 33.9705882353 290.35575 349.30625 33.9705882353 290.35575 349.30625 -0.05 289.16725 349.30625 -0.05 267.17825 362.323 -0.05 290.35575 349.30625 33.9705882353 290.35325 380.0775 33.9705882353 272.52525 380.076 33.9705882353 272.52525 380.076 -0.05 290.35325 380.0775 -0.05 290.35575 349.30625 -0.05 290.35575 349.30625 33.9705882353 272.52525 380.076 33.9705882353 272.5265 364.09875 33.9705882353 272.5265 364.09875 -0.05 272.52525 380.076 -0.05 290.35575 349.30625 -0.05 267.17825 362.323 33.9705882353 290.35575 349.30625 33.9705882353 272.5265 364.09875 33.9705882353 272.5265 364.09875 -0.05 290.35575 349.30625 -0.05 267.17825 362.323 -0.05 272.5265 364.09875 33.9705882353 267.178 364.09825 33.9705882353 267.17825 362.323 33.9705882353 267.17825 362.323 -0.05 267.178 364.09825 -0.05 272.5265 364.09875 -0.05 248.1615 362.3215 -0.05 248.16325 339.243 -0.05 248.16325 339.243 33.9705882353 248.1615 362.3215 -0.05 248.16325 339.243 33.9705882353 248.1615 362.3215 33.9705882353 248.16325 339.243 -0.05 289.16825 339.2465 -0.05 289.16825 339.2465 33.9705882353 248.16325 339.243 -0.05 289.16825 339.2465 33.9705882353 248.16325 339.243 33.9705882353 289.16825 339.2465 -0.05 289.16725 349.30625 -0.05 289.16725 349.30625 33.9705882353 289.16825 339.2465 -0.05 289.16725 349.30625 33.9705882353 289.16825 339.2465 33.9705882353 289.16725 349.30625 -0.05 290.35575 349.30625 -0.05 290.35575 349.30625 33.9705882353 289.16725 349.30625 -0.05 290.35575 349.30625 33.9705882353 289.16725 349.30625 33.9705882353 290.35575 349.30625 -0.05 290.35325 380.0775 -0.05 290.35325 380.0775 33.9705882353 290.35575 349.30625 -0.05 290.35325 380.0775 33.9705882353 290.35575 349.30625 33.9705882353 290.35325 380.0775 -0.05 272.52525 380.076 -0.05 272.52525 380.076 33.9705882353 290.35325 380.0775 -0.05 272.52525 380.076 33.9705882353 290.35325 380.0775 33.9705882353 272.52525 380.076 -0.05 272.5265 364.09875 -0.05 272.5265 364.09875 33.9705882353 272.52525 380.076 -0.05 272.5265 364.09875 33.9705882353 272.52525 380.076 33.9705882353 272.5265 364.09875 -0.05 267.178 364.09825 -0.05 267.178 364.09825 33.9705882353 272.5265 364.09875 -0.05 267.178 364.09825 33.9705882353 272.5265 364.09875 33.9705882353 267.178 364.09825 -0.05 267.17825 362.323 -0.05 267.17825 362.323 33.9705882353 267.178 364.09825 -0.05 267.17825 362.323 33.9705882353 267.178 364.09825 33.9705882353 267.17825 362.323 -0.05 248.1615 362.3215 -0.05 248.1615 362.3215 33.9705882353 267.17825 362.323 -0.05 248.1615 362.3215 33.9705882353 267.17825 362.323 33.9705882353 362.8605 309.665 20.2941176471 362.26725 299.0135 20.2941176471 364.64425 299.01375 20.2941176471 364.64425 299.01375 -0.05 362.26725 299.0135 -0.05 362.8605 309.665 -0.05 364.64425 299.01375 20.2941176471 364.051 287.1785 20.2941176471 400.896 287.18175 20.2941176471 400.896 287.18175 -0.05 364.051 287.1785 -0.05 364.64425 299.01375 -0.05 362.8605 309.665 20.2941176471 364.64425 299.01375 20.2941176471 400.896 287.18175 20.2941176471 400.896 287.18175 -0.05 364.64425 299.01375 -0.05 362.8605 309.665 -0.05 362.8605 309.665 20.2941176471 400.896 287.18175 20.2941176471 400.89525 295.46625 20.2941176471 400.89525 295.46625 -0.05 400.896 287.18175 -0.05 362.8605 309.665 -0.05 362.8605 309.665 20.2941176471 400.89525 295.46625 20.2941176471 402.08375 295.4665 20.2941176471 402.08375 295.4665 -0.05 400.89525 295.46625 -0.05 362.8605 309.665 -0.05 402.08375 295.4665 20.2941176471 402.08275 306.118 20.2941176471 400.89425 306.11775 20.2941176471 400.89425 306.11775 -0.05 402.08275 306.118 -0.05 402.08375 295.4665 -0.05 362.8605 309.665 20.2941176471 402.08375 295.4665 20.2941176471 400.89425 306.11775 20.2941176471 400.89425 306.11775 -0.05 402.08375 295.4665 -0.05 362.8605 309.665 -0.05 400.89425 306.11775 20.2941176471 400.894 309.66825 20.2941176471 362.8605 309.665 20.2941176471 362.8605 309.665 -0.05 400.894 309.66825 -0.05 400.89425 306.11775 -0.05 362.26725 299.0135 -0.05 364.64425 299.01375 -0.05 364.64425 299.01375 20.2941176471 362.26725 299.0135 -0.05 364.64425 299.01375 20.2941176471 362.26725 299.0135 20.2941176471 364.64425 299.01375 -0.05 364.051 287.1785 -0.05 364.051 287.1785 20.2941176471 364.64425 299.01375 -0.05 364.051 287.1785 20.2941176471 364.64425 299.01375 20.2941176471 364.051 287.1785 -0.05 400.896 287.18175 -0.05 400.896 287.18175 20.2941176471 364.051 287.1785 -0.05 400.896 287.18175 20.2941176471 364.051 287.1785 20.2941176471 400.896 287.18175 -0.05 400.89525 295.46625 -0.05 400.89525 295.46625 20.2941176471 400.896 287.18175 -0.05 400.89525 295.46625 20.2941176471 400.896 287.18175 20.2941176471 400.89525 295.46625 -0.05 402.08375 295.4665 -0.05 402.08375 295.4665 20.2941176471 400.89525 295.46625 -0.05 402.08375 295.4665 20.2941176471 400.89525 295.46625 20.2941176471 402.08375 295.4665 -0.05 402.08275 306.118 -0.05 402.08275 306.118 20.2941176471 402.08375 295.4665 -0.05 402.08275 306.118 20.2941176471 402.08375 295.4665 20.2941176471 402.08275 306.118 -0.05 400.89425 306.11775 -0.05 400.89425 306.11775 20.2941176471 402.08275 306.118 -0.05 400.89425 306.11775 20.2941176471 402.08275 306.118 20.2941176471 400.89425 306.11775 -0.05 400.894 309.66825 -0.05 400.894 309.66825 20.2941176471 400.89425 306.11775 -0.05 400.894 309.66825 20.2941176471 400.89425 306.11775 20.2941176471 400.894 309.66825 -0.05 362.8605 309.665 -0.05 362.8605 309.665 20.2941176471 400.894 309.66825 -0.05 362.8605 309.665 20.2941176471 400.894 309.66825 20.2941176471 362.8605 309.665 -0.05 362.26725 299.0135 -0.05 362.26725 299.0135 20.2941176471 362.8605 309.665 -0.05 362.26725 299.0135 20.2941176471 362.8605 309.665 20.2941176471 -205.8135 -465.57125 46.4705882353 -206.9995 -511.13625 46.4705882353 -173.1245 -512.31775 46.4705882353 -173.1245 -512.31775 -0.05 -206.9995 -511.13625 -0.05 -205.8135 -465.57125 -0.05 -173.1245 -512.31775 46.4705882353 -167.183 -487.46375 46.4705882353 -183.229 -486.873 46.4705882353 -183.229 -486.873 -0.05 -167.183 -487.46375 -0.05 -173.1245 -512.31775 -0.05 -205.8135 -465.57125 46.4705882353 -173.1245 -512.31775 46.4705882353 -183.229 -486.873 46.4705882353 -183.229 -486.873 -0.05 -173.1245 -512.31775 -0.05 -205.8135 -465.57125 -0.05 -205.8135 -465.57125 46.4705882353 -183.229 -486.873 46.4705882353 -183.22925 -483.3225 46.4705882353 -183.22925 -483.3225 -0.05 -183.229 -486.873 -0.05 -205.8135 -465.57125 -0.05 -205.8135 -465.57125 46.4705882353 -183.22925 -483.3225 46.4705882353 -165.40025 -483.91325 46.4705882353 -165.40025 -483.91325 -0.05 -183.22925 -483.3225 -0.05 -205.8135 -465.57125 -0.05 -165.40025 -483.91325 46.4705882353 -164.80725 -464.977 46.4705882353 -184.419 -464.3865 46.4705882353 -184.419 -464.3865 -0.05 -164.80725 -464.977 -0.05 -165.40025 -483.91325 -0.05 -165.40025 -483.91325 46.4705882353 -184.419 -464.3865 46.4705882353 -184.419 -466.16175 46.4705882353 -184.419 -466.16175 -0.05 -184.419 -464.3865 -0.05 -165.40025 -483.91325 -0.05 -165.40025 -483.91325 46.4705882353 -184.419 -466.16175 46.4705882353 -205.8135 -465.57125 46.4705882353 -205.8135 -465.57125 -0.05 -184.419 -466.16175 -0.05 -165.40025 -483.91325 -0.05 -206.9995 -511.13625 -0.05 -173.1245 -512.31775 -0.05 -173.1245 -512.31775 46.4705882353 -206.9995 -511.13625 -0.05 -173.1245 -512.31775 46.4705882353 -206.9995 -511.13625 46.4705882353 -173.1245 -512.31775 -0.05 -167.183 -487.46375 -0.05 -167.183 -487.46375 46.4705882353 -173.1245 -512.31775 -0.05 -167.183 -487.46375 46.4705882353 -173.1245 -512.31775 46.4705882353 -167.183 -487.46375 -0.05 -183.229 -486.873 -0.05 -183.229 -486.873 46.4705882353 -167.183 -487.46375 -0.05 -183.229 -486.873 46.4705882353 -167.183 -487.46375 46.4705882353 -183.229 -486.873 -0.05 -183.22925 -483.3225 -0.05 -183.22925 -483.3225 46.4705882353 -183.229 -486.873 -0.05 -183.22925 -483.3225 46.4705882353 -183.229 -486.873 46.4705882353 -183.22925 -483.3225 -0.05 -165.40025 -483.91325 -0.05 -165.40025 -483.91325 46.4705882353 -183.22925 -483.3225 -0.05 -165.40025 -483.91325 46.4705882353 -183.22925 -483.3225 46.4705882353 -165.40025 -483.91325 -0.05 -164.80725 -464.977 -0.05 -164.80725 -464.977 46.4705882353 -165.40025 -483.91325 -0.05 -164.80725 -464.977 46.4705882353 -165.40025 -483.91325 46.4705882353 -164.80725 -464.977 -0.05 -184.419 -464.3865 -0.05 -184.419 -464.3865 46.4705882353 -164.80725 -464.977 -0.05 -184.419 -464.3865 46.4705882353 -164.80725 -464.977 46.4705882353 -184.419 -464.3865 -0.05 -184.419 -466.16175 -0.05 -184.419 -466.16175 46.4705882353 -184.419 -464.3865 -0.05 -184.419 -466.16175 46.4705882353 -184.419 -464.3865 46.4705882353 -184.419 -466.16175 -0.05 -205.8135 -465.57125 -0.05 -205.8135 -465.57125 46.4705882353 -184.419 -466.16175 -0.05 -205.8135 -465.57125 46.4705882353 -184.419 -466.16175 46.4705882353 -205.8135 -465.57125 -0.05 -206.9995 -511.13625 -0.05 -206.9995 -511.13625 46.4705882353 -205.8135 -465.57125 -0.05 -206.9995 -511.13625 46.4705882353 -205.8135 -465.57125 46.4705882353 401.49775 203.153 30.2941176471 363.464 203.7415 30.2941176471 363.46475 192.49825 30.2941176471 363.46475 192.49825 -0.05 363.464 203.7415 -0.05 401.49775 203.153 -0.05 401.49775 203.153 30.2941176471 363.46475 192.49825 30.2941176471 364.6535 192.49825 30.2941176471 364.6535 192.49825 -0.05 363.46475 192.49825 -0.05 401.49775 203.153 -0.05 401.49775 203.153 30.2941176471 364.6535 192.49825 30.2941176471 364.65425 181.255 30.2941176471 364.65425 181.255 -0.05 364.6535 192.49825 -0.05 401.49775 203.153 -0.05 364.65425 181.255 30.2941176471 400.90525 180.66625 30.2941176471 400.9045 188.951 30.2941176471 400.9045 188.951 -0.05 400.90525 180.66625 -0.05 364.65425 181.255 -0.05 401.49775 203.153 30.2941176471 364.65425 181.255 30.2941176471 400.9045 188.951 30.2941176471 400.9045 188.951 -0.05 364.65425 181.255 -0.05 401.49775 203.153 -0.05 400.9045 188.951 30.2941176471 402.09325 188.951 30.2941176471 402.09225 199.6025 30.2941176471 402.09225 199.6025 -0.05 402.09325 188.951 -0.05 400.9045 188.951 -0.05 400.9045 188.951 30.2941176471 402.09225 199.6025 30.2941176471 401.498 199.6025 30.2941176471 401.498 199.6025 -0.05 402.09225 199.6025 -0.05 400.9045 188.951 -0.05 400.9045 188.951 30.2941176471 401.498 199.6025 30.2941176471 401.49775 203.153 30.2941176471 401.49775 203.153 -0.05 401.498 199.6025 -0.05 400.9045 188.951 -0.05 363.464 203.7415 -0.05 363.46475 192.49825 -0.05 363.46475 192.49825 30.2941176471 363.464 203.7415 -0.05 363.46475 192.49825 30.2941176471 363.464 203.7415 30.2941176471 363.46475 192.49825 -0.05 364.6535 192.49825 -0.05 364.6535 192.49825 30.2941176471 363.46475 192.49825 -0.05 364.6535 192.49825 30.2941176471 363.46475 192.49825 30.2941176471 364.6535 192.49825 -0.05 364.65425 181.255 -0.05 364.65425 181.255 30.2941176471 364.6535 192.49825 -0.05 364.65425 181.255 30.2941176471 364.6535 192.49825 30.2941176471 364.65425 181.255 -0.05 400.90525 180.66625 -0.05 400.90525 180.66625 30.2941176471 364.65425 181.255 -0.05 400.90525 180.66625 30.2941176471 364.65425 181.255 30.2941176471 400.90525 180.66625 -0.05 400.9045 188.951 -0.05 400.9045 188.951 30.2941176471 400.90525 180.66625 -0.05 400.9045 188.951 30.2941176471 400.90525 180.66625 30.2941176471 400.9045 188.951 -0.05 402.09325 188.951 -0.05 402.09325 188.951 30.2941176471 400.9045 188.951 -0.05 402.09325 188.951 30.2941176471 400.9045 188.951 30.2941176471 402.09325 188.951 -0.05 402.09225 199.6025 -0.05 402.09225 199.6025 30.2941176471 402.09325 188.951 -0.05 402.09225 199.6025 30.2941176471 402.09325 188.951 30.2941176471 402.09225 199.6025 -0.05 401.498 199.6025 -0.05 401.498 199.6025 30.2941176471 402.09225 199.6025 -0.05 401.498 199.6025 30.2941176471 402.09225 199.6025 30.2941176471 401.498 199.6025 -0.05 401.49775 203.153 -0.05 401.49775 203.153 30.2941176471 401.498 199.6025 -0.05 401.49775 203.153 30.2941176471 401.498 199.6025 30.2941176471 401.49775 203.153 -0.05 363.464 203.7415 -0.05 363.464 203.7415 30.2941176471 401.49775 203.153 -0.05 363.464 203.7415 30.2941176471 401.49775 203.153 30.2941176471 -539.253 457.545 44.5588235294 -548.16625 439.792 44.5588235294 -532.1205 431.50825 44.5588235294 -532.1205 431.50825 -0.05 -548.16625 439.792 -0.05 -539.253 457.545 -0.05 -539.253 457.545 44.5588235294 -532.1205 431.50825 44.5588235294 -531.52625 433.2835 44.5588235294 -531.52625 433.2835 -0.05 -532.1205 431.50825 -0.05 -539.253 457.545 -0.05 -539.253 457.545 44.5588235294 -531.52625 433.2835 44.5588235294 -512.50925 423.81625 44.5588235294 -512.50925 423.81625 -0.05 -531.52625 433.2835 -0.05 -539.253 457.545 -0.05 -512.50925 423.81625 44.5588235294 -492.30575 462.87275 44.5588235294 -511.91725 472.93175 44.5588235294 -511.91725 472.93175 -0.05 -492.30575 462.87275 -0.05 -512.50925 423.81625 -0.05 -512.50925 423.81625 44.5588235294 -511.91725 472.93175 44.5588235294 -521.42475 455.17875 44.5588235294 -521.42475 455.17875 -0.05 -511.91725 472.93175 -0.05 -512.50925 423.81625 -0.05 -512.50925 423.81625 44.5588235294 -521.42475 455.17875 44.5588235294 -524.39625 456.95375 44.5588235294 -524.39625 456.95375 -0.05 -521.42475 455.17875 -0.05 -512.50925 423.81625 -0.05 -512.50925 423.81625 44.5588235294 -524.39625 456.95375 44.5588235294 -527.36725 451.03625 44.5588235294 -527.36725 451.03625 -0.05 -524.39625 456.95375 -0.05 -512.50925 423.81625 -0.05 -512.50925 423.81625 44.5588235294 -527.36725 451.03625 44.5588235294 -539.253 457.545 44.5588235294 -539.253 457.545 -0.05 -527.36725 451.03625 -0.05 -512.50925 423.81625 -0.05 -548.16625 439.792 -0.05 -532.1205 431.50825 -0.05 -532.1205 431.50825 44.5588235294 -548.16625 439.792 -0.05 -532.1205 431.50825 44.5588235294 -548.16625 439.792 44.5588235294 -532.1205 431.50825 -0.05 -531.52625 433.2835 -0.05 -531.52625 433.2835 44.5588235294 -532.1205 431.50825 -0.05 -531.52625 433.2835 44.5588235294 -532.1205 431.50825 44.5588235294 -531.52625 433.2835 -0.05 -512.50925 423.81625 -0.05 -512.50925 423.81625 44.5588235294 -531.52625 433.2835 -0.05 -512.50925 423.81625 44.5588235294 -531.52625 433.2835 44.5588235294 -512.50925 423.81625 -0.05 -492.30575 462.87275 -0.05 -492.30575 462.87275 44.5588235294 -512.50925 423.81625 -0.05 -492.30575 462.87275 44.5588235294 -512.50925 423.81625 44.5588235294 -492.30575 462.87275 -0.05 -511.91725 472.93175 -0.05 -511.91725 472.93175 44.5588235294 -492.30575 462.87275 -0.05 -511.91725 472.93175 44.5588235294 -492.30575 462.87275 44.5588235294 -511.91725 472.93175 -0.05 -521.42475 455.17875 -0.05 -521.42475 455.17875 44.5588235294 -511.91725 472.93175 -0.05 -521.42475 455.17875 44.5588235294 -511.91725 472.93175 44.5588235294 -521.42475 455.17875 -0.05 -524.39625 456.95375 -0.05 -524.39625 456.95375 44.5588235294 -521.42475 455.17875 -0.05 -524.39625 456.95375 44.5588235294 -521.42475 455.17875 44.5588235294 -524.39625 456.95375 -0.05 -527.36725 451.03625 -0.05 -527.36725 451.03625 44.5588235294 -524.39625 456.95375 -0.05 -527.36725 451.03625 44.5588235294 -524.39625 456.95375 44.5588235294 -527.36725 451.03625 -0.05 -539.253 457.545 -0.05 -539.253 457.545 44.5588235294 -527.36725 451.03625 -0.05 -539.253 457.545 44.5588235294 -527.36725 451.03625 44.5588235294 -539.253 457.545 -0.05 -548.16625 439.792 -0.05 -548.16625 439.792 44.5588235294 -539.253 457.545 -0.05 -548.16625 439.792 44.5588235294 -539.253 457.545 44.5588235294 305.86575 -357.836 20.7352941176 288.63125 -357.8375 20.7352941176 288.63475 -398.07675 20.7352941176 288.63475 -398.07675 -0.05 288.63125 -357.8375 -0.05 305.86575 -357.836 -0.05 288.63475 -398.07675 20.7352941176 326.6695 -398.0735 20.7352941176 326.66875 -388.6055 20.7352941176 326.66875 -388.6055 -0.05 326.6695 -398.0735 -0.05 288.63475 -398.07675 -0.05 326.66875 -388.6055 20.7352941176 331.423 -388.605 20.7352941176 331.4205 -357.834 20.7352941176 331.4205 -357.834 -0.05 331.423 -388.605 -0.05 326.66875 -388.6055 -0.05 288.63475 -398.07675 20.7352941176 326.66875 -388.6055 20.7352941176 331.4205 -357.834 20.7352941176 331.4205 -357.834 -0.05 326.66875 -388.6055 -0.05 288.63475 -398.07675 -0.05 331.4205 -357.834 20.7352941176 317.75175 -357.835 20.7352941176 317.1575 -360.20225 20.7352941176 317.1575 -360.20225 -0.05 317.75175 -357.835 -0.05 331.4205 -357.834 -0.05 288.63475 -398.07675 20.7352941176 331.4205 -357.834 20.7352941176 317.1575 -360.20225 20.7352941176 317.1575 -360.20225 -0.05 331.4205 -357.834 -0.05 288.63475 -398.07675 -0.05 288.63475 -398.07675 20.7352941176 317.1575 -360.20225 20.7352941176 305.866 -360.203 20.7352941176 305.866 -360.203 -0.05 317.1575 -360.20225 -0.05 288.63475 -398.07675 -0.05 288.63475 -398.07675 20.7352941176 305.866 -360.203 20.7352941176 305.86575 -357.836 20.7352941176 305.86575 -357.836 -0.05 305.866 -360.203 -0.05 288.63475 -398.07675 -0.05 288.63125 -357.8375 -0.05 288.63475 -398.07675 -0.05 288.63475 -398.07675 20.7352941176 288.63125 -357.8375 -0.05 288.63475 -398.07675 20.7352941176 288.63125 -357.8375 20.7352941176 288.63475 -398.07675 -0.05 326.6695 -398.0735 -0.05 326.6695 -398.0735 20.7352941176 288.63475 -398.07675 -0.05 326.6695 -398.0735 20.7352941176 288.63475 -398.07675 20.7352941176 326.6695 -398.0735 -0.05 326.66875 -388.6055 -0.05 326.66875 -388.6055 20.7352941176 326.6695 -398.0735 -0.05 326.66875 -388.6055 20.7352941176 326.6695 -398.0735 20.7352941176 326.66875 -388.6055 -0.05 331.423 -388.605 -0.05 331.423 -388.605 20.7352941176 326.66875 -388.6055 -0.05 331.423 -388.605 20.7352941176 326.66875 -388.6055 20.7352941176 331.423 -388.605 -0.05 331.4205 -357.834 -0.05 331.4205 -357.834 20.7352941176 331.423 -388.605 -0.05 331.4205 -357.834 20.7352941176 331.423 -388.605 20.7352941176 331.4205 -357.834 -0.05 317.75175 -357.835 -0.05 317.75175 -357.835 20.7352941176 331.4205 -357.834 -0.05 317.75175 -357.835 20.7352941176 331.4205 -357.834 20.7352941176 317.75175 -357.835 -0.05 317.1575 -360.20225 -0.05 317.1575 -360.20225 20.7352941176 317.75175 -357.835 -0.05 317.1575 -360.20225 20.7352941176 317.75175 -357.835 20.7352941176 317.1575 -360.20225 -0.05 305.866 -360.203 -0.05 305.866 -360.203 20.7352941176 317.1575 -360.20225 -0.05 305.866 -360.203 20.7352941176 317.1575 -360.20225 20.7352941176 305.866 -360.203 -0.05 305.86575 -357.836 -0.05 305.86575 -357.836 20.7352941176 305.866 -360.203 -0.05 305.86575 -357.836 20.7352941176 305.866 -360.203 20.7352941176 305.86575 -357.836 -0.05 288.63125 -357.8375 -0.05 288.63125 -357.8375 20.7352941176 305.86575 -357.836 -0.05 288.63125 -357.8375 20.7352941176 305.86575 -357.836 20.7352941176 318.3365 -244.21875 38.8235294118 289.21625 -244.221 38.8235294118 289.8125 -269.07475 38.8235294118 289.8125 -269.07475 -0.05 289.21625 -244.221 -0.05 318.3365 -244.21875 -0.05 318.3365 -244.21875 38.8235294118 289.8125 -269.07475 38.8235294118 317.15 -269.07225 38.8235294118 317.15 -269.07225 -0.05 289.8125 -269.07475 -0.05 318.3365 -244.21875 -0.05 318.3365 -244.21875 38.8235294118 317.15 -269.07225 38.8235294118 317.15125 -284.458 38.8235294118 317.15125 -284.458 -0.05 317.15 -269.07225 -0.05 318.3365 -244.21875 -0.05 318.3365 -244.21875 38.8235294118 317.15125 -284.458 38.8235294118 335.57425 -284.45625 38.8235294118 335.57425 -284.45625 -0.05 317.15125 -284.458 -0.05 318.3365 -244.21875 -0.05 335.57425 -284.45625 38.8235294118 335.57075 -244.21725 38.8235294118 333.19375 -244.2175 38.8235294118 333.19375 -244.2175 -0.05 335.57075 -244.21725 -0.05 335.57425 -284.45625 -0.05 318.3365 -244.21875 38.8235294118 335.57425 -284.45625 38.8235294118 333.19375 -244.2175 38.8235294118 333.19375 -244.2175 -0.05 335.57425 -284.45625 -0.05 318.3365 -244.21875 -0.05 318.3365 -244.21875 38.8235294118 333.19375 -244.2175 38.8235294118 333.1925 -231.199 38.8235294118 333.1925 -231.199 -0.05 333.19375 -244.2175 -0.05 318.3365 -244.21875 -0.05 333.1925 -231.199 38.8235294118 318.33525 -231.20025 38.8235294118 318.3365 -244.21875 38.8235294118 318.3365 -244.21875 -0.05 318.33525 -231.20025 -0.05 333.1925 -231.199 -0.05 289.21625 -244.221 -0.05 289.8125 -269.07475 -0.05 289.8125 -269.07475 38.8235294118 289.21625 -244.221 -0.05 289.8125 -269.07475 38.8235294118 289.21625 -244.221 38.8235294118 289.8125 -269.07475 -0.05 317.15 -269.07225 -0.05 317.15 -269.07225 38.8235294118 289.8125 -269.07475 -0.05 317.15 -269.07225 38.8235294118 289.8125 -269.07475 38.8235294118 317.15 -269.07225 -0.05 317.15125 -284.458 -0.05 317.15125 -284.458 38.8235294118 317.15 -269.07225 -0.05 317.15125 -284.458 38.8235294118 317.15 -269.07225 38.8235294118 317.15125 -284.458 -0.05 335.57425 -284.45625 -0.05 335.57425 -284.45625 38.8235294118 317.15125 -284.458 -0.05 335.57425 -284.45625 38.8235294118 317.15125 -284.458 38.8235294118 335.57425 -284.45625 -0.05 335.57075 -244.21725 -0.05 335.57075 -244.21725 38.8235294118 335.57425 -284.45625 -0.05 335.57075 -244.21725 38.8235294118 335.57425 -284.45625 38.8235294118 335.57075 -244.21725 -0.05 333.19375 -244.2175 -0.05 333.19375 -244.2175 38.8235294118 335.57075 -244.21725 -0.05 333.19375 -244.2175 38.8235294118 335.57075 -244.21725 38.8235294118 333.19375 -244.2175 -0.05 333.1925 -231.199 -0.05 333.1925 -231.199 38.8235294118 333.19375 -244.2175 -0.05 333.1925 -231.199 38.8235294118 333.19375 -244.2175 38.8235294118 333.1925 -231.199 -0.05 318.33525 -231.20025 -0.05 318.33525 -231.20025 38.8235294118 333.1925 -231.199 -0.05 318.33525 -231.20025 38.8235294118 333.1925 -231.199 38.8235294118 318.33525 -231.20025 -0.05 318.3365 -244.21875 -0.05 318.3365 -244.21875 38.8235294118 318.33525 -231.20025 -0.05 318.3365 -244.21875 38.8235294118 318.33525 -231.20025 38.8235294118 318.3365 -244.21875 -0.05 289.21625 -244.221 -0.05 289.21625 -244.221 38.8235294118 318.3365 -244.21875 -0.05 289.21625 -244.221 38.8235294118 318.3365 -244.21875 38.8235294118 -202.279 61.68 29.8529411765 -204.6535 19.07375 29.8529411765 -180.88225 17.8915 29.8529411765 -180.88225 17.8915 -0.05 -204.6535 19.07375 -0.05 -202.279 61.68 -0.05 -202.279 61.68 29.8529411765 -180.88225 17.8915 29.8529411765 -179.10075 42.74525 29.8529411765 -179.10075 42.74525 -0.05 -180.88225 17.8915 -0.05 -202.279 61.68 -0.05 -202.279 61.68 29.8529411765 -179.10075 42.74525 29.8529411765 -167.21525 42.15425 29.8529411765 -167.21525 42.15425 -0.05 -179.10075 42.74525 -0.05 -202.279 61.68 -0.05 -202.279 61.68 29.8529411765 -167.21525 42.15425 29.8529411765 -166.02775 60.4985 29.8529411765 -166.02775 60.4985 -0.05 -167.21525 42.15425 -0.05 -202.279 61.68 -0.05 -176.72475 61.08975 29.8529411765 -176.72475 61.6815 29.8529411765 -183.262 62.27275 29.8529411765 -183.262 62.27275 -0.05 -176.72475 61.6815 -0.05 -176.72475 61.08975 -0.05 -176.72475 61.08975 29.8529411765 -183.262 62.27275 29.8529411765 -183.262 61.08925 29.8529411765 -183.262 61.08925 -0.05 -183.262 62.27275 -0.05 -176.72475 61.08975 -0.05 -166.02775 60.4985 29.8529411765 -176.72475 61.08975 29.8529411765 -183.262 61.08925 29.8529411765 -183.262 61.08925 -0.05 -176.72475 61.08975 -0.05 -166.02775 60.4985 -0.05 -166.02775 60.4985 29.8529411765 -183.262 61.08925 29.8529411765 -202.279 61.68 29.8529411765 -202.279 61.68 -0.05 -183.262 61.08925 -0.05 -166.02775 60.4985 -0.05 -204.6535 19.07375 -0.05 -180.88225 17.8915 -0.05 -180.88225 17.8915 29.8529411765 -204.6535 19.07375 -0.05 -180.88225 17.8915 29.8529411765 -204.6535 19.07375 29.8529411765 -180.88225 17.8915 -0.05 -179.10075 42.74525 -0.05 -179.10075 42.74525 29.8529411765 -180.88225 17.8915 -0.05 -179.10075 42.74525 29.8529411765 -180.88225 17.8915 29.8529411765 -179.10075 42.74525 -0.05 -167.21525 42.15425 -0.05 -167.21525 42.15425 29.8529411765 -179.10075 42.74525 -0.05 -167.21525 42.15425 29.8529411765 -179.10075 42.74525 29.8529411765 -167.21525 42.15425 -0.05 -166.02775 60.4985 -0.05 -166.02775 60.4985 29.8529411765 -167.21525 42.15425 -0.05 -166.02775 60.4985 29.8529411765 -167.21525 42.15425 29.8529411765 -166.02775 60.4985 -0.05 -176.72475 61.08975 -0.05 -176.72475 61.08975 29.8529411765 -166.02775 60.4985 -0.05 -176.72475 61.08975 29.8529411765 -166.02775 60.4985 29.8529411765 -176.72475 61.08975 -0.05 -176.72475 61.6815 -0.05 -176.72475 61.6815 29.8529411765 -176.72475 61.08975 -0.05 -176.72475 61.6815 29.8529411765 -176.72475 61.08975 29.8529411765 -176.72475 61.6815 -0.05 -183.262 62.27275 -0.05 -183.262 62.27275 29.8529411765 -176.72475 61.6815 -0.05 -183.262 62.27275 29.8529411765 -176.72475 61.6815 29.8529411765 -183.262 62.27275 -0.05 -183.262 61.08925 -0.05 -183.262 61.08925 29.8529411765 -183.262 62.27275 -0.05 -183.262 61.08925 29.8529411765 -183.262 62.27275 29.8529411765 -183.262 61.08925 -0.05 -202.279 61.68 -0.05 -202.279 61.68 29.8529411765 -183.262 61.08925 -0.05 -202.279 61.68 29.8529411765 -183.262 61.08925 29.8529411765 -202.279 61.68 -0.05 -204.6535 19.07375 -0.05 -204.6535 19.07375 29.8529411765 -202.279 61.68 -0.05 -204.6535 19.07375 29.8529411765 -202.279 61.68 29.8529411765 28.87225 401.95225 35.2941176471 24.12025 372.956 35.2941176471 30.65725 371.773 35.2941176471 30.65725 371.773 -0.05 24.12025 372.956 -0.05 28.87225 401.95225 -0.05 30.65725 371.773 35.2941176471 27.687 355.20375 35.2941176471 73.4465 348.106 35.2941176471 73.4465 348.106 -0.05 27.687 355.20375 -0.05 30.65725 371.773 -0.05 28.87225 401.95225 35.2941176471 30.65725 371.773 35.2941176471 73.4465 348.106 35.2941176471 73.4465 348.106 -0.05 30.65725 371.773 -0.05 28.87225 401.95225 -0.05 73.4465 348.106 35.2941176471 78.1985 377.694 35.2941176471 50.86175 382.426 35.2941176471 50.86175 382.426 -0.05 78.1985 377.694 -0.05 73.4465 348.106 -0.05 50.86175 382.426 35.2941176471 51.456 384.20125 35.2941176471 44.91875 385.3845 35.2941176471 44.91875 385.3845 -0.05 51.456 384.20125 -0.05 50.86175 382.426 -0.05 73.4465 348.106 35.2941176471 50.86175 382.426 35.2941176471 44.91875 385.3845 35.2941176471 44.91875 385.3845 -0.05 50.86175 382.426 -0.05 73.4465 348.106 -0.05 28.87225 401.95225 35.2941176471 73.4465 348.106 35.2941176471 44.91875 385.3845 35.2941176471 44.91875 385.3845 -0.05 73.4465 348.106 -0.05 28.87225 401.95225 -0.05 44.91875 385.3845 35.2941176471 47.295 398.403 35.2941176471 28.87225 401.95225 35.2941176471 28.87225 401.95225 -0.05 47.295 398.403 -0.05 44.91875 385.3845 -0.05 24.12025 372.956 -0.05 30.65725 371.773 -0.05 30.65725 371.773 35.2941176471 24.12025 372.956 -0.05 30.65725 371.773 35.2941176471 24.12025 372.956 35.2941176471 30.65725 371.773 -0.05 27.687 355.20375 -0.05 27.687 355.20375 35.2941176471 30.65725 371.773 -0.05 27.687 355.20375 35.2941176471 30.65725 371.773 35.2941176471 27.687 355.20375 -0.05 73.4465 348.106 -0.05 73.4465 348.106 35.2941176471 27.687 355.20375 -0.05 73.4465 348.106 35.2941176471 27.687 355.20375 35.2941176471 73.4465 348.106 -0.05 78.1985 377.694 -0.05 78.1985 377.694 35.2941176471 73.4465 348.106 -0.05 78.1985 377.694 35.2941176471 73.4465 348.106 35.2941176471 78.1985 377.694 -0.05 50.86175 382.426 -0.05 50.86175 382.426 35.2941176471 78.1985 377.694 -0.05 50.86175 382.426 35.2941176471 78.1985 377.694 35.2941176471 50.86175 382.426 -0.05 51.456 384.20125 -0.05 51.456 384.20125 35.2941176471 50.86175 382.426 -0.05 51.456 384.20125 35.2941176471 50.86175 382.426 35.2941176471 51.456 384.20125 -0.05 44.91875 385.3845 -0.05 44.91875 385.3845 35.2941176471 51.456 384.20125 -0.05 44.91875 385.3845 35.2941176471 51.456 384.20125 35.2941176471 44.91875 385.3845 -0.05 47.295 398.403 -0.05 47.295 398.403 35.2941176471 44.91875 385.3845 -0.05 47.295 398.403 35.2941176471 44.91875 385.3845 35.2941176471 47.295 398.403 -0.05 28.87225 401.95225 -0.05 28.87225 401.95225 35.2941176471 47.295 398.403 -0.05 28.87225 401.95225 35.2941176471 47.295 398.403 35.2941176471 28.87225 401.95225 -0.05 24.12025 372.956 -0.05 24.12025 372.956 35.2941176471 28.87225 401.95225 -0.05 24.12025 372.956 35.2941176471 28.87225 401.95225 35.2941176471 -7.983 556.98875 45 -12.1415 535.09375 45 6.8755 530.95275 45 6.8755 530.95275 -0.05 -12.1415 535.09375 -0.05 -7.983 556.98875 -0.05 6.8755 530.95275 45 6.2815 527.40225 45 11.63 526.219 45 11.63 526.219 -0.05 6.2815 527.40225 -0.05 6.8755 530.95275 -0.05 -7.983 556.98875 45 6.8755 530.95275 45 11.63 526.219 45 11.63 526.219 -0.05 6.8755 530.95275 -0.05 -7.983 556.98875 -0.05 11.63 526.219 45 9.25375 513.792 45 29.459 509.65125 45 29.459 509.65125 -0.05 9.25375 513.792 -0.05 11.63 526.219 -0.05 -7.983 556.98875 45 11.63 526.219 45 29.459 509.65125 45 29.459 509.65125 -0.05 11.63 526.219 -0.05 -7.983 556.98875 -0.05 29.459 509.65125 45 33.0235 527.99575 45 31.835 527.99575 45 31.835 527.99575 -0.05 33.0235 527.99575 -0.05 29.459 509.65125 -0.05 -7.983 556.98875 45 29.459 509.65125 45 31.835 527.99575 45 31.835 527.99575 -0.05 29.459 509.65125 -0.05 -7.983 556.98875 -0.05 31.835 527.99575 45 35.9935 547.52375 45 -7.983 556.98875 45 -7.983 556.98875 -0.05 35.9935 547.52375 -0.05 31.835 527.99575 -0.05 -12.1415 535.09375 -0.05 6.8755 530.95275 -0.05 6.8755 530.95275 45 -12.1415 535.09375 -0.05 6.8755 530.95275 45 -12.1415 535.09375 45 6.8755 530.95275 -0.05 6.2815 527.40225 -0.05 6.2815 527.40225 45 6.8755 530.95275 -0.05 6.2815 527.40225 45 6.8755 530.95275 45 6.2815 527.40225 -0.05 11.63 526.219 -0.05 11.63 526.219 45 6.2815 527.40225 -0.05 11.63 526.219 45 6.2815 527.40225 45 11.63 526.219 -0.05 9.25375 513.792 -0.05 9.25375 513.792 45 11.63 526.219 -0.05 9.25375 513.792 45 11.63 526.219 45 9.25375 513.792 -0.05 29.459 509.65125 -0.05 29.459 509.65125 45 9.25375 513.792 -0.05 29.459 509.65125 45 9.25375 513.792 45 29.459 509.65125 -0.05 33.0235 527.99575 -0.05 33.0235 527.99575 45 29.459 509.65125 -0.05 33.0235 527.99575 45 29.459 509.65125 45 33.0235 527.99575 -0.05 31.835 527.99575 -0.05 31.835 527.99575 45 33.0235 527.99575 -0.05 31.835 527.99575 45 33.0235 527.99575 45 31.835 527.99575 -0.05 35.9935 547.52375 -0.05 35.9935 547.52375 45 31.835 527.99575 -0.05 35.9935 547.52375 45 31.835 527.99575 45 35.9935 547.52375 -0.05 -7.983 556.98875 -0.05 -7.983 556.98875 45 35.9935 547.52375 -0.05 -7.983 556.98875 45 35.9935 547.52375 45 -7.983 556.98875 -0.05 -12.1415 535.09375 -0.05 -12.1415 535.09375 45 -7.983 556.98875 -0.05 -12.1415 535.09375 45 -7.983 556.98875 45 316.54825 -181.49325 33.3823529412 292.777 -182.08675 33.3823529412 292.779 -208.124 33.3823529412 292.779 -208.124 -0.05 292.777 -182.08675 -0.05 316.54825 -181.49325 -0.05 316.54825 -181.49325 33.3823529412 292.779 -208.124 33.3823529412 314.76775 -207.53025 33.3823529412 314.76775 -207.53025 -0.05 292.779 -208.124 -0.05 316.54825 -181.49325 -0.05 316.54825 -181.49325 33.3823529412 314.76775 -207.53025 33.3823529412 314.76825 -215.22325 33.3823529412 314.76825 -215.22325 -0.05 314.76775 -207.53025 -0.05 316.54825 -181.49325 -0.05 316.54825 -181.49325 33.3823529412 314.76825 -215.22325 33.3823529412 332.00275 -215.22175 33.3823529412 332.00275 -215.22175 -0.05 314.76825 -215.22325 -0.05 316.54825 -181.49325 -0.05 316.54825 -181.49325 33.3823529412 332.00275 -215.22175 33.3823529412 332.002 -207.529 33.3823529412 332.002 -207.529 -0.05 332.00275 -215.22175 -0.05 316.54825 -181.49325 -0.05 316.54825 -181.49325 33.3823529412 332.002 -207.529 33.3823529412 334.9735 -207.52875 33.3823529412 334.9735 -207.52875 -0.05 332.002 -207.529 -0.05 316.54825 -181.49325 -0.05 316.54825 -181.49325 33.3823529412 334.9735 -207.52875 33.3823529412 334.37575 -166.69775 33.3823529412 334.37575 -166.69775 -0.05 334.9735 -207.52875 -0.05 316.54825 -181.49325 -0.05 334.37575 -166.69775 33.3823529412 316.547 -166.69925 33.3823529412 316.54825 -181.49325 33.3823529412 316.54825 -181.49325 -0.05 316.547 -166.69925 -0.05 334.37575 -166.69775 -0.05 292.777 -182.08675 -0.05 292.779 -208.124 -0.05 292.779 -208.124 33.3823529412 292.777 -182.08675 -0.05 292.779 -208.124 33.3823529412 292.777 -182.08675 33.3823529412 292.779 -208.124 -0.05 314.76775 -207.53025 -0.05 314.76775 -207.53025 33.3823529412 292.779 -208.124 -0.05 314.76775 -207.53025 33.3823529412 292.779 -208.124 33.3823529412 314.76775 -207.53025 -0.05 314.76825 -215.22325 -0.05 314.76825 -215.22325 33.3823529412 314.76775 -207.53025 -0.05 314.76825 -215.22325 33.3823529412 314.76775 -207.53025 33.3823529412 314.76825 -215.22325 -0.05 332.00275 -215.22175 -0.05 332.00275 -215.22175 33.3823529412 314.76825 -215.22325 -0.05 332.00275 -215.22175 33.3823529412 314.76825 -215.22325 33.3823529412 332.00275 -215.22175 -0.05 332.002 -207.529 -0.05 332.002 -207.529 33.3823529412 332.00275 -215.22175 -0.05 332.002 -207.529 33.3823529412 332.00275 -215.22175 33.3823529412 332.002 -207.529 -0.05 334.9735 -207.52875 -0.05 334.9735 -207.52875 33.3823529412 332.002 -207.529 -0.05 334.9735 -207.52875 33.3823529412 332.002 -207.529 33.3823529412 334.9735 -207.52875 -0.05 334.37575 -166.69775 -0.05 334.37575 -166.69775 33.3823529412 334.9735 -207.52875 -0.05 334.37575 -166.69775 33.3823529412 334.9735 -207.52875 33.3823529412 334.37575 -166.69775 -0.05 316.547 -166.69925 -0.05 316.547 -166.69925 33.3823529412 334.37575 -166.69775 -0.05 316.547 -166.69925 33.3823529412 334.37575 -166.69775 33.3823529412 316.547 -166.69925 -0.05 316.54825 -181.49325 -0.05 316.54825 -181.49325 33.3823529412 316.547 -166.69925 -0.05 316.54825 -181.49325 33.3823529412 316.547 -166.69925 33.3823529412 316.54825 -181.49325 -0.05 292.777 -182.08675 -0.05 292.777 -182.08675 33.3823529412 316.54825 -181.49325 -0.05 292.777 -182.08675 33.3823529412 316.54825 -181.49325 33.3823529412 451.424 123.271 24.8529411765 406.85325 122.67525 24.8529411765 406.85525 99.59675 24.8529411765 406.85525 99.59675 -0.05 406.85325 122.67525 -0.05 451.424 123.271 -0.05 451.424 123.271 24.8529411765 406.85525 99.59675 24.8529411765 427.06075 100.1905 24.8529411765 427.06075 100.1905 -0.05 406.85525 99.59675 -0.05 451.424 123.271 -0.05 451.424 123.271 24.8529411765 427.06075 100.1905 24.8529411765 427.061 97.8235 24.8529411765 427.061 97.8235 -0.05 427.06075 100.1905 -0.05 451.424 123.271 -0.05 451.424 123.271 24.8529411765 427.061 97.8235 24.8529411765 433.598 98.41575 24.8529411765 433.598 98.41575 -0.05 427.061 97.8235 -0.05 451.424 123.271 -0.05 451.424 123.271 24.8529411765 433.598 98.41575 24.8529411765 433.59925 83.622 24.8529411765 433.59925 83.622 -0.05 433.598 98.41575 -0.05 451.424 123.271 -0.05 433.59925 83.622 24.8529411765 453.80475 84.2155 24.8529411765 453.20875 102.55975 24.8529411765 453.20875 102.55975 -0.05 453.80475 84.2155 -0.05 433.59925 83.622 -0.05 433.59925 83.622 24.8529411765 453.20875 102.55975 24.8529411765 452.02025 102.55975 24.8529411765 452.02025 102.55975 -0.05 453.20875 102.55975 -0.05 433.59925 83.622 -0.05 433.59925 83.622 24.8529411765 452.02025 102.55975 24.8529411765 451.424 123.271 24.8529411765 451.424 123.271 -0.05 452.02025 102.55975 -0.05 433.59925 83.622 -0.05 406.85325 122.67525 -0.05 406.85525 99.59675 -0.05 406.85525 99.59675 24.8529411765 406.85325 122.67525 -0.05 406.85525 99.59675 24.8529411765 406.85325 122.67525 24.8529411765 406.85525 99.59675 -0.05 427.06075 100.1905 -0.05 427.06075 100.1905 24.8529411765 406.85525 99.59675 -0.05 427.06075 100.1905 24.8529411765 406.85525 99.59675 24.8529411765 427.06075 100.1905 -0.05 427.061 97.8235 -0.05 427.061 97.8235 24.8529411765 427.06075 100.1905 -0.05 427.061 97.8235 24.8529411765 427.06075 100.1905 24.8529411765 427.061 97.8235 -0.05 433.598 98.41575 -0.05 433.598 98.41575 24.8529411765 427.061 97.8235 -0.05 433.598 98.41575 24.8529411765 427.061 97.8235 24.8529411765 433.598 98.41575 -0.05 433.59925 83.622 -0.05 433.59925 83.622 24.8529411765 433.598 98.41575 -0.05 433.59925 83.622 24.8529411765 433.598 98.41575 24.8529411765 433.59925 83.622 -0.05 453.80475 84.2155 -0.05 453.80475 84.2155 24.8529411765 433.59925 83.622 -0.05 453.80475 84.2155 24.8529411765 433.59925 83.622 24.8529411765 453.80475 84.2155 -0.05 453.20875 102.55975 -0.05 453.20875 102.55975 24.8529411765 453.80475 84.2155 -0.05 453.20875 102.55975 24.8529411765 453.80475 84.2155 24.8529411765 453.20875 102.55975 -0.05 452.02025 102.55975 -0.05 452.02025 102.55975 24.8529411765 453.20875 102.55975 -0.05 452.02025 102.55975 24.8529411765 453.20875 102.55975 24.8529411765 452.02025 102.55975 -0.05 451.424 123.271 -0.05 451.424 123.271 24.8529411765 452.02025 102.55975 -0.05 451.424 123.271 24.8529411765 452.02025 102.55975 24.8529411765 451.424 123.271 -0.05 406.85325 122.67525 -0.05 406.85325 122.67525 24.8529411765 451.424 123.271 -0.05 406.85325 122.67525 24.8529411765 451.424 123.271 24.8529411765 -38.27475 320.286 26.7647058824 -44.80975 291.2895 26.7647058824 -27.5755 287.1485 26.7647058824 -27.5755 287.1485 -0.05 -44.80975 291.2895 -0.05 -38.27475 320.286 -0.05 -38.27475 320.286 26.7647058824 -27.5755 287.1485 26.7647058824 -26.3875 294.2495 26.7647058824 -26.3875 294.2495 -0.05 -27.5755 287.1485 -0.05 -38.27475 320.286 -0.05 -38.27475 320.286 26.7647058824 -26.3875 294.2495 26.7647058824 -20.44475 292.47475 26.7647058824 -20.44475 292.47475 -0.05 -26.3875 294.2495 -0.05 -38.27475 320.286 -0.05 -38.27475 320.286 26.7647058824 -20.44475 292.47475 26.7647058824 -19.8505 294.25 26.7647058824 -19.8505 294.25 -0.05 -20.44475 292.47475 -0.05 -38.27475 320.286 -0.05 -38.27475 320.286 26.7647058824 -19.8505 294.25 26.7647058824 -2.022 290.109 26.7647058824 -2.022 290.109 -0.05 -19.8505 294.25 -0.05 -38.27475 320.286 -0.05 -2.022 290.109 26.7647058824 5.107 321.47225 26.7647058824 -34.1155 329.75425 26.7647058824 -34.1155 329.75425 -0.05 5.107 321.47225 -0.05 -2.022 290.109 -0.05 -2.022 290.109 26.7647058824 -34.1155 329.75425 26.7647058824 -36.492 319.69425 26.7647058824 -36.492 319.69425 -0.05 -34.1155 329.75425 -0.05 -2.022 290.109 -0.05 -2.022 290.109 26.7647058824 -36.492 319.69425 26.7647058824 -38.27475 320.286 26.7647058824 -38.27475 320.286 -0.05 -36.492 319.69425 -0.05 -2.022 290.109 -0.05 -44.80975 291.2895 -0.05 -27.5755 287.1485 -0.05 -27.5755 287.1485 26.7647058824 -44.80975 291.2895 -0.05 -27.5755 287.1485 26.7647058824 -44.80975 291.2895 26.7647058824 -27.5755 287.1485 -0.05 -26.3875 294.2495 -0.05 -26.3875 294.2495 26.7647058824 -27.5755 287.1485 -0.05 -26.3875 294.2495 26.7647058824 -27.5755 287.1485 26.7647058824 -26.3875 294.2495 -0.05 -20.44475 292.47475 -0.05 -20.44475 292.47475 26.7647058824 -26.3875 294.2495 -0.05 -20.44475 292.47475 26.7647058824 -26.3875 294.2495 26.7647058824 -20.44475 292.47475 -0.05 -19.8505 294.25 -0.05 -19.8505 294.25 26.7647058824 -20.44475 292.47475 -0.05 -19.8505 294.25 26.7647058824 -20.44475 292.47475 26.7647058824 -19.8505 294.25 -0.05 -2.022 290.109 -0.05 -2.022 290.109 26.7647058824 -19.8505 294.25 -0.05 -2.022 290.109 26.7647058824 -19.8505 294.25 26.7647058824 -2.022 290.109 -0.05 5.107 321.47225 -0.05 5.107 321.47225 26.7647058824 -2.022 290.109 -0.05 5.107 321.47225 26.7647058824 -2.022 290.109 26.7647058824 5.107 321.47225 -0.05 -34.1155 329.75425 -0.05 -34.1155 329.75425 26.7647058824 5.107 321.47225 -0.05 -34.1155 329.75425 26.7647058824 5.107 321.47225 26.7647058824 -34.1155 329.75425 -0.05 -36.492 319.69425 -0.05 -36.492 319.69425 26.7647058824 -34.1155 329.75425 -0.05 -36.492 319.69425 26.7647058824 -34.1155 329.75425 26.7647058824 -36.492 319.69425 -0.05 -38.27475 320.286 -0.05 -38.27475 320.286 26.7647058824 -36.492 319.69425 -0.05 -38.27475 320.286 26.7647058824 -36.492 319.69425 26.7647058824 -38.27475 320.286 -0.05 -44.80975 291.2895 -0.05 -44.80975 291.2895 26.7647058824 -38.27475 320.286 -0.05 -44.80975 291.2895 26.7647058824 -38.27475 320.286 26.7647058824 344.5015 -434.7605 20 336.18125 -434.76125 20 336.18475 -474.40875 20 336.18475 -474.40875 -0.05 336.18125 -434.76125 -0.05 344.5015 -434.7605 -0.05 344.5015 -434.7605 20 336.18475 -474.40875 20 355.202 -474.407 20 355.202 -474.407 -0.05 336.18475 -474.40875 -0.05 344.5015 -434.7605 -0.05 344.5015 -434.7605 20 355.202 -474.407 20 355.20075 -460.205 20 355.20075 -460.205 -0.05 355.202 -474.407 -0.05 344.5015 -434.7605 -0.05 344.5015 -434.7605 20 355.20075 -460.205 20 362.3325 -460.2045 20 362.3325 -460.2045 -0.05 355.20075 -460.205 -0.05 344.5015 -434.7605 -0.05 344.5015 -434.7605 20 362.3325 -460.2045 20 362.33225 -457.24575 20 362.33225 -457.24575 -0.05 362.3325 -460.2045 -0.05 344.5015 -434.7605 -0.05 344.5015 -434.7605 20 362.33225 -457.24575 20 381.3495 -457.244 20 381.3495 -457.244 -0.05 362.33225 -457.24575 -0.05 344.5015 -434.7605 -0.05 344.5015 -434.7605 20 381.3495 -457.244 20 381.347 -426.473 20 381.347 -426.473 -0.05 381.3495 -457.244 -0.05 344.5015 -434.7605 -0.05 381.347 -426.473 20 344.50075 -426.476 20 344.5015 -434.7605 20 344.5015 -434.7605 -0.05 344.50075 -426.476 -0.05 381.347 -426.473 -0.05 336.18125 -434.76125 -0.05 336.18475 -474.40875 -0.05 336.18475 -474.40875 20 336.18125 -434.76125 -0.05 336.18475 -474.40875 20 336.18125 -434.76125 20 336.18475 -474.40875 -0.05 355.202 -474.407 -0.05 355.202 -474.407 20 336.18475 -474.40875 -0.05 355.202 -474.407 20 336.18475 -474.40875 20 355.202 -474.407 -0.05 355.20075 -460.205 -0.05 355.20075 -460.205 20 355.202 -474.407 -0.05 355.20075 -460.205 20 355.202 -474.407 20 355.20075 -460.205 -0.05 362.3325 -460.2045 -0.05 362.3325 -460.2045 20 355.20075 -460.205 -0.05 362.3325 -460.2045 20 355.20075 -460.205 20 362.3325 -460.2045 -0.05 362.33225 -457.24575 -0.05 362.33225 -457.24575 20 362.3325 -460.2045 -0.05 362.33225 -457.24575 20 362.3325 -460.2045 20 362.33225 -457.24575 -0.05 381.3495 -457.244 -0.05 381.3495 -457.244 20 362.33225 -457.24575 -0.05 381.3495 -457.244 20 362.33225 -457.24575 20 381.3495 -457.244 -0.05 381.347 -426.473 -0.05 381.347 -426.473 20 381.3495 -457.244 -0.05 381.347 -426.473 20 381.3495 -457.244 20 381.347 -426.473 -0.05 344.50075 -426.476 -0.05 344.50075 -426.476 20 381.347 -426.473 -0.05 344.50075 -426.476 20 381.347 -426.473 20 344.50075 -426.476 -0.05 344.5015 -434.7605 -0.05 344.5015 -434.7605 20 344.50075 -426.476 -0.05 344.5015 -434.7605 20 344.50075 -426.476 20 344.5015 -434.7605 -0.05 336.18125 -434.76125 -0.05 336.18125 -434.76125 20 344.5015 -434.7605 -0.05 336.18125 -434.76125 20 344.5015 -434.7605 20 526.8905 196.06325 27.9411764706 488.85675 196.6515 27.9411764706 488.858 185.40825 27.9411764706 488.858 185.40825 -0.05 488.85675 196.6515 -0.05 526.8905 196.06325 -0.05 526.8905 196.06325 27.9411764706 488.858 185.40825 27.9411764706 490.0465 185.4085 27.9411764706 490.0465 185.4085 -0.05 488.858 185.40825 -0.05 526.8905 196.06325 -0.05 526.8905 196.06325 27.9411764706 490.0465 185.4085 27.9411764706 489.453 175.94025 27.9411764706 489.453 175.94025 -0.05 490.0465 185.4085 -0.05 526.8905 196.06325 -0.05 526.8905 196.06325 27.9411764706 489.453 175.94025 27.9411764706 502.52725 175.9415 27.9411764706 502.52725 175.9415 -0.05 489.453 175.94025 -0.05 526.8905 196.06325 -0.05 526.8905 196.06325 27.9411764706 502.52725 175.9415 27.9411764706 502.52725 175.34975 27.9411764706 502.52725 175.34975 -0.05 502.52725 175.9415 -0.05 526.8905 196.06325 -0.05 502.52725 175.34975 27.9411764706 514.41275 175.351 27.9411764706 514.41275 175.94275 27.9411764706 514.41275 175.94275 -0.05 514.41275 175.351 -0.05 502.52725 175.34975 -0.05 526.8905 196.06325 27.9411764706 502.52725 175.34975 27.9411764706 514.41275 175.94275 27.9411764706 514.41275 175.94275 -0.05 502.52725 175.34975 -0.05 526.8905 196.06325 -0.05 514.41275 175.94275 27.9411764706 526.29825 175.352 27.9411764706 526.8905 196.06325 27.9411764706 526.8905 196.06325 -0.05 526.29825 175.352 -0.05 514.41275 175.94275 -0.05 488.85675 196.6515 -0.05 488.858 185.40825 -0.05 488.858 185.40825 27.9411764706 488.85675 196.6515 -0.05 488.858 185.40825 27.9411764706 488.85675 196.6515 27.9411764706 488.858 185.40825 -0.05 490.0465 185.4085 -0.05 490.0465 185.4085 27.9411764706 488.858 185.40825 -0.05 490.0465 185.4085 27.9411764706 488.858 185.40825 27.9411764706 490.0465 185.4085 -0.05 489.453 175.94025 -0.05 489.453 175.94025 27.9411764706 490.0465 185.4085 -0.05 489.453 175.94025 27.9411764706 490.0465 185.4085 27.9411764706 489.453 175.94025 -0.05 502.52725 175.9415 -0.05 502.52725 175.9415 27.9411764706 489.453 175.94025 -0.05 502.52725 175.9415 27.9411764706 489.453 175.94025 27.9411764706 502.52725 175.9415 -0.05 502.52725 175.34975 -0.05 502.52725 175.34975 27.9411764706 502.52725 175.9415 -0.05 502.52725 175.34975 27.9411764706 502.52725 175.9415 27.9411764706 502.52725 175.34975 -0.05 514.41275 175.351 -0.05 514.41275 175.351 27.9411764706 502.52725 175.34975 -0.05 514.41275 175.351 27.9411764706 502.52725 175.34975 27.9411764706 514.41275 175.351 -0.05 514.41275 175.94275 -0.05 514.41275 175.94275 27.9411764706 514.41275 175.351 -0.05 514.41275 175.94275 27.9411764706 514.41275 175.351 27.9411764706 514.41275 175.94275 -0.05 526.29825 175.352 -0.05 526.29825 175.352 27.9411764706 514.41275 175.94275 -0.05 526.29825 175.352 27.9411764706 514.41275 175.94275 27.9411764706 526.29825 175.352 -0.05 526.8905 196.06325 -0.05 526.8905 196.06325 27.9411764706 526.29825 175.352 -0.05 526.8905 196.06325 27.9411764706 526.29825 175.352 27.9411764706 526.8905 196.06325 -0.05 488.85675 196.6515 -0.05 488.85675 196.6515 27.9411764706 526.8905 196.06325 -0.05 488.85675 196.6515 27.9411764706 526.8905 196.06325 27.9411764706 397.981 -357.2365 24.4117647059 384.90675 -357.2375 24.4117647059 385.50425 -396.29325 24.4117647059 385.50425 -396.29325 -0.05 384.90675 -357.2375 -0.05 397.981 -357.2365 -0.05 385.50425 -396.29325 24.4117647059 424.1335 -395.698 24.4117647059 423.53825 -386.82175 24.4117647059 423.53825 -386.82175 -0.05 424.1335 -395.698 -0.05 385.50425 -396.29325 -0.05 423.53825 -386.82175 24.4117647059 430.0755 -386.2295 24.4117647059 429.4785 -356.642 24.4117647059 429.4785 -356.642 -0.05 430.0755 -386.2295 -0.05 423.53825 -386.82175 -0.05 385.50425 -396.29325 24.4117647059 423.53825 -386.82175 24.4117647059 429.4785 -356.642 24.4117647059 429.4785 -356.642 -0.05 423.53825 -386.82175 -0.05 385.50425 -396.29325 -0.05 429.4785 -356.642 24.4117647059 406.8955 -356.644 24.4117647059 406.896 -363.745 24.4117647059 406.896 -363.745 -0.05 406.8955 -356.644 -0.05 429.4785 -356.642 -0.05 385.50425 -396.29325 24.4117647059 429.4785 -356.642 24.4117647059 406.896 -363.745 24.4117647059 406.896 -363.745 -0.05 429.4785 -356.642 -0.05 385.50425 -396.29325 -0.05 385.50425 -396.29325 24.4117647059 406.896 -363.745 24.4117647059 398.576 -363.74575 24.4117647059 398.576 -363.74575 -0.05 406.896 -363.745 -0.05 385.50425 -396.29325 -0.05 385.50425 -396.29325 24.4117647059 398.576 -363.74575 24.4117647059 397.981 -357.2365 24.4117647059 397.981 -357.2365 -0.05 398.576 -363.74575 -0.05 385.50425 -396.29325 -0.05 384.90675 -357.2375 -0.05 385.50425 -396.29325 -0.05 385.50425 -396.29325 24.4117647059 384.90675 -357.2375 -0.05 385.50425 -396.29325 24.4117647059 384.90675 -357.2375 24.4117647059 385.50425 -396.29325 -0.05 424.1335 -395.698 -0.05 424.1335 -395.698 24.4117647059 385.50425 -396.29325 -0.05 424.1335 -395.698 24.4117647059 385.50425 -396.29325 24.4117647059 424.1335 -395.698 -0.05 423.53825 -386.82175 -0.05 423.53825 -386.82175 24.4117647059 424.1335 -395.698 -0.05 423.53825 -386.82175 24.4117647059 424.1335 -395.698 24.4117647059 423.53825 -386.82175 -0.05 430.0755 -386.2295 -0.05 430.0755 -386.2295 24.4117647059 423.53825 -386.82175 -0.05 430.0755 -386.2295 24.4117647059 423.53825 -386.82175 24.4117647059 430.0755 -386.2295 -0.05 429.4785 -356.642 -0.05 429.4785 -356.642 24.4117647059 430.0755 -386.2295 -0.05 429.4785 -356.642 24.4117647059 430.0755 -386.2295 24.4117647059 429.4785 -356.642 -0.05 406.8955 -356.644 -0.05 406.8955 -356.644 24.4117647059 429.4785 -356.642 -0.05 406.8955 -356.644 24.4117647059 429.4785 -356.642 24.4117647059 406.8955 -356.644 -0.05 406.896 -363.745 -0.05 406.896 -363.745 24.4117647059 406.8955 -356.644 -0.05 406.896 -363.745 24.4117647059 406.8955 -356.644 24.4117647059 406.896 -363.745 -0.05 398.576 -363.74575 -0.05 398.576 -363.74575 24.4117647059 406.896 -363.745 -0.05 398.576 -363.74575 24.4117647059 406.896 -363.745 24.4117647059 398.576 -363.74575 -0.05 397.981 -357.2365 -0.05 397.981 -357.2365 24.4117647059 398.576 -363.74575 -0.05 397.981 -357.2365 24.4117647059 398.576 -363.74575 24.4117647059 397.981 -357.2365 -0.05 384.90675 -357.2375 -0.05 384.90675 -357.2375 24.4117647059 397.981 -357.2365 -0.05 384.90675 -357.2375 24.4117647059 397.981 -357.2365 24.4117647059 426.514 -435.34525 41.4705882353 387.29075 -435.9405 41.4705882353 387.88675 -457.2435 41.4705882353 387.88675 -457.2435 -0.05 387.29075 -435.9405 -0.05 426.514 -435.34525 -0.05 426.514 -435.34525 41.4705882353 387.88675 -457.2435 41.4705882353 406.90425 -456.65 41.4705882353 406.90425 -456.65 -0.05 387.88675 -457.2435 -0.05 426.514 -435.34525 -0.05 426.514 -435.34525 41.4705882353 406.90425 -456.65 41.4705882353 406.9045 -459.60875 41.4705882353 406.9045 -459.60875 -0.05 406.90425 -456.65 -0.05 426.514 -435.34525 -0.05 426.514 -435.34525 41.4705882353 406.9045 -459.60875 41.4705882353 412.25325 -459.60825 41.4705882353 412.25325 -459.60825 -0.05 406.9045 -459.60875 -0.05 426.514 -435.34525 -0.05 426.514 -435.34525 41.4705882353 412.25325 -459.60825 41.4705882353 412.84875 -475.5855 41.4705882353 412.84875 -475.5855 -0.05 412.25325 -459.60825 -0.05 426.514 -435.34525 -0.05 412.84875 -475.5855 41.4705882353 430.67775 -474.99225 41.4705882353 430.08075 -444.813 41.4705882353 430.08075 -444.813 -0.05 430.67775 -474.99225 -0.05 412.84875 -475.5855 -0.05 412.84875 -475.5855 41.4705882353 430.08075 -444.813 41.4705882353 426.515 -444.81325 41.4705882353 426.515 -444.81325 -0.05 430.08075 -444.813 -0.05 412.84875 -475.5855 -0.05 412.84875 -475.5855 41.4705882353 426.515 -444.81325 41.4705882353 426.514 -435.34525 41.4705882353 426.514 -435.34525 -0.05 426.515 -444.81325 -0.05 412.84875 -475.5855 -0.05 387.29075 -435.9405 -0.05 387.88675 -457.2435 -0.05 387.88675 -457.2435 41.4705882353 387.29075 -435.9405 -0.05 387.88675 -457.2435 41.4705882353 387.29075 -435.9405 41.4705882353 387.88675 -457.2435 -0.05 406.90425 -456.65 -0.05 406.90425 -456.65 41.4705882353 387.88675 -457.2435 -0.05 406.90425 -456.65 41.4705882353 387.88675 -457.2435 41.4705882353 406.90425 -456.65 -0.05 406.9045 -459.60875 -0.05 406.9045 -459.60875 41.4705882353 406.90425 -456.65 -0.05 406.9045 -459.60875 41.4705882353 406.90425 -456.65 41.4705882353 406.9045 -459.60875 -0.05 412.25325 -459.60825 -0.05 412.25325 -459.60825 41.4705882353 406.9045 -459.60875 -0.05 412.25325 -459.60825 41.4705882353 406.9045 -459.60875 41.4705882353 412.25325 -459.60825 -0.05 412.84875 -475.5855 -0.05 412.84875 -475.5855 41.4705882353 412.25325 -459.60825 -0.05 412.84875 -475.5855 41.4705882353 412.25325 -459.60825 41.4705882353 412.84875 -475.5855 -0.05 430.67775 -474.99225 -0.05 430.67775 -474.99225 41.4705882353 412.84875 -475.5855 -0.05 430.67775 -474.99225 41.4705882353 412.84875 -475.5855 41.4705882353 430.67775 -474.99225 -0.05 430.08075 -444.813 -0.05 430.08075 -444.813 41.4705882353 430.67775 -474.99225 -0.05 430.08075 -444.813 41.4705882353 430.67775 -474.99225 41.4705882353 430.08075 -444.813 -0.05 426.515 -444.81325 -0.05 426.515 -444.81325 41.4705882353 430.08075 -444.813 -0.05 426.515 -444.81325 41.4705882353 430.08075 -444.813 41.4705882353 426.515 -444.81325 -0.05 426.514 -435.34525 -0.05 426.514 -435.34525 41.4705882353 426.515 -444.81325 -0.05 426.514 -435.34525 41.4705882353 426.515 -444.81325 41.4705882353 426.514 -435.34525 -0.05 387.29075 -435.9405 -0.05 387.29075 -435.9405 41.4705882353 426.514 -435.34525 -0.05 387.29075 -435.9405 41.4705882353 426.514 -435.34525 41.4705882353 253.57375 -426.4835 39.7058823529 235.74475 -426.485 39.7058823529 235.74575 -436.54475 39.7058823529 235.74575 -436.54475 -0.05 235.74475 -426.485 -0.05 253.57375 -426.4835 -0.05 253.57375 -426.4835 39.7058823529 235.74575 -436.54475 39.7058823529 238.12275 -436.54475 39.7058823529 238.12275 -436.54475 -0.05 235.74575 -436.54475 -0.05 253.57375 -426.4835 -0.05 253.57375 -426.4835 39.7058823529 238.12275 -436.54475 39.7058823529 238.126 -476.192 39.7058823529 238.126 -476.192 -0.05 238.12275 -436.54475 -0.05 253.57375 -426.4835 -0.05 238.126 -476.192 39.7058823529 256.54925 -476.1905 39.7058823529 256.548 -461.39675 39.7058823529 256.548 -461.39675 -0.05 256.54925 -476.1905 -0.05 238.126 -476.192 -0.05 256.548 -461.39675 39.7058823529 280.31975 -461.39475 39.7058823529 280.31775 -435.9495 39.7058823529 280.31775 -435.9495 -0.05 280.31975 -461.39475 -0.05 256.548 -461.39675 -0.05 238.126 -476.192 39.7058823529 256.548 -461.39675 39.7058823529 280.31775 -435.9495 39.7058823529 280.31775 -435.9495 -0.05 256.548 -461.39675 -0.05 238.126 -476.192 -0.05 238.126 -476.192 39.7058823529 280.31775 -435.9495 39.7058823529 253.5745 -435.95175 39.7058823529 253.5745 -435.95175 -0.05 280.31775 -435.9495 -0.05 238.126 -476.192 -0.05 238.126 -476.192 39.7058823529 253.5745 -435.95175 39.7058823529 253.57375 -426.4835 39.7058823529 253.57375 -426.4835 -0.05 253.5745 -435.95175 -0.05 238.126 -476.192 -0.05 235.74475 -426.485 -0.05 235.74575 -436.54475 -0.05 235.74575 -436.54475 39.7058823529 235.74475 -426.485 -0.05 235.74575 -436.54475 39.7058823529 235.74475 -426.485 39.7058823529 235.74575 -436.54475 -0.05 238.12275 -436.54475 -0.05 238.12275 -436.54475 39.7058823529 235.74575 -436.54475 -0.05 238.12275 -436.54475 39.7058823529 235.74575 -436.54475 39.7058823529 238.12275 -436.54475 -0.05 238.126 -476.192 -0.05 238.126 -476.192 39.7058823529 238.12275 -436.54475 -0.05 238.126 -476.192 39.7058823529 238.12275 -436.54475 39.7058823529 238.126 -476.192 -0.05 256.54925 -476.1905 -0.05 256.54925 -476.1905 39.7058823529 238.126 -476.192 -0.05 256.54925 -476.1905 39.7058823529 238.126 -476.192 39.7058823529 256.54925 -476.1905 -0.05 256.548 -461.39675 -0.05 256.548 -461.39675 39.7058823529 256.54925 -476.1905 -0.05 256.548 -461.39675 39.7058823529 256.54925 -476.1905 39.7058823529 256.548 -461.39675 -0.05 280.31975 -461.39475 -0.05 280.31975 -461.39475 39.7058823529 256.548 -461.39675 -0.05 280.31975 -461.39475 39.7058823529 256.548 -461.39675 39.7058823529 280.31975 -461.39475 -0.05 280.31775 -435.9495 -0.05 280.31775 -435.9495 39.7058823529 280.31975 -461.39475 -0.05 280.31775 -435.9495 39.7058823529 280.31975 -461.39475 39.7058823529 280.31775 -435.9495 -0.05 253.5745 -435.95175 -0.05 253.5745 -435.95175 39.7058823529 280.31775 -435.9495 -0.05 253.5745 -435.95175 39.7058823529 280.31775 -435.9495 39.7058823529 253.5745 -435.95175 -0.05 253.57375 -426.4835 -0.05 253.57375 -426.4835 39.7058823529 253.5745 -435.95175 -0.05 253.57375 -426.4835 39.7058823529 253.5745 -435.95175 39.7058823529 253.57375 -426.4835 -0.05 235.74475 -426.485 -0.05 235.74475 -426.485 39.7058823529 253.57375 -426.4835 -0.05 235.74475 -426.485 39.7058823529 253.57375 -426.4835 39.7058823529 412.23425 -244.80225 42.5 389.65125 -244.80425 42.5 389.6535 -270.24975 42.5 389.6535 -270.24975 -0.05 389.65125 -244.80425 -0.05 412.23425 -244.80225 -0.05 412.23425 -244.80225 42.5 389.6535 -270.24975 42.5 414.01925 -270.2475 42.5 414.01925 -270.2475 -0.05 389.6535 -270.24975 -0.05 412.23425 -244.80225 -0.05 414.01925 -270.2475 42.5 414.0205 -285.04125 42.5 431.84925 -285.03975 42.5 431.84925 -285.03975 -0.05 414.0205 -285.04125 -0.05 414.01925 -270.2475 -0.05 412.23425 -244.80225 42.5 414.01925 -270.2475 42.5 431.84925 -285.03975 42.5 431.84925 -285.03975 -0.05 414.01925 -270.2475 -0.05 412.23425 -244.80225 -0.05 431.84925 -285.03975 42.5 431.84575 -244.8005 42.5 428.28 -244.801 42.5 428.28 -244.801 -0.05 431.84575 -244.8005 -0.05 431.84925 -285.03975 -0.05 412.23425 -244.80225 42.5 431.84925 -285.03975 42.5 428.28 -244.801 42.5 428.28 -244.801 -0.05 431.84925 -285.03975 -0.05 412.23425 -244.80225 -0.05 412.23425 -244.80225 42.5 428.28 -244.801 42.5 428.27925 -236.5165 42.5 428.27925 -236.5165 -0.05 428.28 -244.801 -0.05 412.23425 -244.80225 -0.05 428.27925 -236.5165 42.5 412.2335 -236.51775 42.5 412.23425 -244.80225 42.5 412.23425 -244.80225 -0.05 412.2335 -236.51775 -0.05 428.27925 -236.5165 -0.05 389.65125 -244.80425 -0.05 389.6535 -270.24975 -0.05 389.6535 -270.24975 42.5 389.65125 -244.80425 -0.05 389.6535 -270.24975 42.5 389.65125 -244.80425 42.5 389.6535 -270.24975 -0.05 414.01925 -270.2475 -0.05 414.01925 -270.2475 42.5 389.6535 -270.24975 -0.05 414.01925 -270.2475 42.5 389.6535 -270.24975 42.5 414.01925 -270.2475 -0.05 414.0205 -285.04125 -0.05 414.0205 -285.04125 42.5 414.01925 -270.2475 -0.05 414.0205 -285.04125 42.5 414.01925 -270.2475 42.5 414.0205 -285.04125 -0.05 431.84925 -285.03975 -0.05 431.84925 -285.03975 42.5 414.0205 -285.04125 -0.05 431.84925 -285.03975 42.5 414.0205 -285.04125 42.5 431.84925 -285.03975 -0.05 431.84575 -244.8005 -0.05 431.84575 -244.8005 42.5 431.84925 -285.03975 -0.05 431.84575 -244.8005 42.5 431.84925 -285.03975 42.5 431.84575 -244.8005 -0.05 428.28 -244.801 -0.05 428.28 -244.801 42.5 431.84575 -244.8005 -0.05 428.28 -244.801 42.5 431.84575 -244.8005 42.5 428.28 -244.801 -0.05 428.27925 -236.5165 -0.05 428.27925 -236.5165 42.5 428.28 -244.801 -0.05 428.27925 -236.5165 42.5 428.28 -244.801 42.5 428.27925 -236.5165 -0.05 412.2335 -236.51775 -0.05 412.2335 -236.51775 42.5 428.27925 -236.5165 -0.05 412.2335 -236.51775 42.5 428.27925 -236.5165 42.5 412.2335 -236.51775 -0.05 412.23425 -244.80225 -0.05 412.23425 -244.80225 42.5 412.2335 -236.51775 -0.05 412.23425 -244.80225 42.5 412.2335 -236.51775 42.5 412.23425 -244.80225 -0.05 389.65125 -244.80425 -0.05 389.65125 -244.80425 42.5 412.23425 -244.80225 -0.05 389.65125 -244.80425 42.5 412.23425 -244.80225 42.5 -468.51375 0.12375 43.5294117647 -484.55925 -1.0605 43.5294117647 -482.181 -26.50575 43.5294117647 -482.181 -26.50575 -0.05 -484.55925 -1.0605 -0.05 -468.51375 0.12375 -0.05 -468.51375 0.12375 43.5294117647 -482.181 -26.50575 43.5294117647 -439.39275 -22.95325 43.5294117647 -439.39275 -22.95325 -0.05 -482.181 -26.50575 -0.05 -468.51375 0.12375 -0.05 -468.51375 0.12375 43.5294117647 -439.39275 -22.95325 43.5294117647 -441.17675 0.125 43.5294117647 -441.17675 0.125 -0.05 -439.39275 -22.95325 -0.05 -468.51375 0.12375 -0.05 -468.51375 0.12375 43.5294117647 -441.17675 0.125 43.5294117647 -438.7995 0.71675 43.5294117647 -438.7995 0.71675 -0.05 -441.17675 0.125 -0.05 -468.51375 0.12375 -0.05 -438.7995 0.71675 43.5294117647 -439.989 20.2445 43.5294117647 -459.60025 18.4685 43.5294117647 -459.60025 18.4685 -0.05 -439.989 20.2445 -0.05 -438.7995 0.71675 -0.05 -438.7995 0.71675 43.5294117647 -459.60025 18.4685 43.5294117647 -458.411 3.083 43.5294117647 -458.411 3.083 -0.05 -459.60025 18.4685 -0.05 -438.7995 0.71675 -0.05 -468.51375 0.12375 43.5294117647 -438.7995 0.71675 43.5294117647 -458.411 3.083 43.5294117647 -458.411 3.083 -0.05 -438.7995 0.71675 -0.05 -468.51375 0.12375 -0.05 -458.411 3.083 43.5294117647 -468.51375 1.899 43.5294117647 -468.51375 0.12375 43.5294117647 -468.51375 0.12375 -0.05 -468.51375 1.899 -0.05 -458.411 3.083 -0.05 -484.55925 -1.0605 -0.05 -482.181 -26.50575 -0.05 -482.181 -26.50575 43.5294117647 -484.55925 -1.0605 -0.05 -482.181 -26.50575 43.5294117647 -484.55925 -1.0605 43.5294117647 -482.181 -26.50575 -0.05 -439.39275 -22.95325 -0.05 -439.39275 -22.95325 43.5294117647 -482.181 -26.50575 -0.05 -439.39275 -22.95325 43.5294117647 -482.181 -26.50575 43.5294117647 -439.39275 -22.95325 -0.05 -441.17675 0.125 -0.05 -441.17675 0.125 43.5294117647 -439.39275 -22.95325 -0.05 -441.17675 0.125 43.5294117647 -439.39275 -22.95325 43.5294117647 -441.17675 0.125 -0.05 -438.7995 0.71675 -0.05 -438.7995 0.71675 43.5294117647 -441.17675 0.125 -0.05 -438.7995 0.71675 43.5294117647 -441.17675 0.125 43.5294117647 -438.7995 0.71675 -0.05 -439.989 20.2445 -0.05 -439.989 20.2445 43.5294117647 -438.7995 0.71675 -0.05 -439.989 20.2445 43.5294117647 -438.7995 0.71675 43.5294117647 -439.989 20.2445 -0.05 -459.60025 18.4685 -0.05 -459.60025 18.4685 43.5294117647 -439.989 20.2445 -0.05 -459.60025 18.4685 43.5294117647 -439.989 20.2445 43.5294117647 -459.60025 18.4685 -0.05 -458.411 3.083 -0.05 -458.411 3.083 43.5294117647 -459.60025 18.4685 -0.05 -458.411 3.083 43.5294117647 -459.60025 18.4685 43.5294117647 -458.411 3.083 -0.05 -468.51375 1.899 -0.05 -468.51375 1.899 43.5294117647 -458.411 3.083 -0.05 -468.51375 1.899 43.5294117647 -458.411 3.083 43.5294117647 -468.51375 1.899 -0.05 -468.51375 0.12375 -0.05 -468.51375 0.12375 43.5294117647 -468.51375 1.899 -0.05 -468.51375 0.12375 43.5294117647 -468.51375 1.899 43.5294117647 -468.51375 0.12375 -0.05 -484.55925 -1.0605 -0.05 -484.55925 -1.0605 43.5294117647 -468.51375 0.12375 -0.05 -484.55925 -1.0605 43.5294117647 -468.51375 0.12375 43.5294117647 177.42825 556.4105 22.9411764706 162.5715 556.4095 22.9411764706 162.573 538.065 22.9411764706 162.573 538.065 -0.05 162.5715 556.4095 -0.05 177.42825 556.4105 -0.05 177.42825 556.4105 22.9411764706 162.573 538.065 22.9411764706 216.057 538.661 22.9411764706 216.057 538.661 -0.05 162.573 538.065 -0.05 177.42825 556.4105 -0.05 216.057 538.661 22.9411764706 215.4615 554.0465 22.9411764706 202.98175 554.0455 22.9411764706 202.98175 554.0455 -0.05 215.4615 554.0465 -0.05 216.057 538.661 -0.05 177.42825 556.4105 22.9411764706 216.057 538.661 22.9411764706 202.98175 554.0455 22.9411764706 202.98175 554.0455 -0.05 216.057 538.661 -0.05 177.42825 556.4105 -0.05 177.42825 556.4105 22.9411764706 202.98175 554.0455 22.9411764706 202.38525 583.04125 22.9411764706 202.38525 583.04125 -0.05 202.98175 554.0455 -0.05 177.42825 556.4105 -0.05 202.38525 583.04125 22.9411764706 180.3975 583.03975 22.9411764706 180.399 563.51175 22.9411764706 180.399 563.51175 -0.05 180.3975 583.03975 -0.05 202.38525 583.04125 -0.05 177.42825 556.4105 22.9411764706 202.38525 583.04125 22.9411764706 180.399 563.51175 22.9411764706 180.399 563.51175 -0.05 202.38525 583.04125 -0.05 177.42825 556.4105 -0.05 180.399 563.51175 22.9411764706 177.4275 563.5115 22.9411764706 177.42825 556.4105 22.9411764706 177.42825 556.4105 -0.05 177.4275 563.5115 -0.05 180.399 563.51175 -0.05 162.5715 556.4095 -0.05 162.573 538.065 -0.05 162.573 538.065 22.9411764706 162.5715 556.4095 -0.05 162.573 538.065 22.9411764706 162.5715 556.4095 22.9411764706 162.573 538.065 -0.05 216.057 538.661 -0.05 216.057 538.661 22.9411764706 162.573 538.065 -0.05 216.057 538.661 22.9411764706 162.573 538.065 22.9411764706 216.057 538.661 -0.05 215.4615 554.0465 -0.05 215.4615 554.0465 22.9411764706 216.057 538.661 -0.05 215.4615 554.0465 22.9411764706 216.057 538.661 22.9411764706 215.4615 554.0465 -0.05 202.98175 554.0455 -0.05 202.98175 554.0455 22.9411764706 215.4615 554.0465 -0.05 202.98175 554.0455 22.9411764706 215.4615 554.0465 22.9411764706 202.98175 554.0455 -0.05 202.38525 583.04125 -0.05 202.38525 583.04125 22.9411764706 202.98175 554.0455 -0.05 202.38525 583.04125 22.9411764706 202.98175 554.0455 22.9411764706 202.38525 583.04125 -0.05 180.3975 583.03975 -0.05 180.3975 583.03975 22.9411764706 202.38525 583.04125 -0.05 180.3975 583.03975 22.9411764706 202.38525 583.04125 22.9411764706 180.3975 583.03975 -0.05 180.399 563.51175 -0.05 180.399 563.51175 22.9411764706 180.3975 583.03975 -0.05 180.399 563.51175 22.9411764706 180.3975 583.03975 22.9411764706 180.399 563.51175 -0.05 177.4275 563.5115 -0.05 177.4275 563.5115 22.9411764706 180.399 563.51175 -0.05 177.4275 563.5115 22.9411764706 180.399 563.51175 22.9411764706 177.4275 563.5115 -0.05 177.42825 556.4105 -0.05 177.42825 556.4105 22.9411764706 177.4275 563.5115 -0.05 177.42825 556.4105 22.9411764706 177.4275 563.5115 22.9411764706 177.42825 556.4105 -0.05 162.5715 556.4095 -0.05 162.5715 556.4095 22.9411764706 177.42825 556.4105 -0.05 162.5715 556.4095 22.9411764706 177.42825 556.4105 22.9411764706 50.2505 620.3105 31.1764705882 49.6595 575.929 31.1764705882 73.43025 575.339 31.1764705882 73.43025 575.339 -0.05 49.6595 575.929 -0.05 50.2505 620.3105 -0.05 50.2505 620.3105 31.1764705882 73.43025 575.339 31.1764705882 73.42875 596.05025 31.1764705882 73.42875 596.05025 -0.05 73.43025 575.339 -0.05 50.2505 620.3105 -0.05 50.2505 620.3105 31.1764705882 73.42875 596.05025 31.1764705882 75.80575 596.0505 31.1764705882 75.80575 596.0505 -0.05 73.42875 596.05025 -0.05 50.2505 620.3105 -0.05 50.2505 620.3105 31.1764705882 75.80575 596.0505 31.1764705882 75.80525 603.1515 31.1764705882 75.80525 603.1515 -0.05 75.80575 596.0505 -0.05 50.2505 620.3105 -0.05 50.2505 620.3105 31.1764705882 75.80525 603.1515 31.1764705882 88.879 603.15225 31.1764705882 88.879 603.15225 -0.05 75.80525 603.1515 -0.05 50.2505 620.3105 -0.05 88.879 603.15225 31.1764705882 89.472 622.0885 31.1764705882 72.23825 622.08725 31.1764705882 72.23825 622.08725 -0.05 89.472 622.0885 -0.05 88.879 603.15225 -0.05 88.879 603.15225 31.1764705882 72.23825 622.08725 31.1764705882 72.2385 619.72025 31.1764705882 72.2385 619.72025 -0.05 72.23825 622.08725 -0.05 88.879 603.15225 -0.05 88.879 603.15225 31.1764705882 72.2385 619.72025 31.1764705882 50.2505 620.3105 31.1764705882 50.2505 620.3105 -0.05 72.2385 619.72025 -0.05 88.879 603.15225 -0.05 49.6595 575.929 -0.05 73.43025 575.339 -0.05 73.43025 575.339 31.1764705882 49.6595 575.929 -0.05 73.43025 575.339 31.1764705882 49.6595 575.929 31.1764705882 73.43025 575.339 -0.05 73.42875 596.05025 -0.05 73.42875 596.05025 31.1764705882 73.43025 575.339 -0.05 73.42875 596.05025 31.1764705882 73.43025 575.339 31.1764705882 73.42875 596.05025 -0.05 75.80575 596.0505 -0.05 75.80575 596.0505 31.1764705882 73.42875 596.05025 -0.05 75.80575 596.0505 31.1764705882 73.42875 596.05025 31.1764705882 75.80575 596.0505 -0.05 75.80525 603.1515 -0.05 75.80525 603.1515 31.1764705882 75.80575 596.0505 -0.05 75.80525 603.1515 31.1764705882 75.80575 596.0505 31.1764705882 75.80525 603.1515 -0.05 88.879 603.15225 -0.05 88.879 603.15225 31.1764705882 75.80525 603.1515 -0.05 88.879 603.15225 31.1764705882 75.80525 603.1515 31.1764705882 88.879 603.15225 -0.05 89.472 622.0885 -0.05 89.472 622.0885 31.1764705882 88.879 603.15225 -0.05 89.472 622.0885 31.1764705882 88.879 603.15225 31.1764705882 89.472 622.0885 -0.05 72.23825 622.08725 -0.05 72.23825 622.08725 31.1764705882 89.472 622.0885 -0.05 72.23825 622.08725 31.1764705882 89.472 622.0885 31.1764705882 72.23825 622.08725 -0.05 72.2385 619.72025 -0.05 72.2385 619.72025 31.1764705882 72.23825 622.08725 -0.05 72.2385 619.72025 31.1764705882 72.23825 622.08725 31.1764705882 72.2385 619.72025 -0.05 50.2505 620.3105 -0.05 50.2505 620.3105 31.1764705882 72.2385 619.72025 -0.05 50.2505 620.3105 31.1764705882 72.2385 619.72025 31.1764705882 50.2505 620.3105 -0.05 49.6595 575.929 -0.05 49.6595 575.929 31.1764705882 50.2505 620.3105 -0.05 49.6595 575.929 31.1764705882 50.2505 620.3105 31.1764705882 -397.77625 -357.883 37.6470588235 -405.502 -357.88325 37.6470588235 -405.50125 -375.63575 37.6470588235 -405.50125 -375.63575 -0.05 -405.502 -357.88325 -0.05 -397.77625 -357.883 -0.05 -397.77625 -357.883 37.6470588235 -405.50125 -375.63575 37.6470588235 -397.7755 -375.6355 37.6470588235 -397.7755 -375.6355 -0.05 -405.50125 -375.63575 -0.05 -397.77625 -357.883 -0.05 -397.77625 -357.883 37.6470588235 -397.7755 -375.6355 37.6470588235 -397.77525 -377.41075 37.6470588235 -397.77525 -377.41075 -0.05 -397.7755 -375.6355 -0.05 -397.77625 -357.883 -0.05 -397.77625 -357.883 37.6470588235 -397.77525 -377.41075 37.6470588235 -358.552 -376.817 37.6470588235 -358.552 -376.817 -0.05 -397.77525 -377.41075 -0.05 -397.77625 -357.883 -0.05 -358.552 -376.817 37.6470588235 -359.14725 -359.0645 37.6470588235 -371.6275 -359.065 37.6470588235 -371.6275 -359.065 -0.05 -359.14725 -359.0645 -0.05 -358.552 -376.817 -0.05 -397.77625 -357.883 37.6470588235 -358.552 -376.817 37.6470588235 -371.6275 -359.065 37.6470588235 -371.6275 -359.065 -0.05 -358.552 -376.817 -0.05 -397.77625 -357.883 -0.05 -397.77625 -357.883 37.6470588235 -371.6275 -359.065 37.6470588235 -371.62875 -334.80325 37.6470588235 -371.62875 -334.80325 -0.05 -371.6275 -359.065 -0.05 -397.77625 -357.883 -0.05 -371.62875 -334.80325 37.6470588235 -397.7775 -335.39625 37.6470588235 -397.77625 -357.883 37.6470588235 -397.77625 -357.883 -0.05 -397.7775 -335.39625 -0.05 -371.62875 -334.80325 -0.05 -405.502 -357.88325 -0.05 -405.50125 -375.63575 -0.05 -405.50125 -375.63575 37.6470588235 -405.502 -357.88325 -0.05 -405.50125 -375.63575 37.6470588235 -405.502 -357.88325 37.6470588235 -405.50125 -375.63575 -0.05 -397.7755 -375.6355 -0.05 -397.7755 -375.6355 37.6470588235 -405.50125 -375.63575 -0.05 -397.7755 -375.6355 37.6470588235 -405.50125 -375.63575 37.6470588235 -397.7755 -375.6355 -0.05 -397.77525 -377.41075 -0.05 -397.77525 -377.41075 37.6470588235 -397.7755 -375.6355 -0.05 -397.77525 -377.41075 37.6470588235 -397.7755 -375.6355 37.6470588235 -397.77525 -377.41075 -0.05 -358.552 -376.817 -0.05 -358.552 -376.817 37.6470588235 -397.77525 -377.41075 -0.05 -358.552 -376.817 37.6470588235 -397.77525 -377.41075 37.6470588235 -358.552 -376.817 -0.05 -359.14725 -359.0645 -0.05 -359.14725 -359.0645 37.6470588235 -358.552 -376.817 -0.05 -359.14725 -359.0645 37.6470588235 -358.552 -376.817 37.6470588235 -359.14725 -359.0645 -0.05 -371.6275 -359.065 -0.05 -371.6275 -359.065 37.6470588235 -359.14725 -359.0645 -0.05 -371.6275 -359.065 37.6470588235 -359.14725 -359.0645 37.6470588235 -371.6275 -359.065 -0.05 -371.62875 -334.80325 -0.05 -371.62875 -334.80325 37.6470588235 -371.6275 -359.065 -0.05 -371.62875 -334.80325 37.6470588235 -371.6275 -359.065 37.6470588235 -371.62875 -334.80325 -0.05 -397.7775 -335.39625 -0.05 -397.7775 -335.39625 37.6470588235 -371.62875 -334.80325 -0.05 -397.7775 -335.39625 37.6470588235 -371.62875 -334.80325 37.6470588235 -397.7775 -335.39625 -0.05 -397.77625 -357.883 -0.05 -397.77625 -357.883 37.6470588235 -397.7775 -335.39625 -0.05 -397.77625 -357.883 37.6470588235 -397.7775 -335.39625 37.6470588235 -397.77625 -357.883 -0.05 -405.502 -357.88325 -0.05 -405.502 -357.88325 37.6470588235 -397.77625 -357.883 -0.05 -405.502 -357.88325 37.6470588235 -397.77625 -357.883 37.6470588235 -573.68825 -322.9775 32.5 -592.70575 -322.97825 32.5 -592.704 -365.5845 32.5 -592.704 -365.5845 -0.05 -592.70575 -322.97825 -0.05 -573.68825 -322.9775 -0.05 -592.704 -365.5845 32.5 -546.349 -365.5825 32.5 -546.351 -322.3845 32.5 -546.351 -322.3845 -0.05 -546.349 -365.5825 -0.05 -592.704 -365.5845 -0.05 -546.351 -322.3845 32.5 -565.9625 -322.3855 32.5 -565.962 -337.17925 32.5 -565.962 -337.17925 -0.05 -565.9625 -322.3855 -0.05 -546.351 -322.3845 -0.05 -592.704 -365.5845 32.5 -546.351 -322.3845 32.5 -565.962 -337.17925 32.5 -565.962 -337.17925 -0.05 -546.351 -322.3845 -0.05 -592.704 -365.5845 -0.05 -565.962 -337.17925 32.5 -570.71625 -337.1795 32.5 -570.71625 -340.13825 32.5 -570.71625 -340.13825 -0.05 -570.71625 -337.1795 -0.05 -565.962 -337.17925 -0.05 -592.704 -365.5845 32.5 -565.962 -337.17925 32.5 -570.71625 -340.13825 32.5 -570.71625 -340.13825 -0.05 -565.962 -337.17925 -0.05 -592.704 -365.5845 -0.05 -592.704 -365.5845 32.5 -570.71625 -340.13825 32.5 -573.6875 -340.13825 32.5 -573.6875 -340.13825 -0.05 -570.71625 -340.13825 -0.05 -592.704 -365.5845 -0.05 -592.704 -365.5845 32.5 -573.6875 -340.13825 32.5 -573.68825 -322.9775 32.5 -573.68825 -322.9775 -0.05 -573.6875 -340.13825 -0.05 -592.704 -365.5845 -0.05 -592.70575 -322.97825 -0.05 -592.704 -365.5845 -0.05 -592.704 -365.5845 32.5 -592.70575 -322.97825 -0.05 -592.704 -365.5845 32.5 -592.70575 -322.97825 32.5 -592.704 -365.5845 -0.05 -546.349 -365.5825 -0.05 -546.349 -365.5825 32.5 -592.704 -365.5845 -0.05 -546.349 -365.5825 32.5 -592.704 -365.5845 32.5 -546.349 -365.5825 -0.05 -546.351 -322.3845 -0.05 -546.351 -322.3845 32.5 -546.349 -365.5825 -0.05 -546.351 -322.3845 32.5 -546.349 -365.5825 32.5 -546.351 -322.3845 -0.05 -565.9625 -322.3855 -0.05 -565.9625 -322.3855 32.5 -546.351 -322.3845 -0.05 -565.9625 -322.3855 32.5 -546.351 -322.3845 32.5 -565.9625 -322.3855 -0.05 -565.962 -337.17925 -0.05 -565.962 -337.17925 32.5 -565.9625 -322.3855 -0.05 -565.962 -337.17925 32.5 -565.9625 -322.3855 32.5 -565.962 -337.17925 -0.05 -570.71625 -337.1795 -0.05 -570.71625 -337.1795 32.5 -565.962 -337.17925 -0.05 -570.71625 -337.1795 32.5 -565.962 -337.17925 32.5 -570.71625 -337.1795 -0.05 -570.71625 -340.13825 -0.05 -570.71625 -340.13825 32.5 -570.71625 -337.1795 -0.05 -570.71625 -340.13825 32.5 -570.71625 -337.1795 32.5 -570.71625 -340.13825 -0.05 -573.6875 -340.13825 -0.05 -573.6875 -340.13825 32.5 -570.71625 -340.13825 -0.05 -573.6875 -340.13825 32.5 -570.71625 -340.13825 32.5 -573.6875 -340.13825 -0.05 -573.68825 -322.9775 -0.05 -573.68825 -322.9775 32.5 -573.6875 -340.13825 -0.05 -573.68825 -322.9775 32.5 -573.6875 -340.13825 32.5 -573.68825 -322.9775 -0.05 -592.70575 -322.97825 -0.05 -592.70575 -322.97825 32.5 -573.68825 -322.9775 -0.05 -592.70575 -322.97825 32.5 -573.68825 -322.9775 32.5 -161.286 266.4285 31.7647058824 -172.575 229.73925 31.7647058824 -164.255 227.37275 31.7647058824 -164.255 227.37275 -0.05 -172.575 229.73925 -0.05 -161.286 266.4285 -0.05 -164.255 227.37275 31.7647058824 -164.849 223.82225 31.7647058824 -135.13475 214.94775 31.7647058824 -135.13475 214.94775 -0.05 -164.849 223.82225 -0.05 -164.255 227.37275 -0.05 -161.286 266.4285 31.7647058824 -164.255 227.37275 31.7647058824 -135.13475 214.94775 31.7647058824 -135.13475 214.94775 -0.05 -164.255 227.37275 -0.05 -161.286 266.4285 -0.05 -135.13475 214.94775 31.7647058824 -132.16375 222.64075 31.7647058824 -129.193 233.2925 31.7647058824 -129.193 233.2925 -0.05 -132.16375 222.64075 -0.05 -135.13475 214.94775 -0.05 -135.13475 214.94775 31.7647058824 -129.193 233.2925 31.7647058824 -145.23875 238.0255 31.7647058824 -145.23875 238.0255 -0.05 -129.193 233.2925 -0.05 -135.13475 214.94775 -0.05 -161.286 266.4285 31.7647058824 -135.13475 214.94775 31.7647058824 -145.23875 238.0255 31.7647058824 -145.23875 238.0255 -0.05 -135.13475 214.94775 -0.05 -161.286 266.4285 -0.05 -145.23875 238.0255 31.7647058824 -144.05075 243.35125 31.7647058824 -145.8335 243.943 31.7647058824 -145.8335 243.943 -0.05 -144.05075 243.35125 -0.05 -145.23875 238.0255 -0.05 -161.286 266.4285 31.7647058824 -145.23875 238.0255 31.7647058824 -145.8335 243.943 31.7647058824 -145.8335 243.943 -0.05 -145.23875 238.0255 -0.05 -161.286 266.4285 -0.05 -145.8335 243.943 31.7647058824 -140.486 260.51225 31.7647058824 -161.286 266.4285 31.7647058824 -161.286 266.4285 -0.05 -140.486 260.51225 -0.05 -145.8335 243.943 -0.05 -172.575 229.73925 -0.05 -164.255 227.37275 -0.05 -164.255 227.37275 31.7647058824 -172.575 229.73925 -0.05 -164.255 227.37275 31.7647058824 -172.575 229.73925 31.7647058824 -164.255 227.37275 -0.05 -164.849 223.82225 -0.05 -164.849 223.82225 31.7647058824 -164.255 227.37275 -0.05 -164.849 223.82225 31.7647058824 -164.255 227.37275 31.7647058824 -164.849 223.82225 -0.05 -135.13475 214.94775 -0.05 -135.13475 214.94775 31.7647058824 -164.849 223.82225 -0.05 -135.13475 214.94775 31.7647058824 -164.849 223.82225 31.7647058824 -135.13475 214.94775 -0.05 -132.16375 222.64075 -0.05 -132.16375 222.64075 31.7647058824 -135.13475 214.94775 -0.05 -132.16375 222.64075 31.7647058824 -135.13475 214.94775 31.7647058824 -132.16375 222.64075 -0.05 -129.193 233.2925 -0.05 -129.193 233.2925 31.7647058824 -132.16375 222.64075 -0.05 -129.193 233.2925 31.7647058824 -132.16375 222.64075 31.7647058824 -129.193 233.2925 -0.05 -145.23875 238.0255 -0.05 -145.23875 238.0255 31.7647058824 -129.193 233.2925 -0.05 -145.23875 238.0255 31.7647058824 -129.193 233.2925 31.7647058824 -145.23875 238.0255 -0.05 -144.05075 243.35125 -0.05 -144.05075 243.35125 31.7647058824 -145.23875 238.0255 -0.05 -144.05075 243.35125 31.7647058824 -145.23875 238.0255 31.7647058824 -144.05075 243.35125 -0.05 -145.8335 243.943 -0.05 -145.8335 243.943 31.7647058824 -144.05075 243.35125 -0.05 -145.8335 243.943 31.7647058824 -144.05075 243.35125 31.7647058824 -145.8335 243.943 -0.05 -140.486 260.51225 -0.05 -140.486 260.51225 31.7647058824 -145.8335 243.943 -0.05 -140.486 260.51225 31.7647058824 -145.8335 243.943 31.7647058824 -140.486 260.51225 -0.05 -161.286 266.4285 -0.05 -161.286 266.4285 31.7647058824 -140.486 260.51225 -0.05 -161.286 266.4285 31.7647058824 -140.486 260.51225 31.7647058824 -161.286 266.4285 -0.05 -172.575 229.73925 -0.05 -172.575 229.73925 31.7647058824 -161.286 266.4285 -0.05 -172.575 229.73925 31.7647058824 -161.286 266.4285 31.7647058824 -244.4585 -187.45025 24.1176470588 -286.05875 -188.04425 24.1176470588 -286.05775 -205.79675 24.1176470588 -286.05775 -205.79675 -0.05 -286.05875 -188.04425 -0.05 -244.4585 -187.45025 -0.05 -244.4585 -187.45025 24.1176470588 -286.05775 -205.79675 24.1176470588 -274.172 -205.796 24.1176470588 -274.172 -205.796 -0.05 -286.05775 -205.79675 -0.05 -244.4585 -187.45025 -0.05 -244.4585 -187.45025 24.1176470588 -274.172 -205.796 24.1176470588 -273.57725 -211.7135 24.1176470588 -273.57725 -211.7135 -0.05 -274.172 -205.796 -0.05 -244.4585 -187.45025 -0.05 -278.926 -211.714 24.1176470588 -278.926 -209.93875 24.1176470588 -281.8975 -209.93875 24.1176470588 -281.8975 -209.93875 -0.05 -278.926 -209.93875 -0.05 -278.926 -211.714 -0.05 -278.926 -211.714 24.1176470588 -281.8975 -209.93875 24.1176470588 -281.89625 -231.242 24.1176470588 -281.89625 -231.242 -0.05 -281.8975 -209.93875 -0.05 -278.926 -211.714 -0.05 -273.57725 -211.7135 24.1176470588 -278.926 -211.714 24.1176470588 -281.89625 -231.242 24.1176470588 -281.89625 -231.242 -0.05 -278.926 -211.714 -0.05 -273.57725 -211.7135 -0.05 -244.4585 -187.45025 24.1176470588 -273.57725 -211.7135 24.1176470588 -281.89625 -231.242 24.1176470588 -281.89625 -231.242 -0.05 -273.57725 -211.7135 -0.05 -244.4585 -187.45025 -0.05 -281.89625 -231.242 24.1176470588 -244.45625 -230.648 24.1176470588 -244.4585 -187.45025 24.1176470588 -244.4585 -187.45025 -0.05 -244.45625 -230.648 -0.05 -281.89625 -231.242 -0.05 -286.05875 -188.04425 -0.05 -286.05775 -205.79675 -0.05 -286.05775 -205.79675 24.1176470588 -286.05875 -188.04425 -0.05 -286.05775 -205.79675 24.1176470588 -286.05875 -188.04425 24.1176470588 -286.05775 -205.79675 -0.05 -274.172 -205.796 -0.05 -274.172 -205.796 24.1176470588 -286.05775 -205.79675 -0.05 -274.172 -205.796 24.1176470588 -286.05775 -205.79675 24.1176470588 -274.172 -205.796 -0.05 -273.57725 -211.7135 -0.05 -273.57725 -211.7135 24.1176470588 -274.172 -205.796 -0.05 -273.57725 -211.7135 24.1176470588 -274.172 -205.796 24.1176470588 -273.57725 -211.7135 -0.05 -278.926 -211.714 -0.05 -278.926 -211.714 24.1176470588 -273.57725 -211.7135 -0.05 -278.926 -211.714 24.1176470588 -273.57725 -211.7135 24.1176470588 -278.926 -211.714 -0.05 -278.926 -209.93875 -0.05 -278.926 -209.93875 24.1176470588 -278.926 -211.714 -0.05 -278.926 -209.93875 24.1176470588 -278.926 -211.714 24.1176470588 -278.926 -209.93875 -0.05 -281.8975 -209.93875 -0.05 -281.8975 -209.93875 24.1176470588 -278.926 -209.93875 -0.05 -281.8975 -209.93875 24.1176470588 -278.926 -209.93875 24.1176470588 -281.8975 -209.93875 -0.05 -281.89625 -231.242 -0.05 -281.89625 -231.242 24.1176470588 -281.8975 -209.93875 -0.05 -281.89625 -231.242 24.1176470588 -281.8975 -209.93875 24.1176470588 -281.89625 -231.242 -0.05 -244.45625 -230.648 -0.05 -244.45625 -230.648 24.1176470588 -281.89625 -231.242 -0.05 -244.45625 -230.648 24.1176470588 -281.89625 -231.242 24.1176470588 -244.45625 -230.648 -0.05 -244.4585 -187.45025 -0.05 -244.4585 -187.45025 24.1176470588 -244.45625 -230.648 -0.05 -244.4585 -187.45025 24.1176470588 -244.45625 -230.648 24.1176470588 -244.4585 -187.45025 -0.05 -286.05875 -188.04425 -0.05 -286.05875 -188.04425 24.1176470588 -244.4585 -187.45025 -0.05 -286.05875 -188.04425 24.1176470588 -244.4585 -187.45025 24.1176470588 99.609 152.82975 22.7941176471 97.233 134.48525 22.7941176471 118.033 132.11975 22.7941176471 118.033 132.11975 -0.05 97.233 134.48525 -0.05 99.609 152.82975 -0.05 99.609 152.82975 22.7941176471 118.033 132.11975 22.7941176471 118.03275 136.262 22.7941176471 118.03275 136.262 -0.05 118.033 132.11975 -0.05 99.609 152.82975 -0.05 99.609 152.82975 22.7941176471 118.03275 136.262 22.7941176471 138.2385 133.30475 22.7941176471 138.2385 133.30475 -0.05 118.03275 136.262 -0.05 99.609 152.82975 -0.05 138.2385 133.30475 22.7941176471 143.584 171.769 22.7941176471 102.5785 177.09175 22.7941176471 102.5785 177.09175 -0.05 143.584 171.769 -0.05 138.2385 133.30475 -0.05 102.5785 177.09175 22.7941176471 100.20275 158.74725 22.7941176471 116.2485 156.3815 22.7941176471 116.2485 156.3815 -0.05 100.20275 158.74725 -0.05 102.5785 177.09175 -0.05 138.2385 133.30475 22.7941176471 102.5785 177.09175 22.7941176471 116.2485 156.3815 22.7941176471 116.2485 156.3815 -0.05 102.5785 177.09175 -0.05 138.2385 133.30475 -0.05 138.2385 133.30475 22.7941176471 116.2485 156.3815 22.7941176471 115.6545 151.05575 22.7941176471 115.6545 151.05575 -0.05 116.2485 156.3815 -0.05 138.2385 133.30475 -0.05 138.2385 133.30475 22.7941176471 115.6545 151.05575 22.7941176471 99.609 152.82975 22.7941176471 99.609 152.82975 -0.05 115.6545 151.05575 -0.05 138.2385 133.30475 -0.05 97.233 134.48525 -0.05 118.033 132.11975 -0.05 118.033 132.11975 22.7941176471 97.233 134.48525 -0.05 118.033 132.11975 22.7941176471 97.233 134.48525 22.7941176471 118.033 132.11975 -0.05 118.03275 136.262 -0.05 118.03275 136.262 22.7941176471 118.033 132.11975 -0.05 118.03275 136.262 22.7941176471 118.033 132.11975 22.7941176471 118.03275 136.262 -0.05 138.2385 133.30475 -0.05 138.2385 133.30475 22.7941176471 118.03275 136.262 -0.05 138.2385 133.30475 22.7941176471 118.03275 136.262 22.7941176471 138.2385 133.30475 -0.05 143.584 171.769 -0.05 143.584 171.769 22.7941176471 138.2385 133.30475 -0.05 143.584 171.769 22.7941176471 138.2385 133.30475 22.7941176471 143.584 171.769 -0.05 102.5785 177.09175 -0.05 102.5785 177.09175 22.7941176471 143.584 171.769 -0.05 102.5785 177.09175 22.7941176471 143.584 171.769 22.7941176471 102.5785 177.09175 -0.05 100.20275 158.74725 -0.05 100.20275 158.74725 22.7941176471 102.5785 177.09175 -0.05 100.20275 158.74725 22.7941176471 102.5785 177.09175 22.7941176471 100.20275 158.74725 -0.05 116.2485 156.3815 -0.05 116.2485 156.3815 22.7941176471 100.20275 158.74725 -0.05 116.2485 156.3815 22.7941176471 100.20275 158.74725 22.7941176471 116.2485 156.3815 -0.05 115.6545 151.05575 -0.05 115.6545 151.05575 22.7941176471 116.2485 156.3815 -0.05 115.6545 151.05575 22.7941176471 116.2485 156.3815 22.7941176471 115.6545 151.05575 -0.05 99.609 152.82975 -0.05 99.609 152.82975 22.7941176471 115.6545 151.05575 -0.05 99.609 152.82975 22.7941176471 115.6545 151.05575 22.7941176471 99.609 152.82975 -0.05 97.233 134.48525 -0.05 97.233 134.48525 22.7941176471 99.609 152.82975 -0.05 97.233 134.48525 22.7941176471 99.609 152.82975 22.7941176471 355.7545 15.5635 43.9705882353 337.33175 15.562 43.9705882353 337.33425 -15.80075 43.9705882353 337.33425 -15.80075 -0.05 337.33175 15.562 -0.05 355.7545 15.5635 -0.05 355.7545 15.5635 43.9705882353 337.33425 -15.80075 43.9705882353 339.11725 -15.80075 43.9705882353 339.11725 -15.80075 -0.05 337.33425 -15.80075 -0.05 355.7545 15.5635 -0.05 355.7545 15.5635 43.9705882353 339.11725 -15.80075 43.9705882353 339.118 -24.677 43.9705882353 339.118 -24.677 -0.05 339.11725 -15.80075 -0.05 355.7545 15.5635 -0.05 339.118 -24.677 43.9705882353 379.52925 -24.6735 43.9705882353 380.12 15.56575 43.9705882353 380.12 15.56575 -0.05 379.52925 -24.6735 -0.05 339.118 -24.677 -0.05 380.12 15.56575 43.9705882353 360.50875 15.564 43.9705882353 360.51 0.1785 43.9705882353 360.51 0.1785 -0.05 360.50875 15.564 -0.05 380.12 15.56575 -0.05 339.118 -24.677 43.9705882353 380.12 15.56575 43.9705882353 360.51 0.1785 43.9705882353 360.51 0.1785 -0.05 380.12 15.56575 -0.05 339.118 -24.677 -0.05 339.118 -24.677 43.9705882353 360.51 0.1785 43.9705882353 355.75575 0.178 43.9705882353 355.75575 0.178 -0.05 360.51 0.1785 -0.05 339.118 -24.677 -0.05 339.118 -24.677 43.9705882353 355.75575 0.178 43.9705882353 355.7545 15.5635 43.9705882353 355.7545 15.5635 -0.05 355.75575 0.178 -0.05 339.118 -24.677 -0.05 337.33175 15.562 -0.05 337.33425 -15.80075 -0.05 337.33425 -15.80075 43.9705882353 337.33175 15.562 -0.05 337.33425 -15.80075 43.9705882353 337.33175 15.562 43.9705882353 337.33425 -15.80075 -0.05 339.11725 -15.80075 -0.05 339.11725 -15.80075 43.9705882353 337.33425 -15.80075 -0.05 339.11725 -15.80075 43.9705882353 337.33425 -15.80075 43.9705882353 339.11725 -15.80075 -0.05 339.118 -24.677 -0.05 339.118 -24.677 43.9705882353 339.11725 -15.80075 -0.05 339.118 -24.677 43.9705882353 339.11725 -15.80075 43.9705882353 339.118 -24.677 -0.05 379.52925 -24.6735 -0.05 379.52925 -24.6735 43.9705882353 339.118 -24.677 -0.05 379.52925 -24.6735 43.9705882353 339.118 -24.677 43.9705882353 379.52925 -24.6735 -0.05 380.12 15.56575 -0.05 380.12 15.56575 43.9705882353 379.52925 -24.6735 -0.05 380.12 15.56575 43.9705882353 379.52925 -24.6735 43.9705882353 380.12 15.56575 -0.05 360.50875 15.564 -0.05 360.50875 15.564 43.9705882353 380.12 15.56575 -0.05 360.50875 15.564 43.9705882353 380.12 15.56575 43.9705882353 360.50875 15.564 -0.05 360.51 0.1785 -0.05 360.51 0.1785 43.9705882353 360.50875 15.564 -0.05 360.51 0.1785 43.9705882353 360.50875 15.564 43.9705882353 360.51 0.1785 -0.05 355.75575 0.178 -0.05 355.75575 0.178 43.9705882353 360.51 0.1785 -0.05 355.75575 0.178 43.9705882353 360.51 0.1785 43.9705882353 355.75575 0.178 -0.05 355.7545 15.5635 -0.05 355.7545 15.5635 43.9705882353 355.75575 0.178 -0.05 355.7545 15.5635 43.9705882353 355.75575 0.178 43.9705882353 355.7545 15.5635 -0.05 337.33175 15.562 -0.05 337.33175 15.562 43.9705882353 355.7545 15.5635 -0.05 337.33175 15.562 43.9705882353 355.7545 15.5635 43.9705882353 268.966 301.9645 32.3529411765 232.71525 301.9615 32.3529411765 232.71725 275.3325 32.3529411765 232.71725 275.3325 -0.05 232.71525 301.9615 -0.05 268.966 301.9645 -0.05 268.966 301.9645 32.3529411765 232.71725 275.3325 32.3529411765 257.677 275.33475 32.3529411765 257.677 275.33475 -0.05 232.71725 275.3325 -0.05 268.966 301.9645 -0.05 268.966 301.9645 32.3529411765 257.677 275.33475 32.3529411765 257.678 262.316 32.3529411765 257.678 262.316 -0.05 257.677 275.33475 -0.05 268.966 301.9645 -0.05 268.966 301.9645 32.3529411765 257.678 262.316 32.3529411765 276.1005 262.3175 32.3529411765 276.1005 262.3175 -0.05 257.678 262.316 -0.05 268.966 301.9645 -0.05 268.966 301.9645 32.3529411765 276.1005 262.3175 32.3529411765 276.0995 275.33625 32.3529411765 276.0995 275.33625 -0.05 276.1005 262.3175 -0.05 268.966 301.9645 -0.05 268.966 301.9645 32.3529411765 276.0995 275.33625 32.3529411765 286.202 275.337 32.3529411765 286.202 275.337 -0.05 276.0995 275.33625 -0.05 268.966 301.9645 -0.05 268.966 301.9645 32.3529411765 286.202 275.337 32.3529411765 298.0855 300.1915 32.3529411765 298.0855 300.1915 -0.05 286.202 275.337 -0.05 268.966 301.9645 -0.05 268.966 301.9645 32.3529411765 298.0855 300.1915 32.3529411765 298.08525 303.15025 32.3529411765 298.08525 303.15025 -0.05 298.0855 300.1915 -0.05 268.966 301.9645 -0.05 298.08525 303.15025 32.3529411765 268.96575 303.148 32.3529411765 268.966 301.9645 32.3529411765 268.966 301.9645 -0.05 268.96575 303.148 -0.05 298.08525 303.15025 -0.05 232.71525 301.9615 -0.05 232.71725 275.3325 -0.05 232.71725 275.3325 32.3529411765 232.71525 301.9615 -0.05 232.71725 275.3325 32.3529411765 232.71525 301.9615 32.3529411765 232.71725 275.3325 -0.05 257.677 275.33475 -0.05 257.677 275.33475 32.3529411765 232.71725 275.3325 -0.05 257.677 275.33475 32.3529411765 232.71725 275.3325 32.3529411765 257.677 275.33475 -0.05 257.678 262.316 -0.05 257.678 262.316 32.3529411765 257.677 275.33475 -0.05 257.678 262.316 32.3529411765 257.677 275.33475 32.3529411765 257.678 262.316 -0.05 276.1005 262.3175 -0.05 276.1005 262.3175 32.3529411765 257.678 262.316 -0.05 276.1005 262.3175 32.3529411765 257.678 262.316 32.3529411765 276.1005 262.3175 -0.05 276.0995 275.33625 -0.05 276.0995 275.33625 32.3529411765 276.1005 262.3175 -0.05 276.0995 275.33625 32.3529411765 276.1005 262.3175 32.3529411765 276.0995 275.33625 -0.05 286.202 275.337 -0.05 286.202 275.337 32.3529411765 276.0995 275.33625 -0.05 286.202 275.337 32.3529411765 276.0995 275.33625 32.3529411765 286.202 275.337 -0.05 298.0855 300.1915 -0.05 298.0855 300.1915 32.3529411765 286.202 275.337 -0.05 298.0855 300.1915 32.3529411765 286.202 275.337 32.3529411765 298.0855 300.1915 -0.05 298.08525 303.15025 -0.05 298.08525 303.15025 32.3529411765 298.0855 300.1915 -0.05 298.08525 303.15025 32.3529411765 298.0855 300.1915 32.3529411765 298.08525 303.15025 -0.05 268.96575 303.148 -0.05 268.96575 303.148 32.3529411765 298.08525 303.15025 -0.05 268.96575 303.148 32.3529411765 298.08525 303.15025 32.3529411765 268.96575 303.148 -0.05 268.966 301.9645 -0.05 268.966 301.9645 32.3529411765 268.96575 303.148 -0.05 268.966 301.9645 32.3529411765 268.96575 303.148 32.3529411765 268.966 301.9645 -0.05 232.71525 301.9615 -0.05 232.71525 301.9615 32.3529411765 268.966 301.9645 -0.05 232.71525 301.9615 32.3529411765 268.966 301.9645 32.3529411765 -83.416 -43.6445 41.3235294118 -100.65025 -44.2375 41.3235294118 -100.05475 -61.99 41.3235294118 -100.05475 -61.99 -0.05 -100.65025 -44.2375 -0.05 -83.416 -43.6445 -0.05 -83.416 -43.6445 41.3235294118 -100.05475 -61.99 41.3235294118 -85.19775 -61.39725 41.3235294118 -85.19775 -61.39725 -0.05 -100.05475 -61.99 -0.05 -83.416 -43.6445 -0.05 -83.416 -43.6445 41.3235294118 -85.19775 -61.39725 41.3235294118 -85.197 -71.457 41.3235294118 -85.197 -71.457 -0.05 -85.19775 -61.39725 -0.05 -83.416 -43.6445 -0.05 -85.197 -71.457 41.3235294118 -100.05425 -71.458 41.3235294118 -99.45875 -90.394 41.3235294118 -99.45875 -90.394 -0.05 -100.05425 -71.458 -0.05 -85.197 -71.457 -0.05 -85.197 -71.457 41.3235294118 -99.45875 -90.394 41.3235294118 -59.64175 -89.208 41.3235294118 -59.64175 -89.208 -0.05 -99.45875 -90.394 -0.05 -85.197 -71.457 -0.05 -85.197 -71.457 41.3235294118 -59.64175 -89.208 41.3235294118 -60.23875 -46.60175 41.3235294118 -60.23875 -46.60175 -0.05 -59.64175 -89.208 -0.05 -85.197 -71.457 -0.05 -85.197 -71.457 41.3235294118 -60.23875 -46.60175 41.3235294118 -82.8215 -46.60325 41.3235294118 -82.8215 -46.60325 -0.05 -60.23875 -46.60175 -0.05 -85.197 -71.457 -0.05 -85.197 -71.457 41.3235294118 -82.8215 -46.60325 41.3235294118 -83.416 -43.6445 41.3235294118 -83.416 -43.6445 -0.05 -82.8215 -46.60325 -0.05 -85.197 -71.457 -0.05 -100.65025 -44.2375 -0.05 -100.05475 -61.99 -0.05 -100.05475 -61.99 41.3235294118 -100.65025 -44.2375 -0.05 -100.05475 -61.99 41.3235294118 -100.65025 -44.2375 41.3235294118 -100.05475 -61.99 -0.05 -85.19775 -61.39725 -0.05 -85.19775 -61.39725 41.3235294118 -100.05475 -61.99 -0.05 -85.19775 -61.39725 41.3235294118 -100.05475 -61.99 41.3235294118 -85.19775 -61.39725 -0.05 -85.197 -71.457 -0.05 -85.197 -71.457 41.3235294118 -85.19775 -61.39725 -0.05 -85.197 -71.457 41.3235294118 -85.19775 -61.39725 41.3235294118 -85.197 -71.457 -0.05 -100.05425 -71.458 -0.05 -100.05425 -71.458 41.3235294118 -85.197 -71.457 -0.05 -100.05425 -71.458 41.3235294118 -85.197 -71.457 41.3235294118 -100.05425 -71.458 -0.05 -99.45875 -90.394 -0.05 -99.45875 -90.394 41.3235294118 -100.05425 -71.458 -0.05 -99.45875 -90.394 41.3235294118 -100.05425 -71.458 41.3235294118 -99.45875 -90.394 -0.05 -59.64175 -89.208 -0.05 -59.64175 -89.208 41.3235294118 -99.45875 -90.394 -0.05 -59.64175 -89.208 41.3235294118 -99.45875 -90.394 41.3235294118 -59.64175 -89.208 -0.05 -60.23875 -46.60175 -0.05 -60.23875 -46.60175 41.3235294118 -59.64175 -89.208 -0.05 -60.23875 -46.60175 41.3235294118 -59.64175 -89.208 41.3235294118 -60.23875 -46.60175 -0.05 -82.8215 -46.60325 -0.05 -82.8215 -46.60325 41.3235294118 -60.23875 -46.60175 -0.05 -82.8215 -46.60325 41.3235294118 -60.23875 -46.60175 41.3235294118 -82.8215 -46.60325 -0.05 -83.416 -43.6445 -0.05 -83.416 -43.6445 41.3235294118 -82.8215 -46.60325 -0.05 -83.416 -43.6445 41.3235294118 -82.8215 -46.60325 41.3235294118 -83.416 -43.6445 -0.05 -100.65025 -44.2375 -0.05 -100.65025 -44.2375 41.3235294118 -83.416 -43.6445 -0.05 -100.65025 -44.2375 41.3235294118 -83.416 -43.6445 41.3235294118 -371.64775 42.7345 40.5882352941 -394.82625 70.54575 40.5882352941 -397.79525 25.5725 40.5882352941 -397.79525 25.5725 -0.05 -394.82625 70.54575 -0.05 -371.64775 42.7345 -0.05 -394.82625 70.54575 40.5882352941 -371.054 51.019 40.5882352941 -354.415 67.589 40.5882352941 -354.415 67.589 -0.05 -371.054 51.019 -0.05 -394.82625 70.54575 -0.05 -371.64775 42.7345 40.5882352941 -371.054 51.019 40.5882352941 -394.82625 70.54575 40.5882352941 -394.82625 70.54575 -0.05 -371.054 51.019 -0.05 -371.64775 42.7345 -0.05 -357.384 23.2075 40.5882352941 -371.64775 42.7345 40.5882352941 -397.79525 25.5725 40.5882352941 -397.79525 25.5725 -0.05 -371.64775 42.7345 -0.05 -357.384 23.2075 -0.05 -371.054 51.019 40.5882352941 -361.5455 50.42775 40.5882352941 -354.415 67.589 40.5882352941 -354.415 67.589 -0.05 -361.5455 50.42775 -0.05 -371.054 51.019 -0.05 -357.384 23.2075 40.5882352941 -362.13925 42.14325 40.5882352941 -371.64775 42.7345 40.5882352941 -371.64775 42.7345 -0.05 -362.13925 42.14325 -0.05 -357.384 23.2075 -0.05 -362.13925 42.14325 40.5882352941 -357.384 23.2075 40.5882352941 -354.415 67.589 40.5882352941 -354.415 67.589 -0.05 -357.384 23.2075 -0.05 -362.13925 42.14325 -0.05 -361.5455 50.42775 40.5882352941 -362.13925 42.14325 40.5882352941 -354.415 67.589 40.5882352941 -354.415 67.589 -0.05 -362.13925 42.14325 -0.05 -361.5455 50.42775 -0.05 -397.79525 25.5725 -0.05 -357.384 23.2075 -0.05 -357.384 23.2075 40.5882352941 -397.79525 25.5725 -0.05 -357.384 23.2075 40.5882352941 -397.79525 25.5725 40.5882352941 -357.384 23.2075 -0.05 -354.415 67.589 -0.05 -354.415 67.589 40.5882352941 -357.384 23.2075 -0.05 -354.415 67.589 40.5882352941 -357.384 23.2075 40.5882352941 -354.415 67.589 -0.05 -394.82625 70.54575 -0.05 -394.82625 70.54575 40.5882352941 -354.415 67.589 -0.05 -394.82625 70.54575 40.5882352941 -354.415 67.589 40.5882352941 -394.82625 70.54575 -0.05 -397.79525 25.5725 -0.05 -397.79525 25.5725 40.5882352941 -394.82625 70.54575 -0.05 -397.79525 25.5725 40.5882352941 -394.82625 70.54575 40.5882352941 -371.64775 42.7345 -0.05 -371.054 51.019 -0.05 -371.054 51.019 40.5882352941 -371.64775 42.7345 -0.05 -371.054 51.019 40.5882352941 -371.64775 42.7345 40.5882352941 -371.054 51.019 -0.05 -361.5455 50.42775 -0.05 -361.5455 50.42775 40.5882352941 -371.054 51.019 -0.05 -361.5455 50.42775 40.5882352941 -371.054 51.019 40.5882352941 -361.5455 50.42775 -0.05 -362.13925 42.14325 -0.05 -362.13925 42.14325 40.5882352941 -361.5455 50.42775 -0.05 -362.13925 42.14325 40.5882352941 -361.5455 50.42775 40.5882352941 -362.13925 42.14325 -0.05 -371.64775 42.7345 -0.05 -371.64775 42.7345 40.5882352941 -362.13925 42.14325 -0.05 -371.64775 42.7345 40.5882352941 -362.13925 42.14325 40.5882352941 237.49225 15.55375 47.2058823529 236.8995 -3.974 47.2058823529 238.6825 -3.974 47.2058823529 238.6825 -3.974 -0.05 236.8995 -3.974 -0.05 237.49225 15.55375 -0.05 238.6825 -3.974 47.2058823529 238.684 -23.50175 47.2058823529 283.25525 -23.498 47.2058823529 283.25525 -23.498 -0.05 238.684 -23.50175 -0.05 238.6825 -3.974 -0.05 237.49225 15.55375 47.2058823529 238.6825 -3.974 47.2058823529 283.25525 -23.498 47.2058823529 283.25525 -23.498 -0.05 238.6825 -3.974 -0.05 237.49225 15.55375 -0.05 283.25525 -23.498 47.2058823529 284.443 -12.25475 47.2058823529 283.2535 -1.0115 47.2058823529 283.2535 -1.0115 -0.05 284.443 -12.25475 -0.05 283.25525 -23.498 -0.05 283.25525 -23.498 47.2058823529 283.2535 -1.0115 47.2058823529 264.23625 -0.42125 47.2058823529 264.23625 -0.42125 -0.05 283.2535 -1.0115 -0.05 283.25525 -23.498 -0.05 264.23625 -0.42125 47.2058823529 264.236 2.5375 47.2058823529 257.10475 2.53675 47.2058823529 257.10475 2.53675 -0.05 264.236 2.5375 -0.05 264.23625 -0.42125 -0.05 283.25525 -23.498 47.2058823529 264.23625 -0.42125 47.2058823529 257.10475 2.53675 47.2058823529 257.10475 2.53675 -0.05 264.23625 -0.42125 -0.05 283.25525 -23.498 -0.05 237.49225 15.55375 47.2058823529 283.25525 -23.498 47.2058823529 257.10475 2.53675 47.2058823529 257.10475 2.53675 -0.05 283.25525 -23.498 -0.05 237.49225 15.55375 -0.05 257.10475 2.53675 47.2058823529 257.698 15.5555 47.2058823529 237.49225 15.55375 47.2058823529 237.49225 15.55375 -0.05 257.698 15.5555 -0.05 257.10475 2.53675 -0.05 236.8995 -3.974 -0.05 238.6825 -3.974 -0.05 238.6825 -3.974 47.2058823529 236.8995 -3.974 -0.05 238.6825 -3.974 47.2058823529 236.8995 -3.974 47.2058823529 238.6825 -3.974 -0.05 238.684 -23.50175 -0.05 238.684 -23.50175 47.2058823529 238.6825 -3.974 -0.05 238.684 -23.50175 47.2058823529 238.6825 -3.974 47.2058823529 238.684 -23.50175 -0.05 283.25525 -23.498 -0.05 283.25525 -23.498 47.2058823529 238.684 -23.50175 -0.05 283.25525 -23.498 47.2058823529 238.684 -23.50175 47.2058823529 283.25525 -23.498 -0.05 284.443 -12.25475 -0.05 284.443 -12.25475 47.2058823529 283.25525 -23.498 -0.05 284.443 -12.25475 47.2058823529 283.25525 -23.498 47.2058823529 284.443 -12.25475 -0.05 283.2535 -1.0115 -0.05 283.2535 -1.0115 47.2058823529 284.443 -12.25475 -0.05 283.2535 -1.0115 47.2058823529 284.443 -12.25475 47.2058823529 283.2535 -1.0115 -0.05 264.23625 -0.42125 -0.05 264.23625 -0.42125 47.2058823529 283.2535 -1.0115 -0.05 264.23625 -0.42125 47.2058823529 283.2535 -1.0115 47.2058823529 264.23625 -0.42125 -0.05 264.236 2.5375 -0.05 264.236 2.5375 47.2058823529 264.23625 -0.42125 -0.05 264.236 2.5375 47.2058823529 264.23625 -0.42125 47.2058823529 264.236 2.5375 -0.05 257.10475 2.53675 -0.05 257.10475 2.53675 47.2058823529 264.236 2.5375 -0.05 257.10475 2.53675 47.2058823529 264.236 2.5375 47.2058823529 257.10475 2.53675 -0.05 257.698 15.5555 -0.05 257.698 15.5555 47.2058823529 257.10475 2.53675 -0.05 257.698 15.5555 47.2058823529 257.10475 2.53675 47.2058823529 257.698 15.5555 -0.05 237.49225 15.55375 -0.05 237.49225 15.55375 47.2058823529 257.698 15.5555 -0.05 237.49225 15.55375 47.2058823529 257.698 15.5555 47.2058823529 237.49225 15.55375 -0.05 236.8995 -3.974 -0.05 236.8995 -3.974 47.2058823529 237.49225 15.55375 -0.05 236.8995 -3.974 47.2058823529 237.49225 15.55375 47.2058823529 -455.43075 -183.31875 49.2647058824 -479.79675 -183.32 49.2647058824 -479.20125 -209.357 49.2647058824 -479.20125 -209.357 -0.05 -479.79675 -183.32 -0.05 -455.43075 -183.31875 -0.05 -455.43075 -183.31875 49.2647058824 -479.20125 -209.357 49.2647058824 -463.74975 -209.35625 49.2647058824 -463.74975 -209.35625 -0.05 -479.20125 -209.357 -0.05 -455.43075 -183.31875 -0.05 -455.43075 -183.31875 49.2647058824 -463.74975 -209.35625 49.2647058824 -463.15525 -211.72325 49.2647058824 -463.15525 -211.72325 -0.05 -463.74975 -209.35625 -0.05 -455.43075 -183.31875 -0.05 -455.4295 -211.723 49.2647058824 -455.42875 -227.1085 49.2647058824 -432.846 -226.51575 49.2647058824 -432.846 -226.51575 -0.05 -455.42875 -227.1085 -0.05 -455.4295 -211.723 -0.05 -455.4295 -211.723 49.2647058824 -432.846 -226.51575 49.2647058824 -433.44125 -204.62075 49.2647058824 -433.44125 -204.62075 -0.05 -432.846 -226.51575 -0.05 -455.4295 -211.723 -0.05 -463.15525 -211.72325 49.2647058824 -455.4295 -211.723 49.2647058824 -433.44125 -204.62075 49.2647058824 -433.44125 -204.62075 -0.05 -455.4295 -211.723 -0.05 -463.15525 -211.72325 -0.05 -463.15525 -211.72325 49.2647058824 -433.44125 -204.62075 49.2647058824 -435.224 -204.621 49.2647058824 -435.224 -204.621 -0.05 -433.44125 -204.62075 -0.05 -463.15525 -211.72325 -0.05 -463.15525 -211.72325 49.2647058824 -435.224 -204.621 49.2647058824 -435.81925 -183.90975 49.2647058824 -435.81925 -183.90975 -0.05 -435.224 -204.621 -0.05 -463.15525 -211.72325 -0.05 -463.15525 -211.72325 49.2647058824 -435.81925 -183.90975 49.2647058824 -455.43075 -183.9105 49.2647058824 -455.43075 -183.9105 -0.05 -435.81925 -183.90975 -0.05 -463.15525 -211.72325 -0.05 -463.15525 -211.72325 49.2647058824 -455.43075 -183.9105 49.2647058824 -455.43075 -183.31875 49.2647058824 -455.43075 -183.31875 -0.05 -455.43075 -183.9105 -0.05 -463.15525 -211.72325 -0.05 -479.79675 -183.32 -0.05 -479.20125 -209.357 -0.05 -479.20125 -209.357 49.2647058824 -479.79675 -183.32 -0.05 -479.20125 -209.357 49.2647058824 -479.79675 -183.32 49.2647058824 -479.20125 -209.357 -0.05 -463.74975 -209.35625 -0.05 -463.74975 -209.35625 49.2647058824 -479.20125 -209.357 -0.05 -463.74975 -209.35625 49.2647058824 -479.20125 -209.357 49.2647058824 -463.74975 -209.35625 -0.05 -463.15525 -211.72325 -0.05 -463.15525 -211.72325 49.2647058824 -463.74975 -209.35625 -0.05 -463.15525 -211.72325 49.2647058824 -463.74975 -209.35625 49.2647058824 -463.15525 -211.72325 -0.05 -455.4295 -211.723 -0.05 -455.4295 -211.723 49.2647058824 -463.15525 -211.72325 -0.05 -455.4295 -211.723 49.2647058824 -463.15525 -211.72325 49.2647058824 -455.4295 -211.723 -0.05 -455.42875 -227.1085 -0.05 -455.42875 -227.1085 49.2647058824 -455.4295 -211.723 -0.05 -455.42875 -227.1085 49.2647058824 -455.4295 -211.723 49.2647058824 -455.42875 -227.1085 -0.05 -432.846 -226.51575 -0.05 -432.846 -226.51575 49.2647058824 -455.42875 -227.1085 -0.05 -432.846 -226.51575 49.2647058824 -455.42875 -227.1085 49.2647058824 -432.846 -226.51575 -0.05 -433.44125 -204.62075 -0.05 -433.44125 -204.62075 49.2647058824 -432.846 -226.51575 -0.05 -433.44125 -204.62075 49.2647058824 -432.846 -226.51575 49.2647058824 -433.44125 -204.62075 -0.05 -435.224 -204.621 -0.05 -435.224 -204.621 49.2647058824 -433.44125 -204.62075 -0.05 -435.224 -204.621 49.2647058824 -433.44125 -204.62075 49.2647058824 -435.224 -204.621 -0.05 -435.81925 -183.90975 -0.05 -435.81925 -183.90975 49.2647058824 -435.224 -204.621 -0.05 -435.81925 -183.90975 49.2647058824 -435.224 -204.621 49.2647058824 -435.81925 -183.90975 -0.05 -455.43075 -183.9105 -0.05 -455.43075 -183.9105 49.2647058824 -435.81925 -183.90975 -0.05 -455.43075 -183.9105 49.2647058824 -435.81925 -183.90975 49.2647058824 -455.43075 -183.9105 -0.05 -455.43075 -183.31875 -0.05 -455.43075 -183.31875 49.2647058824 -455.43075 -183.9105 -0.05 -455.43075 -183.31875 49.2647058824 -455.43075 -183.9105 49.2647058824 -455.43075 -183.31875 -0.05 -479.79675 -183.32 -0.05 -479.79675 -183.32 49.2647058824 -455.43075 -183.31875 -0.05 -479.79675 -183.32 49.2647058824 -455.43075 -183.31875 49.2647058824 569.12575 -237.687 32.6470588235 547.13725 -237.689 32.6470588235 547.139 -256.625 32.6470588235 547.139 -256.625 -0.05 547.13725 -237.689 -0.05 569.12575 -237.687 -0.05 569.12575 -237.687 32.6470588235 547.139 -256.625 32.6470588235 560.21325 -256.62375 32.6470588235 560.21325 -256.62375 -0.05 547.139 -256.625 -0.05 569.12575 -237.687 -0.05 569.12575 -237.687 32.6470588235 560.21325 -256.62375 32.6470588235 560.81025 -284.436 32.6470588235 560.81025 -284.436 -0.05 560.21325 -256.62375 -0.05 569.12575 -237.687 -0.05 560.81025 -284.436 32.6470588235 585.7705 -283.842 32.6470588235 585.7685 -263.72225 32.6470588235 585.7685 -263.72225 -0.05 585.7705 -283.842 -0.05 560.81025 -284.436 -0.05 585.7685 -263.72225 32.6470588235 591.71125 -263.13 32.6470588235 591.115 -241.827 32.6470588235 591.115 -241.827 -0.05 591.71125 -263.13 -0.05 585.7685 -263.72225 -0.05 560.81025 -284.436 32.6470588235 585.7685 -263.72225 32.6470588235 591.115 -241.827 32.6470588235 591.115 -241.827 -0.05 585.7685 -263.72225 -0.05 560.81025 -284.436 -0.05 560.81025 -284.436 32.6470588235 591.115 -241.827 32.6470588235 585.172 -241.8275 32.6470588235 585.172 -241.8275 -0.05 591.115 -241.827 -0.05 560.81025 -284.436 -0.05 560.81025 -284.436 32.6470588235 585.172 -241.8275 32.6470588235 585.17175 -238.86875 32.6470588235 585.17175 -238.86875 -0.05 585.172 -241.8275 -0.05 560.81025 -284.436 -0.05 560.81025 -284.436 32.6470588235 585.17175 -238.86875 32.6470588235 569.126 -238.8705 32.6470588235 569.126 -238.8705 -0.05 585.17175 -238.86875 -0.05 560.81025 -284.436 -0.05 560.81025 -284.436 32.6470588235 569.126 -238.8705 32.6470588235 569.12575 -237.687 32.6470588235 569.12575 -237.687 -0.05 569.126 -238.8705 -0.05 560.81025 -284.436 -0.05 547.13725 -237.689 -0.05 547.139 -256.625 -0.05 547.139 -256.625 32.6470588235 547.13725 -237.689 -0.05 547.139 -256.625 32.6470588235 547.13725 -237.689 32.6470588235 547.139 -256.625 -0.05 560.21325 -256.62375 -0.05 560.21325 -256.62375 32.6470588235 547.139 -256.625 -0.05 560.21325 -256.62375 32.6470588235 547.139 -256.625 32.6470588235 560.21325 -256.62375 -0.05 560.81025 -284.436 -0.05 560.81025 -284.436 32.6470588235 560.21325 -256.62375 -0.05 560.81025 -284.436 32.6470588235 560.21325 -256.62375 32.6470588235 560.81025 -284.436 -0.05 585.7705 -283.842 -0.05 585.7705 -283.842 32.6470588235 560.81025 -284.436 -0.05 585.7705 -283.842 32.6470588235 560.81025 -284.436 32.6470588235 585.7705 -283.842 -0.05 585.7685 -263.72225 -0.05 585.7685 -263.72225 32.6470588235 585.7705 -283.842 -0.05 585.7685 -263.72225 32.6470588235 585.7705 -283.842 32.6470588235 585.7685 -263.72225 -0.05 591.71125 -263.13 -0.05 591.71125 -263.13 32.6470588235 585.7685 -263.72225 -0.05 591.71125 -263.13 32.6470588235 585.7685 -263.72225 32.6470588235 591.71125 -263.13 -0.05 591.115 -241.827 -0.05 591.115 -241.827 32.6470588235 591.71125 -263.13 -0.05 591.115 -241.827 32.6470588235 591.71125 -263.13 32.6470588235 591.115 -241.827 -0.05 585.172 -241.8275 -0.05 585.172 -241.8275 32.6470588235 591.115 -241.827 -0.05 585.172 -241.8275 32.6470588235 591.115 -241.827 32.6470588235 585.172 -241.8275 -0.05 585.17175 -238.86875 -0.05 585.17175 -238.86875 32.6470588235 585.172 -241.8275 -0.05 585.17175 -238.86875 32.6470588235 585.172 -241.8275 32.6470588235 585.17175 -238.86875 -0.05 569.126 -238.8705 -0.05 569.126 -238.8705 32.6470588235 585.17175 -238.86875 -0.05 569.126 -238.8705 32.6470588235 585.17175 -238.86875 32.6470588235 569.126 -238.8705 -0.05 569.12575 -237.687 -0.05 569.12575 -237.687 32.6470588235 569.126 -238.8705 -0.05 569.12575 -237.687 32.6470588235 569.126 -238.8705 32.6470588235 569.12575 -237.687 -0.05 547.13725 -237.689 -0.05 547.13725 -237.689 32.6470588235 569.12575 -237.687 -0.05 547.13725 -237.689 32.6470588235 569.12575 -237.687 32.6470588235 -569.541 -13.491 47.5 -590.341 -14.6755 47.5 -588.5565 -53.13925 47.5 -588.5565 -53.13925 -0.05 -590.341 -14.6755 -0.05 -569.541 -13.491 -0.05 -569.541 -13.491 47.5 -588.5565 -53.13925 47.5 -579.64225 -53.13875 47.5 -579.64225 -53.13875 -0.05 -588.5565 -53.13925 -0.05 -569.541 -13.491 -0.05 -569.541 -13.491 47.5 -579.64225 -53.13875 47.5 -579.04775 -58.4645 47.5 -579.04775 -58.4645 -0.05 -579.64225 -53.13875 -0.05 -569.541 -13.491 -0.05 -579.04775 -58.4645 47.5 -549.928 -57.28 47.5 -550.523 -36.5685 47.5 -550.523 -36.5685 -0.05 -549.928 -57.28 -0.05 -579.04775 -58.4645 -0.05 -579.04775 -58.4645 47.5 -550.523 -36.5685 47.5 -564.78575 -37.75275 47.5 -564.78575 -37.75275 -0.05 -550.523 -36.5685 -0.05 -579.04775 -58.4645 -0.05 -579.04775 -58.4645 47.5 -564.78575 -37.75275 47.5 -565.3805 -30.65175 47.5 -565.3805 -30.65175 -0.05 -564.78575 -37.75275 -0.05 -579.04775 -58.4645 -0.05 -579.04775 -58.4645 47.5 -565.3805 -30.65175 47.5 -567.7575 -31.2435 47.5 -567.7575 -31.2435 -0.05 -565.3805 -30.65175 -0.05 -579.04775 -58.4645 -0.05 -579.04775 -58.4645 47.5 -567.7575 -31.2435 47.5 -568.35225 -21.18375 47.5 -568.35225 -21.18375 -0.05 -567.7575 -31.2435 -0.05 -579.04775 -58.4645 -0.05 -579.04775 -58.4645 47.5 -568.35225 -21.18375 47.5 -568.9465 -21.18375 47.5 -568.9465 -21.18375 -0.05 -568.35225 -21.18375 -0.05 -579.04775 -58.4645 -0.05 -579.04775 -58.4645 47.5 -568.9465 -21.18375 47.5 -569.541 -13.491 47.5 -569.541 -13.491 -0.05 -568.9465 -21.18375 -0.05 -579.04775 -58.4645 -0.05 -590.341 -14.6755 -0.05 -588.5565 -53.13925 -0.05 -588.5565 -53.13925 47.5 -590.341 -14.6755 -0.05 -588.5565 -53.13925 47.5 -590.341 -14.6755 47.5 -588.5565 -53.13925 -0.05 -579.64225 -53.13875 -0.05 -579.64225 -53.13875 47.5 -588.5565 -53.13925 -0.05 -579.64225 -53.13875 47.5 -588.5565 -53.13925 47.5 -579.64225 -53.13875 -0.05 -579.04775 -58.4645 -0.05 -579.04775 -58.4645 47.5 -579.64225 -53.13875 -0.05 -579.04775 -58.4645 47.5 -579.64225 -53.13875 47.5 -579.04775 -58.4645 -0.05 -549.928 -57.28 -0.05 -549.928 -57.28 47.5 -579.04775 -58.4645 -0.05 -549.928 -57.28 47.5 -579.04775 -58.4645 47.5 -549.928 -57.28 -0.05 -550.523 -36.5685 -0.05 -550.523 -36.5685 47.5 -549.928 -57.28 -0.05 -550.523 -36.5685 47.5 -549.928 -57.28 47.5 -550.523 -36.5685 -0.05 -564.78575 -37.75275 -0.05 -564.78575 -37.75275 47.5 -550.523 -36.5685 -0.05 -564.78575 -37.75275 47.5 -550.523 -36.5685 47.5 -564.78575 -37.75275 -0.05 -565.3805 -30.65175 -0.05 -565.3805 -30.65175 47.5 -564.78575 -37.75275 -0.05 -565.3805 -30.65175 47.5 -564.78575 -37.75275 47.5 -565.3805 -30.65175 -0.05 -567.7575 -31.2435 -0.05 -567.7575 -31.2435 47.5 -565.3805 -30.65175 -0.05 -567.7575 -31.2435 47.5 -565.3805 -30.65175 47.5 -567.7575 -31.2435 -0.05 -568.35225 -21.18375 -0.05 -568.35225 -21.18375 47.5 -567.7575 -31.2435 -0.05 -568.35225 -21.18375 47.5 -567.7575 -31.2435 47.5 -568.35225 -21.18375 -0.05 -568.9465 -21.18375 -0.05 -568.9465 -21.18375 47.5 -568.35225 -21.18375 -0.05 -568.9465 -21.18375 47.5 -568.35225 -21.18375 47.5 -568.9465 -21.18375 -0.05 -569.541 -13.491 -0.05 -569.541 -13.491 47.5 -568.9465 -21.18375 -0.05 -569.541 -13.491 47.5 -568.9465 -21.18375 47.5 -569.541 -13.491 -0.05 -590.341 -14.6755 -0.05 -590.341 -14.6755 47.5 -569.541 -13.491 -0.05 -590.341 -14.6755 47.5 -569.541 -13.491 47.5 307.59775 254.6275 23.6764705882 293.93 245.75 23.6764705882 303.4395 232.1405 23.6764705882 303.4395 232.1405 -0.05 293.93 245.75 -0.05 307.59775 254.6275 -0.05 307.59775 254.6275 23.6764705882 303.4395 232.1405 23.6764705882 337.9055 255.8135 23.6764705882 337.9055 255.8135 -0.05 303.4395 232.1405 -0.05 307.59775 254.6275 -0.05 307.59775 254.6275 23.6764705882 337.9055 255.8135 23.6764705882 336.1225 258.772 23.6764705882 336.1225 258.772 -0.05 337.9055 255.8135 -0.05 307.59775 254.6275 -0.05 307.59775 254.6275 23.6764705882 336.1225 258.772 23.6764705882 343.847 270.60775 23.6764705882 343.847 270.60775 -0.05 336.1225 258.772 -0.05 307.59775 254.6275 -0.05 307.59775 254.6275 23.6764705882 343.847 270.60775 23.6764705882 334.932 283.03375 23.6764705882 334.932 283.03375 -0.05 343.847 270.60775 -0.05 307.59775 254.6275 -0.05 334.932 283.03375 23.6764705882 336.1205 283.62575 23.6764705882 324.82775 300.19375 23.6764705882 324.82775 300.19375 -0.05 336.1205 283.62575 -0.05 334.932 283.03375 -0.05 307.59775 254.6275 23.6764705882 334.932 283.03375 23.6764705882 324.82775 300.19375 23.6764705882 324.82775 300.19375 -0.05 334.932 283.03375 -0.05 307.59775 254.6275 -0.05 324.82775 300.19375 23.6764705882 295.116 278.88825 23.6764705882 305.814 264.09525 23.6764705882 305.814 264.09525 -0.05 295.116 278.88825 -0.05 324.82775 300.19375 -0.05 307.59775 254.6275 23.6764705882 324.82775 300.19375 23.6764705882 305.814 264.09525 23.6764705882 305.814 264.09525 -0.05 324.82775 300.19375 -0.05 307.59775 254.6275 -0.05 305.814 264.09525 23.6764705882 302.84275 261.728 23.6764705882 307.59775 254.6275 23.6764705882 307.59775 254.6275 -0.05 302.84275 261.728 -0.05 305.814 264.09525 -0.05 293.93 245.75 -0.05 303.4395 232.1405 -0.05 303.4395 232.1405 23.6764705882 293.93 245.75 -0.05 303.4395 232.1405 23.6764705882 293.93 245.75 23.6764705882 303.4395 232.1405 -0.05 337.9055 255.8135 -0.05 337.9055 255.8135 23.6764705882 303.4395 232.1405 -0.05 337.9055 255.8135 23.6764705882 303.4395 232.1405 23.6764705882 337.9055 255.8135 -0.05 336.1225 258.772 -0.05 336.1225 258.772 23.6764705882 337.9055 255.8135 -0.05 336.1225 258.772 23.6764705882 337.9055 255.8135 23.6764705882 336.1225 258.772 -0.05 343.847 270.60775 -0.05 343.847 270.60775 23.6764705882 336.1225 258.772 -0.05 343.847 270.60775 23.6764705882 336.1225 258.772 23.6764705882 343.847 270.60775 -0.05 334.932 283.03375 -0.05 334.932 283.03375 23.6764705882 343.847 270.60775 -0.05 334.932 283.03375 23.6764705882 343.847 270.60775 23.6764705882 334.932 283.03375 -0.05 336.1205 283.62575 -0.05 336.1205 283.62575 23.6764705882 334.932 283.03375 -0.05 336.1205 283.62575 23.6764705882 334.932 283.03375 23.6764705882 336.1205 283.62575 -0.05 324.82775 300.19375 -0.05 324.82775 300.19375 23.6764705882 336.1205 283.62575 -0.05 324.82775 300.19375 23.6764705882 336.1205 283.62575 23.6764705882 324.82775 300.19375 -0.05 295.116 278.88825 -0.05 295.116 278.88825 23.6764705882 324.82775 300.19375 -0.05 295.116 278.88825 23.6764705882 324.82775 300.19375 23.6764705882 295.116 278.88825 -0.05 305.814 264.09525 -0.05 305.814 264.09525 23.6764705882 295.116 278.88825 -0.05 305.814 264.09525 23.6764705882 295.116 278.88825 23.6764705882 305.814 264.09525 -0.05 302.84275 261.728 -0.05 302.84275 261.728 23.6764705882 305.814 264.09525 -0.05 302.84275 261.728 23.6764705882 305.814 264.09525 23.6764705882 302.84275 261.728 -0.05 307.59775 254.6275 -0.05 307.59775 254.6275 23.6764705882 302.84275 261.728 -0.05 307.59775 254.6275 23.6764705882 302.84275 261.728 23.6764705882 307.59775 254.6275 -0.05 293.93 245.75 -0.05 293.93 245.75 23.6764705882 307.59775 254.6275 -0.05 293.93 245.75 23.6764705882 307.59775 254.6275 23.6764705882 351.00625 -56.03875 28.2352941176 337.33775 -56.04 28.2352941176 337.3395 -77.93475 28.2352941176 337.3395 -77.93475 -0.05 337.33775 -56.04 -0.05 351.00625 -56.03875 -0.05 351.00625 -56.03875 28.2352941176 337.3395 -77.93475 28.2352941176 339.71675 -77.9345 28.2352941176 339.71675 -77.9345 -0.05 337.3395 -77.93475 -0.05 351.00625 -56.03875 -0.05 351.00625 -56.03875 28.2352941176 339.71675 -77.9345 28.2352941176 339.71875 -102.78825 28.2352941176 339.71875 -102.78825 -0.05 339.71675 -77.9345 -0.05 351.00625 -56.03875 -0.05 339.71875 -102.78825 28.2352941176 358.14175 -102.19475 28.2352941176 358.1405 -87.99275 28.2352941176 358.1405 -87.99275 -0.05 358.14175 -102.19475 -0.05 339.71875 -102.78825 -0.05 358.1405 -87.99275 28.2352941176 363.489 -87.99225 28.2352941176 363.48875 -85.62525 28.2352941176 363.48875 -85.62525 -0.05 363.489 -87.99225 -0.05 358.1405 -87.99275 -0.05 363.48875 -85.62525 28.2352941176 382.506 -85.62375 28.2352941176 382.504 -63.137 28.2352941176 382.504 -63.137 -0.05 382.506 -85.62375 -0.05 363.48875 -85.62525 -0.05 358.1405 -87.99275 28.2352941176 363.48875 -85.62525 28.2352941176 382.504 -63.137 28.2352941176 382.504 -63.137 -0.05 363.48875 -85.62525 -0.05 358.1405 -87.99275 -0.05 339.71875 -102.78825 28.2352941176 358.1405 -87.99275 28.2352941176 382.504 -63.137 28.2352941176 382.504 -63.137 -0.05 358.1405 -87.99275 -0.05 339.71875 -102.78825 -0.05 339.71875 -102.78825 28.2352941176 382.504 -63.137 28.2352941176 351.007 -63.13975 28.2352941176 351.007 -63.13975 -0.05 382.504 -63.137 -0.05 339.71875 -102.78825 -0.05 339.71875 -102.78825 28.2352941176 351.007 -63.13975 28.2352941176 351.00625 -56.03875 28.2352941176 351.00625 -56.03875 -0.05 351.007 -63.13975 -0.05 339.71875 -102.78825 -0.05 337.33775 -56.04 -0.05 337.3395 -77.93475 -0.05 337.3395 -77.93475 28.2352941176 337.33775 -56.04 -0.05 337.3395 -77.93475 28.2352941176 337.33775 -56.04 28.2352941176 337.3395 -77.93475 -0.05 339.71675 -77.9345 -0.05 339.71675 -77.9345 28.2352941176 337.3395 -77.93475 -0.05 339.71675 -77.9345 28.2352941176 337.3395 -77.93475 28.2352941176 339.71675 -77.9345 -0.05 339.71875 -102.78825 -0.05 339.71875 -102.78825 28.2352941176 339.71675 -77.9345 -0.05 339.71875 -102.78825 28.2352941176 339.71675 -77.9345 28.2352941176 339.71875 -102.78825 -0.05 358.14175 -102.19475 -0.05 358.14175 -102.19475 28.2352941176 339.71875 -102.78825 -0.05 358.14175 -102.19475 28.2352941176 339.71875 -102.78825 28.2352941176 358.14175 -102.19475 -0.05 358.1405 -87.99275 -0.05 358.1405 -87.99275 28.2352941176 358.14175 -102.19475 -0.05 358.1405 -87.99275 28.2352941176 358.14175 -102.19475 28.2352941176 358.1405 -87.99275 -0.05 363.489 -87.99225 -0.05 363.489 -87.99225 28.2352941176 358.1405 -87.99275 -0.05 363.489 -87.99225 28.2352941176 358.1405 -87.99275 28.2352941176 363.489 -87.99225 -0.05 363.48875 -85.62525 -0.05 363.48875 -85.62525 28.2352941176 363.489 -87.99225 -0.05 363.48875 -85.62525 28.2352941176 363.489 -87.99225 28.2352941176 363.48875 -85.62525 -0.05 382.506 -85.62375 -0.05 382.506 -85.62375 28.2352941176 363.48875 -85.62525 -0.05 382.506 -85.62375 28.2352941176 363.48875 -85.62525 28.2352941176 382.506 -85.62375 -0.05 382.504 -63.137 -0.05 382.504 -63.137 28.2352941176 382.506 -85.62375 -0.05 382.504 -63.137 28.2352941176 382.506 -85.62375 28.2352941176 382.504 -63.137 -0.05 351.007 -63.13975 -0.05 351.007 -63.13975 28.2352941176 382.504 -63.137 -0.05 351.007 -63.13975 28.2352941176 382.504 -63.137 28.2352941176 351.007 -63.13975 -0.05 351.00625 -56.03875 -0.05 351.00625 -56.03875 28.2352941176 351.007 -63.13975 -0.05 351.00625 -56.03875 28.2352941176 351.007 -63.13975 28.2352941176 351.00625 -56.03875 -0.05 337.33775 -56.04 -0.05 337.33775 -56.04 28.2352941176 351.00625 -56.03875 -0.05 337.33775 -56.04 28.2352941176 351.00625 -56.03875 28.2352941176 -420.38875 244.5195 40.1470588235 -421.57625 222.62475 40.1470588235 -405.53075 222.03375 40.1470588235 -405.53075 222.03375 -0.05 -421.57625 222.62475 -0.05 -420.38875 244.5195 -0.05 -405.53075 222.03375 40.1470588235 -405.53075 221.442 40.1470588235 -403.74775 221.442 40.1470588235 -403.74775 221.442 -0.05 -405.53075 221.442 -0.05 -405.53075 222.03375 -0.05 -420.38875 244.5195 40.1470588235 -405.53075 222.03375 40.1470588235 -403.74775 221.442 40.1470588235 -403.74775 221.442 -0.05 -405.53075 222.03375 -0.05 -420.38875 244.5195 -0.05 -403.74775 221.442 40.1470588235 -403.74775 219.075 40.1470588235 -398.39925 219.07525 40.1470588235 -398.39925 219.07525 -0.05 -403.74775 219.075 -0.05 -403.74775 221.442 -0.05 -420.38875 244.5195 40.1470588235 -403.74775 221.442 40.1470588235 -398.39925 219.07525 40.1470588235 -398.39925 219.07525 -0.05 -403.74775 221.442 -0.05 -420.38875 244.5195 -0.05 -398.39925 219.07525 40.1470588235 -398.99275 202.50625 40.1470588235 -380.57 201.9155 40.1470588235 -380.57 201.9155 -0.05 -398.99275 202.50625 -0.05 -398.39925 219.07525 -0.05 -420.38875 244.5195 40.1470588235 -398.39925 219.07525 40.1470588235 -380.57 201.9155 40.1470588235 -380.57 201.9155 -0.05 -398.39925 219.07525 -0.05 -420.38875 244.5195 -0.05 -380.57 201.9155 40.1470588235 -379.38325 233.27825 40.1470588235 -383.543 233.86975 40.1470588235 -383.543 233.86975 -0.05 -379.38325 233.27825 -0.05 -380.57 201.9155 -0.05 -420.38875 244.5195 40.1470588235 -380.57 201.9155 40.1470588235 -383.543 233.86975 40.1470588235 -383.543 233.86975 -0.05 -380.57 201.9155 -0.05 -420.38875 244.5195 -0.05 -383.543 233.86975 40.1470588235 -383.5435 242.74625 40.1470588235 -420.38875 244.5195 40.1470588235 -420.38875 244.5195 -0.05 -383.5435 242.74625 -0.05 -383.543 233.86975 -0.05 -421.57625 222.62475 -0.05 -405.53075 222.03375 -0.05 -405.53075 222.03375 40.1470588235 -421.57625 222.62475 -0.05 -405.53075 222.03375 40.1470588235 -421.57625 222.62475 40.1470588235 -405.53075 222.03375 -0.05 -405.53075 221.442 -0.05 -405.53075 221.442 40.1470588235 -405.53075 222.03375 -0.05 -405.53075 221.442 40.1470588235 -405.53075 222.03375 40.1470588235 -405.53075 221.442 -0.05 -403.74775 221.442 -0.05 -403.74775 221.442 40.1470588235 -405.53075 221.442 -0.05 -403.74775 221.442 40.1470588235 -405.53075 221.442 40.1470588235 -403.74775 221.442 -0.05 -403.74775 219.075 -0.05 -403.74775 219.075 40.1470588235 -403.74775 221.442 -0.05 -403.74775 219.075 40.1470588235 -403.74775 221.442 40.1470588235 -403.74775 219.075 -0.05 -398.39925 219.07525 -0.05 -398.39925 219.07525 40.1470588235 -403.74775 219.075 -0.05 -398.39925 219.07525 40.1470588235 -403.74775 219.075 40.1470588235 -398.39925 219.07525 -0.05 -398.99275 202.50625 -0.05 -398.99275 202.50625 40.1470588235 -398.39925 219.07525 -0.05 -398.99275 202.50625 40.1470588235 -398.39925 219.07525 40.1470588235 -398.99275 202.50625 -0.05 -380.57 201.9155 -0.05 -380.57 201.9155 40.1470588235 -398.99275 202.50625 -0.05 -380.57 201.9155 40.1470588235 -398.99275 202.50625 40.1470588235 -380.57 201.9155 -0.05 -379.38325 233.27825 -0.05 -379.38325 233.27825 40.1470588235 -380.57 201.9155 -0.05 -379.38325 233.27825 40.1470588235 -380.57 201.9155 40.1470588235 -379.38325 233.27825 -0.05 -383.543 233.86975 -0.05 -383.543 233.86975 40.1470588235 -379.38325 233.27825 -0.05 -383.543 233.86975 40.1470588235 -379.38325 233.27825 40.1470588235 -383.543 233.86975 -0.05 -383.5435 242.74625 -0.05 -383.5435 242.74625 40.1470588235 -383.543 233.86975 -0.05 -383.5435 242.74625 40.1470588235 -383.543 233.86975 40.1470588235 -383.5435 242.74625 -0.05 -420.38875 244.5195 -0.05 -420.38875 244.5195 40.1470588235 -383.5435 242.74625 -0.05 -420.38875 244.5195 40.1470588235 -383.5435 242.74625 40.1470588235 -420.38875 244.5195 -0.05 -421.57625 222.62475 -0.05 -421.57625 222.62475 40.1470588235 -420.38875 244.5195 -0.05 -421.57625 222.62475 40.1470588235 -420.38875 244.5195 40.1470588235 481.69075 575.964 35.8823529412 459.703 575.37025 35.8823529412 459.707 529.8055 35.8823529412 459.707 529.8055 -0.05 459.703 575.37025 -0.05 481.69075 575.964 -0.05 459.707 529.8055 35.8823529412 481.10075 529.80725 35.8823529412 481.10025 534.5415 35.8823529412 481.10025 534.5415 -0.05 481.10075 529.80725 -0.05 459.707 529.8055 -0.05 481.10025 534.5415 35.8823529412 483.47725 534.5415 35.8823529412 483.476 549.3355 35.8823529412 483.476 549.3355 -0.05 483.47725 534.5415 -0.05 481.10025 534.5415 -0.05 459.707 529.8055 35.8823529412 481.10025 534.5415 35.8823529412 483.476 549.3355 35.8823529412 483.476 549.3355 -0.05 481.10025 534.5415 -0.05 459.707 529.8055 -0.05 459.707 529.8055 35.8823529412 483.476 549.3355 35.8823529412 481.099 549.33525 35.8823529412 481.099 549.33525 -0.05 483.476 549.3355 -0.05 459.707 529.8055 -0.05 459.707 529.8055 35.8823529412 481.099 549.33525 35.8823529412 481.0985 555.25275 35.8823529412 481.0985 555.25275 -0.05 481.099 549.33525 -0.05 459.707 529.8055 -0.05 481.69075 575.964 35.8823529412 459.707 529.8055 35.8823529412 481.0985 555.25275 35.8823529412 481.0985 555.25275 -0.05 459.707 529.8055 -0.05 481.69075 575.964 -0.05 481.0985 555.25275 35.8823529412 482.88125 555.25275 35.8823529412 482.87975 570.04675 35.8823529412 482.87975 570.04675 -0.05 482.88125 555.25275 -0.05 481.0985 555.25275 -0.05 481.0985 555.25275 35.8823529412 482.87975 570.04675 35.8823529412 481.69125 570.0465 35.8823529412 481.69125 570.0465 -0.05 482.87975 570.04675 -0.05 481.0985 555.25275 -0.05 481.0985 555.25275 35.8823529412 481.69125 570.0465 35.8823529412 481.69075 575.964 35.8823529412 481.69075 575.964 -0.05 481.69125 570.0465 -0.05 481.0985 555.25275 -0.05 459.703 575.37025 -0.05 459.707 529.8055 -0.05 459.707 529.8055 35.8823529412 459.703 575.37025 -0.05 459.707 529.8055 35.8823529412 459.703 575.37025 35.8823529412 459.707 529.8055 -0.05 481.10075 529.80725 -0.05 481.10075 529.80725 35.8823529412 459.707 529.8055 -0.05 481.10075 529.80725 35.8823529412 459.707 529.8055 35.8823529412 481.10075 529.80725 -0.05 481.10025 534.5415 -0.05 481.10025 534.5415 35.8823529412 481.10075 529.80725 -0.05 481.10025 534.5415 35.8823529412 481.10075 529.80725 35.8823529412 481.10025 534.5415 -0.05 483.47725 534.5415 -0.05 483.47725 534.5415 35.8823529412 481.10025 534.5415 -0.05 483.47725 534.5415 35.8823529412 481.10025 534.5415 35.8823529412 483.47725 534.5415 -0.05 483.476 549.3355 -0.05 483.476 549.3355 35.8823529412 483.47725 534.5415 -0.05 483.476 549.3355 35.8823529412 483.47725 534.5415 35.8823529412 483.476 549.3355 -0.05 481.099 549.33525 -0.05 481.099 549.33525 35.8823529412 483.476 549.3355 -0.05 481.099 549.33525 35.8823529412 483.476 549.3355 35.8823529412 481.099 549.33525 -0.05 481.0985 555.25275 -0.05 481.0985 555.25275 35.8823529412 481.099 549.33525 -0.05 481.0985 555.25275 35.8823529412 481.099 549.33525 35.8823529412 481.0985 555.25275 -0.05 482.88125 555.25275 -0.05 482.88125 555.25275 35.8823529412 481.0985 555.25275 -0.05 482.88125 555.25275 35.8823529412 481.0985 555.25275 35.8823529412 482.88125 555.25275 -0.05 482.87975 570.04675 -0.05 482.87975 570.04675 35.8823529412 482.88125 555.25275 -0.05 482.87975 570.04675 35.8823529412 482.88125 555.25275 35.8823529412 482.87975 570.04675 -0.05 481.69125 570.0465 -0.05 481.69125 570.0465 35.8823529412 482.87975 570.04675 -0.05 481.69125 570.0465 35.8823529412 482.87975 570.04675 35.8823529412 481.69125 570.0465 -0.05 481.69075 575.964 -0.05 481.69075 575.964 35.8823529412 481.69125 570.0465 -0.05 481.69075 575.964 35.8823529412 481.69125 570.0465 35.8823529412 481.69075 575.964 -0.05 459.703 575.37025 -0.05 459.703 575.37025 35.8823529412 481.69075 575.964 -0.05 459.703 575.37025 35.8823529412 481.69075 575.964 35.8823529412 -441.203 554.005 21.0294117647 -449.52175 532.10975 21.0294117647 -442.98475 529.743 21.0294117647 -442.98475 529.743 -0.05 -449.52175 532.10975 -0.05 -441.203 554.005 -0.05 -441.203 554.005 21.0294117647 -442.98475 529.743 21.0294117647 -441.79625 533.29375 21.0294117647 -441.79625 533.29375 -0.05 -442.98475 529.743 -0.05 -441.203 554.005 -0.05 -441.203 554.005 21.0294117647 -441.79625 533.29375 21.0294117647 -414.4595 522.05175 21.0294117647 -414.4595 522.05175 -0.05 -441.79625 533.29375 -0.05 -441.203 554.005 -0.05 -441.203 554.005 21.0294117647 -414.4595 522.05175 21.0294117647 -410.89425 529.7445 21.0294117647 -410.89425 529.7445 -0.05 -414.4595 522.05175 -0.05 -441.203 554.005 -0.05 -441.203 554.005 21.0294117647 -410.89425 529.7445 21.0294117647 -406.73425 527.9695 21.0294117647 -406.73425 527.9695 -0.05 -410.89425 529.7445 -0.05 -441.203 554.005 -0.05 -406.73425 527.9695 21.0294117647 -395.4445 555.19075 21.0294117647 -410.89575 561.69925 21.0294117647 -410.89575 561.69925 -0.05 -395.4445 555.19075 -0.05 -406.73425 527.9695 -0.05 -406.73425 527.9695 21.0294117647 -410.89575 561.69925 21.0294117647 -416.83775 546.90525 21.0294117647 -416.83775 546.90525 -0.05 -410.89575 561.69925 -0.05 -406.73425 527.9695 -0.05 -406.73425 527.9695 21.0294117647 -416.83775 546.90525 21.0294117647 -423.37475 549.27175 21.0294117647 -423.37475 549.27175 -0.05 -416.83775 546.90525 -0.05 -406.73425 527.9695 -0.05 -406.73425 527.9695 21.0294117647 -423.37475 549.27175 21.0294117647 -423.969 547.4965 21.0294117647 -423.969 547.4965 -0.05 -423.37475 549.27175 -0.05 -406.73425 527.9695 -0.05 -406.73425 527.9695 21.0294117647 -423.969 547.4965 21.0294117647 -441.203 554.005 21.0294117647 -441.203 554.005 -0.05 -423.969 547.4965 -0.05 -406.73425 527.9695 -0.05 -449.52175 532.10975 -0.05 -442.98475 529.743 -0.05 -442.98475 529.743 21.0294117647 -449.52175 532.10975 -0.05 -442.98475 529.743 21.0294117647 -449.52175 532.10975 21.0294117647 -442.98475 529.743 -0.05 -441.79625 533.29375 -0.05 -441.79625 533.29375 21.0294117647 -442.98475 529.743 -0.05 -441.79625 533.29375 21.0294117647 -442.98475 529.743 21.0294117647 -441.79625 533.29375 -0.05 -414.4595 522.05175 -0.05 -414.4595 522.05175 21.0294117647 -441.79625 533.29375 -0.05 -414.4595 522.05175 21.0294117647 -441.79625 533.29375 21.0294117647 -414.4595 522.05175 -0.05 -410.89425 529.7445 -0.05 -410.89425 529.7445 21.0294117647 -414.4595 522.05175 -0.05 -410.89425 529.7445 21.0294117647 -414.4595 522.05175 21.0294117647 -410.89425 529.7445 -0.05 -406.73425 527.9695 -0.05 -406.73425 527.9695 21.0294117647 -410.89425 529.7445 -0.05 -406.73425 527.9695 21.0294117647 -410.89425 529.7445 21.0294117647 -406.73425 527.9695 -0.05 -395.4445 555.19075 -0.05 -395.4445 555.19075 21.0294117647 -406.73425 527.9695 -0.05 -395.4445 555.19075 21.0294117647 -406.73425 527.9695 21.0294117647 -395.4445 555.19075 -0.05 -410.89575 561.69925 -0.05 -410.89575 561.69925 21.0294117647 -395.4445 555.19075 -0.05 -410.89575 561.69925 21.0294117647 -395.4445 555.19075 21.0294117647 -410.89575 561.69925 -0.05 -416.83775 546.90525 -0.05 -416.83775 546.90525 21.0294117647 -410.89575 561.69925 -0.05 -416.83775 546.90525 21.0294117647 -410.89575 561.69925 21.0294117647 -416.83775 546.90525 -0.05 -423.37475 549.27175 -0.05 -423.37475 549.27175 21.0294117647 -416.83775 546.90525 -0.05 -423.37475 549.27175 21.0294117647 -416.83775 546.90525 21.0294117647 -423.37475 549.27175 -0.05 -423.969 547.4965 -0.05 -423.969 547.4965 21.0294117647 -423.37475 549.27175 -0.05 -423.969 547.4965 21.0294117647 -423.37475 549.27175 21.0294117647 -423.969 547.4965 -0.05 -441.203 554.005 -0.05 -441.203 554.005 21.0294117647 -423.969 547.4965 -0.05 -441.203 554.005 21.0294117647 -423.969 547.4965 21.0294117647 -441.203 554.005 -0.05 -449.52175 532.10975 -0.05 -449.52175 532.10975 21.0294117647 -441.203 554.005 -0.05 -449.52175 532.10975 21.0294117647 -441.203 554.005 21.0294117647 443.658 574.1855 25 425.23575 574.18375 25 426.42825 529.21075 25 426.42825 529.21075 -0.05 425.23575 574.18375 -0.05 443.658 574.1855 -0.05 426.42825 529.21075 25 444.25625 529.804 25 444.2555 536.905 25 444.2555 536.905 -0.05 444.25625 529.804 -0.05 426.42825 529.21075 -0.05 444.2555 536.905 25 445.444 536.90525 25 444.84875 548.74025 25 444.84875 548.74025 -0.05 445.444 536.90525 -0.05 444.2555 536.905 -0.05 426.42825 529.21075 25 444.2555 536.905 25 444.84875 548.74025 25 444.84875 548.74025 -0.05 444.2555 536.905 -0.05 426.42825 529.21075 -0.05 426.42825 529.21075 25 444.84875 548.74025 25 444.25425 549.9235 25 444.25425 549.9235 -0.05 444.84875 548.74025 -0.05 426.42825 529.21075 -0.05 426.42825 529.21075 25 444.25425 549.9235 25 443.65975 554.6575 25 443.65975 554.6575 -0.05 444.25425 549.9235 -0.05 426.42825 529.21075 -0.05 443.65975 554.6575 25 445.4425 554.65775 25 444.847 568.268 25 444.847 568.268 -0.05 445.4425 554.65775 -0.05 443.65975 554.6575 -0.05 426.42825 529.21075 25 443.65975 554.6575 25 444.847 568.268 25 444.847 568.268 -0.05 443.65975 554.6575 -0.05 426.42825 529.21075 -0.05 426.42825 529.21075 25 444.847 568.268 25 443.65825 570.043 25 443.65825 570.043 -0.05 444.847 568.268 -0.05 426.42825 529.21075 -0.05 426.42825 529.21075 25 443.65825 570.043 25 443.658 574.1855 25 443.658 574.1855 -0.05 443.65825 570.043 -0.05 426.42825 529.21075 -0.05 425.23575 574.18375 -0.05 426.42825 529.21075 -0.05 426.42825 529.21075 25 425.23575 574.18375 -0.05 426.42825 529.21075 25 425.23575 574.18375 25 426.42825 529.21075 -0.05 444.25625 529.804 -0.05 444.25625 529.804 25 426.42825 529.21075 -0.05 444.25625 529.804 25 426.42825 529.21075 25 444.25625 529.804 -0.05 444.2555 536.905 -0.05 444.2555 536.905 25 444.25625 529.804 -0.05 444.2555 536.905 25 444.25625 529.804 25 444.2555 536.905 -0.05 445.444 536.90525 -0.05 445.444 536.90525 25 444.2555 536.905 -0.05 445.444 536.90525 25 444.2555 536.905 25 445.444 536.90525 -0.05 444.84875 548.74025 -0.05 444.84875 548.74025 25 445.444 536.90525 -0.05 444.84875 548.74025 25 445.444 536.90525 25 444.84875 548.74025 -0.05 444.25425 549.9235 -0.05 444.25425 549.9235 25 444.84875 548.74025 -0.05 444.25425 549.9235 25 444.84875 548.74025 25 444.25425 549.9235 -0.05 443.65975 554.6575 -0.05 443.65975 554.6575 25 444.25425 549.9235 -0.05 443.65975 554.6575 25 444.25425 549.9235 25 443.65975 554.6575 -0.05 445.4425 554.65775 -0.05 445.4425 554.65775 25 443.65975 554.6575 -0.05 445.4425 554.65775 25 443.65975 554.6575 25 445.4425 554.65775 -0.05 444.847 568.268 -0.05 444.847 568.268 25 445.4425 554.65775 -0.05 444.847 568.268 25 445.4425 554.65775 25 444.847 568.268 -0.05 443.65825 570.043 -0.05 443.65825 570.043 25 444.847 568.268 -0.05 443.65825 570.043 25 444.847 568.268 25 443.65825 570.043 -0.05 443.658 574.1855 -0.05 443.658 574.1855 25 443.65825 570.043 -0.05 443.658 574.1855 25 443.65825 570.043 25 443.658 574.1855 -0.05 425.23575 574.18375 -0.05 425.23575 574.18375 25 443.658 574.1855 -0.05 425.23575 574.18375 25 443.658 574.1855 25 -26.9635 23.227 49.1176470588 -27.5565 4.291 49.1176470588 0.37475 3.70125 49.1176470588 0.37475 3.70125 -0.05 -27.5565 4.291 -0.05 -26.9635 23.227 -0.05 -26.9635 23.227 49.1176470588 0.37475 3.70125 49.1176470588 0.96775 22.0455 49.1176470588 0.96775 22.0455 -0.05 0.37475 3.70125 -0.05 -26.9635 23.227 -0.05 -26.9635 23.227 49.1176470588 0.96775 22.0455 49.1176470588 3.93925 22.04575 49.1176470588 3.93925 22.04575 -0.05 0.96775 22.0455 -0.05 -26.9635 23.227 -0.05 3.93875 27.3715 49.1176470588 18.2015 26.78075 49.1176470588 18.79475 44.53325 49.1176470588 18.79475 44.53325 -0.05 18.2015 26.78075 -0.05 3.93875 27.3715 -0.05 3.93875 27.3715 49.1176470588 18.79475 44.53325 49.1176470588 -9.731 45.123 49.1176470588 -9.731 45.123 -0.05 18.79475 44.53325 -0.05 3.93875 27.3715 -0.05 3.93925 22.04575 49.1176470588 3.93875 27.3715 49.1176470588 -9.731 45.123 49.1176470588 -9.731 45.123 -0.05 3.93875 27.3715 -0.05 3.93925 22.04575 -0.05 3.93925 22.04575 49.1176470588 -9.731 45.123 49.1176470588 -9.73075 41.5725 49.1176470588 -9.73075 41.5725 -0.05 -9.731 45.123 -0.05 3.93925 22.04575 -0.05 3.93925 22.04575 49.1176470588 -9.73075 41.5725 49.1176470588 -20.42775 41.57175 49.1176470588 -20.42775 41.57175 -0.05 -9.73075 41.5725 -0.05 3.93925 22.04575 -0.05 3.93925 22.04575 49.1176470588 -20.42775 41.57175 49.1176470588 -21.02075 23.2275 49.1176470588 -21.02075 23.2275 -0.05 -20.42775 41.57175 -0.05 3.93925 22.04575 -0.05 3.93925 22.04575 49.1176470588 -21.02075 23.2275 49.1176470588 -26.9635 23.227 49.1176470588 -26.9635 23.227 -0.05 -21.02075 23.2275 -0.05 3.93925 22.04575 -0.05 -27.5565 4.291 -0.05 0.37475 3.70125 -0.05 0.37475 3.70125 49.1176470588 -27.5565 4.291 -0.05 0.37475 3.70125 49.1176470588 -27.5565 4.291 49.1176470588 0.37475 3.70125 -0.05 0.96775 22.0455 -0.05 0.96775 22.0455 49.1176470588 0.37475 3.70125 -0.05 0.96775 22.0455 49.1176470588 0.37475 3.70125 49.1176470588 0.96775 22.0455 -0.05 3.93925 22.04575 -0.05 3.93925 22.04575 49.1176470588 0.96775 22.0455 -0.05 3.93925 22.04575 49.1176470588 0.96775 22.0455 49.1176470588 3.93925 22.04575 -0.05 3.93875 27.3715 -0.05 3.93875 27.3715 49.1176470588 3.93925 22.04575 -0.05 3.93875 27.3715 49.1176470588 3.93925 22.04575 49.1176470588 3.93875 27.3715 -0.05 18.2015 26.78075 -0.05 18.2015 26.78075 49.1176470588 3.93875 27.3715 -0.05 18.2015 26.78075 49.1176470588 3.93875 27.3715 49.1176470588 18.2015 26.78075 -0.05 18.79475 44.53325 -0.05 18.79475 44.53325 49.1176470588 18.2015 26.78075 -0.05 18.79475 44.53325 49.1176470588 18.2015 26.78075 49.1176470588 18.79475 44.53325 -0.05 -9.731 45.123 -0.05 -9.731 45.123 49.1176470588 18.79475 44.53325 -0.05 -9.731 45.123 49.1176470588 18.79475 44.53325 49.1176470588 -9.731 45.123 -0.05 -9.73075 41.5725 -0.05 -9.73075 41.5725 49.1176470588 -9.731 45.123 -0.05 -9.73075 41.5725 49.1176470588 -9.731 45.123 49.1176470588 -9.73075 41.5725 -0.05 -20.42775 41.57175 -0.05 -20.42775 41.57175 49.1176470588 -9.73075 41.5725 -0.05 -20.42775 41.57175 49.1176470588 -9.73075 41.5725 49.1176470588 -20.42775 41.57175 -0.05 -21.02075 23.2275 -0.05 -21.02075 23.2275 49.1176470588 -20.42775 41.57175 -0.05 -21.02075 23.2275 49.1176470588 -20.42775 41.57175 49.1176470588 -21.02075 23.2275 -0.05 -26.9635 23.227 -0.05 -26.9635 23.227 49.1176470588 -21.02075 23.2275 -0.05 -26.9635 23.227 49.1176470588 -21.02075 23.2275 49.1176470588 -26.9635 23.227 -0.05 -27.5565 4.291 -0.05 -27.5565 4.291 49.1176470588 -26.9635 23.227 -0.05 -27.5565 4.291 49.1176470588 -26.9635 23.227 49.1176470588 432.97975 365.88775 30.7352941176 431.79225 353.46075 30.7352941176 440.11225 352.278 30.7352941176 440.11225 352.278 -0.05 431.79225 353.46075 -0.05 432.97975 365.88775 -0.05 440.11225 352.278 30.7352941176 440.1125 350.50275 30.7352941176 452.59225 348.7285 30.7352941176 452.59225 348.7285 -0.05 440.1125 350.50275 -0.05 440.11225 352.278 -0.05 432.97975 365.88775 30.7352941176 440.11225 352.278 30.7352941176 452.59225 348.7285 30.7352941176 452.59225 348.7285 -0.05 440.11225 352.278 -0.05 432.97975 365.88775 -0.05 432.97975 365.88775 30.7352941176 452.59225 348.7285 30.7352941176 453.18625 351.09575 30.7352941176 453.18625 351.09575 -0.05 452.59225 348.7285 -0.05 432.97975 365.88775 -0.05 432.97975 365.88775 30.7352941176 453.18625 351.09575 30.7352941176 454.96925 350.504 30.7352941176 454.96925 350.504 -0.05 453.18625 351.09575 -0.05 432.97975 365.88775 -0.05 454.96925 350.504 30.7352941176 459.72 387.785 30.7352941176 448.42875 389.559 30.7352941176 448.42875 389.559 -0.05 459.72 387.785 -0.05 454.96925 350.504 -0.05 454.96925 350.504 30.7352941176 448.42875 389.559 30.7352941176 448.42875 387.78375 30.7352941176 448.42875 387.78375 -0.05 448.42875 389.559 -0.05 454.96925 350.504 -0.05 454.96925 350.504 30.7352941176 448.42875 387.78375 30.7352941176 437.1375 389.558 30.7352941176 437.1375 389.558 -0.05 448.42875 387.78375 -0.05 454.96925 350.504 -0.05 454.96925 350.504 30.7352941176 437.1375 389.558 30.7352941176 434.7625 365.88775 30.7352941176 434.7625 365.88775 -0.05 437.1375 389.558 -0.05 454.96925 350.504 -0.05 454.96925 350.504 30.7352941176 434.7625 365.88775 30.7352941176 432.97975 365.88775 30.7352941176 432.97975 365.88775 -0.05 434.7625 365.88775 -0.05 454.96925 350.504 -0.05 431.79225 353.46075 -0.05 440.11225 352.278 -0.05 440.11225 352.278 30.7352941176 431.79225 353.46075 -0.05 440.11225 352.278 30.7352941176 431.79225 353.46075 30.7352941176 440.11225 352.278 -0.05 440.1125 350.50275 -0.05 440.1125 350.50275 30.7352941176 440.11225 352.278 -0.05 440.1125 350.50275 30.7352941176 440.11225 352.278 30.7352941176 440.1125 350.50275 -0.05 452.59225 348.7285 -0.05 452.59225 348.7285 30.7352941176 440.1125 350.50275 -0.05 452.59225 348.7285 30.7352941176 440.1125 350.50275 30.7352941176 452.59225 348.7285 -0.05 453.18625 351.09575 -0.05 453.18625 351.09575 30.7352941176 452.59225 348.7285 -0.05 453.18625 351.09575 30.7352941176 452.59225 348.7285 30.7352941176 453.18625 351.09575 -0.05 454.96925 350.504 -0.05 454.96925 350.504 30.7352941176 453.18625 351.09575 -0.05 454.96925 350.504 30.7352941176 453.18625 351.09575 30.7352941176 454.96925 350.504 -0.05 459.72 387.785 -0.05 459.72 387.785 30.7352941176 454.96925 350.504 -0.05 459.72 387.785 30.7352941176 454.96925 350.504 30.7352941176 459.72 387.785 -0.05 448.42875 389.559 -0.05 448.42875 389.559 30.7352941176 459.72 387.785 -0.05 448.42875 389.559 30.7352941176 459.72 387.785 30.7352941176 448.42875 389.559 -0.05 448.42875 387.78375 -0.05 448.42875 387.78375 30.7352941176 448.42875 389.559 -0.05 448.42875 387.78375 30.7352941176 448.42875 389.559 30.7352941176 448.42875 387.78375 -0.05 437.1375 389.558 -0.05 437.1375 389.558 30.7352941176 448.42875 387.78375 -0.05 437.1375 389.558 30.7352941176 448.42875 387.78375 30.7352941176 437.1375 389.558 -0.05 434.7625 365.88775 -0.05 434.7625 365.88775 30.7352941176 437.1375 389.558 -0.05 434.7625 365.88775 30.7352941176 437.1375 389.558 30.7352941176 434.7625 365.88775 -0.05 432.97975 365.88775 -0.05 432.97975 365.88775 30.7352941176 434.7625 365.88775 -0.05 432.97975 365.88775 30.7352941176 434.7625 365.88775 30.7352941176 432.97975 365.88775 -0.05 431.79225 353.46075 -0.05 431.79225 353.46075 30.7352941176 432.97975 365.88775 -0.05 431.79225 353.46075 30.7352941176 432.97975 365.88775 30.7352941176 559 3.747 47.6470588235 545.92575 3.74575 47.6470588235 545.92775 -16.9655 47.6470588235 545.92775 -16.9655 -0.05 545.92575 3.74575 -0.05 559 3.747 -0.05 559 3.747 47.6470588235 545.92775 -16.9655 47.6470588235 563.75625 -16.964 47.6470588235 563.75625 -16.964 -0.05 545.92775 -16.9655 -0.05 559 3.747 -0.05 559 3.747 47.6470588235 563.75625 -16.964 47.6470588235 563.75575 -13.4135 47.6470588235 563.75575 -13.4135 -0.05 563.75625 -16.964 -0.05 559 3.747 -0.05 559 3.747 47.6470588235 563.75575 -13.4135 47.6470588235 593.47 -13.4105 47.6470588235 593.47 -13.4105 -0.05 563.75575 -13.4135 -0.05 559 3.747 -0.05 559 3.747 47.6470588235 593.47 -13.4105 47.6470588235 593.46825 4.342 47.6470588235 593.46825 4.342 -0.05 593.47 -13.4105 -0.05 559 3.747 -0.05 559 3.747 47.6470588235 593.46825 4.342 47.6470588235 583.95975 4.341 47.6470588235 583.95975 4.341 -0.05 593.46825 4.342 -0.05 559 3.747 -0.05 559 3.747 47.6470588235 583.95975 4.341 47.6470588235 583.95725 29.7865 47.6470588235 583.95725 29.7865 -0.05 583.95975 4.341 -0.05 559 3.747 -0.05 583.95725 29.7865 47.6470588235 561.3745 29.78425 47.6470588235 561.3765 9.66475 47.6470588235 561.3765 9.66475 -0.05 561.3745 29.78425 -0.05 583.95725 29.7865 -0.05 559 3.747 47.6470588235 583.95725 29.7865 47.6470588235 561.3765 9.66475 47.6470588235 561.3765 9.66475 -0.05 583.95725 29.7865 -0.05 559 3.747 -0.05 561.3765 9.66475 47.6470588235 558.99925 9.6645 47.6470588235 559 3.747 47.6470588235 559 3.747 -0.05 558.99925 9.6645 -0.05 561.3765 9.66475 -0.05 545.92575 3.74575 -0.05 545.92775 -16.9655 -0.05 545.92775 -16.9655 47.6470588235 545.92575 3.74575 -0.05 545.92775 -16.9655 47.6470588235 545.92575 3.74575 47.6470588235 545.92775 -16.9655 -0.05 563.75625 -16.964 -0.05 563.75625 -16.964 47.6470588235 545.92775 -16.9655 -0.05 563.75625 -16.964 47.6470588235 545.92775 -16.9655 47.6470588235 563.75625 -16.964 -0.05 563.75575 -13.4135 -0.05 563.75575 -13.4135 47.6470588235 563.75625 -16.964 -0.05 563.75575 -13.4135 47.6470588235 563.75625 -16.964 47.6470588235 563.75575 -13.4135 -0.05 593.47 -13.4105 -0.05 593.47 -13.4105 47.6470588235 563.75575 -13.4135 -0.05 593.47 -13.4105 47.6470588235 563.75575 -13.4135 47.6470588235 593.47 -13.4105 -0.05 593.46825 4.342 -0.05 593.46825 4.342 47.6470588235 593.47 -13.4105 -0.05 593.46825 4.342 47.6470588235 593.47 -13.4105 47.6470588235 593.46825 4.342 -0.05 583.95975 4.341 -0.05 583.95975 4.341 47.6470588235 593.46825 4.342 -0.05 583.95975 4.341 47.6470588235 593.46825 4.342 47.6470588235 583.95975 4.341 -0.05 583.95725 29.7865 -0.05 583.95725 29.7865 47.6470588235 583.95975 4.341 -0.05 583.95725 29.7865 47.6470588235 583.95975 4.341 47.6470588235 583.95725 29.7865 -0.05 561.3745 29.78425 -0.05 561.3745 29.78425 47.6470588235 583.95725 29.7865 -0.05 561.3745 29.78425 47.6470588235 583.95725 29.7865 47.6470588235 561.3745 29.78425 -0.05 561.3765 9.66475 -0.05 561.3765 9.66475 47.6470588235 561.3745 29.78425 -0.05 561.3765 9.66475 47.6470588235 561.3745 29.78425 47.6470588235 561.3765 9.66475 -0.05 558.99925 9.6645 -0.05 558.99925 9.6645 47.6470588235 561.3765 9.66475 -0.05 558.99925 9.6645 47.6470588235 561.3765 9.66475 47.6470588235 558.99925 9.6645 -0.05 559 3.747 -0.05 559 3.747 47.6470588235 558.99925 9.6645 -0.05 559 3.747 47.6470588235 558.99925 9.6645 47.6470588235 559 3.747 -0.05 545.92575 3.74575 -0.05 545.92575 3.74575 47.6470588235 559 3.747 -0.05 545.92575 3.74575 47.6470588235 559 3.747 47.6470588235 -439.98425 -79.7615 20.1470588235 -479.80125 -80.355 20.1470588235 -479.8005 -98.10775 20.1470588235 -479.8005 -98.10775 -0.05 -479.80125 -80.355 -0.05 -439.98425 -79.7615 -0.05 -439.98425 -79.7615 20.1470588235 -479.8005 -98.10775 20.1470588235 -464.9435 -98.107 20.1470588235 -464.9435 -98.107 -0.05 -479.8005 -98.10775 -0.05 -439.98425 -79.7615 -0.05 -439.98425 -79.7615 20.1470588235 -464.9435 -98.107 20.1470588235 -464.943 -106.98325 20.1470588235 -464.943 -106.98325 -0.05 -464.9435 -98.107 -0.05 -439.98425 -79.7615 -0.05 -464.943 -106.98325 20.1470588235 -476.82875 -106.98375 20.1470588235 -476.23375 -123.55275 20.1470588235 -476.23375 -123.55275 -0.05 -476.82875 -106.98375 -0.05 -464.943 -106.98325 -0.05 -439.98425 -79.7615 20.1470588235 -464.943 -106.98325 20.1470588235 -476.23375 -123.55275 20.1470588235 -476.23375 -123.55275 -0.05 -464.943 -106.98325 -0.05 -439.98425 -79.7615 -0.05 -476.23375 -123.55275 20.1470588235 -439.98225 -122.9595 20.1470588235 -440.578 -93.9635 20.1470588235 -440.578 -93.9635 -0.05 -439.98225 -122.9595 -0.05 -476.23375 -123.55275 -0.05 -439.98425 -79.7615 20.1470588235 -476.23375 -123.55275 20.1470588235 -440.578 -93.9635 20.1470588235 -440.578 -93.9635 -0.05 -476.23375 -123.55275 -0.05 -439.98425 -79.7615 -0.05 -440.578 -93.9635 20.1470588235 -432.85225 -93.96325 20.1470588235 -433.447 -81.5365 20.1470588235 -433.447 -81.5365 -0.05 -432.85225 -93.96325 -0.05 -440.578 -93.9635 -0.05 -440.578 -93.9635 20.1470588235 -433.447 -81.5365 20.1470588235 -439.98425 -81.53675 20.1470588235 -439.98425 -81.53675 -0.05 -433.447 -81.5365 -0.05 -440.578 -93.9635 -0.05 -440.578 -93.9635 20.1470588235 -439.98425 -81.53675 20.1470588235 -439.98425 -79.7615 20.1470588235 -439.98425 -79.7615 -0.05 -439.98425 -81.53675 -0.05 -440.578 -93.9635 -0.05 -479.80125 -80.355 -0.05 -479.8005 -98.10775 -0.05 -479.8005 -98.10775 20.1470588235 -479.80125 -80.355 -0.05 -479.8005 -98.10775 20.1470588235 -479.80125 -80.355 20.1470588235 -479.8005 -98.10775 -0.05 -464.9435 -98.107 -0.05 -464.9435 -98.107 20.1470588235 -479.8005 -98.10775 -0.05 -464.9435 -98.107 20.1470588235 -479.8005 -98.10775 20.1470588235 -464.9435 -98.107 -0.05 -464.943 -106.98325 -0.05 -464.943 -106.98325 20.1470588235 -464.9435 -98.107 -0.05 -464.943 -106.98325 20.1470588235 -464.9435 -98.107 20.1470588235 -464.943 -106.98325 -0.05 -476.82875 -106.98375 -0.05 -476.82875 -106.98375 20.1470588235 -464.943 -106.98325 -0.05 -476.82875 -106.98375 20.1470588235 -464.943 -106.98325 20.1470588235 -476.82875 -106.98375 -0.05 -476.23375 -123.55275 -0.05 -476.23375 -123.55275 20.1470588235 -476.82875 -106.98375 -0.05 -476.23375 -123.55275 20.1470588235 -476.82875 -106.98375 20.1470588235 -476.23375 -123.55275 -0.05 -439.98225 -122.9595 -0.05 -439.98225 -122.9595 20.1470588235 -476.23375 -123.55275 -0.05 -439.98225 -122.9595 20.1470588235 -476.23375 -123.55275 20.1470588235 -439.98225 -122.9595 -0.05 -440.578 -93.9635 -0.05 -440.578 -93.9635 20.1470588235 -439.98225 -122.9595 -0.05 -440.578 -93.9635 20.1470588235 -439.98225 -122.9595 20.1470588235 -440.578 -93.9635 -0.05 -432.85225 -93.96325 -0.05 -432.85225 -93.96325 20.1470588235 -440.578 -93.9635 -0.05 -432.85225 -93.96325 20.1470588235 -440.578 -93.9635 20.1470588235 -432.85225 -93.96325 -0.05 -433.447 -81.5365 -0.05 -433.447 -81.5365 20.1470588235 -432.85225 -93.96325 -0.05 -433.447 -81.5365 20.1470588235 -432.85225 -93.96325 20.1470588235 -433.447 -81.5365 -0.05 -439.98425 -81.53675 -0.05 -439.98425 -81.53675 20.1470588235 -433.447 -81.5365 -0.05 -439.98425 -81.53675 20.1470588235 -433.447 -81.5365 20.1470588235 -439.98425 -81.53675 -0.05 -439.98425 -79.7615 -0.05 -439.98425 -79.7615 20.1470588235 -439.98425 -81.53675 -0.05 -439.98425 -79.7615 20.1470588235 -439.98425 -81.53675 20.1470588235 -439.98425 -79.7615 -0.05 -479.80125 -80.355 -0.05 -479.80125 -80.355 20.1470588235 -439.98425 -79.7615 -0.05 -479.80125 -80.355 20.1470588235 -439.98425 -79.7615 20.1470588235 436.02475 -456.6475 39.5588235294 434.836 -456.6475 39.5588235294 435.432 -475.5835 39.5588235294 435.432 -475.5835 -0.05 434.836 -456.6475 -0.05 436.02475 -456.6475 -0.05 436.02475 -456.6475 39.5588235294 435.432 -475.5835 39.5588235294 454.4495 -474.99 39.5588235294 454.4495 -474.99 -0.05 435.432 -475.5835 -0.05 436.02475 -456.6475 -0.05 436.02475 -456.6475 39.5588235294 454.4495 -474.99 39.5588235294 453.854 -460.788 39.5588235294 453.854 -460.788 -0.05 454.4495 -474.99 -0.05 436.02475 -456.6475 -0.05 436.02475 -456.6475 39.5588235294 453.854 -460.788 39.5588235294 459.797 -460.7875 39.5588235294 459.797 -460.7875 -0.05 453.854 -460.788 -0.05 436.02475 -456.6475 -0.05 436.02475 -456.6475 39.5588235294 459.797 -460.7875 39.5588235294 459.79675 -459.01225 39.5588235294 459.79675 -459.01225 -0.05 459.797 -460.7875 -0.05 436.02475 -456.6475 -0.05 436.02475 -456.6475 39.5588235294 459.79675 -459.01225 39.5588235294 470.494 -458.4195 39.5588235294 470.494 -458.4195 -0.05 459.79675 -459.01225 -0.05 436.02475 -456.6475 -0.05 470.494 -458.4195 39.5588235294 470.49425 -460.19475 39.5588235294 480.59725 -460.194 39.5588235294 480.59725 -460.194 -0.05 470.49425 -460.19475 -0.05 470.494 -458.4195 -0.05 470.494 -458.4195 39.5588235294 480.59725 -460.194 39.5588235294 480.0005 -435.3405 39.5588235294 480.0005 -435.3405 -0.05 480.59725 -460.194 -0.05 470.494 -458.4195 -0.05 436.02475 -456.6475 39.5588235294 470.494 -458.4195 39.5588235294 480.0005 -435.3405 39.5588235294 480.0005 -435.3405 -0.05 470.494 -458.4195 -0.05 436.02475 -456.6475 -0.05 480.0005 -435.3405 39.5588235294 435.4285 -435.93625 39.5588235294 436.02475 -456.6475 39.5588235294 436.02475 -456.6475 -0.05 435.4285 -435.93625 -0.05 480.0005 -435.3405 -0.05 434.836 -456.6475 -0.05 435.432 -475.5835 -0.05 435.432 -475.5835 39.5588235294 434.836 -456.6475 -0.05 435.432 -475.5835 39.5588235294 434.836 -456.6475 39.5588235294 435.432 -475.5835 -0.05 454.4495 -474.99 -0.05 454.4495 -474.99 39.5588235294 435.432 -475.5835 -0.05 454.4495 -474.99 39.5588235294 435.432 -475.5835 39.5588235294 454.4495 -474.99 -0.05 453.854 -460.788 -0.05 453.854 -460.788 39.5588235294 454.4495 -474.99 -0.05 453.854 -460.788 39.5588235294 454.4495 -474.99 39.5588235294 453.854 -460.788 -0.05 459.797 -460.7875 -0.05 459.797 -460.7875 39.5588235294 453.854 -460.788 -0.05 459.797 -460.7875 39.5588235294 453.854 -460.788 39.5588235294 459.797 -460.7875 -0.05 459.79675 -459.01225 -0.05 459.79675 -459.01225 39.5588235294 459.797 -460.7875 -0.05 459.79675 -459.01225 39.5588235294 459.797 -460.7875 39.5588235294 459.79675 -459.01225 -0.05 470.494 -458.4195 -0.05 470.494 -458.4195 39.5588235294 459.79675 -459.01225 -0.05 470.494 -458.4195 39.5588235294 459.79675 -459.01225 39.5588235294 470.494 -458.4195 -0.05 470.49425 -460.19475 -0.05 470.49425 -460.19475 39.5588235294 470.494 -458.4195 -0.05 470.49425 -460.19475 39.5588235294 470.494 -458.4195 39.5588235294 470.49425 -460.19475 -0.05 480.59725 -460.194 -0.05 480.59725 -460.194 39.5588235294 470.49425 -460.19475 -0.05 480.59725 -460.194 39.5588235294 470.49425 -460.19475 39.5588235294 480.59725 -460.194 -0.05 480.0005 -435.3405 -0.05 480.0005 -435.3405 39.5588235294 480.59725 -460.194 -0.05 480.0005 -435.3405 39.5588235294 480.59725 -460.194 39.5588235294 480.0005 -435.3405 -0.05 435.4285 -435.93625 -0.05 435.4285 -435.93625 39.5588235294 480.0005 -435.3405 -0.05 435.4285 -435.93625 39.5588235294 480.0005 -435.3405 39.5588235294 435.4285 -435.93625 -0.05 436.02475 -456.6475 -0.05 436.02475 -456.6475 39.5588235294 435.4285 -435.93625 -0.05 436.02475 -456.6475 39.5588235294 435.4285 -435.93625 39.5588235294 436.02475 -456.6475 -0.05 434.836 -456.6475 -0.05 434.836 -456.6475 39.5588235294 436.02475 -456.6475 -0.05 434.836 -456.6475 39.5588235294 436.02475 -456.6475 39.5588235294 -19.824 -98.0815 47.9411764706 -20.41525 -141.2795 47.9411764706 18.8075 -141.8685 47.9411764706 18.8075 -141.8685 -0.05 -20.41525 -141.2795 -0.05 -19.824 -98.0815 -0.05 18.8075 -141.8685 47.9411764706 18.80625 -122.34075 47.9411764706 5.13775 -122.34175 47.9411764706 5.13775 -122.34175 -0.05 18.80625 -122.34075 -0.05 18.8075 -141.8685 -0.05 -19.824 -98.0815 47.9411764706 18.8075 -141.8685 47.9411764706 5.13775 -122.34175 47.9411764706 5.13775 -122.34175 -0.05 18.8075 -141.8685 -0.05 -19.824 -98.0815 -0.05 -19.824 -98.0815 47.9411764706 5.13775 -122.34175 47.9411764706 5.1375 -119.97475 47.9411764706 5.1375 -119.97475 -0.05 5.13775 -122.34175 -0.05 -19.824 -98.0815 -0.05 -19.824 -98.0815 47.9411764706 5.1375 -119.97475 47.9411764706 6.326 -119.9745 47.9411764706 6.326 -119.9745 -0.05 5.1375 -119.97475 -0.05 -19.824 -98.0815 -0.05 -19.824 -98.0815 47.9411764706 6.326 -119.9745 47.9411764706 6.3255 -112.28175 47.9411764706 6.3255 -112.28175 -0.05 6.326 -119.9745 -0.05 -19.824 -98.0815 -0.05 -19.824 -98.0815 47.9411764706 6.3255 -112.28175 47.9411764706 18.8055 -112.281 47.9411764706 18.8055 -112.281 -0.05 6.3255 -112.28175 -0.05 -19.824 -98.0815 -0.05 18.8055 -112.281 47.9411764706 18.8045 -97.48725 47.9411764706 0.976 -97.4885 47.9411764706 0.976 -97.4885 -0.05 18.8045 -97.48725 -0.05 18.8055 -112.281 -0.05 18.8055 -112.281 47.9411764706 0.976 -97.4885 47.9411764706 0.976 -98.672 47.9411764706 0.976 -98.672 -0.05 0.976 -97.4885 -0.05 18.8055 -112.281 -0.05 18.8055 -112.281 47.9411764706 0.976 -98.672 47.9411764706 -19.824 -98.0815 47.9411764706 -19.824 -98.0815 -0.05 0.976 -98.672 -0.05 18.8055 -112.281 -0.05 -20.41525 -141.2795 -0.05 18.8075 -141.8685 -0.05 18.8075 -141.8685 47.9411764706 -20.41525 -141.2795 -0.05 18.8075 -141.8685 47.9411764706 -20.41525 -141.2795 47.9411764706 18.8075 -141.8685 -0.05 18.80625 -122.34075 -0.05 18.80625 -122.34075 47.9411764706 18.8075 -141.8685 -0.05 18.80625 -122.34075 47.9411764706 18.8075 -141.8685 47.9411764706 18.80625 -122.34075 -0.05 5.13775 -122.34175 -0.05 5.13775 -122.34175 47.9411764706 18.80625 -122.34075 -0.05 5.13775 -122.34175 47.9411764706 18.80625 -122.34075 47.9411764706 5.13775 -122.34175 -0.05 5.1375 -119.97475 -0.05 5.1375 -119.97475 47.9411764706 5.13775 -122.34175 -0.05 5.1375 -119.97475 47.9411764706 5.13775 -122.34175 47.9411764706 5.1375 -119.97475 -0.05 6.326 -119.9745 -0.05 6.326 -119.9745 47.9411764706 5.1375 -119.97475 -0.05 6.326 -119.9745 47.9411764706 5.1375 -119.97475 47.9411764706 6.326 -119.9745 -0.05 6.3255 -112.28175 -0.05 6.3255 -112.28175 47.9411764706 6.326 -119.9745 -0.05 6.3255 -112.28175 47.9411764706 6.326 -119.9745 47.9411764706 6.3255 -112.28175 -0.05 18.8055 -112.281 -0.05 18.8055 -112.281 47.9411764706 6.3255 -112.28175 -0.05 18.8055 -112.281 47.9411764706 6.3255 -112.28175 47.9411764706 18.8055 -112.281 -0.05 18.8045 -97.48725 -0.05 18.8045 -97.48725 47.9411764706 18.8055 -112.281 -0.05 18.8045 -97.48725 47.9411764706 18.8055 -112.281 47.9411764706 18.8045 -97.48725 -0.05 0.976 -97.4885 -0.05 0.976 -97.4885 47.9411764706 18.8045 -97.48725 -0.05 0.976 -97.4885 47.9411764706 18.8045 -97.48725 47.9411764706 0.976 -97.4885 -0.05 0.976 -98.672 -0.05 0.976 -98.672 47.9411764706 0.976 -97.4885 -0.05 0.976 -98.672 47.9411764706 0.976 -97.4885 47.9411764706 0.976 -98.672 -0.05 -19.824 -98.0815 -0.05 -19.824 -98.0815 47.9411764706 0.976 -98.672 -0.05 -19.824 -98.0815 47.9411764706 0.976 -98.672 47.9411764706 -19.824 -98.0815 -0.05 -20.41525 -141.2795 -0.05 -20.41525 -141.2795 47.9411764706 -19.824 -98.0815 -0.05 -20.41525 -141.2795 47.9411764706 -19.824 -98.0815 47.9411764706 -584.97475 -449.613 45.4411764706 -590.32325 -449.613 45.4411764706 -589.72775 -480.38425 45.4411764706 -589.72775 -480.38425 -0.05 -590.32325 -449.613 -0.05 -584.97475 -449.613 -0.05 -584.97475 -449.613 45.4411764706 -589.72775 -480.38425 45.4411764706 -571.30475 -480.3835 45.4411764706 -571.30475 -480.3835 -0.05 -589.72775 -480.38425 -0.05 -584.97475 -449.613 -0.05 -584.97475 -449.613 45.4411764706 -571.30475 -480.3835 45.4411764706 -571.30525 -463.2225 45.4411764706 -571.30525 -463.2225 -0.05 -571.30475 -480.3835 -0.05 -584.97475 -449.613 -0.05 -584.97475 -449.613 45.4411764706 -571.30525 -463.2225 45.4411764706 -568.33375 -463.2225 45.4411764706 -568.33375 -463.2225 -0.05 -571.30525 -463.2225 -0.05 -584.97475 -449.613 -0.05 -568.33375 -463.2225 45.4411764706 -567.7395 -465.5895 45.4411764706 -560.608 -465.58925 45.4411764706 -560.608 -465.58925 -0.05 -567.7395 -465.5895 -0.05 -568.33375 -463.2225 -0.05 -584.97475 -449.613 45.4411764706 -568.33375 -463.2225 45.4411764706 -560.608 -465.58925 45.4411764706 -560.608 -465.58925 -0.05 -568.33375 -463.2225 -0.05 -584.97475 -449.613 -0.05 -584.97475 -449.613 45.4411764706 -560.608 -465.58925 45.4411764706 -560.608 -463.22225 45.4411764706 -560.608 -463.22225 -0.05 -560.608 -465.58925 -0.05 -584.97475 -449.613 -0.05 -584.97475 -449.613 45.4411764706 -560.608 -463.22225 45.4411764706 -545.15625 -462.62975 45.4411764706 -545.15625 -462.62975 -0.05 -560.608 -463.22225 -0.05 -584.97475 -449.613 -0.05 -584.97475 -449.613 45.4411764706 -545.15625 -462.62975 45.4411764706 -545.75175 -437.1845 45.4411764706 -545.75175 -437.1845 -0.05 -545.15625 -462.62975 -0.05 -584.97475 -449.613 -0.05 -545.75175 -437.1845 45.4411764706 -584.97525 -437.77775 45.4411764706 -584.97475 -449.613 45.4411764706 -584.97475 -449.613 -0.05 -584.97525 -437.77775 -0.05 -545.75175 -437.1845 -0.05 -590.32325 -449.613 -0.05 -589.72775 -480.38425 -0.05 -589.72775 -480.38425 45.4411764706 -590.32325 -449.613 -0.05 -589.72775 -480.38425 45.4411764706 -590.32325 -449.613 45.4411764706 -589.72775 -480.38425 -0.05 -571.30475 -480.3835 -0.05 -571.30475 -480.3835 45.4411764706 -589.72775 -480.38425 -0.05 -571.30475 -480.3835 45.4411764706 -589.72775 -480.38425 45.4411764706 -571.30475 -480.3835 -0.05 -571.30525 -463.2225 -0.05 -571.30525 -463.2225 45.4411764706 -571.30475 -480.3835 -0.05 -571.30525 -463.2225 45.4411764706 -571.30475 -480.3835 45.4411764706 -571.30525 -463.2225 -0.05 -568.33375 -463.2225 -0.05 -568.33375 -463.2225 45.4411764706 -571.30525 -463.2225 -0.05 -568.33375 -463.2225 45.4411764706 -571.30525 -463.2225 45.4411764706 -568.33375 -463.2225 -0.05 -567.7395 -465.5895 -0.05 -567.7395 -465.5895 45.4411764706 -568.33375 -463.2225 -0.05 -567.7395 -465.5895 45.4411764706 -568.33375 -463.2225 45.4411764706 -567.7395 -465.5895 -0.05 -560.608 -465.58925 -0.05 -560.608 -465.58925 45.4411764706 -567.7395 -465.5895 -0.05 -560.608 -465.58925 45.4411764706 -567.7395 -465.5895 45.4411764706 -560.608 -465.58925 -0.05 -560.608 -463.22225 -0.05 -560.608 -463.22225 45.4411764706 -560.608 -465.58925 -0.05 -560.608 -463.22225 45.4411764706 -560.608 -465.58925 45.4411764706 -560.608 -463.22225 -0.05 -545.15625 -462.62975 -0.05 -545.15625 -462.62975 45.4411764706 -560.608 -463.22225 -0.05 -545.15625 -462.62975 45.4411764706 -560.608 -463.22225 45.4411764706 -545.15625 -462.62975 -0.05 -545.75175 -437.1845 -0.05 -545.75175 -437.1845 45.4411764706 -545.15625 -462.62975 -0.05 -545.75175 -437.1845 45.4411764706 -545.15625 -462.62975 45.4411764706 -545.75175 -437.1845 -0.05 -584.97525 -437.77775 -0.05 -584.97525 -437.77775 45.4411764706 -545.75175 -437.1845 -0.05 -584.97525 -437.77775 45.4411764706 -545.75175 -437.1845 45.4411764706 -584.97525 -437.77775 -0.05 -584.97475 -449.613 -0.05 -584.97475 -449.613 45.4411764706 -584.97525 -437.77775 -0.05 -584.97475 -449.613 45.4411764706 -584.97525 -437.77775 45.4411764706 -584.97475 -449.613 -0.05 -590.32325 -449.613 -0.05 -590.32325 -449.613 45.4411764706 -584.97475 -449.613 -0.05 -590.32325 -449.613 45.4411764706 -584.97475 -449.613 45.4411764706 316.5695 -434.763 29.1176470588 287.449 -434.7655 29.1176470588 287.451 -457.252 29.1176470588 287.451 -457.252 -0.05 287.449 -434.7655 -0.05 316.5695 -434.763 -0.05 316.5695 -434.763 29.1176470588 287.451 -457.252 29.1176470588 307.06275 -457.25025 29.1176470588 307.06275 -457.25025 -0.05 287.451 -457.252 -0.05 316.5695 -434.763 -0.05 316.5695 -434.763 29.1176470588 307.06275 -457.25025 29.1176470588 307.063 -459.61725 29.1176470588 307.063 -459.61725 -0.05 307.06275 -457.25025 -0.05 316.5695 -434.763 -0.05 316.5695 -434.763 29.1176470588 307.063 -459.61725 29.1176470588 314.1945 -459.61675 29.1176470588 314.1945 -459.61675 -0.05 307.063 -459.61725 -0.05 316.5695 -434.763 -0.05 316.5695 -434.763 29.1176470588 314.1945 -459.61675 29.1176470588 314.19575 -475.594 29.1176470588 314.19575 -475.594 -0.05 314.1945 -459.61675 -0.05 316.5695 -434.763 -0.05 316.5695 -434.763 29.1176470588 314.19575 -475.594 29.1176470588 332.619 -475.5925 29.1176470588 332.619 -475.5925 -0.05 314.19575 -475.594 -0.05 316.5695 -434.763 -0.05 332.619 -475.5925 29.1176470588 332.6155 -434.7615 29.1176470588 328.4555 -434.762 29.1176470588 328.4555 -434.762 -0.05 332.6155 -434.7615 -0.05 332.619 -475.5925 -0.05 316.5695 -434.763 29.1176470588 332.619 -475.5925 29.1176470588 328.4555 -434.762 29.1176470588 328.4555 -434.762 -0.05 332.619 -475.5925 -0.05 316.5695 -434.763 -0.05 316.5695 -434.763 29.1176470588 328.4555 -434.762 29.1176470588 328.45475 -427.661 29.1176470588 328.45475 -427.661 -0.05 328.4555 -434.762 -0.05 316.5695 -434.763 -0.05 328.45475 -427.661 29.1176470588 316.569 -427.662 29.1176470588 316.5695 -434.763 29.1176470588 316.5695 -434.763 -0.05 316.569 -427.662 -0.05 328.45475 -427.661 -0.05 287.449 -434.7655 -0.05 287.451 -457.252 -0.05 287.451 -457.252 29.1176470588 287.449 -434.7655 -0.05 287.451 -457.252 29.1176470588 287.449 -434.7655 29.1176470588 287.451 -457.252 -0.05 307.06275 -457.25025 -0.05 307.06275 -457.25025 29.1176470588 287.451 -457.252 -0.05 307.06275 -457.25025 29.1176470588 287.451 -457.252 29.1176470588 307.06275 -457.25025 -0.05 307.063 -459.61725 -0.05 307.063 -459.61725 29.1176470588 307.06275 -457.25025 -0.05 307.063 -459.61725 29.1176470588 307.06275 -457.25025 29.1176470588 307.063 -459.61725 -0.05 314.1945 -459.61675 -0.05 314.1945 -459.61675 29.1176470588 307.063 -459.61725 -0.05 314.1945 -459.61675 29.1176470588 307.063 -459.61725 29.1176470588 314.1945 -459.61675 -0.05 314.19575 -475.594 -0.05 314.19575 -475.594 29.1176470588 314.1945 -459.61675 -0.05 314.19575 -475.594 29.1176470588 314.1945 -459.61675 29.1176470588 314.19575 -475.594 -0.05 332.619 -475.5925 -0.05 332.619 -475.5925 29.1176470588 314.19575 -475.594 -0.05 332.619 -475.5925 29.1176470588 314.19575 -475.594 29.1176470588 332.619 -475.5925 -0.05 332.6155 -434.7615 -0.05 332.6155 -434.7615 29.1176470588 332.619 -475.5925 -0.05 332.6155 -434.7615 29.1176470588 332.619 -475.5925 29.1176470588 332.6155 -434.7615 -0.05 328.4555 -434.762 -0.05 328.4555 -434.762 29.1176470588 332.6155 -434.7615 -0.05 328.4555 -434.762 29.1176470588 332.6155 -434.7615 29.1176470588 328.4555 -434.762 -0.05 328.45475 -427.661 -0.05 328.45475 -427.661 29.1176470588 328.4555 -434.762 -0.05 328.45475 -427.661 29.1176470588 328.4555 -434.762 29.1176470588 328.45475 -427.661 -0.05 316.569 -427.662 -0.05 316.569 -427.662 29.1176470588 328.45475 -427.661 -0.05 316.569 -427.662 29.1176470588 328.45475 -427.661 29.1176470588 316.569 -427.662 -0.05 316.5695 -434.763 -0.05 316.5695 -434.763 29.1176470588 316.569 -427.662 -0.05 316.5695 -434.763 29.1176470588 316.569 -427.662 29.1176470588 316.5695 -434.763 -0.05 287.449 -434.7655 -0.05 287.449 -434.7655 29.1176470588 316.5695 -434.763 -0.05 287.449 -434.7655 29.1176470588 316.5695 -434.763 29.1176470588 -464.95875 233.866 35.7352941176 -469.713 233.86575 35.7352941176 -469.11775 209.604 35.7352941176 -469.11775 209.604 -0.05 -469.713 233.86575 -0.05 -464.95875 233.866 -0.05 -464.95875 233.866 35.7352941176 -469.11775 209.604 35.7352941176 -451.28925 209.60475 35.7352941176 -451.28925 209.60475 -0.05 -469.11775 209.604 -0.05 -464.95875 233.866 -0.05 -464.95875 233.866 35.7352941176 -451.28925 209.60475 35.7352941176 -451.28975 219.6645 35.7352941176 -451.28975 219.6645 -0.05 -451.28925 209.60475 -0.05 -464.95875 233.866 -0.05 -464.95875 233.866 35.7352941176 -451.28975 219.6645 35.7352941176 -445.347 219.66475 35.7352941176 -445.347 219.66475 -0.05 -451.28975 219.6645 -0.05 -464.95875 233.866 -0.05 -445.347 219.66475 35.7352941176 -445.34625 204.27925 35.7352941176 -426.3295 204.872 35.7352941176 -426.3295 204.872 -0.05 -445.34625 204.27925 -0.05 -445.347 219.66475 -0.05 -445.347 219.66475 35.7352941176 -426.3295 204.872 35.7352941176 -427.52025 249.845 35.7352941176 -427.52025 249.845 -0.05 -426.3295 204.872 -0.05 -445.347 219.66475 -0.05 -464.95875 233.866 35.7352941176 -445.347 219.66475 35.7352941176 -427.52025 249.845 35.7352941176 -427.52025 249.845 -0.05 -445.347 219.66475 -0.05 -464.95875 233.866 -0.05 -427.52025 249.845 35.7352941176 -452.47975 249.252 35.7352941176 -452.4795 244.518 35.7352941176 -452.4795 244.518 -0.05 -452.47975 249.252 -0.05 -427.52025 249.845 -0.05 -464.95875 233.866 35.7352941176 -427.52025 249.845 35.7352941176 -452.4795 244.518 35.7352941176 -452.4795 244.518 -0.05 -427.52025 249.845 -0.05 -464.95875 233.866 -0.05 -452.4795 244.518 35.7352941176 -465.5535 243.92575 35.7352941176 -464.95875 233.866 35.7352941176 -464.95875 233.866 -0.05 -465.5535 243.92575 -0.05 -452.4795 244.518 -0.05 -469.713 233.86575 -0.05 -469.11775 209.604 -0.05 -469.11775 209.604 35.7352941176 -469.713 233.86575 -0.05 -469.11775 209.604 35.7352941176 -469.713 233.86575 35.7352941176 -469.11775 209.604 -0.05 -451.28925 209.60475 -0.05 -451.28925 209.60475 35.7352941176 -469.11775 209.604 -0.05 -451.28925 209.60475 35.7352941176 -469.11775 209.604 35.7352941176 -451.28925 209.60475 -0.05 -451.28975 219.6645 -0.05 -451.28975 219.6645 35.7352941176 -451.28925 209.60475 -0.05 -451.28975 219.6645 35.7352941176 -451.28925 209.60475 35.7352941176 -451.28975 219.6645 -0.05 -445.347 219.66475 -0.05 -445.347 219.66475 35.7352941176 -451.28975 219.6645 -0.05 -445.347 219.66475 35.7352941176 -451.28975 219.6645 35.7352941176 -445.347 219.66475 -0.05 -445.34625 204.27925 -0.05 -445.34625 204.27925 35.7352941176 -445.347 219.66475 -0.05 -445.34625 204.27925 35.7352941176 -445.347 219.66475 35.7352941176 -445.34625 204.27925 -0.05 -426.3295 204.872 -0.05 -426.3295 204.872 35.7352941176 -445.34625 204.27925 -0.05 -426.3295 204.872 35.7352941176 -445.34625 204.27925 35.7352941176 -426.3295 204.872 -0.05 -427.52025 249.845 -0.05 -427.52025 249.845 35.7352941176 -426.3295 204.872 -0.05 -427.52025 249.845 35.7352941176 -426.3295 204.872 35.7352941176 -427.52025 249.845 -0.05 -452.47975 249.252 -0.05 -452.47975 249.252 35.7352941176 -427.52025 249.845 -0.05 -452.47975 249.252 35.7352941176 -427.52025 249.845 35.7352941176 -452.47975 249.252 -0.05 -452.4795 244.518 -0.05 -452.4795 244.518 35.7352941176 -452.47975 249.252 -0.05 -452.4795 244.518 35.7352941176 -452.47975 249.252 35.7352941176 -452.4795 244.518 -0.05 -465.5535 243.92575 -0.05 -465.5535 243.92575 35.7352941176 -452.4795 244.518 -0.05 -465.5535 243.92575 35.7352941176 -452.4795 244.518 35.7352941176 -465.5535 243.92575 -0.05 -464.95875 233.866 -0.05 -464.95875 233.866 35.7352941176 -465.5535 243.92575 -0.05 -464.95875 233.866 35.7352941176 -465.5535 243.92575 35.7352941176 -464.95875 233.866 -0.05 -469.713 233.86575 -0.05 -469.713 233.86575 35.7352941176 -464.95875 233.866 -0.05 -469.713 233.86575 35.7352941176 -464.95875 233.866 35.7352941176 343.29675 -244.80825 30.8823529412 339.1365 -244.80875 30.8823529412 339.73425 -285.04775 30.8823529412 339.73425 -285.04775 -0.05 339.1365 -244.80875 -0.05 343.29675 -244.80825 -0.05 343.29675 -244.80825 30.8823529412 339.73425 -285.04775 30.8823529412 356.96875 -285.04625 30.8823529412 356.96875 -285.04625 -0.05 339.73425 -285.04775 -0.05 343.29675 -244.80825 -0.05 343.29675 -244.80825 30.8823529412 356.96875 -285.04625 30.8823529412 356.9675 -270.2525 30.8823529412 356.9675 -270.2525 -0.05 356.96875 -285.04625 -0.05 343.29675 -244.80825 -0.05 343.29675 -244.80825 30.8823529412 356.9675 -270.2525 30.8823529412 363.50475 -270.252 30.8823529412 363.50475 -270.252 -0.05 356.9675 -270.2525 -0.05 343.29675 -244.80825 -0.05 363.50475 -270.252 30.8823529412 364.10025 -285.04575 30.8823529412 383.1175 -285.044 30.8823529412 383.1175 -285.044 -0.05 364.10025 -285.04575 -0.05 363.50475 -270.252 -0.05 343.29675 -244.80825 30.8823529412 363.50475 -270.252 30.8823529412 383.1175 -285.044 30.8823529412 383.1175 -285.044 -0.05 363.50475 -270.252 -0.05 343.29675 -244.80825 -0.05 383.1175 -285.044 30.8823529412 383.114 -244.805 30.8823529412 359.3425 -244.807 30.8823529412 359.3425 -244.807 -0.05 383.114 -244.805 -0.05 383.1175 -285.044 -0.05 343.29675 -244.80825 30.8823529412 383.1175 -285.044 30.8823529412 359.3425 -244.807 30.8823529412 359.3425 -244.807 -0.05 383.1175 -285.044 -0.05 343.29675 -244.80825 -0.05 343.29675 -244.80825 30.8823529412 359.3425 -244.807 30.8823529412 358.7475 -237.706 30.8823529412 358.7475 -237.706 -0.05 359.3425 -244.807 -0.05 343.29675 -244.80825 -0.05 358.7475 -237.706 30.8823529412 342.70175 -237.70725 30.8823529412 343.29675 -244.80825 30.8823529412 343.29675 -244.80825 -0.05 342.70175 -237.70725 -0.05 358.7475 -237.706 -0.05 339.1365 -244.80875 -0.05 339.73425 -285.04775 -0.05 339.73425 -285.04775 30.8823529412 339.1365 -244.80875 -0.05 339.73425 -285.04775 30.8823529412 339.1365 -244.80875 30.8823529412 339.73425 -285.04775 -0.05 356.96875 -285.04625 -0.05 356.96875 -285.04625 30.8823529412 339.73425 -285.04775 -0.05 356.96875 -285.04625 30.8823529412 339.73425 -285.04775 30.8823529412 356.96875 -285.04625 -0.05 356.9675 -270.2525 -0.05 356.9675 -270.2525 30.8823529412 356.96875 -285.04625 -0.05 356.9675 -270.2525 30.8823529412 356.96875 -285.04625 30.8823529412 356.9675 -270.2525 -0.05 363.50475 -270.252 -0.05 363.50475 -270.252 30.8823529412 356.9675 -270.2525 -0.05 363.50475 -270.252 30.8823529412 356.9675 -270.2525 30.8823529412 363.50475 -270.252 -0.05 364.10025 -285.04575 -0.05 364.10025 -285.04575 30.8823529412 363.50475 -270.252 -0.05 364.10025 -285.04575 30.8823529412 363.50475 -270.252 30.8823529412 364.10025 -285.04575 -0.05 383.1175 -285.044 -0.05 383.1175 -285.044 30.8823529412 364.10025 -285.04575 -0.05 383.1175 -285.044 30.8823529412 364.10025 -285.04575 30.8823529412 383.1175 -285.044 -0.05 383.114 -244.805 -0.05 383.114 -244.805 30.8823529412 383.1175 -285.044 -0.05 383.114 -244.805 30.8823529412 383.1175 -285.044 30.8823529412 383.114 -244.805 -0.05 359.3425 -244.807 -0.05 359.3425 -244.807 30.8823529412 383.114 -244.805 -0.05 359.3425 -244.807 30.8823529412 383.114 -244.805 30.8823529412 359.3425 -244.807 -0.05 358.7475 -237.706 -0.05 358.7475 -237.706 30.8823529412 359.3425 -244.807 -0.05 358.7475 -237.706 30.8823529412 359.3425 -244.807 30.8823529412 358.7475 -237.706 -0.05 342.70175 -237.70725 -0.05 342.70175 -237.70725 30.8823529412 358.7475 -237.706 -0.05 342.70175 -237.70725 30.8823529412 358.7475 -237.706 30.8823529412 342.70175 -237.70725 -0.05 343.29675 -244.80825 -0.05 343.29675 -244.80825 30.8823529412 342.70175 -237.70725 -0.05 343.29675 -244.80825 30.8823529412 342.70175 -237.70725 30.8823529412 343.29675 -244.80825 -0.05 339.1365 -244.80875 -0.05 339.1365 -244.80875 30.8823529412 343.29675 -244.80825 -0.05 339.1365 -244.80875 30.8823529412 343.29675 -244.80825 30.8823529412 -257.55525 210.2065 39.8529411765 -261.71425 193.63725 39.8529411765 -222.4915 183.57975 39.8529411765 -222.4915 183.57975 -0.05 -261.71425 193.63725 -0.05 -257.55525 210.2065 -0.05 -222.4915 183.57975 39.8529411765 -211.797 227.37 39.8529411765 -221.9 229.73625 39.8529411765 -221.9 229.73625 -0.05 -211.797 227.37 -0.05 -222.4915 183.57975 -0.05 -221.9 229.73625 39.8529411765 -221.30575 233.287 39.8529411765 -251.02 240.978 39.8529411765 -251.02 240.978 -0.05 -221.30575 233.287 -0.05 -221.9 229.73625 -0.05 -221.9 229.73625 39.8529411765 -251.02 240.978 39.8529411765 -255.77325 223.817 39.8529411765 -255.77325 223.817 -0.05 -251.02 240.978 -0.05 -221.9 229.73625 -0.05 -221.9 229.73625 39.8529411765 -255.77325 223.817 39.8529411765 -236.75625 219.084 39.8529411765 -236.75625 219.084 -0.05 -255.77325 223.817 -0.05 -221.9 229.73625 -0.05 -222.4915 183.57975 39.8529411765 -221.9 229.73625 39.8529411765 -236.75625 219.084 39.8529411765 -236.75625 219.084 -0.05 -221.9 229.73625 -0.05 -222.4915 183.57975 -0.05 -222.4915 183.57975 39.8529411765 -236.75625 219.084 39.8529411765 -237.9445 214.35 39.8529411765 -237.9445 214.35 -0.05 -236.75625 219.084 -0.05 -222.4915 183.57975 -0.05 -222.4915 183.57975 39.8529411765 -237.9445 214.35 39.8529411765 -240.916 214.9415 39.8529411765 -240.916 214.9415 -0.05 -237.9445 214.35 -0.05 -222.4915 183.57975 -0.05 -222.4915 183.57975 39.8529411765 -240.916 214.9415 39.8529411765 -242.69825 206.65675 39.8529411765 -242.69825 206.65675 -0.05 -240.916 214.9415 -0.05 -222.4915 183.57975 -0.05 -222.4915 183.57975 39.8529411765 -242.69825 206.65675 39.8529411765 -257.55525 210.2065 39.8529411765 -257.55525 210.2065 -0.05 -242.69825 206.65675 -0.05 -222.4915 183.57975 -0.05 -261.71425 193.63725 -0.05 -222.4915 183.57975 -0.05 -222.4915 183.57975 39.8529411765 -261.71425 193.63725 -0.05 -222.4915 183.57975 39.8529411765 -261.71425 193.63725 39.8529411765 -222.4915 183.57975 -0.05 -211.797 227.37 -0.05 -211.797 227.37 39.8529411765 -222.4915 183.57975 -0.05 -211.797 227.37 39.8529411765 -222.4915 183.57975 39.8529411765 -211.797 227.37 -0.05 -221.9 229.73625 -0.05 -221.9 229.73625 39.8529411765 -211.797 227.37 -0.05 -221.9 229.73625 39.8529411765 -211.797 227.37 39.8529411765 -221.9 229.73625 -0.05 -221.30575 233.287 -0.05 -221.30575 233.287 39.8529411765 -221.9 229.73625 -0.05 -221.30575 233.287 39.8529411765 -221.9 229.73625 39.8529411765 -221.30575 233.287 -0.05 -251.02 240.978 -0.05 -251.02 240.978 39.8529411765 -221.30575 233.287 -0.05 -251.02 240.978 39.8529411765 -221.30575 233.287 39.8529411765 -251.02 240.978 -0.05 -255.77325 223.817 -0.05 -255.77325 223.817 39.8529411765 -251.02 240.978 -0.05 -255.77325 223.817 39.8529411765 -251.02 240.978 39.8529411765 -255.77325 223.817 -0.05 -236.75625 219.084 -0.05 -236.75625 219.084 39.8529411765 -255.77325 223.817 -0.05 -236.75625 219.084 39.8529411765 -255.77325 223.817 39.8529411765 -236.75625 219.084 -0.05 -237.9445 214.35 -0.05 -237.9445 214.35 39.8529411765 -236.75625 219.084 -0.05 -237.9445 214.35 39.8529411765 -236.75625 219.084 39.8529411765 -237.9445 214.35 -0.05 -240.916 214.9415 -0.05 -240.916 214.9415 39.8529411765 -237.9445 214.35 -0.05 -240.916 214.9415 39.8529411765 -237.9445 214.35 39.8529411765 -240.916 214.9415 -0.05 -242.69825 206.65675 -0.05 -242.69825 206.65675 39.8529411765 -240.916 214.9415 -0.05 -242.69825 206.65675 39.8529411765 -240.916 214.9415 39.8529411765 -242.69825 206.65675 -0.05 -257.55525 210.2065 -0.05 -257.55525 210.2065 39.8529411765 -242.69825 206.65675 -0.05 -257.55525 210.2065 39.8529411765 -242.69825 206.65675 39.8529411765 -257.55525 210.2065 -0.05 -261.71425 193.63725 -0.05 -261.71425 193.63725 39.8529411765 -257.55525 210.2065 -0.05 -261.71425 193.63725 39.8529411765 -257.55525 210.2065 39.8529411765 -60.87275 559.35225 34.7058823529 -65.032 546.3335 34.7058823529 -60.27775 545.15025 34.7058823529 -60.27775 545.15025 -0.05 -65.032 546.3335 -0.05 -60.87275 559.35225 -0.05 -60.27775 545.15025 34.7058823529 -63.8425 532.72325 34.7058823529 -46.014 527.39875 34.7058823529 -46.014 527.39875 -0.05 -63.8425 532.72325 -0.05 -60.27775 545.15025 -0.05 -60.87275 559.35225 34.7058823529 -60.27775 545.15025 34.7058823529 -46.014 527.39875 34.7058823529 -46.014 527.39875 -0.05 -60.27775 545.15025 -0.05 -60.87275 559.35225 -0.05 -60.87275 559.35225 34.7058823529 -46.014 527.39875 34.7058823529 -41.85525 541.601 34.7058823529 -41.85525 541.601 -0.05 -46.014 527.39875 -0.05 -60.87275 559.35225 -0.05 -60.87275 559.35225 34.7058823529 -41.85525 541.601 34.7058823529 -37.101 540.41775 34.7058823529 -37.101 540.41775 -0.05 -41.85525 541.601 -0.05 -60.87275 559.35225 -0.05 -60.87275 559.35225 34.7058823529 -37.101 540.41775 34.7058823529 -36.507 543.3765 34.7058823529 -36.507 543.3765 -0.05 -37.101 540.41775 -0.05 -60.87275 559.35225 -0.05 -60.87275 559.35225 34.7058823529 -36.507 543.3765 34.7058823529 -18.08425 538.052 34.7058823529 -18.08425 538.052 -0.05 -36.507 543.3765 -0.05 -60.87275 559.35225 -0.05 -18.08425 538.052 34.7058823529 -12.143 559.3555 34.7058823529 -52.554 571.188 34.7058823529 -52.554 571.188 -0.05 -12.143 559.3555 -0.05 -18.08425 538.052 -0.05 -18.08425 538.052 34.7058823529 -52.554 571.188 34.7058823529 -56.11875 558.169 34.7058823529 -56.11875 558.169 -0.05 -52.554 571.188 -0.05 -18.08425 538.052 -0.05 -18.08425 538.052 34.7058823529 -56.11875 558.169 34.7058823529 -60.87275 559.35225 34.7058823529 -60.87275 559.35225 -0.05 -56.11875 558.169 -0.05 -18.08425 538.052 -0.05 -65.032 546.3335 -0.05 -60.27775 545.15025 -0.05 -60.27775 545.15025 34.7058823529 -65.032 546.3335 -0.05 -60.27775 545.15025 34.7058823529 -65.032 546.3335 34.7058823529 -60.27775 545.15025 -0.05 -63.8425 532.72325 -0.05 -63.8425 532.72325 34.7058823529 -60.27775 545.15025 -0.05 -63.8425 532.72325 34.7058823529 -60.27775 545.15025 34.7058823529 -63.8425 532.72325 -0.05 -46.014 527.39875 -0.05 -46.014 527.39875 34.7058823529 -63.8425 532.72325 -0.05 -46.014 527.39875 34.7058823529 -63.8425 532.72325 34.7058823529 -46.014 527.39875 -0.05 -41.85525 541.601 -0.05 -41.85525 541.601 34.7058823529 -46.014 527.39875 -0.05 -41.85525 541.601 34.7058823529 -46.014 527.39875 34.7058823529 -41.85525 541.601 -0.05 -37.101 540.41775 -0.05 -37.101 540.41775 34.7058823529 -41.85525 541.601 -0.05 -37.101 540.41775 34.7058823529 -41.85525 541.601 34.7058823529 -37.101 540.41775 -0.05 -36.507 543.3765 -0.05 -36.507 543.3765 34.7058823529 -37.101 540.41775 -0.05 -36.507 543.3765 34.7058823529 -37.101 540.41775 34.7058823529 -36.507 543.3765 -0.05 -18.08425 538.052 -0.05 -18.08425 538.052 34.7058823529 -36.507 543.3765 -0.05 -18.08425 538.052 34.7058823529 -36.507 543.3765 34.7058823529 -18.08425 538.052 -0.05 -12.143 559.3555 -0.05 -12.143 559.3555 34.7058823529 -18.08425 538.052 -0.05 -12.143 559.3555 34.7058823529 -18.08425 538.052 34.7058823529 -12.143 559.3555 -0.05 -52.554 571.188 -0.05 -52.554 571.188 34.7058823529 -12.143 559.3555 -0.05 -52.554 571.188 34.7058823529 -12.143 559.3555 34.7058823529 -52.554 571.188 -0.05 -56.11875 558.169 -0.05 -56.11875 558.169 34.7058823529 -52.554 571.188 -0.05 -56.11875 558.169 34.7058823529 -52.554 571.188 34.7058823529 -56.11875 558.169 -0.05 -60.87275 559.35225 -0.05 -60.87275 559.35225 34.7058823529 -56.11875 558.169 -0.05 -60.87275 559.35225 34.7058823529 -56.11875 558.169 34.7058823529 -60.87275 559.35225 -0.05 -65.032 546.3335 -0.05 -65.032 546.3335 34.7058823529 -60.87275 559.35225 -0.05 -65.032 546.3335 34.7058823529 -60.87275 559.35225 34.7058823529 -463.7405 -408.77675 23.8235294118 -480.975 -408.7775 23.8235294118 -480.974 -426.53 23.8235294118 -480.974 -426.53 -0.05 -480.975 -408.7775 -0.05 -463.7405 -408.77675 -0.05 -463.7405 -408.77675 23.8235294118 -480.974 -426.53 23.8235294118 -438.77925 -427.11975 23.8235294118 -438.77925 -427.11975 -0.05 -480.974 -426.53 -0.05 -463.7405 -408.77675 -0.05 -463.7405 -408.77675 23.8235294118 -438.77925 -427.11975 23.8235294118 -438.18575 -411.73425 23.8235294118 -438.18575 -411.73425 -0.05 -438.77925 -427.11975 -0.05 -463.7405 -408.77675 -0.05 -463.7405 -408.77675 23.8235294118 -438.18575 -411.73425 23.8235294118 -431.6485 -411.734 23.8235294118 -431.6485 -411.734 -0.05 -438.18575 -411.73425 -0.05 -463.7405 -408.77675 -0.05 -463.7405 -408.77675 23.8235294118 -431.6485 -411.734 23.8235294118 -431.0555 -383.9215 23.8235294118 -431.0555 -383.9215 -0.05 -431.6485 -411.734 -0.05 -463.7405 -408.77675 -0.05 -463.7405 -408.77675 23.8235294118 -431.0555 -383.9215 23.8235294118 -440.56425 -383.922 23.8235294118 -440.56425 -383.922 -0.05 -431.0555 -383.9215 -0.05 -463.7405 -408.77675 -0.05 -463.7405 -408.77675 23.8235294118 -440.56425 -383.922 23.8235294118 -440.56425 -382.14675 23.8235294118 -440.56425 -382.14675 -0.05 -440.56425 -383.922 -0.05 -463.7405 -408.77675 -0.05 -440.56425 -382.14675 23.8235294118 -478.599 -382.1485 23.8235294118 -478.59825 -399.30925 23.8235294118 -478.59825 -399.30925 -0.05 -478.599 -382.1485 -0.05 -440.56425 -382.14675 -0.05 -440.56425 -382.14675 23.8235294118 -478.59825 -399.30925 23.8235294118 -463.74075 -399.30875 23.8235294118 -463.74075 -399.30875 -0.05 -478.59825 -399.30925 -0.05 -440.56425 -382.14675 -0.05 -440.56425 -382.14675 23.8235294118 -463.74075 -399.30875 23.8235294118 -463.7405 -408.77675 23.8235294118 -463.7405 -408.77675 -0.05 -463.74075 -399.30875 -0.05 -440.56425 -382.14675 -0.05 -480.975 -408.7775 -0.05 -480.974 -426.53 -0.05 -480.974 -426.53 23.8235294118 -480.975 -408.7775 -0.05 -480.974 -426.53 23.8235294118 -480.975 -408.7775 23.8235294118 -480.974 -426.53 -0.05 -438.77925 -427.11975 -0.05 -438.77925 -427.11975 23.8235294118 -480.974 -426.53 -0.05 -438.77925 -427.11975 23.8235294118 -480.974 -426.53 23.8235294118 -438.77925 -427.11975 -0.05 -438.18575 -411.73425 -0.05 -438.18575 -411.73425 23.8235294118 -438.77925 -427.11975 -0.05 -438.18575 -411.73425 23.8235294118 -438.77925 -427.11975 23.8235294118 -438.18575 -411.73425 -0.05 -431.6485 -411.734 -0.05 -431.6485 -411.734 23.8235294118 -438.18575 -411.73425 -0.05 -431.6485 -411.734 23.8235294118 -438.18575 -411.73425 23.8235294118 -431.6485 -411.734 -0.05 -431.0555 -383.9215 -0.05 -431.0555 -383.9215 23.8235294118 -431.6485 -411.734 -0.05 -431.0555 -383.9215 23.8235294118 -431.6485 -411.734 23.8235294118 -431.0555 -383.9215 -0.05 -440.56425 -383.922 -0.05 -440.56425 -383.922 23.8235294118 -431.0555 -383.9215 -0.05 -440.56425 -383.922 23.8235294118 -431.0555 -383.9215 23.8235294118 -440.56425 -383.922 -0.05 -440.56425 -382.14675 -0.05 -440.56425 -382.14675 23.8235294118 -440.56425 -383.922 -0.05 -440.56425 -382.14675 23.8235294118 -440.56425 -383.922 23.8235294118 -440.56425 -382.14675 -0.05 -478.599 -382.1485 -0.05 -478.599 -382.1485 23.8235294118 -440.56425 -382.14675 -0.05 -478.599 -382.1485 23.8235294118 -440.56425 -382.14675 23.8235294118 -478.599 -382.1485 -0.05 -478.59825 -399.30925 -0.05 -478.59825 -399.30925 23.8235294118 -478.599 -382.1485 -0.05 -478.59825 -399.30925 23.8235294118 -478.599 -382.1485 23.8235294118 -478.59825 -399.30925 -0.05 -463.74075 -399.30875 -0.05 -463.74075 -399.30875 23.8235294118 -478.59825 -399.30925 -0.05 -463.74075 -399.30875 23.8235294118 -478.59825 -399.30925 23.8235294118 -463.74075 -399.30875 -0.05 -463.7405 -408.77675 -0.05 -463.7405 -408.77675 23.8235294118 -463.74075 -399.30875 -0.05 -463.7405 -408.77675 23.8235294118 -463.74075 -399.30875 23.8235294118 -463.7405 -408.77675 -0.05 -480.975 -408.7775 -0.05 -480.975 -408.7775 23.8235294118 -463.7405 -408.77675 -0.05 -480.975 -408.7775 23.8235294118 -463.7405 -408.77675 23.8235294118 -283.0765 -385.0975 44.4117647059 -283.66975 -404.0335 44.4117647059 -243.25775 -404.623 44.4117647059 -243.25775 -404.623 -0.05 -283.66975 -404.0335 -0.05 -283.0765 -385.0975 -0.05 -283.0765 -385.0975 44.4117647059 -243.25775 -404.623 44.4117647059 -243.258 -399.29725 44.4117647059 -243.258 -399.29725 -0.05 -243.25775 -404.623 -0.05 -283.0765 -385.0975 -0.05 -283.0765 -385.0975 44.4117647059 -243.258 -399.29725 44.4117647059 -234.3435 -399.29675 44.4117647059 -234.3435 -399.29675 -0.05 -243.258 -399.29725 -0.05 -283.0765 -385.0975 -0.05 -283.0765 -385.0975 44.4117647059 -234.3435 -399.29675 44.4117647059 -231.3725 -392.1955 44.4117647059 -231.3725 -392.1955 -0.05 -234.3435 -399.29675 -0.05 -283.0765 -385.0975 -0.05 -231.3725 -392.1955 44.4117647059 -231.37325 -379.76875 44.4117647059 -243.259 -379.7695 44.4117647059 -243.259 -379.7695 -0.05 -231.37325 -379.76875 -0.05 -231.3725 -392.1955 -0.05 -243.259 -379.7695 44.4117647059 -242.666 -359.058 44.4117647059 -266.43775 -359.0595 44.4117647059 -266.43775 -359.0595 -0.05 -242.666 -359.058 -0.05 -243.259 -379.7695 -0.05 -231.3725 -392.1955 44.4117647059 -243.259 -379.7695 44.4117647059 -266.43775 -359.0595 44.4117647059 -266.43775 -359.0595 -0.05 -243.259 -379.7695 -0.05 -231.3725 -392.1955 -0.05 -231.3725 -392.1955 44.4117647059 -266.43775 -359.0595 44.4117647059 -266.4365 -377.40375 44.4117647059 -266.4365 -377.40375 -0.05 -266.43775 -359.0595 -0.05 -231.3725 -392.1955 -0.05 -231.3725 -392.1955 44.4117647059 -266.4365 -377.40375 44.4117647059 -269.408 -377.404 44.4117647059 -269.408 -377.404 -0.05 -266.4365 -377.40375 -0.05 -231.3725 -392.1955 -0.05 -231.3725 -392.1955 44.4117647059 -269.408 -377.404 44.4117647059 -269.4075 -385.6885 44.4117647059 -269.4075 -385.6885 -0.05 -269.408 -377.404 -0.05 -231.3725 -392.1955 -0.05 -231.3725 -392.1955 44.4117647059 -269.4075 -385.6885 44.4117647059 -283.0765 -385.0975 44.4117647059 -283.0765 -385.0975 -0.05 -269.4075 -385.6885 -0.05 -231.3725 -392.1955 -0.05 -283.66975 -404.0335 -0.05 -243.25775 -404.623 -0.05 -243.25775 -404.623 44.4117647059 -283.66975 -404.0335 -0.05 -243.25775 -404.623 44.4117647059 -283.66975 -404.0335 44.4117647059 -243.25775 -404.623 -0.05 -243.258 -399.29725 -0.05 -243.258 -399.29725 44.4117647059 -243.25775 -404.623 -0.05 -243.258 -399.29725 44.4117647059 -243.25775 -404.623 44.4117647059 -243.258 -399.29725 -0.05 -234.3435 -399.29675 -0.05 -234.3435 -399.29675 44.4117647059 -243.258 -399.29725 -0.05 -234.3435 -399.29675 44.4117647059 -243.258 -399.29725 44.4117647059 -234.3435 -399.29675 -0.05 -231.3725 -392.1955 -0.05 -231.3725 -392.1955 44.4117647059 -234.3435 -399.29675 -0.05 -231.3725 -392.1955 44.4117647059 -234.3435 -399.29675 44.4117647059 -231.3725 -392.1955 -0.05 -231.37325 -379.76875 -0.05 -231.37325 -379.76875 44.4117647059 -231.3725 -392.1955 -0.05 -231.37325 -379.76875 44.4117647059 -231.3725 -392.1955 44.4117647059 -231.37325 -379.76875 -0.05 -243.259 -379.7695 -0.05 -243.259 -379.7695 44.4117647059 -231.37325 -379.76875 -0.05 -243.259 -379.7695 44.4117647059 -231.37325 -379.76875 44.4117647059 -243.259 -379.7695 -0.05 -242.666 -359.058 -0.05 -242.666 -359.058 44.4117647059 -243.259 -379.7695 -0.05 -242.666 -359.058 44.4117647059 -243.259 -379.7695 44.4117647059 -242.666 -359.058 -0.05 -266.43775 -359.0595 -0.05 -266.43775 -359.0595 44.4117647059 -242.666 -359.058 -0.05 -266.43775 -359.0595 44.4117647059 -242.666 -359.058 44.4117647059 -266.43775 -359.0595 -0.05 -266.4365 -377.40375 -0.05 -266.4365 -377.40375 44.4117647059 -266.43775 -359.0595 -0.05 -266.4365 -377.40375 44.4117647059 -266.43775 -359.0595 44.4117647059 -266.4365 -377.40375 -0.05 -269.408 -377.404 -0.05 -269.408 -377.404 44.4117647059 -266.4365 -377.40375 -0.05 -269.408 -377.404 44.4117647059 -266.4365 -377.40375 44.4117647059 -269.408 -377.404 -0.05 -269.4075 -385.6885 -0.05 -269.4075 -385.6885 44.4117647059 -269.408 -377.404 -0.05 -269.4075 -385.6885 44.4117647059 -269.408 -377.404 44.4117647059 -269.4075 -385.6885 -0.05 -283.0765 -385.0975 -0.05 -283.0765 -385.0975 44.4117647059 -269.4075 -385.6885 -0.05 -283.0765 -385.0975 44.4117647059 -269.4075 -385.6885 44.4117647059 -283.0765 -385.0975 -0.05 -283.66975 -404.0335 -0.05 -283.66975 -404.0335 44.4117647059 -283.0765 -385.0975 -0.05 -283.66975 -404.0335 44.4117647059 -283.0765 -385.0975 44.4117647059 -82.8335 139.7985 45.8823529412 -86.99225 120.2705 45.8823529412 -66.19225 116.1295 45.8823529412 -66.19225 116.1295 -0.05 -86.99225 120.2705 -0.05 -82.8335 139.7985 -0.05 -82.8335 139.7985 45.8823529412 -66.19225 116.1295 45.8823529412 -65.004 120.272 45.8823529412 -65.004 120.272 -0.05 -66.19225 116.1295 -0.05 -82.8335 139.7985 -0.05 -82.8335 139.7985 45.8823529412 -65.004 120.272 45.8823529412 -45.3925 115.53925 45.8823529412 -45.3925 115.53925 -0.05 -65.004 120.272 -0.05 -82.8335 139.7985 -0.05 -45.3925 115.53925 45.8823529412 -35.887 159.92125 45.8823529412 -76.89275 168.79475 45.8823529412 -76.89275 168.79475 -0.05 -35.887 159.92125 -0.05 -45.3925 115.53925 -0.05 -76.89275 168.79475 45.8823529412 -81.0515 151.042 45.8823529412 -65.6 147.4925 45.8823529412 -65.6 147.4925 -0.05 -81.0515 151.042 -0.05 -76.89275 168.79475 -0.05 -45.3925 115.53925 45.8823529412 -76.89275 168.79475 45.8823529412 -65.6 147.4925 45.8823529412 -65.6 147.4925 -0.05 -76.89275 168.79475 -0.05 -45.3925 115.53925 -0.05 -65.6 147.4925 45.8823529412 -66.78825 143.35025 45.8823529412 -63.2225 142.7585 45.8823529412 -63.2225 142.7585 -0.05 -66.78825 143.35025 -0.05 -65.6 147.4925 -0.05 -45.3925 115.53925 45.8823529412 -65.6 147.4925 45.8823529412 -63.2225 142.7585 45.8823529412 -63.2225 142.7585 -0.05 -65.6 147.4925 -0.05 -45.3925 115.53925 -0.05 -45.3925 115.53925 45.8823529412 -63.2225 142.7585 45.8823529412 -65.005 135.6575 45.8823529412 -65.005 135.6575 -0.05 -63.2225 142.7585 -0.05 -45.3925 115.53925 -0.05 -45.3925 115.53925 45.8823529412 -65.005 135.6575 45.8823529412 -82.8335 139.7985 45.8823529412 -82.8335 139.7985 -0.05 -65.005 135.6575 -0.05 -45.3925 115.53925 -0.05 -86.99225 120.2705 -0.05 -66.19225 116.1295 -0.05 -66.19225 116.1295 45.8823529412 -86.99225 120.2705 -0.05 -66.19225 116.1295 45.8823529412 -86.99225 120.2705 45.8823529412 -66.19225 116.1295 -0.05 -65.004 120.272 -0.05 -65.004 120.272 45.8823529412 -66.19225 116.1295 -0.05 -65.004 120.272 45.8823529412 -66.19225 116.1295 45.8823529412 -65.004 120.272 -0.05 -45.3925 115.53925 -0.05 -45.3925 115.53925 45.8823529412 -65.004 120.272 -0.05 -45.3925 115.53925 45.8823529412 -65.004 120.272 45.8823529412 -45.3925 115.53925 -0.05 -35.887 159.92125 -0.05 -35.887 159.92125 45.8823529412 -45.3925 115.53925 -0.05 -35.887 159.92125 45.8823529412 -45.3925 115.53925 45.8823529412 -35.887 159.92125 -0.05 -76.89275 168.79475 -0.05 -76.89275 168.79475 45.8823529412 -35.887 159.92125 -0.05 -76.89275 168.79475 45.8823529412 -35.887 159.92125 45.8823529412 -76.89275 168.79475 -0.05 -81.0515 151.042 -0.05 -81.0515 151.042 45.8823529412 -76.89275 168.79475 -0.05 -81.0515 151.042 45.8823529412 -76.89275 168.79475 45.8823529412 -81.0515 151.042 -0.05 -65.6 147.4925 -0.05 -65.6 147.4925 45.8823529412 -81.0515 151.042 -0.05 -65.6 147.4925 45.8823529412 -81.0515 151.042 45.8823529412 -65.6 147.4925 -0.05 -66.78825 143.35025 -0.05 -66.78825 143.35025 45.8823529412 -65.6 147.4925 -0.05 -66.78825 143.35025 45.8823529412 -65.6 147.4925 45.8823529412 -66.78825 143.35025 -0.05 -63.2225 142.7585 -0.05 -63.2225 142.7585 45.8823529412 -66.78825 143.35025 -0.05 -63.2225 142.7585 45.8823529412 -66.78825 143.35025 45.8823529412 -63.2225 142.7585 -0.05 -65.005 135.6575 -0.05 -65.005 135.6575 45.8823529412 -63.2225 142.7585 -0.05 -65.005 135.6575 45.8823529412 -63.2225 142.7585 45.8823529412 -65.005 135.6575 -0.05 -82.8335 139.7985 -0.05 -82.8335 139.7985 45.8823529412 -65.005 135.6575 -0.05 -82.8335 139.7985 45.8823529412 -65.005 135.6575 45.8823529412 -82.8335 139.7985 -0.05 -86.99225 120.2705 -0.05 -86.99225 120.2705 45.8823529412 -82.8335 139.7985 -0.05 -86.99225 120.2705 45.8823529412 -82.8335 139.7985 45.8823529412 107.93925 12.585 42.2058823529 84.16775 12.58325 42.2058823529 84.17075 -26.47225 42.2058823529 84.17075 -26.47225 -0.05 84.16775 12.58325 -0.05 107.93925 12.585 -0.05 118.04475 -26.46975 42.2058823529 118.0455 -34.1625 42.2058823529 126.36525 -34.162 42.2058823529 126.36525 -34.162 -0.05 118.0455 -34.1625 -0.05 118.04475 -26.46975 -0.05 118.04475 -26.46975 42.2058823529 126.36525 -34.162 42.2058823529 126.36475 -26.46925 42.2058823529 126.36475 -26.46925 -0.05 126.36525 -34.162 -0.05 118.04475 -26.46975 -0.05 118.04475 -26.46975 42.2058823529 126.36475 -26.46925 42.2058823529 132.902 -26.46875 42.2058823529 132.902 -26.46875 -0.05 126.36475 -26.46925 -0.05 118.04475 -26.46975 -0.05 118.04475 -26.46975 42.2058823529 132.902 -26.46875 42.2058823529 132.89875 14.36225 42.2058823529 132.89875 14.36225 -0.05 132.902 -26.46875 -0.05 118.04475 -26.46975 -0.05 84.17075 -26.47225 42.2058823529 118.04475 -26.46975 42.2058823529 132.89875 14.36225 42.2058823529 132.89875 14.36225 -0.05 118.04475 -26.46975 -0.05 84.17075 -26.47225 -0.05 132.89875 14.36225 42.2058823529 115.0705 14.361 42.2058823529 114.47675 4.301 42.2058823529 114.47675 4.301 -0.05 115.0705 14.361 -0.05 132.89875 14.36225 -0.05 84.17075 -26.47225 42.2058823529 132.89875 14.36225 42.2058823529 114.47675 4.301 42.2058823529 114.47675 4.301 -0.05 132.89875 14.36225 -0.05 84.17075 -26.47225 -0.05 84.17075 -26.47225 42.2058823529 114.47675 4.301 42.2058823529 107.93975 4.3005 42.2058823529 107.93975 4.3005 -0.05 114.47675 4.301 -0.05 84.17075 -26.47225 -0.05 84.17075 -26.47225 42.2058823529 107.93975 4.3005 42.2058823529 107.93925 12.585 42.2058823529 107.93925 12.585 -0.05 107.93975 4.3005 -0.05 84.17075 -26.47225 -0.05 84.16775 12.58325 -0.05 84.17075 -26.47225 -0.05 84.17075 -26.47225 42.2058823529 84.16775 12.58325 -0.05 84.17075 -26.47225 42.2058823529 84.16775 12.58325 42.2058823529 84.17075 -26.47225 -0.05 118.04475 -26.46975 -0.05 118.04475 -26.46975 42.2058823529 84.17075 -26.47225 -0.05 118.04475 -26.46975 42.2058823529 84.17075 -26.47225 42.2058823529 118.04475 -26.46975 -0.05 118.0455 -34.1625 -0.05 118.0455 -34.1625 42.2058823529 118.04475 -26.46975 -0.05 118.0455 -34.1625 42.2058823529 118.04475 -26.46975 42.2058823529 118.0455 -34.1625 -0.05 126.36525 -34.162 -0.05 126.36525 -34.162 42.2058823529 118.0455 -34.1625 -0.05 126.36525 -34.162 42.2058823529 118.0455 -34.1625 42.2058823529 126.36525 -34.162 -0.05 126.36475 -26.46925 -0.05 126.36475 -26.46925 42.2058823529 126.36525 -34.162 -0.05 126.36475 -26.46925 42.2058823529 126.36525 -34.162 42.2058823529 126.36475 -26.46925 -0.05 132.902 -26.46875 -0.05 132.902 -26.46875 42.2058823529 126.36475 -26.46925 -0.05 132.902 -26.46875 42.2058823529 126.36475 -26.46925 42.2058823529 132.902 -26.46875 -0.05 132.89875 14.36225 -0.05 132.89875 14.36225 42.2058823529 132.902 -26.46875 -0.05 132.89875 14.36225 42.2058823529 132.902 -26.46875 42.2058823529 132.89875 14.36225 -0.05 115.0705 14.361 -0.05 115.0705 14.361 42.2058823529 132.89875 14.36225 -0.05 115.0705 14.361 42.2058823529 132.89875 14.36225 42.2058823529 115.0705 14.361 -0.05 114.47675 4.301 -0.05 114.47675 4.301 42.2058823529 115.0705 14.361 -0.05 114.47675 4.301 42.2058823529 115.0705 14.361 42.2058823529 114.47675 4.301 -0.05 107.93975 4.3005 -0.05 107.93975 4.3005 42.2058823529 114.47675 4.301 -0.05 107.93975 4.3005 42.2058823529 114.47675 4.301 42.2058823529 107.93975 4.3005 -0.05 107.93925 12.585 -0.05 107.93925 12.585 42.2058823529 107.93975 4.3005 -0.05 107.93925 12.585 42.2058823529 107.93975 4.3005 42.2058823529 107.93925 12.585 -0.05 84.16775 12.58325 -0.05 84.16775 12.58325 42.2058823529 107.93925 12.585 -0.05 84.16775 12.58325 42.2058823529 107.93925 12.585 42.2058823529 -457.19675 -547.838 37.7941176471 -457.789 -589.26075 37.7941176471 -453.03475 -589.2605 37.7941176471 -453.03475 -589.2605 -0.05 -457.789 -589.26075 -0.05 -457.19675 -547.838 -0.05 -453.03475 -589.2605 37.7941176471 -453.0345 -593.40275 37.7941176471 -441.74275 -593.994 37.7941176471 -441.74275 -593.994 -0.05 -453.0345 -593.40275 -0.05 -453.03475 -589.2605 -0.05 -457.19675 -547.838 37.7941176471 -453.03475 -589.2605 37.7941176471 -441.74275 -593.994 37.7941176471 -441.74275 -593.994 -0.05 -453.03475 -589.2605 -0.05 -457.19675 -547.838 -0.05 -457.19675 -547.838 37.7941176471 -441.74275 -593.994 37.7941176471 -441.743 -589.26 37.7941176471 -441.743 -589.26 -0.05 -441.74275 -593.994 -0.05 -457.19675 -547.838 -0.05 -457.19675 -547.838 37.7941176471 -441.743 -589.26 37.7941176471 -413.2165 -589.25875 37.7941176471 -413.2165 -589.25875 -0.05 -441.743 -589.26 -0.05 -457.19675 -547.838 -0.05 -413.2165 -589.25875 37.7941176471 -412.0285 -576.83175 37.7941176471 -413.21775 -566.18025 37.7941176471 -413.21775 -566.18025 -0.05 -412.0285 -576.83175 -0.05 -413.2165 -589.25875 -0.05 -413.2165 -589.25875 37.7941176471 -413.21775 -566.18025 37.7941176471 -432.23525 -566.18125 37.7941176471 -432.23525 -566.18125 -0.05 -413.21775 -566.18025 -0.05 -413.2165 -589.25875 -0.05 -432.23525 -566.18125 37.7941176471 -432.2355 -562.63075 37.7941176471 -439.367 -562.631 37.7941176471 -439.367 -562.631 -0.05 -432.2355 -562.63075 -0.05 -432.23525 -566.18125 -0.05 -413.2165 -589.25875 37.7941176471 -432.23525 -566.18125 37.7941176471 -439.367 -562.631 37.7941176471 -439.367 -562.631 -0.05 -432.23525 -566.18125 -0.05 -413.2165 -589.25875 -0.05 -457.19675 -547.838 37.7941176471 -413.2165 -589.25875 37.7941176471 -439.367 -562.631 37.7941176471 -439.367 -562.631 -0.05 -413.2165 -589.25875 -0.05 -457.19675 -547.838 -0.05 -439.367 -562.631 37.7941176471 -439.36775 -547.83725 37.7941176471 -457.19675 -547.838 37.7941176471 -457.19675 -547.838 -0.05 -439.36775 -547.83725 -0.05 -439.367 -562.631 -0.05 -457.789 -589.26075 -0.05 -453.03475 -589.2605 -0.05 -453.03475 -589.2605 37.7941176471 -457.789 -589.26075 -0.05 -453.03475 -589.2605 37.7941176471 -457.789 -589.26075 37.7941176471 -453.03475 -589.2605 -0.05 -453.0345 -593.40275 -0.05 -453.0345 -593.40275 37.7941176471 -453.03475 -589.2605 -0.05 -453.0345 -593.40275 37.7941176471 -453.03475 -589.2605 37.7941176471 -453.0345 -593.40275 -0.05 -441.74275 -593.994 -0.05 -441.74275 -593.994 37.7941176471 -453.0345 -593.40275 -0.05 -441.74275 -593.994 37.7941176471 -453.0345 -593.40275 37.7941176471 -441.74275 -593.994 -0.05 -441.743 -589.26 -0.05 -441.743 -589.26 37.7941176471 -441.74275 -593.994 -0.05 -441.743 -589.26 37.7941176471 -441.74275 -593.994 37.7941176471 -441.743 -589.26 -0.05 -413.2165 -589.25875 -0.05 -413.2165 -589.25875 37.7941176471 -441.743 -589.26 -0.05 -413.2165 -589.25875 37.7941176471 -441.743 -589.26 37.7941176471 -413.2165 -589.25875 -0.05 -412.0285 -576.83175 -0.05 -412.0285 -576.83175 37.7941176471 -413.2165 -589.25875 -0.05 -412.0285 -576.83175 37.7941176471 -413.2165 -589.25875 37.7941176471 -412.0285 -576.83175 -0.05 -413.21775 -566.18025 -0.05 -413.21775 -566.18025 37.7941176471 -412.0285 -576.83175 -0.05 -413.21775 -566.18025 37.7941176471 -412.0285 -576.83175 37.7941176471 -413.21775 -566.18025 -0.05 -432.23525 -566.18125 -0.05 -432.23525 -566.18125 37.7941176471 -413.21775 -566.18025 -0.05 -432.23525 -566.18125 37.7941176471 -413.21775 -566.18025 37.7941176471 -432.23525 -566.18125 -0.05 -432.2355 -562.63075 -0.05 -432.2355 -562.63075 37.7941176471 -432.23525 -566.18125 -0.05 -432.2355 -562.63075 37.7941176471 -432.23525 -566.18125 37.7941176471 -432.2355 -562.63075 -0.05 -439.367 -562.631 -0.05 -439.367 -562.631 37.7941176471 -432.2355 -562.63075 -0.05 -439.367 -562.631 37.7941176471 -432.2355 -562.63075 37.7941176471 -439.367 -562.631 -0.05 -439.36775 -547.83725 -0.05 -439.36775 -547.83725 37.7941176471 -439.367 -562.631 -0.05 -439.36775 -547.83725 37.7941176471 -439.367 -562.631 37.7941176471 -439.36775 -547.83725 -0.05 -457.19675 -547.838 -0.05 -457.19675 -547.838 37.7941176471 -439.36775 -547.83725 -0.05 -457.19675 -547.838 37.7941176471 -439.36775 -547.83725 37.7941176471 -457.19675 -547.838 -0.05 -457.789 -589.26075 -0.05 -457.789 -589.26075 37.7941176471 -457.19675 -547.838 -0.05 -457.789 -589.26075 37.7941176471 -457.19675 -547.838 37.7941176471 -474.45875 50.42225 34.2647058824 -489.31575 48.6465 34.2647058824 -485.749 22.6095 34.2647058824 -485.749 22.6095 -0.05 -489.31575 48.6465 -0.05 -474.45875 50.42225 -0.05 -474.45875 50.42225 34.2647058824 -485.749 22.6095 34.2647058824 -443.55525 29.12075 34.2647058824 -443.55525 29.12075 -0.05 -485.749 22.6095 -0.05 -474.45875 50.42225 -0.05 -474.45875 50.42225 34.2647058824 -443.55525 29.12075 34.2647058824 -447.122 52.7905 34.2647058824 -447.122 52.7905 -0.05 -443.55525 29.12075 -0.05 -474.45875 50.42225 -0.05 -474.45875 50.42225 34.2647058824 -447.122 52.7905 34.2647058824 -444.15075 53.3825 34.2647058824 -444.15075 53.3825 -0.05 -447.122 52.7905 -0.05 -474.45875 50.42225 -0.05 -444.15075 53.3825 34.2647058824 -447.123 72.91025 34.2647058824 -466.734 69.9505 34.2647058824 -466.734 69.9505 -0.05 -447.123 72.91025 -0.05 -444.15075 53.3825 -0.05 -444.15075 53.3825 34.2647058824 -466.734 69.9505 34.2647058824 -464.35625 52.198 34.2647058824 -464.35625 52.198 -0.05 -466.734 69.9505 -0.05 -444.15075 53.3825 -0.05 -444.15075 53.3825 34.2647058824 -464.35625 52.198 34.2647058824 -467.3275 51.60625 34.2647058824 -467.3275 51.60625 -0.05 -464.35625 52.198 -0.05 -444.15075 53.3825 -0.05 -474.45875 50.42225 34.2647058824 -444.15075 53.3825 34.2647058824 -467.3275 51.60625 34.2647058824 -467.3275 51.60625 -0.05 -444.15075 53.3825 -0.05 -474.45875 50.42225 -0.05 -474.45875 50.42225 34.2647058824 -467.3275 51.60625 34.2647058824 -467.3275 53.3815 34.2647058824 -467.3275 53.3815 -0.05 -467.3275 51.60625 -0.05 -474.45875 50.42225 -0.05 -474.45875 50.42225 34.2647058824 -467.3275 53.3815 34.2647058824 -471.4875 53.973 34.2647058824 -471.4875 53.973 -0.05 -467.3275 53.3815 -0.05 -474.45875 50.42225 -0.05 -471.4875 53.973 34.2647058824 -475.05325 52.1975 34.2647058824 -474.45875 50.42225 34.2647058824 -474.45875 50.42225 -0.05 -475.05325 52.1975 -0.05 -471.4875 53.973 -0.05 -489.31575 48.6465 -0.05 -485.749 22.6095 -0.05 -485.749 22.6095 34.2647058824 -489.31575 48.6465 -0.05 -485.749 22.6095 34.2647058824 -489.31575 48.6465 34.2647058824 -485.749 22.6095 -0.05 -443.55525 29.12075 -0.05 -443.55525 29.12075 34.2647058824 -485.749 22.6095 -0.05 -443.55525 29.12075 34.2647058824 -485.749 22.6095 34.2647058824 -443.55525 29.12075 -0.05 -447.122 52.7905 -0.05 -447.122 52.7905 34.2647058824 -443.55525 29.12075 -0.05 -447.122 52.7905 34.2647058824 -443.55525 29.12075 34.2647058824 -447.122 52.7905 -0.05 -444.15075 53.3825 -0.05 -444.15075 53.3825 34.2647058824 -447.122 52.7905 -0.05 -444.15075 53.3825 34.2647058824 -447.122 52.7905 34.2647058824 -444.15075 53.3825 -0.05 -447.123 72.91025 -0.05 -447.123 72.91025 34.2647058824 -444.15075 53.3825 -0.05 -447.123 72.91025 34.2647058824 -444.15075 53.3825 34.2647058824 -447.123 72.91025 -0.05 -466.734 69.9505 -0.05 -466.734 69.9505 34.2647058824 -447.123 72.91025 -0.05 -466.734 69.9505 34.2647058824 -447.123 72.91025 34.2647058824 -466.734 69.9505 -0.05 -464.35625 52.198 -0.05 -464.35625 52.198 34.2647058824 -466.734 69.9505 -0.05 -464.35625 52.198 34.2647058824 -466.734 69.9505 34.2647058824 -464.35625 52.198 -0.05 -467.3275 51.60625 -0.05 -467.3275 51.60625 34.2647058824 -464.35625 52.198 -0.05 -467.3275 51.60625 34.2647058824 -464.35625 52.198 34.2647058824 -467.3275 51.60625 -0.05 -467.3275 53.3815 -0.05 -467.3275 53.3815 34.2647058824 -467.3275 51.60625 -0.05 -467.3275 53.3815 34.2647058824 -467.3275 51.60625 34.2647058824 -467.3275 53.3815 -0.05 -471.4875 53.973 -0.05 -471.4875 53.973 34.2647058824 -467.3275 53.3815 -0.05 -471.4875 53.973 34.2647058824 -467.3275 53.3815 34.2647058824 -471.4875 53.973 -0.05 -475.05325 52.1975 -0.05 -475.05325 52.1975 34.2647058824 -471.4875 53.973 -0.05 -475.05325 52.1975 34.2647058824 -471.4875 53.973 34.2647058824 -475.05325 52.1975 -0.05 -474.45875 50.42225 -0.05 -474.45875 50.42225 34.2647058824 -475.05325 52.1975 -0.05 -474.45875 50.42225 34.2647058824 -475.05325 52.1975 34.2647058824 -474.45875 50.42225 -0.05 -489.31575 48.6465 -0.05 -489.31575 48.6465 34.2647058824 -474.45875 50.42225 -0.05 -489.31575 48.6465 34.2647058824 -474.45875 50.42225 34.2647058824 578.0565 -406.33525 22.5 547.15325 -406.33825 22.5 547.15475 -424.09075 22.5 547.15475 -424.09075 -0.05 547.15325 -406.33825 -0.05 578.0565 -406.33525 -0.05 578.0565 -406.33525 22.5 547.15475 -424.09075 22.5 563.20075 -424.08925 22.5 563.20075 -424.08925 -0.05 547.15475 -424.09075 -0.05 578.0565 -406.33525 -0.05 578.0565 -406.33525 22.5 563.20075 -424.08925 22.5 563.20125 -429.415 22.5 563.20125 -429.415 -0.05 563.20075 -424.08925 -0.05 578.0565 -406.33525 -0.05 578.0565 -406.33525 22.5 563.20125 -429.415 22.5 566.17275 -429.41475 22.5 566.17275 -429.41475 -0.05 563.20125 -429.415 -0.05 578.0565 -406.33525 -0.05 578.0565 -406.33525 22.5 566.17275 -429.41475 22.5 566.769 -448.9425 22.5 566.769 -448.9425 -0.05 566.17275 -429.41475 -0.05 578.0565 -406.33525 -0.05 566.769 -448.9425 22.5 588.1635 -448.34875 22.5 588.1615 -427.04575 22.5 588.1615 -427.04575 -0.05 588.1635 -448.34875 -0.05 566.769 -448.9425 -0.05 588.1615 -427.04575 22.5 599.453 -427.0445 22.5 599.4515 -411.659 22.5 599.4515 -411.659 -0.05 599.453 -427.0445 -0.05 588.1615 -427.04575 -0.05 566.769 -448.9425 22.5 588.1615 -427.04575 22.5 599.4515 -411.659 22.5 599.4515 -411.659 -0.05 588.1615 -427.04575 -0.05 566.769 -448.9425 -0.05 566.769 -448.9425 22.5 599.4515 -411.659 22.5 587.56575 -411.66025 22.5 587.56575 -411.66025 -0.05 599.4515 -411.659 -0.05 566.769 -448.9425 -0.05 566.769 -448.9425 22.5 587.56575 -411.66025 22.5 587.5655 -409.885 22.5 587.5655 -409.885 -0.05 587.56575 -411.66025 -0.05 566.769 -448.9425 -0.05 566.769 -448.9425 22.5 587.5655 -409.885 22.5 578.05675 -409.88575 22.5 578.05675 -409.88575 -0.05 587.5655 -409.885 -0.05 566.769 -448.9425 -0.05 566.769 -448.9425 22.5 578.05675 -409.88575 22.5 578.0565 -406.33525 22.5 578.0565 -406.33525 -0.05 578.05675 -409.88575 -0.05 566.769 -448.9425 -0.05 547.15325 -406.33825 -0.05 547.15475 -424.09075 -0.05 547.15475 -424.09075 22.5 547.15325 -406.33825 -0.05 547.15475 -424.09075 22.5 547.15325 -406.33825 22.5 547.15475 -424.09075 -0.05 563.20075 -424.08925 -0.05 563.20075 -424.08925 22.5 547.15475 -424.09075 -0.05 563.20075 -424.08925 22.5 547.15475 -424.09075 22.5 563.20075 -424.08925 -0.05 563.20125 -429.415 -0.05 563.20125 -429.415 22.5 563.20075 -424.08925 -0.05 563.20125 -429.415 22.5 563.20075 -424.08925 22.5 563.20125 -429.415 -0.05 566.17275 -429.41475 -0.05 566.17275 -429.41475 22.5 563.20125 -429.415 -0.05 566.17275 -429.41475 22.5 563.20125 -429.415 22.5 566.17275 -429.41475 -0.05 566.769 -448.9425 -0.05 566.769 -448.9425 22.5 566.17275 -429.41475 -0.05 566.769 -448.9425 22.5 566.17275 -429.41475 22.5 566.769 -448.9425 -0.05 588.1635 -448.34875 -0.05 588.1635 -448.34875 22.5 566.769 -448.9425 -0.05 588.1635 -448.34875 22.5 566.769 -448.9425 22.5 588.1635 -448.34875 -0.05 588.1615 -427.04575 -0.05 588.1615 -427.04575 22.5 588.1635 -448.34875 -0.05 588.1615 -427.04575 22.5 588.1635 -448.34875 22.5 588.1615 -427.04575 -0.05 599.453 -427.0445 -0.05 599.453 -427.0445 22.5 588.1615 -427.04575 -0.05 599.453 -427.0445 22.5 588.1615 -427.04575 22.5 599.453 -427.0445 -0.05 599.4515 -411.659 -0.05 599.4515 -411.659 22.5 599.453 -427.0445 -0.05 599.4515 -411.659 22.5 599.453 -427.0445 22.5 599.4515 -411.659 -0.05 587.56575 -411.66025 -0.05 587.56575 -411.66025 22.5 599.4515 -411.659 -0.05 587.56575 -411.66025 22.5 599.4515 -411.659 22.5 587.56575 -411.66025 -0.05 587.5655 -409.885 -0.05 587.5655 -409.885 22.5 587.56575 -411.66025 -0.05 587.5655 -409.885 22.5 587.56575 -411.66025 22.5 587.5655 -409.885 -0.05 578.05675 -409.88575 -0.05 578.05675 -409.88575 22.5 587.5655 -409.885 -0.05 578.05675 -409.88575 22.5 587.5655 -409.885 22.5 578.05675 -409.88575 -0.05 578.0565 -406.33525 -0.05 578.0565 -406.33525 22.5 578.05675 -409.88575 -0.05 578.0565 -406.33525 22.5 578.05675 -409.88575 22.5 578.0565 -406.33525 -0.05 547.15325 -406.33825 -0.05 547.15325 -406.33825 22.5 578.0565 -406.33525 -0.05 547.15325 -406.33825 22.5 578.0565 -406.33525 22.5 -396.59325 -244.85825 30.4411764706 -397.782 -244.85825 30.4411764706 -397.187 -256.1015 30.4411764706 -397.187 -256.1015 -0.05 -397.782 -244.85825 -0.05 -396.59325 -244.85825 -0.05 -396.59325 -244.85825 30.4411764706 -397.187 -256.1015 30.4411764706 -396.59275 -256.1015 30.4411764706 -396.59275 -256.1015 -0.05 -397.187 -256.1015 -0.05 -396.59325 -244.85825 -0.05 -396.59325 -244.85825 30.4411764706 -396.59275 -256.1015 30.4411764706 -395.99775 -269.71175 30.4411764706 -395.99775 -269.71175 -0.05 -396.59275 -256.1015 -0.05 -396.59325 -244.85825 -0.05 -396.59325 -244.85825 30.4411764706 -395.99775 -269.71175 30.4411764706 -387.0835 -269.71125 30.4411764706 -387.0835 -269.71125 -0.05 -395.99775 -269.71175 -0.05 -396.59325 -244.85825 -0.05 -387.0835 -269.71125 30.4411764706 -387.08325 -274.44525 30.4411764706 -357.963 -274.44375 30.4411764706 -357.963 -274.44375 -0.05 -387.08325 -274.44525 -0.05 -387.0835 -269.71125 -0.05 -396.59325 -244.85825 30.4411764706 -387.0835 -269.71125 30.4411764706 -357.963 -274.44375 30.4411764706 -357.963 -274.44375 -0.05 -387.0835 -269.71125 -0.05 -396.59325 -244.85825 -0.05 -357.963 -274.44375 30.4411764706 -357.964 -254.32425 30.4411764706 -371.63275 -254.325 30.4411764706 -371.63275 -254.325 -0.05 -357.964 -254.32425 -0.05 -357.963 -274.44375 -0.05 -396.59325 -244.85825 30.4411764706 -357.963 -274.44375 30.4411764706 -371.63275 -254.325 30.4411764706 -371.63275 -254.325 -0.05 -357.963 -274.44375 -0.05 -396.59325 -244.85825 -0.05 -371.63275 -254.325 30.4411764706 -371.633 -248.4075 30.4411764706 -375.19875 -248.40775 30.4411764706 -375.19875 -248.40775 -0.05 -371.633 -248.4075 -0.05 -371.63275 -254.325 -0.05 -396.59325 -244.85825 30.4411764706 -371.63275 -254.325 30.4411764706 -375.19875 -248.40775 30.4411764706 -375.19875 -248.40775 -0.05 -371.63275 -254.325 -0.05 -396.59325 -244.85825 -0.05 -396.59325 -244.85825 30.4411764706 -375.19875 -248.40775 30.4411764706 -375.19975 -230.06325 30.4411764706 -375.19975 -230.06325 -0.05 -375.19875 -248.40775 -0.05 -396.59325 -244.85825 -0.05 -375.19975 -230.06325 30.4411764706 -396.594 -230.0645 30.4411764706 -396.59325 -244.85825 30.4411764706 -396.59325 -244.85825 -0.05 -396.594 -230.0645 -0.05 -375.19975 -230.06325 -0.05 -397.782 -244.85825 -0.05 -397.187 -256.1015 -0.05 -397.187 -256.1015 30.4411764706 -397.782 -244.85825 -0.05 -397.187 -256.1015 30.4411764706 -397.782 -244.85825 30.4411764706 -397.187 -256.1015 -0.05 -396.59275 -256.1015 -0.05 -396.59275 -256.1015 30.4411764706 -397.187 -256.1015 -0.05 -396.59275 -256.1015 30.4411764706 -397.187 -256.1015 30.4411764706 -396.59275 -256.1015 -0.05 -395.99775 -269.71175 -0.05 -395.99775 -269.71175 30.4411764706 -396.59275 -256.1015 -0.05 -395.99775 -269.71175 30.4411764706 -396.59275 -256.1015 30.4411764706 -395.99775 -269.71175 -0.05 -387.0835 -269.71125 -0.05 -387.0835 -269.71125 30.4411764706 -395.99775 -269.71175 -0.05 -387.0835 -269.71125 30.4411764706 -395.99775 -269.71175 30.4411764706 -387.0835 -269.71125 -0.05 -387.08325 -274.44525 -0.05 -387.08325 -274.44525 30.4411764706 -387.0835 -269.71125 -0.05 -387.08325 -274.44525 30.4411764706 -387.0835 -269.71125 30.4411764706 -387.08325 -274.44525 -0.05 -357.963 -274.44375 -0.05 -357.963 -274.44375 30.4411764706 -387.08325 -274.44525 -0.05 -357.963 -274.44375 30.4411764706 -387.08325 -274.44525 30.4411764706 -357.963 -274.44375 -0.05 -357.964 -254.32425 -0.05 -357.964 -254.32425 30.4411764706 -357.963 -274.44375 -0.05 -357.964 -254.32425 30.4411764706 -357.963 -274.44375 30.4411764706 -357.964 -254.32425 -0.05 -371.63275 -254.325 -0.05 -371.63275 -254.325 30.4411764706 -357.964 -254.32425 -0.05 -371.63275 -254.325 30.4411764706 -357.964 -254.32425 30.4411764706 -371.63275 -254.325 -0.05 -371.633 -248.4075 -0.05 -371.633 -248.4075 30.4411764706 -371.63275 -254.325 -0.05 -371.633 -248.4075 30.4411764706 -371.63275 -254.325 30.4411764706 -371.633 -248.4075 -0.05 -375.19875 -248.40775 -0.05 -375.19875 -248.40775 30.4411764706 -371.633 -248.4075 -0.05 -375.19875 -248.40775 30.4411764706 -371.633 -248.4075 30.4411764706 -375.19875 -248.40775 -0.05 -375.19975 -230.06325 -0.05 -375.19975 -230.06325 30.4411764706 -375.19875 -248.40775 -0.05 -375.19975 -230.06325 30.4411764706 -375.19875 -248.40775 30.4411764706 -375.19975 -230.06325 -0.05 -396.594 -230.0645 -0.05 -396.594 -230.0645 30.4411764706 -375.19975 -230.06325 -0.05 -396.594 -230.0645 30.4411764706 -375.19975 -230.06325 30.4411764706 -396.594 -230.0645 -0.05 -396.59325 -244.85825 -0.05 -396.59325 -244.85825 30.4411764706 -396.594 -230.0645 -0.05 -396.59325 -244.85825 30.4411764706 -396.594 -230.0645 30.4411764706 -396.59325 -244.85825 -0.05 -397.782 -244.85825 -0.05 -397.782 -244.85825 30.4411764706 -396.59325 -244.85825 -0.05 -397.782 -244.85825 30.4411764706 -396.59325 -244.85825 30.4411764706 -566.5875 413.16225 33.0882352941 -576.6895 397.7765 33.0882352941 -543.40925 375.29125 33.0882352941 -543.40925 375.29125 -0.05 -576.6895 397.7765 -0.05 -566.5875 413.16225 -0.05 -535.68425 387.1265 33.0882352941 -528.55275 382.39275 33.0882352941 -522.6105 391.86125 33.0882352941 -522.6105 391.86125 -0.05 -528.55275 382.39275 -0.05 -535.68425 387.1265 -0.05 -522.6105 391.86125 33.0882352941 -519.04475 389.49425 33.0882352941 -506.566 408.431 33.0882352941 -506.566 408.431 -0.05 -519.04475 389.49425 -0.05 -522.6105 391.86125 -0.05 -535.68425 387.1265 33.0882352941 -522.6105 391.86125 33.0882352941 -506.566 408.431 33.0882352941 -506.566 408.431 -0.05 -522.6105 391.86125 -0.05 -535.68425 387.1265 -0.05 -535.68425 387.1265 33.0882352941 -506.566 408.431 33.0882352941 -517.263 416.12325 33.0882352941 -517.263 416.12325 -0.05 -506.566 408.431 -0.05 -535.68425 387.1265 -0.05 -543.40925 375.29125 33.0882352941 -535.68425 387.1265 33.0882352941 -517.263 416.12325 33.0882352941 -517.263 416.12325 -0.05 -535.68425 387.1265 -0.05 -543.40925 375.29125 -0.05 -543.40925 375.29125 33.0882352941 -517.263 416.12325 33.0882352941 -519.04575 413.75625 33.0882352941 -519.04575 413.75625 -0.05 -517.263 416.12325 -0.05 -543.40925 375.29125 -0.05 -543.40925 375.29125 33.0882352941 -519.04575 413.75625 33.0882352941 -551.13725 435.6495 33.0882352941 -551.13725 435.6495 -0.05 -519.04575 413.75625 -0.05 -543.40925 375.29125 -0.05 -551.13725 435.6495 33.0882352941 -562.42775 419.08 33.0882352941 -561.23925 418.48825 33.0882352941 -561.23925 418.48825 -0.05 -562.42775 419.08 -0.05 -551.13725 435.6495 -0.05 -543.40925 375.29125 33.0882352941 -551.13725 435.6495 33.0882352941 -561.23925 418.48825 33.0882352941 -561.23925 418.48825 -0.05 -551.13725 435.6495 -0.05 -543.40925 375.29125 -0.05 -543.40925 375.29125 33.0882352941 -561.23925 418.48825 33.0882352941 -565.39875 411.979 33.0882352941 -565.39875 411.979 -0.05 -561.23925 418.48825 -0.05 -543.40925 375.29125 -0.05 -543.40925 375.29125 33.0882352941 -565.39875 411.979 33.0882352941 -566.5875 413.16225 33.0882352941 -566.5875 413.16225 -0.05 -565.39875 411.979 -0.05 -543.40925 375.29125 -0.05 -576.6895 397.7765 -0.05 -543.40925 375.29125 -0.05 -543.40925 375.29125 33.0882352941 -576.6895 397.7765 -0.05 -543.40925 375.29125 33.0882352941 -576.6895 397.7765 33.0882352941 -543.40925 375.29125 -0.05 -535.68425 387.1265 -0.05 -535.68425 387.1265 33.0882352941 -543.40925 375.29125 -0.05 -535.68425 387.1265 33.0882352941 -543.40925 375.29125 33.0882352941 -535.68425 387.1265 -0.05 -528.55275 382.39275 -0.05 -528.55275 382.39275 33.0882352941 -535.68425 387.1265 -0.05 -528.55275 382.39275 33.0882352941 -535.68425 387.1265 33.0882352941 -528.55275 382.39275 -0.05 -522.6105 391.86125 -0.05 -522.6105 391.86125 33.0882352941 -528.55275 382.39275 -0.05 -522.6105 391.86125 33.0882352941 -528.55275 382.39275 33.0882352941 -522.6105 391.86125 -0.05 -519.04475 389.49425 -0.05 -519.04475 389.49425 33.0882352941 -522.6105 391.86125 -0.05 -519.04475 389.49425 33.0882352941 -522.6105 391.86125 33.0882352941 -519.04475 389.49425 -0.05 -506.566 408.431 -0.05 -506.566 408.431 33.0882352941 -519.04475 389.49425 -0.05 -506.566 408.431 33.0882352941 -519.04475 389.49425 33.0882352941 -506.566 408.431 -0.05 -517.263 416.12325 -0.05 -517.263 416.12325 33.0882352941 -506.566 408.431 -0.05 -517.263 416.12325 33.0882352941 -506.566 408.431 33.0882352941 -517.263 416.12325 -0.05 -519.04575 413.75625 -0.05 -519.04575 413.75625 33.0882352941 -517.263 416.12325 -0.05 -519.04575 413.75625 33.0882352941 -517.263 416.12325 33.0882352941 -519.04575 413.75625 -0.05 -551.13725 435.6495 -0.05 -551.13725 435.6495 33.0882352941 -519.04575 413.75625 -0.05 -551.13725 435.6495 33.0882352941 -519.04575 413.75625 33.0882352941 -551.13725 435.6495 -0.05 -562.42775 419.08 -0.05 -562.42775 419.08 33.0882352941 -551.13725 435.6495 -0.05 -562.42775 419.08 33.0882352941 -551.13725 435.6495 33.0882352941 -562.42775 419.08 -0.05 -561.23925 418.48825 -0.05 -561.23925 418.48825 33.0882352941 -562.42775 419.08 -0.05 -561.23925 418.48825 33.0882352941 -562.42775 419.08 33.0882352941 -561.23925 418.48825 -0.05 -565.39875 411.979 -0.05 -565.39875 411.979 33.0882352941 -561.23925 418.48825 -0.05 -565.39875 411.979 33.0882352941 -561.23925 418.48825 33.0882352941 -565.39875 411.979 -0.05 -566.5875 413.16225 -0.05 -566.5875 413.16225 33.0882352941 -565.39875 411.979 -0.05 -566.5875 413.16225 33.0882352941 -565.39875 411.979 33.0882352941 -566.5875 413.16225 -0.05 -576.6895 397.7765 -0.05 -576.6895 397.7765 33.0882352941 -566.5875 413.16225 -0.05 -576.6895 397.7765 33.0882352941 -566.5875 413.16225 33.0882352941 339.13175 -188.59225 29.4117647059 337.94325 -188.59225 29.4117647059 338.53825 -198.06025 29.4117647059 338.53825 -198.06025 -0.05 337.94325 -188.59225 -0.05 339.13175 -188.59225 -0.05 339.13175 -188.59225 29.4117647059 338.53825 -198.06025 29.4117647059 342.6985 -198.06 29.4117647059 342.6985 -198.06 -0.05 338.53825 -198.06025 -0.05 339.13175 -188.59225 -0.05 342.6985 -198.06 29.4117647059 343.2935 -206.93625 29.4117647059 355.17925 -206.3435 29.4117647059 355.17925 -206.3435 -0.05 343.2935 -206.93625 -0.05 342.6985 -198.06 -0.05 339.13175 -188.59225 29.4117647059 342.6985 -198.06 29.4117647059 355.17925 -206.3435 29.4117647059 355.17925 -206.3435 -0.05 342.6985 -198.06 -0.05 339.13175 -188.59225 -0.05 355.17925 -206.3435 29.4117647059 355.18 -216.40325 29.4117647059 381.32875 -215.80925 29.4117647059 381.32875 -215.80925 -0.05 355.18 -216.40325 -0.05 355.17925 -206.3435 -0.05 339.13175 -188.59225 29.4117647059 355.17925 -206.3435 29.4117647059 381.32875 -215.80925 29.4117647059 381.32875 -215.80925 -0.05 355.17925 -206.3435 -0.05 339.13175 -188.59225 -0.05 339.13175 -188.59225 29.4117647059 381.32875 -215.80925 29.4117647059 380.73175 -185.03825 29.4117647059 380.73175 -185.03825 -0.05 381.32875 -215.80925 -0.05 339.13175 -188.59225 -0.05 339.13175 -188.59225 29.4117647059 380.73175 -185.03825 29.4117647059 362.903 -185.6315 29.4117647059 362.903 -185.6315 -0.05 380.73175 -185.03825 -0.05 339.13175 -188.59225 -0.05 339.13175 -188.59225 29.4117647059 362.903 -185.6315 29.4117647059 362.90275 -182.67275 29.4117647059 362.90275 -182.67275 -0.05 362.903 -185.6315 -0.05 339.13175 -188.59225 -0.05 339.13175 -188.59225 29.4117647059 362.90275 -182.67275 29.4117647059 356.96 -182.67325 29.4117647059 356.96 -182.67325 -0.05 362.90275 -182.67275 -0.05 339.13175 -188.59225 -0.05 339.13175 -188.59225 29.4117647059 356.96 -182.67325 29.4117647059 356.95875 -167.28775 29.4117647059 356.95875 -167.28775 -0.05 356.96 -182.67325 -0.05 339.13175 -188.59225 -0.05 356.95875 -167.28775 29.4117647059 339.13 -167.28925 29.4117647059 339.13175 -188.59225 29.4117647059 339.13175 -188.59225 -0.05 339.13 -167.28925 -0.05 356.95875 -167.28775 -0.05 337.94325 -188.59225 -0.05 338.53825 -198.06025 -0.05 338.53825 -198.06025 29.4117647059 337.94325 -188.59225 -0.05 338.53825 -198.06025 29.4117647059 337.94325 -188.59225 29.4117647059 338.53825 -198.06025 -0.05 342.6985 -198.06 -0.05 342.6985 -198.06 29.4117647059 338.53825 -198.06025 -0.05 342.6985 -198.06 29.4117647059 338.53825 -198.06025 29.4117647059 342.6985 -198.06 -0.05 343.2935 -206.93625 -0.05 343.2935 -206.93625 29.4117647059 342.6985 -198.06 -0.05 343.2935 -206.93625 29.4117647059 342.6985 -198.06 29.4117647059 343.2935 -206.93625 -0.05 355.17925 -206.3435 -0.05 355.17925 -206.3435 29.4117647059 343.2935 -206.93625 -0.05 355.17925 -206.3435 29.4117647059 343.2935 -206.93625 29.4117647059 355.17925 -206.3435 -0.05 355.18 -216.40325 -0.05 355.18 -216.40325 29.4117647059 355.17925 -206.3435 -0.05 355.18 -216.40325 29.4117647059 355.17925 -206.3435 29.4117647059 355.18 -216.40325 -0.05 381.32875 -215.80925 -0.05 381.32875 -215.80925 29.4117647059 355.18 -216.40325 -0.05 381.32875 -215.80925 29.4117647059 355.18 -216.40325 29.4117647059 381.32875 -215.80925 -0.05 380.73175 -185.03825 -0.05 380.73175 -185.03825 29.4117647059 381.32875 -215.80925 -0.05 380.73175 -185.03825 29.4117647059 381.32875 -215.80925 29.4117647059 380.73175 -185.03825 -0.05 362.903 -185.6315 -0.05 362.903 -185.6315 29.4117647059 380.73175 -185.03825 -0.05 362.903 -185.6315 29.4117647059 380.73175 -185.03825 29.4117647059 362.903 -185.6315 -0.05 362.90275 -182.67275 -0.05 362.90275 -182.67275 29.4117647059 362.903 -185.6315 -0.05 362.90275 -182.67275 29.4117647059 362.903 -185.6315 29.4117647059 362.90275 -182.67275 -0.05 356.96 -182.67325 -0.05 356.96 -182.67325 29.4117647059 362.90275 -182.67275 -0.05 356.96 -182.67325 29.4117647059 362.90275 -182.67275 29.4117647059 356.96 -182.67325 -0.05 356.95875 -167.28775 -0.05 356.95875 -167.28775 29.4117647059 356.96 -182.67325 -0.05 356.95875 -167.28775 29.4117647059 356.96 -182.67325 29.4117647059 356.95875 -167.28775 -0.05 339.13 -167.28925 -0.05 339.13 -167.28925 29.4117647059 356.95875 -167.28775 -0.05 339.13 -167.28925 29.4117647059 356.95875 -167.28775 29.4117647059 339.13 -167.28925 -0.05 339.13175 -188.59225 -0.05 339.13175 -188.59225 29.4117647059 339.13 -167.28925 -0.05 339.13175 -188.59225 29.4117647059 339.13 -167.28925 29.4117647059 339.13175 -188.59225 -0.05 337.94325 -188.59225 -0.05 337.94325 -188.59225 29.4117647059 339.13175 -188.59225 -0.05 337.94325 -188.59225 29.4117647059 339.13175 -188.59225 29.4117647059 446.03925 526.25375 49.8529411765 424.0515 525.66 49.8529411765 424.64975 480.095 49.8529411765 424.64975 480.095 -0.05 424.0515 525.66 -0.05 446.03925 526.25375 -0.05 446.03925 526.25375 49.8529411765 424.64975 480.095 49.8529411765 436.53525 480.09625 49.8529411765 436.53525 480.09625 -0.05 424.64975 480.095 -0.05 446.03925 526.25375 -0.05 446.03925 526.25375 49.8529411765 436.53525 480.09625 49.8529411765 436.5355 477.13725 49.8529411765 436.5355 477.13725 -0.05 436.53525 480.09625 -0.05 446.03925 526.25375 -0.05 436.5355 477.13725 49.8529411765 446.638 477.13825 49.8529411765 446.63725 486.60625 49.8529411765 446.63725 486.60625 -0.05 446.638 477.13825 -0.05 436.5355 477.13725 -0.05 446.63725 486.60625 49.8529411765 448.42 486.6065 49.8529411765 447.8245 500.21675 49.8529411765 447.8245 500.21675 -0.05 448.42 486.6065 -0.05 446.63725 486.60625 -0.05 436.5355 477.13725 49.8529411765 446.63725 486.60625 49.8529411765 447.8245 500.21675 49.8529411765 447.8245 500.21675 -0.05 446.63725 486.60625 -0.05 436.5355 477.13725 -0.05 436.5355 477.13725 49.8529411765 447.8245 500.21675 49.8529411765 446.636 500.2165 49.8529411765 446.636 500.2165 -0.05 447.8245 500.21675 -0.05 436.5355 477.13725 -0.05 436.5355 477.13725 49.8529411765 446.636 500.2165 49.8529411765 446.63525 506.13425 49.8529411765 446.63525 506.13425 -0.05 446.636 500.2165 -0.05 436.5355 477.13725 -0.05 446.63525 506.13425 49.8529411765 447.824 506.13425 49.8529411765 447.22825 520.928 49.8529411765 447.22825 520.928 -0.05 447.824 506.13425 -0.05 446.63525 506.13425 -0.05 436.5355 477.13725 49.8529411765 446.63525 506.13425 49.8529411765 447.22825 520.928 49.8529411765 447.22825 520.928 -0.05 446.63525 506.13425 -0.05 436.5355 477.13725 -0.05 436.5355 477.13725 49.8529411765 447.22825 520.928 49.8529411765 446.03975 520.928 49.8529411765 446.03975 520.928 -0.05 447.22825 520.928 -0.05 436.5355 477.13725 -0.05 436.5355 477.13725 49.8529411765 446.03975 520.928 49.8529411765 446.03925 526.25375 49.8529411765 446.03925 526.25375 -0.05 446.03975 520.928 -0.05 436.5355 477.13725 -0.05 424.0515 525.66 -0.05 424.64975 480.095 -0.05 424.64975 480.095 49.8529411765 424.0515 525.66 -0.05 424.64975 480.095 49.8529411765 424.0515 525.66 49.8529411765 424.64975 480.095 -0.05 436.53525 480.09625 -0.05 436.53525 480.09625 49.8529411765 424.64975 480.095 -0.05 436.53525 480.09625 49.8529411765 424.64975 480.095 49.8529411765 436.53525 480.09625 -0.05 436.5355 477.13725 -0.05 436.5355 477.13725 49.8529411765 436.53525 480.09625 -0.05 436.5355 477.13725 49.8529411765 436.53525 480.09625 49.8529411765 436.5355 477.13725 -0.05 446.638 477.13825 -0.05 446.638 477.13825 49.8529411765 436.5355 477.13725 -0.05 446.638 477.13825 49.8529411765 436.5355 477.13725 49.8529411765 446.638 477.13825 -0.05 446.63725 486.60625 -0.05 446.63725 486.60625 49.8529411765 446.638 477.13825 -0.05 446.63725 486.60625 49.8529411765 446.638 477.13825 49.8529411765 446.63725 486.60625 -0.05 448.42 486.6065 -0.05 448.42 486.6065 49.8529411765 446.63725 486.60625 -0.05 448.42 486.6065 49.8529411765 446.63725 486.60625 49.8529411765 448.42 486.6065 -0.05 447.8245 500.21675 -0.05 447.8245 500.21675 49.8529411765 448.42 486.6065 -0.05 447.8245 500.21675 49.8529411765 448.42 486.6065 49.8529411765 447.8245 500.21675 -0.05 446.636 500.2165 -0.05 446.636 500.2165 49.8529411765 447.8245 500.21675 -0.05 446.636 500.2165 49.8529411765 447.8245 500.21675 49.8529411765 446.636 500.2165 -0.05 446.63525 506.13425 -0.05 446.63525 506.13425 49.8529411765 446.636 500.2165 -0.05 446.63525 506.13425 49.8529411765 446.636 500.2165 49.8529411765 446.63525 506.13425 -0.05 447.824 506.13425 -0.05 447.824 506.13425 49.8529411765 446.63525 506.13425 -0.05 447.824 506.13425 49.8529411765 446.63525 506.13425 49.8529411765 447.824 506.13425 -0.05 447.22825 520.928 -0.05 447.22825 520.928 49.8529411765 447.824 506.13425 -0.05 447.22825 520.928 49.8529411765 447.824 506.13425 49.8529411765 447.22825 520.928 -0.05 446.03975 520.928 -0.05 446.03975 520.928 49.8529411765 447.22825 520.928 -0.05 446.03975 520.928 49.8529411765 447.22825 520.928 49.8529411765 446.03975 520.928 -0.05 446.03925 526.25375 -0.05 446.03925 526.25375 49.8529411765 446.03975 520.928 -0.05 446.03925 526.25375 49.8529411765 446.03975 520.928 49.8529411765 446.03925 526.25375 -0.05 424.0515 525.66 -0.05 424.0515 525.66 49.8529411765 446.03925 526.25375 -0.05 424.0515 525.66 49.8529411765 446.03925 526.25375 49.8529411765 -216.53825 3.6875 31.9117647059 -217.13175 -9.33125 31.9117647059 -206.43475 -9.3305 31.9117647059 -206.43475 -9.3305 -0.05 -217.13175 -9.33125 -0.05 -216.53825 3.6875 -0.05 -206.43475 -9.3305 31.9117647059 -207.0275 -33.00075 31.9117647059 -185.039 -33.59125 31.9117647059 -185.039 -33.59125 -0.05 -207.0275 -33.00075 -0.05 -206.43475 -9.3305 -0.05 -216.53825 3.6875 31.9117647059 -206.43475 -9.3305 31.9117647059 -185.039 -33.59125 31.9117647059 -185.039 -33.59125 -0.05 -206.43475 -9.3305 -0.05 -216.53825 3.6875 -0.05 -216.53825 3.6875 31.9117647059 -185.039 -33.59125 31.9117647059 -184.44575 -15.24675 31.9117647059 -184.44575 -15.24675 -0.05 -185.039 -33.59125 -0.05 -216.53825 3.6875 -0.05 -216.53825 3.6875 31.9117647059 -184.44575 -15.24675 31.9117647059 -182.06875 -15.24675 31.9117647059 -182.06875 -15.24675 -0.05 -184.44575 -15.24675 -0.05 -216.53825 3.6875 -0.05 -216.53825 3.6875 31.9117647059 -182.06875 -15.24675 31.9117647059 -182.06925 -8.7375 31.9117647059 -182.06925 -8.7375 -0.05 -182.06875 -15.24675 -0.05 -216.53825 3.6875 -0.05 -216.53825 3.6875 31.9117647059 -182.06925 -8.7375 31.9117647059 -167.80625 -9.32825 31.9117647059 -167.80625 -9.32825 -0.05 -182.06925 -8.7375 -0.05 -216.53825 3.6875 -0.05 -167.80625 -9.32825 31.9117647059 -167.21325 9.60775 31.9117647059 -196.333 10.7895 31.9117647059 -196.333 10.7895 -0.05 -167.21325 9.60775 -0.05 -167.80625 -9.32825 -0.05 -167.80625 -9.32825 31.9117647059 -196.333 10.7895 31.9117647059 -196.33275 4.872 31.9117647059 -196.33275 4.872 -0.05 -196.333 10.7895 -0.05 -167.80625 -9.32825 -0.05 -167.80625 -9.32825 31.9117647059 -196.33275 4.872 31.9117647059 -205.84125 5.46325 31.9117647059 -205.84125 5.46325 -0.05 -196.33275 4.872 -0.05 -167.80625 -9.32825 -0.05 -167.80625 -9.32825 31.9117647059 -205.84125 5.46325 31.9117647059 -205.84125 3.688 31.9117647059 -205.84125 3.688 -0.05 -205.84125 5.46325 -0.05 -167.80625 -9.32825 -0.05 -167.80625 -9.32825 31.9117647059 -205.84125 3.688 31.9117647059 -216.53825 3.6875 31.9117647059 -216.53825 3.6875 -0.05 -205.84125 3.688 -0.05 -167.80625 -9.32825 -0.05 -217.13175 -9.33125 -0.05 -206.43475 -9.3305 -0.05 -206.43475 -9.3305 31.9117647059 -217.13175 -9.33125 -0.05 -206.43475 -9.3305 31.9117647059 -217.13175 -9.33125 31.9117647059 -206.43475 -9.3305 -0.05 -207.0275 -33.00075 -0.05 -207.0275 -33.00075 31.9117647059 -206.43475 -9.3305 -0.05 -207.0275 -33.00075 31.9117647059 -206.43475 -9.3305 31.9117647059 -207.0275 -33.00075 -0.05 -185.039 -33.59125 -0.05 -185.039 -33.59125 31.9117647059 -207.0275 -33.00075 -0.05 -185.039 -33.59125 31.9117647059 -207.0275 -33.00075 31.9117647059 -185.039 -33.59125 -0.05 -184.44575 -15.24675 -0.05 -184.44575 -15.24675 31.9117647059 -185.039 -33.59125 -0.05 -184.44575 -15.24675 31.9117647059 -185.039 -33.59125 31.9117647059 -184.44575 -15.24675 -0.05 -182.06875 -15.24675 -0.05 -182.06875 -15.24675 31.9117647059 -184.44575 -15.24675 -0.05 -182.06875 -15.24675 31.9117647059 -184.44575 -15.24675 31.9117647059 -182.06875 -15.24675 -0.05 -182.06925 -8.7375 -0.05 -182.06925 -8.7375 31.9117647059 -182.06875 -15.24675 -0.05 -182.06925 -8.7375 31.9117647059 -182.06875 -15.24675 31.9117647059 -182.06925 -8.7375 -0.05 -167.80625 -9.32825 -0.05 -167.80625 -9.32825 31.9117647059 -182.06925 -8.7375 -0.05 -167.80625 -9.32825 31.9117647059 -182.06925 -8.7375 31.9117647059 -167.80625 -9.32825 -0.05 -167.21325 9.60775 -0.05 -167.21325 9.60775 31.9117647059 -167.80625 -9.32825 -0.05 -167.21325 9.60775 31.9117647059 -167.80625 -9.32825 31.9117647059 -167.21325 9.60775 -0.05 -196.333 10.7895 -0.05 -196.333 10.7895 31.9117647059 -167.21325 9.60775 -0.05 -196.333 10.7895 31.9117647059 -167.21325 9.60775 31.9117647059 -196.333 10.7895 -0.05 -196.33275 4.872 -0.05 -196.33275 4.872 31.9117647059 -196.333 10.7895 -0.05 -196.33275 4.872 31.9117647059 -196.333 10.7895 31.9117647059 -196.33275 4.872 -0.05 -205.84125 5.46325 -0.05 -205.84125 5.46325 31.9117647059 -196.33275 4.872 -0.05 -205.84125 5.46325 31.9117647059 -196.33275 4.872 31.9117647059 -205.84125 5.46325 -0.05 -205.84125 3.688 -0.05 -205.84125 3.688 31.9117647059 -205.84125 5.46325 -0.05 -205.84125 3.688 31.9117647059 -205.84125 5.46325 31.9117647059 -205.84125 3.688 -0.05 -216.53825 3.6875 -0.05 -216.53825 3.6875 31.9117647059 -205.84125 3.688 -0.05 -216.53825 3.6875 31.9117647059 -205.84125 3.688 31.9117647059 -216.53825 3.6875 -0.05 -217.13175 -9.33125 -0.05 -217.13175 -9.33125 31.9117647059 -216.53825 3.6875 -0.05 -217.13175 -9.33125 31.9117647059 -216.53825 3.6875 31.9117647059 -398.389 11.962 42.6470588235 -406.709 11.96175 42.6470588235 -406.7085 1.31025 42.6470588235 -406.7085 1.31025 -0.05 -406.709 11.96175 -0.05 -398.389 11.962 -0.05 -398.389 11.962 42.6470588235 -406.7085 1.31025 42.6470588235 -398.3885 1.3105 42.6470588235 -398.3885 1.3105 -0.05 -406.7085 1.31025 -0.05 -398.389 11.962 -0.05 -398.389 11.962 42.6470588235 -398.3885 1.3105 42.6470588235 -398.38725 -21.76775 42.6470588235 -398.38725 -21.76775 -0.05 -398.3885 1.3105 -0.05 -398.389 11.962 -0.05 -398.389 11.962 42.6470588235 -398.38725 -21.76775 42.6470588235 -376.39875 -21.76675 42.6470588235 -376.39875 -21.76675 -0.05 -398.38725 -21.76775 -0.05 -398.389 11.962 -0.05 -398.389 11.962 42.6470588235 -376.39875 -21.76675 42.6470588235 -376.39975 -4.60575 42.6470588235 -376.39975 -4.60575 -0.05 -376.39875 -21.76675 -0.05 -398.389 11.962 -0.05 -398.389 11.962 42.6470588235 -376.39975 -4.60575 42.6470588235 -373.42825 -4.60575 42.6470588235 -373.42825 -4.60575 -0.05 -376.39975 -4.60575 -0.05 -398.389 11.962 -0.05 -398.389 11.962 42.6470588235 -373.42825 -4.60575 42.6470588235 -373.4285 1.31175 42.6470588235 -373.4285 1.31175 -0.05 -373.42825 -4.60575 -0.05 -398.389 11.962 -0.05 -398.389 11.962 42.6470588235 -373.4285 1.31175 42.6470588235 -357.97725 1.3125 42.6470588235 -357.97725 1.3125 -0.05 -373.4285 1.31175 -0.05 -398.389 11.962 -0.05 -398.389 11.962 42.6470588235 -357.97725 1.3125 42.6470588235 -357.384 19.657 42.6470588235 -357.384 19.657 -0.05 -357.97725 1.3125 -0.05 -398.389 11.962 -0.05 -357.384 19.657 42.6470588235 -387.69225 20.24725 42.6470588235 -387.69225 16.69675 42.6470588235 -387.69225 16.69675 -0.05 -387.69225 20.24725 -0.05 -357.384 19.657 -0.05 -398.389 11.962 42.6470588235 -357.384 19.657 42.6470588235 -387.69225 16.69675 42.6470588235 -387.69225 16.69675 -0.05 -357.384 19.657 -0.05 -398.389 11.962 -0.05 -387.69225 16.69675 42.6470588235 -398.38925 16.696 42.6470588235 -398.389 11.962 42.6470588235 -398.389 11.962 -0.05 -398.38925 16.696 -0.05 -387.69225 16.69675 -0.05 -406.709 11.96175 -0.05 -406.7085 1.31025 -0.05 -406.7085 1.31025 42.6470588235 -406.709 11.96175 -0.05 -406.7085 1.31025 42.6470588235 -406.709 11.96175 42.6470588235 -406.7085 1.31025 -0.05 -398.3885 1.3105 -0.05 -398.3885 1.3105 42.6470588235 -406.7085 1.31025 -0.05 -398.3885 1.3105 42.6470588235 -406.7085 1.31025 42.6470588235 -398.3885 1.3105 -0.05 -398.38725 -21.76775 -0.05 -398.38725 -21.76775 42.6470588235 -398.3885 1.3105 -0.05 -398.38725 -21.76775 42.6470588235 -398.3885 1.3105 42.6470588235 -398.38725 -21.76775 -0.05 -376.39875 -21.76675 -0.05 -376.39875 -21.76675 42.6470588235 -398.38725 -21.76775 -0.05 -376.39875 -21.76675 42.6470588235 -398.38725 -21.76775 42.6470588235 -376.39875 -21.76675 -0.05 -376.39975 -4.60575 -0.05 -376.39975 -4.60575 42.6470588235 -376.39875 -21.76675 -0.05 -376.39975 -4.60575 42.6470588235 -376.39875 -21.76675 42.6470588235 -376.39975 -4.60575 -0.05 -373.42825 -4.60575 -0.05 -373.42825 -4.60575 42.6470588235 -376.39975 -4.60575 -0.05 -373.42825 -4.60575 42.6470588235 -376.39975 -4.60575 42.6470588235 -373.42825 -4.60575 -0.05 -373.4285 1.31175 -0.05 -373.4285 1.31175 42.6470588235 -373.42825 -4.60575 -0.05 -373.4285 1.31175 42.6470588235 -373.42825 -4.60575 42.6470588235 -373.4285 1.31175 -0.05 -357.97725 1.3125 -0.05 -357.97725 1.3125 42.6470588235 -373.4285 1.31175 -0.05 -357.97725 1.3125 42.6470588235 -373.4285 1.31175 42.6470588235 -357.97725 1.3125 -0.05 -357.384 19.657 -0.05 -357.384 19.657 42.6470588235 -357.97725 1.3125 -0.05 -357.384 19.657 42.6470588235 -357.97725 1.3125 42.6470588235 -357.384 19.657 -0.05 -387.69225 20.24725 -0.05 -387.69225 20.24725 42.6470588235 -357.384 19.657 -0.05 -387.69225 20.24725 42.6470588235 -357.384 19.657 42.6470588235 -387.69225 20.24725 -0.05 -387.69225 16.69675 -0.05 -387.69225 16.69675 42.6470588235 -387.69225 20.24725 -0.05 -387.69225 16.69675 42.6470588235 -387.69225 20.24725 42.6470588235 -387.69225 16.69675 -0.05 -398.38925 16.696 -0.05 -398.38925 16.696 42.6470588235 -387.69225 16.69675 -0.05 -398.38925 16.696 42.6470588235 -387.69225 16.69675 42.6470588235 -398.38925 16.696 -0.05 -398.389 11.962 -0.05 -398.389 11.962 42.6470588235 -398.38925 16.696 -0.05 -398.389 11.962 42.6470588235 -398.38925 16.696 42.6470588235 -398.389 11.962 -0.05 -406.709 11.96175 -0.05 -406.709 11.96175 42.6470588235 -398.389 11.962 -0.05 -406.709 11.96175 42.6470588235 -398.389 11.962 42.6470588235 -478.5965 -437.77325 48.8235294118 -479.19 -456.1175 48.8235294118 -463.144 -456.11675 48.8235294118 -463.144 -456.11675 -0.05 -479.19 -456.1175 -0.05 -478.5965 -437.77325 -0.05 -463.1435 -463.21775 48.8235294118 -478.001 -462.62675 48.8235294118 -478.59425 -482.7465 48.8235294118 -478.59425 -482.7465 -0.05 -478.001 -462.62675 -0.05 -463.1435 -463.21775 -0.05 -463.1435 -463.21775 48.8235294118 -478.59425 -482.7465 48.8235294118 -450.06825 -483.33675 48.8235294118 -450.06825 -483.33675 -0.05 -478.59425 -482.7465 -0.05 -463.1435 -463.21775 -0.05 -463.144 -456.11675 48.8235294118 -463.1435 -463.21775 48.8235294118 -450.06825 -483.33675 48.8235294118 -450.06825 -483.33675 -0.05 -463.1435 -463.21775 -0.05 -463.144 -456.11675 -0.05 -463.144 -456.11675 48.8235294118 -450.06825 -483.33675 48.8235294118 -450.06825 -479.78625 48.8235294118 -450.06825 -479.78625 -0.05 -450.06825 -483.33675 -0.05 -463.144 -456.11675 -0.05 -463.144 -456.11675 48.8235294118 -450.06825 -479.78625 48.8235294118 -430.4565 -480.377 48.8235294118 -430.4565 -480.377 -0.05 -450.06825 -479.78625 -0.05 -463.144 -456.11675 -0.05 -478.5965 -437.77325 48.8235294118 -463.144 -456.11675 48.8235294118 -430.4565 -480.377 48.8235294118 -430.4565 -480.377 -0.05 -463.144 -456.11675 -0.05 -478.5965 -437.77325 -0.05 -430.4565 -480.377 48.8235294118 -430.45725 -462.6245 48.8235294118 -438.18325 -462.625 48.8235294118 -438.18325 -462.625 -0.05 -430.45725 -462.6245 -0.05 -430.4565 -480.377 -0.05 -478.5965 -437.77325 48.8235294118 -430.4565 -480.377 48.8235294118 -438.18325 -462.625 48.8235294118 -438.18325 -462.625 -0.05 -430.4565 -480.377 -0.05 -478.5965 -437.77325 -0.05 -478.5965 -437.77325 48.8235294118 -438.18325 -462.625 48.8235294118 -438.1835 -456.11575 48.8235294118 -438.1835 -456.11575 -0.05 -438.18325 -462.625 -0.05 -478.5965 -437.77325 -0.05 -478.5965 -437.77325 48.8235294118 -438.1835 -456.11575 48.8235294118 -431.64625 -456.11525 48.8235294118 -431.64625 -456.11525 -0.05 -438.1835 -456.11575 -0.05 -478.5965 -437.77325 -0.05 -431.64625 -456.11525 48.8235294118 -431.647 -438.36275 48.8235294118 -478.5965 -437.77325 48.8235294118 -478.5965 -437.77325 -0.05 -431.647 -438.36275 -0.05 -431.64625 -456.11525 -0.05 -479.19 -456.1175 -0.05 -463.144 -456.11675 -0.05 -463.144 -456.11675 48.8235294118 -479.19 -456.1175 -0.05 -463.144 -456.11675 48.8235294118 -479.19 -456.1175 48.8235294118 -463.144 -456.11675 -0.05 -463.1435 -463.21775 -0.05 -463.1435 -463.21775 48.8235294118 -463.144 -456.11675 -0.05 -463.1435 -463.21775 48.8235294118 -463.144 -456.11675 48.8235294118 -463.1435 -463.21775 -0.05 -478.001 -462.62675 -0.05 -478.001 -462.62675 48.8235294118 -463.1435 -463.21775 -0.05 -478.001 -462.62675 48.8235294118 -463.1435 -463.21775 48.8235294118 -478.001 -462.62675 -0.05 -478.59425 -482.7465 -0.05 -478.59425 -482.7465 48.8235294118 -478.001 -462.62675 -0.05 -478.59425 -482.7465 48.8235294118 -478.001 -462.62675 48.8235294118 -478.59425 -482.7465 -0.05 -450.06825 -483.33675 -0.05 -450.06825 -483.33675 48.8235294118 -478.59425 -482.7465 -0.05 -450.06825 -483.33675 48.8235294118 -478.59425 -482.7465 48.8235294118 -450.06825 -483.33675 -0.05 -450.06825 -479.78625 -0.05 -450.06825 -479.78625 48.8235294118 -450.06825 -483.33675 -0.05 -450.06825 -479.78625 48.8235294118 -450.06825 -483.33675 48.8235294118 -450.06825 -479.78625 -0.05 -430.4565 -480.377 -0.05 -430.4565 -480.377 48.8235294118 -450.06825 -479.78625 -0.05 -430.4565 -480.377 48.8235294118 -450.06825 -479.78625 48.8235294118 -430.4565 -480.377 -0.05 -430.45725 -462.6245 -0.05 -430.45725 -462.6245 48.8235294118 -430.4565 -480.377 -0.05 -430.45725 -462.6245 48.8235294118 -430.4565 -480.377 48.8235294118 -430.45725 -462.6245 -0.05 -438.18325 -462.625 -0.05 -438.18325 -462.625 48.8235294118 -430.45725 -462.6245 -0.05 -438.18325 -462.625 48.8235294118 -430.45725 -462.6245 48.8235294118 -438.18325 -462.625 -0.05 -438.1835 -456.11575 -0.05 -438.1835 -456.11575 48.8235294118 -438.18325 -462.625 -0.05 -438.1835 -456.11575 48.8235294118 -438.18325 -462.625 48.8235294118 -438.1835 -456.11575 -0.05 -431.64625 -456.11525 -0.05 -431.64625 -456.11525 48.8235294118 -438.1835 -456.11575 -0.05 -431.64625 -456.11525 48.8235294118 -438.1835 -456.11575 48.8235294118 -431.64625 -456.11525 -0.05 -431.647 -438.36275 -0.05 -431.647 -438.36275 48.8235294118 -431.64625 -456.11525 -0.05 -431.647 -438.36275 48.8235294118 -431.64625 -456.11525 48.8235294118 -431.647 -438.36275 -0.05 -478.5965 -437.77325 -0.05 -478.5965 -437.77325 48.8235294118 -431.647 -438.36275 -0.05 -478.5965 -437.77325 48.8235294118 -431.647 -438.36275 48.8235294118 -478.5965 -437.77325 -0.05 -479.19 -456.1175 -0.05 -479.19 -456.1175 48.8235294118 -478.5965 -437.77325 -0.05 -479.19 -456.1175 48.8235294118 -478.5965 -437.77325 48.8235294118 -283.66275 -527.70975 41.0294117647 -286.63425 -527.70975 41.0294117647 -286.63375 -537.178 41.0294117647 -286.63375 -537.178 -0.05 -286.63425 -527.70975 -0.05 -283.66275 -527.70975 -0.05 -283.66275 -527.70975 41.0294117647 -286.63375 -537.178 41.0294117647 -283.66225 -537.17775 41.0294117647 -283.66225 -537.17775 -0.05 -286.63375 -537.178 -0.05 -283.66275 -527.70975 -0.05 -283.66225 -537.17775 41.0294117647 -283.66175 -548.421 41.0294117647 -250.381 -547.8275 41.0294117647 -250.381 -547.8275 -0.05 -283.66175 -548.421 -0.05 -283.66225 -537.17775 -0.05 -283.66275 -527.70975 41.0294117647 -283.66225 -537.17775 41.0294117647 -250.381 -547.8275 41.0294117647 -250.381 -547.8275 -0.05 -283.66225 -537.17775 -0.05 -283.66275 -527.70975 -0.05 -283.66275 -527.70975 41.0294117647 -250.381 -547.8275 41.0294117647 -250.38125 -545.4605 41.0294117647 -250.38125 -545.4605 -0.05 -250.381 -547.8275 -0.05 -283.66275 -527.70975 -0.05 -283.66275 -527.70975 41.0294117647 -250.38125 -545.4605 41.0294117647 -243.2495 -545.46 41.0294117647 -243.2495 -545.46 -0.05 -250.38125 -545.4605 -0.05 -283.66275 -527.70975 -0.05 -283.66275 -527.70975 41.0294117647 -243.2495 -545.46 41.0294117647 -243.251 -522.9735 41.0294117647 -243.251 -522.9735 -0.05 -243.2495 -545.46 -0.05 -283.66275 -527.70975 -0.05 -243.251 -522.9735 41.0294117647 -234.93075 -522.973 41.0294117647 -234.93175 -506.99575 41.0294117647 -234.93175 -506.99575 -0.05 -234.93075 -522.973 -0.05 -243.251 -522.9735 -0.05 -283.66275 -527.70975 41.0294117647 -243.251 -522.9735 41.0294117647 -234.93175 -506.99575 41.0294117647 -234.93175 -506.99575 -0.05 -243.251 -522.9735 -0.05 -283.66275 -527.70975 -0.05 -283.66275 -527.70975 41.0294117647 -234.93175 -506.99575 41.0294117647 -243.25175 -506.996 41.0294117647 -243.25175 -506.996 -0.05 -234.93175 -506.99575 -0.05 -283.66275 -527.70975 -0.05 -283.66275 -527.70975 41.0294117647 -243.25175 -506.996 41.0294117647 -243.252 -504.629 41.0294117647 -243.252 -504.629 -0.05 -243.25175 -506.996 -0.05 -283.66275 -527.70975 -0.05 -243.252 -504.629 41.0294117647 -283.664 -504.63125 41.0294117647 -283.66275 -527.70975 41.0294117647 -283.66275 -527.70975 -0.05 -283.664 -504.63125 -0.05 -243.252 -504.629 -0.05 -286.63425 -527.70975 -0.05 -286.63375 -537.178 -0.05 -286.63375 -537.178 41.0294117647 -286.63425 -527.70975 -0.05 -286.63375 -537.178 41.0294117647 -286.63425 -527.70975 41.0294117647 -286.63375 -537.178 -0.05 -283.66225 -537.17775 -0.05 -283.66225 -537.17775 41.0294117647 -286.63375 -537.178 -0.05 -283.66225 -537.17775 41.0294117647 -286.63375 -537.178 41.0294117647 -283.66225 -537.17775 -0.05 -283.66175 -548.421 -0.05 -283.66175 -548.421 41.0294117647 -283.66225 -537.17775 -0.05 -283.66175 -548.421 41.0294117647 -283.66225 -537.17775 41.0294117647 -283.66175 -548.421 -0.05 -250.381 -547.8275 -0.05 -250.381 -547.8275 41.0294117647 -283.66175 -548.421 -0.05 -250.381 -547.8275 41.0294117647 -283.66175 -548.421 41.0294117647 -250.381 -547.8275 -0.05 -250.38125 -545.4605 -0.05 -250.38125 -545.4605 41.0294117647 -250.381 -547.8275 -0.05 -250.38125 -545.4605 41.0294117647 -250.381 -547.8275 41.0294117647 -250.38125 -545.4605 -0.05 -243.2495 -545.46 -0.05 -243.2495 -545.46 41.0294117647 -250.38125 -545.4605 -0.05 -243.2495 -545.46 41.0294117647 -250.38125 -545.4605 41.0294117647 -243.2495 -545.46 -0.05 -243.251 -522.9735 -0.05 -243.251 -522.9735 41.0294117647 -243.2495 -545.46 -0.05 -243.251 -522.9735 41.0294117647 -243.2495 -545.46 41.0294117647 -243.251 -522.9735 -0.05 -234.93075 -522.973 -0.05 -234.93075 -522.973 41.0294117647 -243.251 -522.9735 -0.05 -234.93075 -522.973 41.0294117647 -243.251 -522.9735 41.0294117647 -234.93075 -522.973 -0.05 -234.93175 -506.99575 -0.05 -234.93175 -506.99575 41.0294117647 -234.93075 -522.973 -0.05 -234.93175 -506.99575 41.0294117647 -234.93075 -522.973 41.0294117647 -234.93175 -506.99575 -0.05 -243.25175 -506.996 -0.05 -243.25175 -506.996 41.0294117647 -234.93175 -506.99575 -0.05 -243.25175 -506.996 41.0294117647 -234.93175 -506.99575 41.0294117647 -243.25175 -506.996 -0.05 -243.252 -504.629 -0.05 -243.252 -504.629 41.0294117647 -243.25175 -506.996 -0.05 -243.252 -504.629 41.0294117647 -243.25175 -506.996 41.0294117647 -243.252 -504.629 -0.05 -283.664 -504.63125 -0.05 -283.664 -504.63125 41.0294117647 -243.252 -504.629 -0.05 -283.664 -504.63125 41.0294117647 -243.252 -504.629 41.0294117647 -283.664 -504.63125 -0.05 -283.66275 -527.70975 -0.05 -283.66275 -527.70975 41.0294117647 -283.664 -504.63125 -0.05 -283.66275 -527.70975 41.0294117647 -283.664 -504.63125 41.0294117647 -283.66275 -527.70975 -0.05 -286.63425 -527.70975 -0.05 -286.63425 -527.70975 41.0294117647 -283.66275 -527.70975 -0.05 -286.63425 -527.70975 41.0294117647 -283.66275 -527.70975 41.0294117647 -508.9005 -548.43225 48.3823529412 -509.493 -589.263 48.3823529412 -465.515 -589.261 48.3823529412 -465.515 -589.261 -0.05 -509.493 -589.263 -0.05 -508.9005 -548.43225 -0.05 -508.9005 -548.43225 48.3823529412 -465.515 -589.261 48.3823529412 -465.515 -586.894 48.3823529412 -465.515 -586.894 -0.05 -465.515 -589.261 -0.05 -508.9005 -548.43225 -0.05 -508.9005 -548.43225 48.3823529412 -465.515 -586.894 48.3823529412 -461.355 -586.894 48.3823529412 -461.355 -586.894 -0.05 -465.515 -586.894 -0.05 -508.9005 -548.43225 -0.05 -461.355 -586.894 48.3823529412 -461.3555 -572.692 48.3823529412 -464.9215 -572.692 48.3823529412 -464.9215 -572.692 -0.05 -461.3555 -572.692 -0.05 -461.355 -586.894 -0.05 -464.92175 -567.36625 48.3823529412 -461.35575 -567.366 48.3823529412 -461.35675 -546.65475 48.3823529412 -461.35675 -546.65475 -0.05 -461.35575 -567.366 -0.05 -464.92175 -567.36625 -0.05 -464.92175 -567.36625 48.3823529412 -461.35675 -546.65475 48.3823529412 -480.96875 -546.064 48.3823529412 -480.96875 -546.064 -0.05 -461.35675 -546.65475 -0.05 -464.92175 -567.36625 -0.05 -464.9215 -572.692 48.3823529412 -464.92175 -567.36625 48.3823529412 -480.96875 -546.064 48.3823529412 -480.96875 -546.064 -0.05 -464.92175 -567.36625 -0.05 -464.9215 -572.692 -0.05 -461.355 -586.894 48.3823529412 -464.9215 -572.692 48.3823529412 -480.96875 -546.064 48.3823529412 -480.96875 -546.064 -0.05 -464.9215 -572.692 -0.05 -461.355 -586.894 -0.05 -461.355 -586.894 48.3823529412 -480.96875 -546.064 48.3823529412 -480.96775 -563.22475 48.3823529412 -480.96775 -563.22475 -0.05 -480.96875 -546.064 -0.05 -461.355 -586.894 -0.05 -461.355 -586.894 48.3823529412 -480.96775 -563.22475 48.3823529412 -489.88225 -563.22525 48.3823529412 -489.88225 -563.22525 -0.05 -480.96775 -563.22475 -0.05 -461.355 -586.894 -0.05 -508.9005 -548.43225 48.3823529412 -461.355 -586.894 48.3823529412 -489.88225 -563.22525 48.3823529412 -489.88225 -563.22525 -0.05 -461.355 -586.894 -0.05 -508.9005 -548.43225 -0.05 -489.88225 -563.22525 48.3823529412 -489.883 -548.43125 48.3823529412 -508.9005 -548.43225 48.3823529412 -508.9005 -548.43225 -0.05 -489.883 -548.43125 -0.05 -489.88225 -563.22525 -0.05 -509.493 -589.263 -0.05 -465.515 -589.261 -0.05 -465.515 -589.261 48.3823529412 -509.493 -589.263 -0.05 -465.515 -589.261 48.3823529412 -509.493 -589.263 48.3823529412 -465.515 -589.261 -0.05 -465.515 -586.894 -0.05 -465.515 -586.894 48.3823529412 -465.515 -589.261 -0.05 -465.515 -586.894 48.3823529412 -465.515 -589.261 48.3823529412 -465.515 -586.894 -0.05 -461.355 -586.894 -0.05 -461.355 -586.894 48.3823529412 -465.515 -586.894 -0.05 -461.355 -586.894 48.3823529412 -465.515 -586.894 48.3823529412 -461.355 -586.894 -0.05 -461.3555 -572.692 -0.05 -461.3555 -572.692 48.3823529412 -461.355 -586.894 -0.05 -461.3555 -572.692 48.3823529412 -461.355 -586.894 48.3823529412 -461.3555 -572.692 -0.05 -464.9215 -572.692 -0.05 -464.9215 -572.692 48.3823529412 -461.3555 -572.692 -0.05 -464.9215 -572.692 48.3823529412 -461.3555 -572.692 48.3823529412 -464.9215 -572.692 -0.05 -464.92175 -567.36625 -0.05 -464.92175 -567.36625 48.3823529412 -464.9215 -572.692 -0.05 -464.92175 -567.36625 48.3823529412 -464.9215 -572.692 48.3823529412 -464.92175 -567.36625 -0.05 -461.35575 -567.366 -0.05 -461.35575 -567.366 48.3823529412 -464.92175 -567.36625 -0.05 -461.35575 -567.366 48.3823529412 -464.92175 -567.36625 48.3823529412 -461.35575 -567.366 -0.05 -461.35675 -546.65475 -0.05 -461.35675 -546.65475 48.3823529412 -461.35575 -567.366 -0.05 -461.35675 -546.65475 48.3823529412 -461.35575 -567.366 48.3823529412 -461.35675 -546.65475 -0.05 -480.96875 -546.064 -0.05 -480.96875 -546.064 48.3823529412 -461.35675 -546.65475 -0.05 -480.96875 -546.064 48.3823529412 -461.35675 -546.65475 48.3823529412 -480.96875 -546.064 -0.05 -480.96775 -563.22475 -0.05 -480.96775 -563.22475 48.3823529412 -480.96875 -546.064 -0.05 -480.96775 -563.22475 48.3823529412 -480.96875 -546.064 48.3823529412 -480.96775 -563.22475 -0.05 -489.88225 -563.22525 -0.05 -489.88225 -563.22525 48.3823529412 -480.96775 -563.22475 -0.05 -489.88225 -563.22525 48.3823529412 -480.96775 -563.22475 48.3823529412 -489.88225 -563.22525 -0.05 -489.883 -548.43125 -0.05 -489.883 -548.43125 48.3823529412 -489.88225 -563.22525 -0.05 -489.883 -548.43125 48.3823529412 -489.88225 -563.22525 48.3823529412 -489.883 -548.43125 -0.05 -508.9005 -548.43225 -0.05 -508.9005 -548.43225 48.3823529412 -489.883 -548.43125 -0.05 -508.9005 -548.43225 48.3823529412 -489.883 -548.43125 48.3823529412 -508.9005 -548.43225 -0.05 -509.493 -589.263 -0.05 -509.493 -589.263 48.3823529412 -508.9005 -548.43225 -0.05 -509.493 -589.263 48.3823529412 -508.9005 -548.43225 48.3823529412 -397.78475 -186.27475 27.5 -404.91625 -186.27525 27.5 -404.91575 -198.11025 27.5 -404.91575 -198.11025 -0.05 -404.91625 -186.27525 -0.05 -397.78475 -186.27475 -0.05 -397.78475 -186.27475 27.5 -404.91575 -198.11025 27.5 -397.78425 -198.10975 27.5 -397.78425 -198.10975 -0.05 -404.91575 -198.11025 -0.05 -397.78475 -186.27475 -0.05 -397.78475 -186.27475 27.5 -397.78425 -198.10975 27.5 -397.78275 -226.514 27.5 -397.78275 -226.514 -0.05 -397.78425 -198.10975 -0.05 -397.78475 -186.27475 -0.05 -397.78475 -186.27475 27.5 -397.78275 -226.514 27.5 -357.9655 -226.512 27.5 -357.9655 -226.512 -0.05 -397.78275 -226.514 -0.05 -397.78475 -186.27475 -0.05 -357.9655 -226.512 27.5 -357.9665 -206.984 27.5 -372.2295 -206.98475 27.5 -372.2295 -206.98475 -0.05 -357.9665 -206.984 -0.05 -357.9655 -226.512 -0.05 -397.78475 -186.27475 27.5 -357.9655 -226.512 27.5 -372.2295 -206.98475 27.5 -372.2295 -206.98475 -0.05 -357.9655 -226.512 -0.05 -397.78475 -186.27475 -0.05 -397.78475 -186.27475 27.5 -372.2295 -206.98475 27.5 -372.22975 -199.292 27.5 -372.22975 -199.292 -0.05 -372.2295 -206.98475 -0.05 -397.78475 -186.27475 -0.05 -397.78475 -186.27475 27.5 -372.22975 -199.292 27.5 -357.967 -199.29125 27.5 -357.967 -199.29125 -0.05 -372.22975 -199.292 -0.05 -397.78475 -186.27475 -0.05 -397.78475 -186.27475 27.5 -357.967 -199.29125 27.5 -357.968 -180.35525 27.5 -357.968 -180.35525 -0.05 -357.967 -199.29125 -0.05 -397.78475 -186.27475 -0.05 -357.968 -180.35525 27.5 -378.17375 -180.35625 27.5 -378.1735 -181.53975 27.5 -378.1735 -181.53975 -0.05 -378.17375 -180.35625 -0.05 -357.968 -180.35525 -0.05 -397.78475 -186.27475 27.5 -357.968 -180.35525 27.5 -378.1735 -181.53975 27.5 -378.1735 -181.53975 -0.05 -357.968 -180.35525 -0.05 -397.78475 -186.27475 -0.05 -378.1735 -181.53975 27.5 -397.785 -181.54075 27.5 -397.78475 -186.27475 27.5 -397.78475 -186.27475 -0.05 -397.785 -181.54075 -0.05 -378.1735 -181.53975 -0.05 -404.91625 -186.27525 -0.05 -404.91575 -198.11025 -0.05 -404.91575 -198.11025 27.5 -404.91625 -186.27525 -0.05 -404.91575 -198.11025 27.5 -404.91625 -186.27525 27.5 -404.91575 -198.11025 -0.05 -397.78425 -198.10975 -0.05 -397.78425 -198.10975 27.5 -404.91575 -198.11025 -0.05 -397.78425 -198.10975 27.5 -404.91575 -198.11025 27.5 -397.78425 -198.10975 -0.05 -397.78275 -226.514 -0.05 -397.78275 -226.514 27.5 -397.78425 -198.10975 -0.05 -397.78275 -226.514 27.5 -397.78425 -198.10975 27.5 -397.78275 -226.514 -0.05 -357.9655 -226.512 -0.05 -357.9655 -226.512 27.5 -397.78275 -226.514 -0.05 -357.9655 -226.512 27.5 -397.78275 -226.514 27.5 -357.9655 -226.512 -0.05 -357.9665 -206.984 -0.05 -357.9665 -206.984 27.5 -357.9655 -226.512 -0.05 -357.9665 -206.984 27.5 -357.9655 -226.512 27.5 -357.9665 -206.984 -0.05 -372.2295 -206.98475 -0.05 -372.2295 -206.98475 27.5 -357.9665 -206.984 -0.05 -372.2295 -206.98475 27.5 -357.9665 -206.984 27.5 -372.2295 -206.98475 -0.05 -372.22975 -199.292 -0.05 -372.22975 -199.292 27.5 -372.2295 -206.98475 -0.05 -372.22975 -199.292 27.5 -372.2295 -206.98475 27.5 -372.22975 -199.292 -0.05 -357.967 -199.29125 -0.05 -357.967 -199.29125 27.5 -372.22975 -199.292 -0.05 -357.967 -199.29125 27.5 -372.22975 -199.292 27.5 -357.967 -199.29125 -0.05 -357.968 -180.35525 -0.05 -357.968 -180.35525 27.5 -357.967 -199.29125 -0.05 -357.968 -180.35525 27.5 -357.967 -199.29125 27.5 -357.968 -180.35525 -0.05 -378.17375 -180.35625 -0.05 -378.17375 -180.35625 27.5 -357.968 -180.35525 -0.05 -378.17375 -180.35625 27.5 -357.968 -180.35525 27.5 -378.17375 -180.35625 -0.05 -378.1735 -181.53975 -0.05 -378.1735 -181.53975 27.5 -378.17375 -180.35625 -0.05 -378.1735 -181.53975 27.5 -378.17375 -180.35625 27.5 -378.1735 -181.53975 -0.05 -397.785 -181.54075 -0.05 -397.785 -181.54075 27.5 -378.1735 -181.53975 -0.05 -397.785 -181.54075 27.5 -378.1735 -181.53975 27.5 -397.785 -181.54075 -0.05 -397.78475 -186.27475 -0.05 -397.78475 -186.27475 27.5 -397.785 -181.54075 -0.05 -397.78475 -186.27475 27.5 -397.785 -181.54075 27.5 -397.78475 -186.27475 -0.05 -404.91625 -186.27525 -0.05 -404.91625 -186.27525 27.5 -397.78475 -186.27475 -0.05 -404.91625 -186.27525 27.5 -397.78475 -186.27475 27.5 210.7855 -438.322 40 187.60775 -437.73225 40 187.6095 -460.21875 40 187.6095 -460.21875 -0.05 187.60775 -437.73225 -0.05 210.7855 -438.322 -0.05 210.7855 -438.322 40 187.6095 -460.21875 40 207.22125 -460.21725 40 207.22125 -460.21725 -0.05 187.6095 -460.21875 -0.05 210.7855 -438.322 -0.05 207.22125 -460.21725 40 206.62725 -462.58425 40 214.353 -462.5835 40 214.353 -462.5835 -0.05 206.62725 -462.58425 -0.05 207.22125 -460.21725 -0.05 210.7855 -438.322 40 207.22125 -460.21725 40 214.353 -462.5835 40 214.353 -462.5835 -0.05 207.22125 -460.21725 -0.05 210.7855 -438.322 -0.05 214.353 -462.5835 40 214.354 -475.60225 40 233.3715 -476.1925 40 233.3715 -476.1925 -0.05 214.354 -475.60225 -0.05 214.353 -462.5835 -0.05 210.7855 -438.322 40 214.353 -462.5835 40 233.3715 -476.1925 40 233.3715 -476.1925 -0.05 214.353 -462.5835 -0.05 210.7855 -438.322 -0.05 233.3715 -476.1925 40 233.9645 -458.43975 40 232.1815 -458.44 40 232.1815 -458.44 -0.05 233.9645 -458.43975 -0.05 233.3715 -476.1925 -0.05 210.7855 -438.322 40 233.3715 -476.1925 40 232.1815 -458.44 40 232.1815 -458.44 -0.05 233.3715 -476.1925 -0.05 210.7855 -438.322 -0.05 210.7855 -438.322 40 232.1815 -458.44 40 232.18 -437.7285 40 232.18 -437.7285 -0.05 232.1815 -458.44 -0.05 210.7855 -438.322 -0.05 210.7855 -438.322 40 232.18 -437.7285 40 230.397 -437.72875 40 230.397 -437.72875 -0.05 232.18 -437.7285 -0.05 210.7855 -438.322 -0.05 210.7855 -438.322 40 230.397 -437.72875 40 230.39675 -434.17825 40 230.39675 -434.17825 -0.05 230.397 -437.72875 -0.05 210.7855 -438.322 -0.05 210.7855 -438.322 40 230.39675 -434.17825 40 225.04825 -434.17875 40 225.04825 -434.17875 -0.05 230.39675 -434.17825 -0.05 210.7855 -438.322 -0.05 210.7855 -438.322 40 225.04825 -434.17875 40 225.04775 -428.853 40 225.04775 -428.853 -0.05 225.04825 -434.17875 -0.05 210.7855 -438.322 -0.05 225.04775 -428.853 40 210.7845 -428.26225 40 210.7855 -438.322 40 210.7855 -438.322 -0.05 210.7845 -428.26225 -0.05 225.04775 -428.853 -0.05 187.60775 -437.73225 -0.05 187.6095 -460.21875 -0.05 187.6095 -460.21875 40 187.60775 -437.73225 -0.05 187.6095 -460.21875 40 187.60775 -437.73225 40 187.6095 -460.21875 -0.05 207.22125 -460.21725 -0.05 207.22125 -460.21725 40 187.6095 -460.21875 -0.05 207.22125 -460.21725 40 187.6095 -460.21875 40 207.22125 -460.21725 -0.05 206.62725 -462.58425 -0.05 206.62725 -462.58425 40 207.22125 -460.21725 -0.05 206.62725 -462.58425 40 207.22125 -460.21725 40 206.62725 -462.58425 -0.05 214.353 -462.5835 -0.05 214.353 -462.5835 40 206.62725 -462.58425 -0.05 214.353 -462.5835 40 206.62725 -462.58425 40 214.353 -462.5835 -0.05 214.354 -475.60225 -0.05 214.354 -475.60225 40 214.353 -462.5835 -0.05 214.354 -475.60225 40 214.353 -462.5835 40 214.354 -475.60225 -0.05 233.3715 -476.1925 -0.05 233.3715 -476.1925 40 214.354 -475.60225 -0.05 233.3715 -476.1925 40 214.354 -475.60225 40 233.3715 -476.1925 -0.05 233.9645 -458.43975 -0.05 233.9645 -458.43975 40 233.3715 -476.1925 -0.05 233.9645 -458.43975 40 233.3715 -476.1925 40 233.9645 -458.43975 -0.05 232.1815 -458.44 -0.05 232.1815 -458.44 40 233.9645 -458.43975 -0.05 232.1815 -458.44 40 233.9645 -458.43975 40 232.1815 -458.44 -0.05 232.18 -437.7285 -0.05 232.18 -437.7285 40 232.1815 -458.44 -0.05 232.18 -437.7285 40 232.1815 -458.44 40 232.18 -437.7285 -0.05 230.397 -437.72875 -0.05 230.397 -437.72875 40 232.18 -437.7285 -0.05 230.397 -437.72875 40 232.18 -437.7285 40 230.397 -437.72875 -0.05 230.39675 -434.17825 -0.05 230.39675 -434.17825 40 230.397 -437.72875 -0.05 230.39675 -434.17825 40 230.397 -437.72875 40 230.39675 -434.17825 -0.05 225.04825 -434.17875 -0.05 225.04825 -434.17875 40 230.39675 -434.17825 -0.05 225.04825 -434.17875 40 230.39675 -434.17825 40 225.04825 -434.17875 -0.05 225.04775 -428.853 -0.05 225.04775 -428.853 40 225.04825 -434.17875 -0.05 225.04775 -428.853 40 225.04825 -434.17875 40 225.04775 -428.853 -0.05 210.7845 -428.26225 -0.05 210.7845 -428.26225 40 225.04775 -428.853 -0.05 210.7845 -428.26225 40 225.04775 -428.853 40 210.7845 -428.26225 -0.05 210.7855 -438.322 -0.05 210.7855 -438.322 40 210.7845 -428.26225 -0.05 210.7855 -438.322 40 210.7845 -428.26225 40 210.7855 -438.322 -0.05 187.60775 -437.73225 -0.05 187.60775 -437.73225 40 210.7855 -438.322 -0.05 187.60775 -437.73225 40 210.7855 -438.322 40 460.899 493.70875 46.1764705882 459.7105 493.7085 46.1764705882 460.30525 486.01575 46.1764705882 460.30525 486.01575 -0.05 459.7105 493.7085 -0.05 460.899 493.70875 -0.05 460.899 493.70875 46.1764705882 460.30525 486.01575 46.1764705882 460.8995 486.01575 46.1764705882 460.8995 486.01575 -0.05 460.30525 486.01575 -0.05 460.899 493.70875 -0.05 460.899 493.70875 46.1764705882 460.8995 486.01575 46.1764705882 460.9005 477.1395 46.1764705882 460.9005 477.1395 -0.05 460.8995 486.01575 -0.05 460.899 493.70875 -0.05 460.899 493.70875 46.1764705882 460.9005 477.1395 46.1764705882 471.003 477.73225 46.1764705882 471.003 477.73225 -0.05 460.9005 477.1395 -0.05 460.899 493.70875 -0.05 460.899 493.70875 46.1764705882 471.003 477.73225 46.1764705882 471.0025 481.28275 46.1764705882 471.0025 481.28275 -0.05 471.003 477.73225 -0.05 460.899 493.70875 -0.05 460.899 493.70875 46.1764705882 471.0025 481.28275 46.1764705882 481.6995 481.28375 46.1764705882 481.6995 481.28375 -0.05 471.0025 481.28275 -0.05 460.899 493.70875 -0.05 460.899 493.70875 46.1764705882 481.6995 481.28375 46.1764705882 481.699 485.426 46.1764705882 481.699 485.426 -0.05 481.6995 481.28375 -0.05 460.899 493.70875 -0.05 460.899 493.70875 46.1764705882 481.699 485.426 46.1764705882 482.29325 485.426 46.1764705882 482.29325 485.426 -0.05 481.699 485.426 -0.05 460.899 493.70875 -0.05 460.899 493.70875 46.1764705882 482.29325 485.426 46.1764705882 482.292 499.03625 46.1764705882 482.292 499.03625 -0.05 482.29325 485.426 -0.05 460.899 493.70875 -0.05 460.899 493.70875 46.1764705882 482.292 499.03625 46.1764705882 480.50925 499.03625 46.1764705882 480.50925 499.03625 -0.05 482.292 499.03625 -0.05 460.899 493.70875 -0.05 460.899 493.70875 46.1764705882 480.50925 499.03625 46.1764705882 480.50875 506.13725 46.1764705882 480.50875 506.13725 -0.05 480.50925 499.03625 -0.05 460.899 493.70875 -0.05 480.50875 506.13725 46.1764705882 482.2915 506.1375 46.1764705882 482.28975 524.48175 46.1764705882 482.28975 524.48175 -0.05 482.2915 506.1375 -0.05 480.50875 506.13725 -0.05 460.899 493.70875 46.1764705882 480.50875 506.13725 46.1764705882 482.28975 524.48175 46.1764705882 482.28975 524.48175 -0.05 480.50875 506.13725 -0.05 460.899 493.70875 -0.05 482.28975 524.48175 46.1764705882 460.89625 524.47975 46.1764705882 460.899 493.70875 46.1764705882 460.899 493.70875 -0.05 460.89625 524.47975 -0.05 482.28975 524.48175 -0.05 459.7105 493.7085 -0.05 460.30525 486.01575 -0.05 460.30525 486.01575 46.1764705882 459.7105 493.7085 -0.05 460.30525 486.01575 46.1764705882 459.7105 493.7085 46.1764705882 460.30525 486.01575 -0.05 460.8995 486.01575 -0.05 460.8995 486.01575 46.1764705882 460.30525 486.01575 -0.05 460.8995 486.01575 46.1764705882 460.30525 486.01575 46.1764705882 460.8995 486.01575 -0.05 460.9005 477.1395 -0.05 460.9005 477.1395 46.1764705882 460.8995 486.01575 -0.05 460.9005 477.1395 46.1764705882 460.8995 486.01575 46.1764705882 460.9005 477.1395 -0.05 471.003 477.73225 -0.05 471.003 477.73225 46.1764705882 460.9005 477.1395 -0.05 471.003 477.73225 46.1764705882 460.9005 477.1395 46.1764705882 471.003 477.73225 -0.05 471.0025 481.28275 -0.05 471.0025 481.28275 46.1764705882 471.003 477.73225 -0.05 471.0025 481.28275 46.1764705882 471.003 477.73225 46.1764705882 471.0025 481.28275 -0.05 481.6995 481.28375 -0.05 481.6995 481.28375 46.1764705882 471.0025 481.28275 -0.05 481.6995 481.28375 46.1764705882 471.0025 481.28275 46.1764705882 481.6995 481.28375 -0.05 481.699 485.426 -0.05 481.699 485.426 46.1764705882 481.6995 481.28375 -0.05 481.699 485.426 46.1764705882 481.6995 481.28375 46.1764705882 481.699 485.426 -0.05 482.29325 485.426 -0.05 482.29325 485.426 46.1764705882 481.699 485.426 -0.05 482.29325 485.426 46.1764705882 481.699 485.426 46.1764705882 482.29325 485.426 -0.05 482.292 499.03625 -0.05 482.292 499.03625 46.1764705882 482.29325 485.426 -0.05 482.292 499.03625 46.1764705882 482.29325 485.426 46.1764705882 482.292 499.03625 -0.05 480.50925 499.03625 -0.05 480.50925 499.03625 46.1764705882 482.292 499.03625 -0.05 480.50925 499.03625 46.1764705882 482.292 499.03625 46.1764705882 480.50925 499.03625 -0.05 480.50875 506.13725 -0.05 480.50875 506.13725 46.1764705882 480.50925 499.03625 -0.05 480.50875 506.13725 46.1764705882 480.50925 499.03625 46.1764705882 480.50875 506.13725 -0.05 482.2915 506.1375 -0.05 482.2915 506.1375 46.1764705882 480.50875 506.13725 -0.05 482.2915 506.1375 46.1764705882 480.50875 506.13725 46.1764705882 482.2915 506.1375 -0.05 482.28975 524.48175 -0.05 482.28975 524.48175 46.1764705882 482.2915 506.1375 -0.05 482.28975 524.48175 46.1764705882 482.2915 506.1375 46.1764705882 482.28975 524.48175 -0.05 460.89625 524.47975 -0.05 460.89625 524.47975 46.1764705882 482.28975 524.48175 -0.05 460.89625 524.47975 46.1764705882 482.28975 524.48175 46.1764705882 460.89625 524.47975 -0.05 460.899 493.70875 -0.05 460.899 493.70875 46.1764705882 460.89625 524.47975 -0.05 460.899 493.70875 46.1764705882 460.89625 524.47975 46.1764705882 460.899 493.70875 -0.05 459.7105 493.7085 -0.05 459.7105 493.7085 46.1764705882 460.899 493.70875 -0.05 459.7105 493.7085 46.1764705882 460.899 493.70875 46.1764705882 -85.78525 -165.54575 28.8235294118 -103.0195 -165.54675 28.8235294118 -103.01825 -185.66625 28.8235294118 -103.01825 -185.66625 -0.05 -103.0195 -165.54675 -0.05 -85.78525 -165.54575 -0.05 -85.78525 -165.54575 28.8235294118 -103.01825 -185.66625 28.8235294118 -70.92675 -185.66425 28.8235294118 -70.92675 -185.66425 -0.05 -103.01825 -185.66625 -0.05 -85.78525 -165.54575 -0.05 -85.78525 -165.54575 28.8235294118 -70.92675 -185.66425 28.8235294118 -70.927 -180.3385 28.8235294118 -70.927 -180.3385 -0.05 -70.92675 -185.66425 -0.05 -85.78525 -165.54575 -0.05 -85.78525 -165.54575 28.8235294118 -70.927 -180.3385 28.8235294118 -60.82425 -180.33775 28.8235294118 -60.82425 -180.33775 -0.05 -70.927 -180.3385 -0.05 -85.78525 -165.54575 -0.05 -85.78525 -165.54575 28.8235294118 -60.82425 -180.33775 28.8235294118 -60.8245 -176.1955 28.8235294118 -60.8245 -176.1955 -0.05 -60.82425 -180.33775 -0.05 -85.78525 -165.54575 -0.05 -85.78525 -165.54575 28.8235294118 -60.8245 -176.1955 28.8235294118 -57.25875 -175.6035 28.8235294118 -57.25875 -175.6035 -0.05 -60.8245 -176.1955 -0.05 -85.78525 -165.54575 -0.05 -85.78525 -165.54575 28.8235294118 -57.25875 -175.6035 28.8235294118 -57.2595 -165.54375 28.8235294118 -57.2595 -165.54375 -0.05 -57.25875 -175.6035 -0.05 -85.78525 -165.54575 -0.05 -85.78525 -165.54575 28.8235294118 -57.2595 -165.54375 28.8235294118 -61.4195 -165.544 28.8235294118 -61.4195 -165.544 -0.05 -57.2595 -165.54375 -0.05 -85.78525 -165.54575 -0.05 -85.78525 -165.54575 28.8235294118 -61.4195 -165.544 28.8235294118 -61.421 -142.46575 28.8235294118 -61.421 -142.46575 -0.05 -61.4195 -165.544 -0.05 -85.78525 -165.54575 -0.05 -61.421 -142.46575 28.8235294118 -86.381 -142.4675 28.8235294118 -86.3805 -150.16025 28.8235294118 -86.3805 -150.16025 -0.05 -86.381 -142.4675 -0.05 -61.421 -142.46575 -0.05 -86.3805 -150.16025 28.8235294118 -97.07775 -150.16075 28.8235294118 -97.077 -159.037 28.8235294118 -97.077 -159.037 -0.05 -97.07775 -150.16075 -0.05 -86.3805 -150.16025 -0.05 -61.421 -142.46575 28.8235294118 -86.3805 -150.16025 28.8235294118 -97.077 -159.037 28.8235294118 -97.077 -159.037 -0.05 -86.3805 -150.16025 -0.05 -61.421 -142.46575 -0.05 -61.421 -142.46575 28.8235294118 -97.077 -159.037 28.8235294118 -85.78575 -159.0365 28.8235294118 -85.78575 -159.0365 -0.05 -97.077 -159.037 -0.05 -61.421 -142.46575 -0.05 -61.421 -142.46575 28.8235294118 -85.78575 -159.0365 28.8235294118 -85.78525 -165.54575 28.8235294118 -85.78525 -165.54575 -0.05 -85.78575 -159.0365 -0.05 -61.421 -142.46575 -0.05 -103.0195 -165.54675 -0.05 -103.01825 -185.66625 -0.05 -103.01825 -185.66625 28.8235294118 -103.0195 -165.54675 -0.05 -103.01825 -185.66625 28.8235294118 -103.0195 -165.54675 28.8235294118 -103.01825 -185.66625 -0.05 -70.92675 -185.66425 -0.05 -70.92675 -185.66425 28.8235294118 -103.01825 -185.66625 -0.05 -70.92675 -185.66425 28.8235294118 -103.01825 -185.66625 28.8235294118 -70.92675 -185.66425 -0.05 -70.927 -180.3385 -0.05 -70.927 -180.3385 28.8235294118 -70.92675 -185.66425 -0.05 -70.927 -180.3385 28.8235294118 -70.92675 -185.66425 28.8235294118 -70.927 -180.3385 -0.05 -60.82425 -180.33775 -0.05 -60.82425 -180.33775 28.8235294118 -70.927 -180.3385 -0.05 -60.82425 -180.33775 28.8235294118 -70.927 -180.3385 28.8235294118 -60.82425 -180.33775 -0.05 -60.8245 -176.1955 -0.05 -60.8245 -176.1955 28.8235294118 -60.82425 -180.33775 -0.05 -60.8245 -176.1955 28.8235294118 -60.82425 -180.33775 28.8235294118 -60.8245 -176.1955 -0.05 -57.25875 -175.6035 -0.05 -57.25875 -175.6035 28.8235294118 -60.8245 -176.1955 -0.05 -57.25875 -175.6035 28.8235294118 -60.8245 -176.1955 28.8235294118 -57.25875 -175.6035 -0.05 -57.2595 -165.54375 -0.05 -57.2595 -165.54375 28.8235294118 -57.25875 -175.6035 -0.05 -57.2595 -165.54375 28.8235294118 -57.25875 -175.6035 28.8235294118 -57.2595 -165.54375 -0.05 -61.4195 -165.544 -0.05 -61.4195 -165.544 28.8235294118 -57.2595 -165.54375 -0.05 -61.4195 -165.544 28.8235294118 -57.2595 -165.54375 28.8235294118 -61.4195 -165.544 -0.05 -61.421 -142.46575 -0.05 -61.421 -142.46575 28.8235294118 -61.4195 -165.544 -0.05 -61.421 -142.46575 28.8235294118 -61.4195 -165.544 28.8235294118 -61.421 -142.46575 -0.05 -86.381 -142.4675 -0.05 -86.381 -142.4675 28.8235294118 -61.421 -142.46575 -0.05 -86.381 -142.4675 28.8235294118 -61.421 -142.46575 28.8235294118 -86.381 -142.4675 -0.05 -86.3805 -150.16025 -0.05 -86.3805 -150.16025 28.8235294118 -86.381 -142.4675 -0.05 -86.3805 -150.16025 28.8235294118 -86.381 -142.4675 28.8235294118 -86.3805 -150.16025 -0.05 -97.07775 -150.16075 -0.05 -97.07775 -150.16075 28.8235294118 -86.3805 -150.16025 -0.05 -97.07775 -150.16075 28.8235294118 -86.3805 -150.16025 28.8235294118 -97.07775 -150.16075 -0.05 -97.077 -159.037 -0.05 -97.077 -159.037 28.8235294118 -97.07775 -150.16075 -0.05 -97.077 -159.037 28.8235294118 -97.07775 -150.16075 28.8235294118 -97.077 -159.037 -0.05 -85.78575 -159.0365 -0.05 -85.78575 -159.0365 28.8235294118 -97.077 -159.037 -0.05 -85.78575 -159.0365 28.8235294118 -97.077 -159.037 28.8235294118 -85.78575 -159.0365 -0.05 -85.78525 -165.54575 -0.05 -85.78525 -165.54575 28.8235294118 -85.78575 -159.0365 -0.05 -85.78525 -165.54575 28.8235294118 -85.78575 -159.0365 28.8235294118 -85.78525 -165.54575 -0.05 -103.0195 -165.54675 -0.05 -103.0195 -165.54675 28.8235294118 -85.78525 -165.54575 -0.05 -103.0195 -165.54675 28.8235294118 -85.78525 -165.54575 28.8235294118 -262.87825 -243.6675 28.5294117647 -284.867 -243.66875 28.5294117647 -284.866 -262.01325 28.5294117647 -284.866 -262.01325 -0.05 -284.867 -243.66875 -0.05 -262.87825 -243.6675 -0.05 -262.87825 -243.6675 28.5294117647 -284.866 -262.01325 28.5294117647 -266.443 -262.01225 28.5294117647 -266.443 -262.01225 -0.05 -284.866 -262.01325 -0.05 -262.87825 -243.6675 -0.05 -262.87825 -243.6675 28.5294117647 -266.443 -262.01225 28.5294117647 -266.44275 -265.56275 28.5294117647 -266.44275 -265.56275 -0.05 -266.443 -262.01225 -0.05 -262.87825 -243.6675 -0.05 -266.44275 -265.56275 28.5294117647 -284.86575 -265.56375 28.5294117647 -284.86425 -295.743 28.5294117647 -284.86425 -295.743 -0.05 -284.86575 -265.56375 -0.05 -266.44275 -265.56275 -0.05 -266.44275 -265.56275 28.5294117647 -284.86425 -295.743 28.5294117647 -243.85825 -295.74075 28.5294117647 -243.85825 -295.74075 -0.05 -284.86425 -295.743 -0.05 -266.44275 -265.56275 -0.05 -262.87825 -243.6675 28.5294117647 -266.44275 -265.56275 28.5294117647 -243.85825 -295.74075 28.5294117647 -243.85825 -295.74075 -0.05 -266.44275 -265.56275 -0.05 -262.87825 -243.6675 -0.05 -262.87825 -243.6675 28.5294117647 -243.85825 -295.74075 28.5294117647 -243.86025 -258.46025 28.5294117647 -243.86025 -258.46025 -0.05 -243.85825 -295.74075 -0.05 -262.87825 -243.6675 -0.05 -262.87825 -243.6675 28.5294117647 -243.86025 -258.46025 28.5294117647 -241.483 -258.46025 28.5294117647 -241.483 -258.46025 -0.05 -243.86025 -258.46025 -0.05 -262.87825 -243.6675 -0.05 -241.483 -258.46025 28.5294117647 -241.48375 -248.4005 28.5294117647 -243.86075 -248.4005 28.5294117647 -243.86075 -248.4005 -0.05 -241.48375 -248.4005 -0.05 -241.483 -258.46025 -0.05 -262.87825 -243.6675 28.5294117647 -241.483 -258.46025 28.5294117647 -243.86075 -248.4005 28.5294117647 -243.86075 -248.4005 -0.05 -241.483 -258.46025 -0.05 -262.87825 -243.6675 -0.05 -262.87825 -243.6675 28.5294117647 -243.86075 -248.4005 28.5294117647 -243.861 -245.44175 28.5294117647 -243.861 -245.44175 -0.05 -243.86075 -248.4005 -0.05 -262.87825 -243.6675 -0.05 -262.87825 -243.6675 28.5294117647 -243.861 -245.44175 28.5294117647 -243.26675 -245.44175 28.5294117647 -243.26675 -245.44175 -0.05 -243.861 -245.44175 -0.05 -262.87825 -243.6675 -0.05 -262.87825 -243.6675 28.5294117647 -243.26675 -245.44175 28.5294117647 -243.26725 -235.97375 28.5294117647 -243.26725 -235.97375 -0.05 -243.26675 -245.44175 -0.05 -262.87825 -243.6675 -0.05 -243.26725 -235.97375 28.5294117647 -262.87875 -235.97475 28.5294117647 -262.87825 -243.6675 28.5294117647 -262.87825 -243.6675 -0.05 -262.87875 -235.97475 -0.05 -243.26725 -235.97375 -0.05 -284.867 -243.66875 -0.05 -284.866 -262.01325 -0.05 -284.866 -262.01325 28.5294117647 -284.867 -243.66875 -0.05 -284.866 -262.01325 28.5294117647 -284.867 -243.66875 28.5294117647 -284.866 -262.01325 -0.05 -266.443 -262.01225 -0.05 -266.443 -262.01225 28.5294117647 -284.866 -262.01325 -0.05 -266.443 -262.01225 28.5294117647 -284.866 -262.01325 28.5294117647 -266.443 -262.01225 -0.05 -266.44275 -265.56275 -0.05 -266.44275 -265.56275 28.5294117647 -266.443 -262.01225 -0.05 -266.44275 -265.56275 28.5294117647 -266.443 -262.01225 28.5294117647 -266.44275 -265.56275 -0.05 -284.86575 -265.56375 -0.05 -284.86575 -265.56375 28.5294117647 -266.44275 -265.56275 -0.05 -284.86575 -265.56375 28.5294117647 -266.44275 -265.56275 28.5294117647 -284.86575 -265.56375 -0.05 -284.86425 -295.743 -0.05 -284.86425 -295.743 28.5294117647 -284.86575 -265.56375 -0.05 -284.86425 -295.743 28.5294117647 -284.86575 -265.56375 28.5294117647 -284.86425 -295.743 -0.05 -243.85825 -295.74075 -0.05 -243.85825 -295.74075 28.5294117647 -284.86425 -295.743 -0.05 -243.85825 -295.74075 28.5294117647 -284.86425 -295.743 28.5294117647 -243.85825 -295.74075 -0.05 -243.86025 -258.46025 -0.05 -243.86025 -258.46025 28.5294117647 -243.85825 -295.74075 -0.05 -243.86025 -258.46025 28.5294117647 -243.85825 -295.74075 28.5294117647 -243.86025 -258.46025 -0.05 -241.483 -258.46025 -0.05 -241.483 -258.46025 28.5294117647 -243.86025 -258.46025 -0.05 -241.483 -258.46025 28.5294117647 -243.86025 -258.46025 28.5294117647 -241.483 -258.46025 -0.05 -241.48375 -248.4005 -0.05 -241.48375 -248.4005 28.5294117647 -241.483 -258.46025 -0.05 -241.48375 -248.4005 28.5294117647 -241.483 -258.46025 28.5294117647 -241.48375 -248.4005 -0.05 -243.86075 -248.4005 -0.05 -243.86075 -248.4005 28.5294117647 -241.48375 -248.4005 -0.05 -243.86075 -248.4005 28.5294117647 -241.48375 -248.4005 28.5294117647 -243.86075 -248.4005 -0.05 -243.861 -245.44175 -0.05 -243.861 -245.44175 28.5294117647 -243.86075 -248.4005 -0.05 -243.861 -245.44175 28.5294117647 -243.86075 -248.4005 28.5294117647 -243.861 -245.44175 -0.05 -243.26675 -245.44175 -0.05 -243.26675 -245.44175 28.5294117647 -243.861 -245.44175 -0.05 -243.26675 -245.44175 28.5294117647 -243.861 -245.44175 28.5294117647 -243.26675 -245.44175 -0.05 -243.26725 -235.97375 -0.05 -243.26725 -235.97375 28.5294117647 -243.26675 -245.44175 -0.05 -243.26725 -235.97375 28.5294117647 -243.26675 -245.44175 28.5294117647 -243.26725 -235.97375 -0.05 -262.87875 -235.97475 -0.05 -262.87875 -235.97475 28.5294117647 -243.26725 -235.97375 -0.05 -262.87875 -235.97475 28.5294117647 -243.26725 -235.97375 28.5294117647 -262.87875 -235.97475 -0.05 -262.87825 -243.6675 -0.05 -262.87825 -243.6675 28.5294117647 -262.87875 -235.97475 -0.05 -262.87825 -243.6675 28.5294117647 -262.87875 -235.97475 28.5294117647 -262.87825 -243.6675 -0.05 -284.867 -243.66875 -0.05 -284.867 -243.66875 28.5294117647 -262.87825 -243.6675 -0.05 -284.867 -243.66875 28.5294117647 -262.87825 -243.6675 28.5294117647 -22.81225 149.86225 30.5882352941 -24.59375 130.92625 30.5882352941 -13.30225 129.7435 30.5882352941 -13.30225 129.7435 -0.05 -24.59375 130.92625 -0.05 -22.81225 149.86225 -0.05 -13.30225 129.7435 30.5882352941 -15.67775 106.07325 30.5882352941 -10.9235 105.48175 30.5882352941 -10.9235 105.48175 -0.05 -15.67775 106.07325 -0.05 -13.30225 129.7435 -0.05 -10.9235 105.48175 30.5882352941 -10.9235 103.7065 30.5882352941 -0.22625 101.932 30.5882352941 -0.22625 101.932 -0.05 -10.9235 103.7065 -0.05 -10.9235 105.48175 -0.05 -13.30225 129.7435 30.5882352941 -10.9235 105.48175 30.5882352941 -0.22625 101.932 30.5882352941 -0.22625 101.932 -0.05 -10.9235 105.48175 -0.05 -13.30225 129.7435 -0.05 -13.30225 129.7435 30.5882352941 -0.22625 101.932 30.5882352941 0.36775 104.299 30.5882352941 0.36775 104.299 -0.05 -0.22625 101.932 -0.05 -13.30225 129.7435 -0.05 -22.81225 149.86225 30.5882352941 -13.30225 129.7435 30.5882352941 0.36775 104.299 30.5882352941 0.36775 104.299 -0.05 -13.30225 129.7435 -0.05 -22.81225 149.86225 -0.05 -22.81225 149.86225 30.5882352941 0.36775 104.299 30.5882352941 6.31075 103.116 30.5882352941 6.31075 103.116 -0.05 0.36775 104.299 -0.05 -22.81225 149.86225 -0.05 -22.81225 149.86225 30.5882352941 6.31075 103.116 30.5882352941 8.09225 123.2355 30.5882352941 8.09225 123.2355 -0.05 6.31075 103.116 -0.05 -22.81225 149.86225 -0.05 -22.81225 149.86225 30.5882352941 8.09225 123.2355 30.5882352941 10.46925 123.23575 30.5882352941 10.46925 123.23575 -0.05 8.09225 123.2355 -0.05 -22.81225 149.86225 -0.05 -22.81225 149.86225 30.5882352941 10.46925 123.23575 30.5882352941 11.063 129.745 30.5882352941 11.063 129.745 -0.05 10.46925 123.23575 -0.05 -22.81225 149.86225 -0.05 -22.81225 149.86225 30.5882352941 11.063 129.745 30.5882352941 27.10875 127.971 30.5882352941 27.10875 127.971 -0.05 11.063 129.745 -0.05 -22.81225 149.86225 -0.05 27.10875 127.971 30.5882352941 29.4845 145.72375 30.5882352941 -10.9265 149.86325 30.5882352941 -10.9265 149.86325 -0.05 29.4845 145.72375 -0.05 27.10875 127.971 -0.05 27.10875 127.971 30.5882352941 -10.9265 149.86325 30.5882352941 -11.52075 148.6795 30.5882352941 -11.52075 148.6795 -0.05 -10.9265 149.86325 -0.05 27.10875 127.971 -0.05 27.10875 127.971 30.5882352941 -11.52075 148.6795 30.5882352941 -22.81225 149.86225 30.5882352941 -22.81225 149.86225 -0.05 -11.52075 148.6795 -0.05 27.10875 127.971 -0.05 -24.59375 130.92625 -0.05 -13.30225 129.7435 -0.05 -13.30225 129.7435 30.5882352941 -24.59375 130.92625 -0.05 -13.30225 129.7435 30.5882352941 -24.59375 130.92625 30.5882352941 -13.30225 129.7435 -0.05 -15.67775 106.07325 -0.05 -15.67775 106.07325 30.5882352941 -13.30225 129.7435 -0.05 -15.67775 106.07325 30.5882352941 -13.30225 129.7435 30.5882352941 -15.67775 106.07325 -0.05 -10.9235 105.48175 -0.05 -10.9235 105.48175 30.5882352941 -15.67775 106.07325 -0.05 -10.9235 105.48175 30.5882352941 -15.67775 106.07325 30.5882352941 -10.9235 105.48175 -0.05 -10.9235 103.7065 -0.05 -10.9235 103.7065 30.5882352941 -10.9235 105.48175 -0.05 -10.9235 103.7065 30.5882352941 -10.9235 105.48175 30.5882352941 -10.9235 103.7065 -0.05 -0.22625 101.932 -0.05 -0.22625 101.932 30.5882352941 -10.9235 103.7065 -0.05 -0.22625 101.932 30.5882352941 -10.9235 103.7065 30.5882352941 -0.22625 101.932 -0.05 0.36775 104.299 -0.05 0.36775 104.299 30.5882352941 -0.22625 101.932 -0.05 0.36775 104.299 30.5882352941 -0.22625 101.932 30.5882352941 0.36775 104.299 -0.05 6.31075 103.116 -0.05 6.31075 103.116 30.5882352941 0.36775 104.299 -0.05 6.31075 103.116 30.5882352941 0.36775 104.299 30.5882352941 6.31075 103.116 -0.05 8.09225 123.2355 -0.05 8.09225 123.2355 30.5882352941 6.31075 103.116 -0.05 8.09225 123.2355 30.5882352941 6.31075 103.116 30.5882352941 8.09225 123.2355 -0.05 10.46925 123.23575 -0.05 10.46925 123.23575 30.5882352941 8.09225 123.2355 -0.05 10.46925 123.23575 30.5882352941 8.09225 123.2355 30.5882352941 10.46925 123.23575 -0.05 11.063 129.745 -0.05 11.063 129.745 30.5882352941 10.46925 123.23575 -0.05 11.063 129.745 30.5882352941 10.46925 123.23575 30.5882352941 11.063 129.745 -0.05 27.10875 127.971 -0.05 27.10875 127.971 30.5882352941 11.063 129.745 -0.05 27.10875 127.971 30.5882352941 11.063 129.745 30.5882352941 27.10875 127.971 -0.05 29.4845 145.72375 -0.05 29.4845 145.72375 30.5882352941 27.10875 127.971 -0.05 29.4845 145.72375 30.5882352941 27.10875 127.971 30.5882352941 29.4845 145.72375 -0.05 -10.9265 149.86325 -0.05 -10.9265 149.86325 30.5882352941 29.4845 145.72375 -0.05 -10.9265 149.86325 30.5882352941 29.4845 145.72375 30.5882352941 -10.9265 149.86325 -0.05 -11.52075 148.6795 -0.05 -11.52075 148.6795 30.5882352941 -10.9265 149.86325 -0.05 -11.52075 148.6795 30.5882352941 -10.9265 149.86325 30.5882352941 -11.52075 148.6795 -0.05 -22.81225 149.86225 -0.05 -22.81225 149.86225 30.5882352941 -11.52075 148.6795 -0.05 -22.81225 149.86225 30.5882352941 -11.52075 148.6795 30.5882352941 -22.81225 149.86225 -0.05 -24.59375 130.92625 -0.05 -24.59375 130.92625 30.5882352941 -22.81225 149.86225 -0.05 -24.59375 130.92625 30.5882352941 -22.81225 149.86225 30.5882352941 36.59025 511.427 23.9705882353 35.40225 503.73425 23.9705882353 54.419 500.185 23.9705882353 54.419 500.185 -0.05 35.40225 503.73425 -0.05 36.59025 511.427 -0.05 57.3895 513.7955 23.9705882353 76.40625 510.24625 23.9705882353 77.00025 514.9805 23.9705882353 77.00025 514.9805 -0.05 76.40625 510.24625 -0.05 57.3895 513.7955 -0.05 77.00025 514.9805 23.9705882353 81.75425 514.389 23.9705882353 82.9425 520.3065 23.9705882353 82.9425 520.3065 -0.05 81.75425 514.389 -0.05 77.00025 514.9805 -0.05 57.3895 513.7955 23.9705882353 77.00025 514.9805 23.9705882353 82.9425 520.3065 23.9705882353 82.9425 520.3065 -0.05 77.00025 514.9805 -0.05 57.3895 513.7955 -0.05 82.9425 520.3065 23.9705882353 87.69675 519.1235 23.9705882353 94.231 555.8125 23.9705882353 94.231 555.8125 -0.05 87.69675 519.1235 -0.05 82.9425 520.3065 -0.05 57.3895 513.7955 23.9705882353 82.9425 520.3065 23.9705882353 94.231 555.8125 23.9705882353 94.231 555.8125 -0.05 82.9425 520.3065 -0.05 57.3895 513.7955 -0.05 94.231 555.8125 23.9705882353 74.61975 559.36175 23.9705882353 72.24375 547.5265 23.9705882353 72.24375 547.5265 -0.05 74.61975 559.36175 -0.05 94.231 555.8125 -0.05 57.3895 513.7955 23.9705882353 94.231 555.8125 23.9705882353 72.24375 547.5265 23.9705882353 72.24375 547.5265 -0.05 94.231 555.8125 -0.05 57.3895 513.7955 -0.05 57.3895 513.7955 23.9705882353 72.24375 547.5265 23.9705882353 45.50125 552.2585 23.9705882353 45.50125 552.2585 -0.05 72.24375 547.5265 -0.05 57.3895 513.7955 -0.05 54.419 500.185 23.9705882353 57.3895 513.7955 23.9705882353 45.50125 552.2585 23.9705882353 45.50125 552.2585 -0.05 57.3895 513.7955 -0.05 54.419 500.185 -0.05 54.419 500.185 23.9705882353 45.50125 552.2585 23.9705882353 44.90725 549.8915 23.9705882353 44.90725 549.8915 -0.05 45.50125 552.2585 -0.05 54.419 500.185 -0.05 54.419 500.185 23.9705882353 44.90725 549.8915 23.9705882353 41.3415 550.483 23.9705882353 41.3415 550.483 -0.05 44.90725 549.8915 -0.05 54.419 500.185 -0.05 41.3415 550.483 23.9705882353 36.58925 525.03725 23.9705882353 40.15475 524.44575 23.9705882353 40.15475 524.44575 -0.05 36.58925 525.03725 -0.05 41.3415 550.483 -0.05 54.419 500.185 23.9705882353 41.3415 550.483 23.9705882353 40.15475 524.44575 23.9705882353 40.15475 524.44575 -0.05 41.3415 550.483 -0.05 54.419 500.185 -0.05 54.419 500.185 23.9705882353 40.15475 524.44575 23.9705882353 37.77875 510.83525 23.9705882353 37.77875 510.83525 -0.05 40.15475 524.44575 -0.05 54.419 500.185 -0.05 54.419 500.185 23.9705882353 37.77875 510.83525 23.9705882353 36.59025 511.427 23.9705882353 36.59025 511.427 -0.05 37.77875 510.83525 -0.05 54.419 500.185 -0.05 35.40225 503.73425 -0.05 54.419 500.185 -0.05 54.419 500.185 23.9705882353 35.40225 503.73425 -0.05 54.419 500.185 23.9705882353 35.40225 503.73425 23.9705882353 54.419 500.185 -0.05 57.3895 513.7955 -0.05 57.3895 513.7955 23.9705882353 54.419 500.185 -0.05 57.3895 513.7955 23.9705882353 54.419 500.185 23.9705882353 57.3895 513.7955 -0.05 76.40625 510.24625 -0.05 76.40625 510.24625 23.9705882353 57.3895 513.7955 -0.05 76.40625 510.24625 23.9705882353 57.3895 513.7955 23.9705882353 76.40625 510.24625 -0.05 77.00025 514.9805 -0.05 77.00025 514.9805 23.9705882353 76.40625 510.24625 -0.05 77.00025 514.9805 23.9705882353 76.40625 510.24625 23.9705882353 77.00025 514.9805 -0.05 81.75425 514.389 -0.05 81.75425 514.389 23.9705882353 77.00025 514.9805 -0.05 81.75425 514.389 23.9705882353 77.00025 514.9805 23.9705882353 81.75425 514.389 -0.05 82.9425 520.3065 -0.05 82.9425 520.3065 23.9705882353 81.75425 514.389 -0.05 82.9425 520.3065 23.9705882353 81.75425 514.389 23.9705882353 82.9425 520.3065 -0.05 87.69675 519.1235 -0.05 87.69675 519.1235 23.9705882353 82.9425 520.3065 -0.05 87.69675 519.1235 23.9705882353 82.9425 520.3065 23.9705882353 87.69675 519.1235 -0.05 94.231 555.8125 -0.05 94.231 555.8125 23.9705882353 87.69675 519.1235 -0.05 94.231 555.8125 23.9705882353 87.69675 519.1235 23.9705882353 94.231 555.8125 -0.05 74.61975 559.36175 -0.05 74.61975 559.36175 23.9705882353 94.231 555.8125 -0.05 74.61975 559.36175 23.9705882353 94.231 555.8125 23.9705882353 74.61975 559.36175 -0.05 72.24375 547.5265 -0.05 72.24375 547.5265 23.9705882353 74.61975 559.36175 -0.05 72.24375 547.5265 23.9705882353 74.61975 559.36175 23.9705882353 72.24375 547.5265 -0.05 45.50125 552.2585 -0.05 45.50125 552.2585 23.9705882353 72.24375 547.5265 -0.05 45.50125 552.2585 23.9705882353 72.24375 547.5265 23.9705882353 45.50125 552.2585 -0.05 44.90725 549.8915 -0.05 44.90725 549.8915 23.9705882353 45.50125 552.2585 -0.05 44.90725 549.8915 23.9705882353 45.50125 552.2585 23.9705882353 44.90725 549.8915 -0.05 41.3415 550.483 -0.05 41.3415 550.483 23.9705882353 44.90725 549.8915 -0.05 41.3415 550.483 23.9705882353 44.90725 549.8915 23.9705882353 41.3415 550.483 -0.05 36.58925 525.03725 -0.05 36.58925 525.03725 23.9705882353 41.3415 550.483 -0.05 36.58925 525.03725 23.9705882353 41.3415 550.483 23.9705882353 36.58925 525.03725 -0.05 40.15475 524.44575 -0.05 40.15475 524.44575 23.9705882353 36.58925 525.03725 -0.05 40.15475 524.44575 23.9705882353 36.58925 525.03725 23.9705882353 40.15475 524.44575 -0.05 37.77875 510.83525 -0.05 37.77875 510.83525 23.9705882353 40.15475 524.44575 -0.05 37.77875 510.83525 23.9705882353 40.15475 524.44575 23.9705882353 37.77875 510.83525 -0.05 36.59025 511.427 -0.05 36.59025 511.427 23.9705882353 37.77875 510.83525 -0.05 36.59025 511.427 23.9705882353 37.77875 510.83525 23.9705882353 36.59025 511.427 -0.05 35.40225 503.73425 -0.05 35.40225 503.73425 23.9705882353 36.59025 511.427 -0.05 35.40225 503.73425 23.9705882353 36.59025 511.427 23.9705882353 312.97275 -64.3265 26.0294117647 290.98425 -64.32825 26.0294117647 290.986 -85.6315 26.0294117647 290.986 -85.6315 -0.05 290.98425 -64.32825 -0.05 312.97275 -64.3265 -0.05 312.97275 -64.3265 26.0294117647 290.986 -85.6315 26.0294117647 307.03175 -85.63 26.0294117647 307.03175 -85.63 -0.05 290.986 -85.6315 -0.05 312.97275 -64.3265 -0.05 312.97275 -64.3265 26.0294117647 307.03175 -85.63 26.0294117647 307.032 -87.997 26.0294117647 307.032 -87.997 -0.05 307.03175 -85.63 -0.05 312.97275 -64.3265 -0.05 312.97275 -64.3265 26.0294117647 307.032 -87.997 26.0294117647 314.75775 -87.9965 26.0294117647 314.75775 -87.9965 -0.05 307.032 -87.997 -0.05 312.97275 -64.3265 -0.05 314.75775 -87.9965 26.0294117647 314.759 -102.79025 26.0294117647 333.18175 -102.78875 26.0294117647 333.18175 -102.78875 -0.05 314.759 -102.79025 -0.05 314.75775 -87.9965 -0.05 312.97275 -64.3265 26.0294117647 314.75775 -87.9965 26.0294117647 333.18175 -102.78875 26.0294117647 333.18175 -102.78875 -0.05 314.75775 -87.9965 -0.05 312.97275 -64.3265 -0.05 333.18175 -102.78875 26.0294117647 333.17875 -67.87525 26.0294117647 329.01875 -67.87575 26.0294117647 329.01875 -67.87575 -0.05 333.17875 -67.87525 -0.05 333.18175 -102.78875 -0.05 312.97275 -64.3265 26.0294117647 333.18175 -102.78875 26.0294117647 329.01875 -67.87575 26.0294117647 329.01875 -67.87575 -0.05 333.18175 -102.78875 -0.05 312.97275 -64.3265 -0.05 312.97275 -64.3265 26.0294117647 329.01875 -67.87575 26.0294117647 329.0185 -64.32525 26.0294117647 329.0185 -64.32525 -0.05 329.01875 -67.87575 -0.05 312.97275 -64.3265 -0.05 312.97275 -64.3265 26.0294117647 329.0185 -64.32525 26.0294117647 325.45275 -64.3255 26.0294117647 325.45275 -64.3255 -0.05 329.0185 -64.32525 -0.05 312.97275 -64.3265 -0.05 312.97275 -64.3265 26.0294117647 325.45275 -64.3255 26.0294117647 325.452 -54.8575 26.0294117647 325.452 -54.8575 -0.05 325.45275 -64.3255 -0.05 312.97275 -64.3265 -0.05 312.97275 -64.3265 26.0294117647 325.452 -54.8575 26.0294117647 322.4805 -53.0825 26.0294117647 322.4805 -53.0825 -0.05 325.452 -54.8575 -0.05 312.97275 -64.3265 -0.05 312.97275 -64.3265 26.0294117647 322.4805 -53.0825 26.0294117647 321.886 -53.0825 26.0294117647 321.886 -53.0825 -0.05 322.4805 -53.0825 -0.05 312.97275 -64.3265 -0.05 312.97275 -64.3265 26.0294117647 321.886 -53.0825 26.0294117647 319.509 -52.491 26.0294117647 319.509 -52.491 -0.05 321.886 -53.0825 -0.05 312.97275 -64.3265 -0.05 312.97275 -64.3265 26.0294117647 319.509 -52.491 26.0294117647 317.726 -52.491 26.0294117647 317.726 -52.491 -0.05 319.509 -52.491 -0.05 312.97275 -64.3265 -0.05 312.97275 -64.3265 26.0294117647 317.726 -52.491 26.0294117647 315.94325 -53.083 26.0294117647 315.94325 -53.083 -0.05 317.726 -52.491 -0.05 312.97275 -64.3265 -0.05 315.94325 -53.083 26.0294117647 312.972 -54.8585 26.0294117647 312.97275 -64.3265 26.0294117647 312.97275 -64.3265 -0.05 312.972 -54.8585 -0.05 315.94325 -53.083 -0.05 290.98425 -64.32825 -0.05 290.986 -85.6315 -0.05 290.986 -85.6315 26.0294117647 290.98425 -64.32825 -0.05 290.986 -85.6315 26.0294117647 290.98425 -64.32825 26.0294117647 290.986 -85.6315 -0.05 307.03175 -85.63 -0.05 307.03175 -85.63 26.0294117647 290.986 -85.6315 -0.05 307.03175 -85.63 26.0294117647 290.986 -85.6315 26.0294117647 307.03175 -85.63 -0.05 307.032 -87.997 -0.05 307.032 -87.997 26.0294117647 307.03175 -85.63 -0.05 307.032 -87.997 26.0294117647 307.03175 -85.63 26.0294117647 307.032 -87.997 -0.05 314.75775 -87.9965 -0.05 314.75775 -87.9965 26.0294117647 307.032 -87.997 -0.05 314.75775 -87.9965 26.0294117647 307.032 -87.997 26.0294117647 314.75775 -87.9965 -0.05 314.759 -102.79025 -0.05 314.759 -102.79025 26.0294117647 314.75775 -87.9965 -0.05 314.759 -102.79025 26.0294117647 314.75775 -87.9965 26.0294117647 314.759 -102.79025 -0.05 333.18175 -102.78875 -0.05 333.18175 -102.78875 26.0294117647 314.759 -102.79025 -0.05 333.18175 -102.78875 26.0294117647 314.759 -102.79025 26.0294117647 333.18175 -102.78875 -0.05 333.17875 -67.87525 -0.05 333.17875 -67.87525 26.0294117647 333.18175 -102.78875 -0.05 333.17875 -67.87525 26.0294117647 333.18175 -102.78875 26.0294117647 333.17875 -67.87525 -0.05 329.01875 -67.87575 -0.05 329.01875 -67.87575 26.0294117647 333.17875 -67.87525 -0.05 329.01875 -67.87575 26.0294117647 333.17875 -67.87525 26.0294117647 329.01875 -67.87575 -0.05 329.0185 -64.32525 -0.05 329.0185 -64.32525 26.0294117647 329.01875 -67.87575 -0.05 329.0185 -64.32525 26.0294117647 329.01875 -67.87575 26.0294117647 329.0185 -64.32525 -0.05 325.45275 -64.3255 -0.05 325.45275 -64.3255 26.0294117647 329.0185 -64.32525 -0.05 325.45275 -64.3255 26.0294117647 329.0185 -64.32525 26.0294117647 325.45275 -64.3255 -0.05 325.452 -54.8575 -0.05 325.452 -54.8575 26.0294117647 325.45275 -64.3255 -0.05 325.452 -54.8575 26.0294117647 325.45275 -64.3255 26.0294117647 325.452 -54.8575 -0.05 322.4805 -53.0825 -0.05 322.4805 -53.0825 26.0294117647 325.452 -54.8575 -0.05 322.4805 -53.0825 26.0294117647 325.452 -54.8575 26.0294117647 322.4805 -53.0825 -0.05 321.886 -53.0825 -0.05 321.886 -53.0825 26.0294117647 322.4805 -53.0825 -0.05 321.886 -53.0825 26.0294117647 322.4805 -53.0825 26.0294117647 321.886 -53.0825 -0.05 319.509 -52.491 -0.05 319.509 -52.491 26.0294117647 321.886 -53.0825 -0.05 319.509 -52.491 26.0294117647 321.886 -53.0825 26.0294117647 319.509 -52.491 -0.05 317.726 -52.491 -0.05 317.726 -52.491 26.0294117647 319.509 -52.491 -0.05 317.726 -52.491 26.0294117647 319.509 -52.491 26.0294117647 317.726 -52.491 -0.05 315.94325 -53.083 -0.05 315.94325 -53.083 26.0294117647 317.726 -52.491 -0.05 315.94325 -53.083 26.0294117647 317.726 -52.491 26.0294117647 315.94325 -53.083 -0.05 312.972 -54.8585 -0.05 312.972 -54.8585 26.0294117647 315.94325 -53.083 -0.05 312.972 -54.8585 26.0294117647 315.94325 -53.083 26.0294117647 312.972 -54.8585 -0.05 312.97275 -64.3265 -0.05 312.97275 -64.3265 26.0294117647 312.972 -54.8585 -0.05 312.97275 -64.3265 26.0294117647 312.972 -54.8585 26.0294117647 312.97275 -64.3265 -0.05 290.98425 -64.32825 -0.05 290.98425 -64.32825 26.0294117647 312.97275 -64.3265 -0.05 290.98425 -64.32825 26.0294117647 312.97275 -64.3265 26.0294117647 -33.4635 -530.65325 36.4705882353 -38.21775 -531.837 36.4705882353 -34.651 -545.447 36.4705882353 -34.651 -545.447 -0.05 -38.21775 -531.837 -0.05 -33.4635 -530.65325 -0.05 -33.4635 -530.65325 36.4705882353 -34.651 -545.447 36.4705882353 -20.9825 -541.30375 36.4705882353 -20.9825 -541.30375 -0.05 -34.651 -545.447 -0.05 -33.4635 -530.65325 -0.05 -17.416 -550.77175 36.4705882353 -25.14125 -563.199 36.4705882353 -9.0945 -573.25775 36.4705882353 -9.0945 -573.25775 -0.05 -25.14125 -563.199 -0.05 -17.416 -550.77175 -0.05 -17.416 -550.77175 36.4705882353 -9.0945 -573.25775 36.4705882353 -0.77525 -560.2385 36.4705882353 -0.77525 -560.2385 -0.05 -9.0945 -573.25775 -0.05 -17.416 -550.77175 -0.05 -20.9825 -541.30375 36.4705882353 -17.416 -550.77175 36.4705882353 -0.77525 -560.2385 36.4705882353 -0.77525 -560.2385 -0.05 -17.416 -550.77175 -0.05 -20.9825 -541.30375 -0.05 -20.9825 -541.30375 36.4705882353 -0.77525 -560.2385 36.4705882353 8.13925 -557.27925 36.4705882353 8.13925 -557.27925 -0.05 -0.77525 -560.2385 -0.05 -20.9825 -541.30375 -0.05 -33.4635 -530.65325 36.4705882353 -20.9825 -541.30375 36.4705882353 8.13925 -557.27925 36.4705882353 8.13925 -557.27925 -0.05 -20.9825 -541.30375 -0.05 -33.4635 -530.65325 -0.05 -33.4635 -530.65325 36.4705882353 8.13925 -557.27925 36.4705882353 6.35575 -551.9535 36.4705882353 6.35575 -551.9535 -0.05 8.13925 -557.27925 -0.05 -33.4635 -530.65325 -0.05 -33.4635 -530.65325 36.4705882353 6.35575 -551.9535 36.4705882353 13.48725 -549.586 36.4705882353 13.48725 -549.586 -0.05 6.35575 -551.9535 -0.05 -33.4635 -530.65325 -0.05 -33.4635 -530.65325 36.4705882353 13.48725 -549.586 36.4705882353 12.89275 -547.219 36.4705882353 12.89275 -547.219 -0.05 13.48725 -549.586 -0.05 -33.4635 -530.65325 -0.05 -33.4635 -530.65325 36.4705882353 12.89275 -547.219 36.4705882353 15.27 -546.0355 36.4705882353 15.27 -546.0355 -0.05 12.89275 -547.219 -0.05 -33.4635 -530.65325 -0.05 15.27 -546.0355 36.4705882353 12.29775 -537.751 36.4705882353 9.92075 -538.343 36.4705882353 9.92075 -538.343 -0.05 12.29775 -537.751 -0.05 15.27 -546.0355 -0.05 9.92075 -538.343 36.4705882353 9.32625 -535.976 36.4705882353 2.19475 -538.3435 36.4705882353 2.19475 -538.3435 -0.05 9.32625 -535.976 -0.05 9.92075 -538.343 -0.05 15.27 -546.0355 36.4705882353 9.92075 -538.343 36.4705882353 2.19475 -538.3435 36.4705882353 2.19475 -538.3435 -0.05 9.92075 -538.343 -0.05 15.27 -546.0355 -0.05 -33.4635 -530.65325 36.4705882353 15.27 -546.0355 36.4705882353 2.19475 -538.3435 36.4705882353 2.19475 -538.3435 -0.05 15.27 -546.0355 -0.05 -33.4635 -530.65325 -0.05 -33.4635 -530.65325 36.4705882353 2.19475 -538.3435 36.4705882353 -0.18275 -530.651 36.4705882353 -0.18275 -530.651 -0.05 2.19475 -538.3435 -0.05 -33.4635 -530.65325 -0.05 -33.4635 -530.65325 36.4705882353 -0.18275 -530.651 36.4705882353 15.86275 -525.91575 36.4705882353 15.86275 -525.91575 -0.05 -0.18275 -530.651 -0.05 -33.4635 -530.65325 -0.05 -33.4635 -530.65325 36.4705882353 15.86275 -525.91575 36.4705882353 9.9185 -507.572 36.4705882353 9.9185 -507.572 -0.05 15.86275 -525.91575 -0.05 -33.4635 -530.65325 -0.05 -33.4635 -530.65325 36.4705882353 9.9185 -507.572 36.4705882353 -5.53275 -512.307 36.4705882353 -5.53275 -512.307 -0.05 9.9185 -507.572 -0.05 -33.4635 -530.65325 -0.05 -33.4635 -530.65325 36.4705882353 -5.53275 -512.307 36.4705882353 -7.316 -506.3895 36.4705882353 -7.316 -506.3895 -0.05 -5.53275 -512.307 -0.05 -33.4635 -530.65325 -0.05 -15.636 -508.75725 36.4705882353 -16.2305 -506.982 36.4705882353 -33.46475 -512.30875 36.4705882353 -33.46475 -512.30875 -0.05 -16.2305 -506.982 -0.05 -15.636 -508.75725 -0.05 -15.636 -508.75725 36.4705882353 -33.46475 -512.30875 36.4705882353 -29.30375 -526.51075 36.4705882353 -29.30375 -526.51075 -0.05 -33.46475 -512.30875 -0.05 -15.636 -508.75725 -0.05 -7.316 -506.3895 36.4705882353 -15.636 -508.75725 36.4705882353 -29.30375 -526.51075 36.4705882353 -29.30375 -526.51075 -0.05 -15.636 -508.75725 -0.05 -7.316 -506.3895 -0.05 -33.4635 -530.65325 36.4705882353 -7.316 -506.3895 36.4705882353 -29.30375 -526.51075 36.4705882353 -29.30375 -526.51075 -0.05 -7.316 -506.3895 -0.05 -33.4635 -530.65325 -0.05 -29.30375 -526.51075 36.4705882353 -34.65225 -528.28625 36.4705882353 -33.4635 -530.65325 36.4705882353 -33.4635 -530.65325 -0.05 -34.65225 -528.28625 -0.05 -29.30375 -526.51075 -0.05 -38.21775 -531.837 -0.05 -34.651 -545.447 -0.05 -34.651 -545.447 36.4705882353 -38.21775 -531.837 -0.05 -34.651 -545.447 36.4705882353 -38.21775 -531.837 36.4705882353 -34.651 -545.447 -0.05 -20.9825 -541.30375 -0.05 -20.9825 -541.30375 36.4705882353 -34.651 -545.447 -0.05 -20.9825 -541.30375 36.4705882353 -34.651 -545.447 36.4705882353 -20.9825 -541.30375 -0.05 -17.416 -550.77175 -0.05 -17.416 -550.77175 36.4705882353 -20.9825 -541.30375 -0.05 -17.416 -550.77175 36.4705882353 -20.9825 -541.30375 36.4705882353 -17.416 -550.77175 -0.05 -25.14125 -563.199 -0.05 -25.14125 -563.199 36.4705882353 -17.416 -550.77175 -0.05 -25.14125 -563.199 36.4705882353 -17.416 -550.77175 36.4705882353 -25.14125 -563.199 -0.05 -9.0945 -573.25775 -0.05 -9.0945 -573.25775 36.4705882353 -25.14125 -563.199 -0.05 -9.0945 -573.25775 36.4705882353 -25.14125 -563.199 36.4705882353 -9.0945 -573.25775 -0.05 -0.77525 -560.2385 -0.05 -0.77525 -560.2385 36.4705882353 -9.0945 -573.25775 -0.05 -0.77525 -560.2385 36.4705882353 -9.0945 -573.25775 36.4705882353 -0.77525 -560.2385 -0.05 8.13925 -557.27925 -0.05 8.13925 -557.27925 36.4705882353 -0.77525 -560.2385 -0.05 8.13925 -557.27925 36.4705882353 -0.77525 -560.2385 36.4705882353 8.13925 -557.27925 -0.05 6.35575 -551.9535 -0.05 6.35575 -551.9535 36.4705882353 8.13925 -557.27925 -0.05 6.35575 -551.9535 36.4705882353 8.13925 -557.27925 36.4705882353 6.35575 -551.9535 -0.05 13.48725 -549.586 -0.05 13.48725 -549.586 36.4705882353 6.35575 -551.9535 -0.05 13.48725 -549.586 36.4705882353 6.35575 -551.9535 36.4705882353 13.48725 -549.586 -0.05 12.89275 -547.219 -0.05 12.89275 -547.219 36.4705882353 13.48725 -549.586 -0.05 12.89275 -547.219 36.4705882353 13.48725 -549.586 36.4705882353 12.89275 -547.219 -0.05 15.27 -546.0355 -0.05 15.27 -546.0355 36.4705882353 12.89275 -547.219 -0.05 15.27 -546.0355 36.4705882353 12.89275 -547.219 36.4705882353 15.27 -546.0355 -0.05 12.29775 -537.751 -0.05 12.29775 -537.751 36.4705882353 15.27 -546.0355 -0.05 12.29775 -537.751 36.4705882353 15.27 -546.0355 36.4705882353 12.29775 -537.751 -0.05 9.92075 -538.343 -0.05 9.92075 -538.343 36.4705882353 12.29775 -537.751 -0.05 9.92075 -538.343 36.4705882353 12.29775 -537.751 36.4705882353 9.92075 -538.343 -0.05 9.32625 -535.976 -0.05 9.32625 -535.976 36.4705882353 9.92075 -538.343 -0.05 9.32625 -535.976 36.4705882353 9.92075 -538.343 36.4705882353 9.32625 -535.976 -0.05 2.19475 -538.3435 -0.05 2.19475 -538.3435 36.4705882353 9.32625 -535.976 -0.05 2.19475 -538.3435 36.4705882353 9.32625 -535.976 36.4705882353 2.19475 -538.3435 -0.05 -0.18275 -530.651 -0.05 -0.18275 -530.651 36.4705882353 2.19475 -538.3435 -0.05 -0.18275 -530.651 36.4705882353 2.19475 -538.3435 36.4705882353 -0.18275 -530.651 -0.05 15.86275 -525.91575 -0.05 15.86275 -525.91575 36.4705882353 -0.18275 -530.651 -0.05 15.86275 -525.91575 36.4705882353 -0.18275 -530.651 36.4705882353 15.86275 -525.91575 -0.05 9.9185 -507.572 -0.05 9.9185 -507.572 36.4705882353 15.86275 -525.91575 -0.05 9.9185 -507.572 36.4705882353 15.86275 -525.91575 36.4705882353 9.9185 -507.572 -0.05 -5.53275 -512.307 -0.05 -5.53275 -512.307 36.4705882353 9.9185 -507.572 -0.05 -5.53275 -512.307 36.4705882353 9.9185 -507.572 36.4705882353 -5.53275 -512.307 -0.05 -7.316 -506.3895 -0.05 -7.316 -506.3895 36.4705882353 -5.53275 -512.307 -0.05 -7.316 -506.3895 36.4705882353 -5.53275 -512.307 36.4705882353 -7.316 -506.3895 -0.05 -15.636 -508.75725 -0.05 -15.636 -508.75725 36.4705882353 -7.316 -506.3895 -0.05 -15.636 -508.75725 36.4705882353 -7.316 -506.3895 36.4705882353 -15.636 -508.75725 -0.05 -16.2305 -506.982 -0.05 -16.2305 -506.982 36.4705882353 -15.636 -508.75725 -0.05 -16.2305 -506.982 36.4705882353 -15.636 -508.75725 36.4705882353 -16.2305 -506.982 -0.05 -33.46475 -512.30875 -0.05 -33.46475 -512.30875 36.4705882353 -16.2305 -506.982 -0.05 -33.46475 -512.30875 36.4705882353 -16.2305 -506.982 36.4705882353 -33.46475 -512.30875 -0.05 -29.30375 -526.51075 -0.05 -29.30375 -526.51075 36.4705882353 -33.46475 -512.30875 -0.05 -29.30375 -526.51075 36.4705882353 -33.46475 -512.30875 36.4705882353 -29.30375 -526.51075 -0.05 -34.65225 -528.28625 -0.05 -34.65225 -528.28625 36.4705882353 -29.30375 -526.51075 -0.05 -34.65225 -528.28625 36.4705882353 -29.30375 -526.51075 36.4705882353 -34.65225 -528.28625 -0.05 -33.4635 -530.65325 -0.05 -33.4635 -530.65325 36.4705882353 -34.65225 -528.28625 -0.05 -33.4635 -530.65325 36.4705882353 -34.65225 -528.28625 36.4705882353 -33.4635 -530.65325 -0.05 -38.21775 -531.837 -0.05 -38.21775 -531.837 36.4705882353 -33.4635 -530.65325 -0.05 -38.21775 -531.837 36.4705882353 -33.4635 -530.65325 36.4705882353</float_array>
      <technique_common><accessor source="#positions-array" count="21096" stride="3"><param name="X" type="float"/><param name="Y" type="float"/><param name="Z" type="float"/></accessor></technique_common>
    </source>
    <source id="normals"><float_array id="normals-array" count="21096">0 0 1 0 0 -1 0 0 1 0 0 -1 -0.369979689 -0.9290398429 0 -0.369979689 -0.9290398429 0 0.9225141471 -0.3859632733 0 0.9225141471 -0.3859632733 0 0.3831783724 0.9236743663 0 0.3831783724 0.9236743663 0 -0.9262015322 0.3770288076 0 -0.9262015322 0.3770288076 0 0 0 1 0 0 -1 0 0 1 0 0 -1 -0.3666496408 -0.9303590925 0 -0.3666496408 -0.9303590925 0 0.9259277495 -0.3777006786 0 0.9259277495 -0.3777006786 0 0.3666496408 0.9303590925 0 0.3666496408 0.9303590925 0 -0.9259277495 0.3777006786 0 -0.9259277495 0.3777006786 0 0 0 1 0 0 -1 0 0 1 0 0 -1 -0.4456594854 -0.8952025598 0 -0.4456594854 -0.8952025598 0 0.8991033697 -0.437736371 0 0.8991033697 -0.437736371 0 0.4456594854 0.8952025598 0 0.4456594854 0.8952025598 0 -0.8991033697 0.437736371 0 -0.8991033697 0.437736371 0 0 0 1 0 0 -1 0 0 1 0 0 -1 -0.9999999948 -0.0001019769 0 -0.9999999948 -0.0001019769 0 0.0000941832 -0.9999999956 0 0.0000941832 -0.9999999956 0 0.9999999944 0.0001056189 0 0.9999999944 0.0001056189 0 0.0147663224 0.9998909719 0 0.0147663224 0.9998909719 0 0 0 1 0 0 -1 0 0 1 0 0 -1 -0.9999999964 -0.0000844951 0 -0.9999999964 -0.0000844951 0 0.0000896546 -0.999999996 0 0.0000896546 -0.999999996 0 0.9999999949 0.0001013942 0 0.9999999949 0.0001013942 0 -0.0000896549 0.999999996 0 -0.0000896549 0.999999996 0 0 0 1 0 0 -1 0 0 1 0 0 -1 -0.9996671194 -0.0258002016 0 -0.9996671194 -0.0258002016 0 0.0142831411 -0.9998979907 0 0.0142831411 -0.9998979907 0 0.9999184667 0.0127694903 0 0.9999184667 0.0127694903 0 -0.0280905814 0.9996053818 0 -0.0280905814 0.9996053818 0 0 0 1 0 0 -1 0 0 1 0 0 -1 -0.9999999966 -0.0000819724 0 -0.9999999966 -0.0000819724 0 0.0139159432 -0.9999031686 0 0.0139159432 -0.9999031686 0 0.999999996 0.0000896155 0 0.999999996 0.0000896155 0 -0.0000876409 0.9999999962 0 -0.0000876409 0.9999999962 0 0 0 1 0 0 -1 0 0 1 0 0 -1 0 0 1 0 0 -1 0 0 1 0 0 -1 -0.0990001366 -0.9950874198 0 -0.0990001366 -0.9950874198 0 0.9999999777 0.0002112378 0 0.9999999777 0.0002112378 0 -0.1041357 -0.994563098 0 -0.1041357 -0.994563098 0 0.9946562166 -0.1032424854 0 0.9946562166 -0.1032424854 0 0.1041574818 0.9945608171 0 0.1041574818 0.9945608171 0 -0.9932165604 0.1162792507 0 -0.9932165604 0.1162792507 0 0 0 1 0 0 -1 0 0 1 0 0 -1 0 0 1 0 0 -1 0 0 1 0 0 -1 -0.9999999954 -0.0000960154 0 -0.9999999954 -0.0000960154 0 0.0000896533 -0.999999996 0 0.0000896533 -0.999999996 0 0.9996343614 -0.0270396643 0 0.9996343614 -0.0270396643 0 -0.0000926923 0.9999999957 0 -0.0000926923 0.9999999957 0 -0.9999999937 -0.0001126602 0 -0.9999999937 -0.0001126602 0 0 1 0 0 1 0 0 0 1 0 0 -1 0 0 1 0 0 -1 0 0 1 0 0 -1 0 0 1 0 0 -1 -0.9967802613 -0.080181736 0 -0.9967802613 -0.080181736 0 0 -1 0 0 -1 0 -0.9999999944 -0.0001056189 0 -0.9999999944 -0.0001056189 0 0.0841790772 -0.9964506425 0 0.0841790772 -0.9964506425 0 0.9966931986 0.0812568017 0 0.9966931986 0.0812568017 0 -0.0827927771 0.9965667845 0 -0.0827927771 0.9965667845 0 0 0 1 0 0 -1 0 0 1 0 0 -1 0 0 1 0 0 -1 0 0 1 0 0 -1 -0.090087025 -0.9959338974 0 -0.090087025 -0.9959338974 0 0.9974415586 -0.0714866227 0 0.9974415586 -0.0714866227 0 -0.0763066563 -0.9970843967 0 -0.0763066563 -0.9970843967 0 0.9984499524 -0.0556569177 0 0.9984499524 -0.0556569177 0 0.0861967538 0.9962781337 0 0.0861967538 0.9962781337 0 -0.9980402542 0.0625751633 0 -0.9980402542 0.0625751633 0 0 0 1 0 0 -1 0 0 1 0 0 -1 0 0 1 0 0 -1 0 0 1 0 0 -1 -0.7747733747 -0.6322390511 0 -0.7747733747 -0.6322390511 0 -0.6231188006 0.7821272021 0 -0.6231188006 0.7821272021 0 -0.7668540883 -0.6418214762 0 -0.7668540883 -0.6418214762 0 0.6443761454 -0.7647086917 0 0.6443761454 -0.7647086917 0 0.7657078774 0.6431884999 0 0.7657078774 0.6431884999 0 -0.6433056212 0.7656094812 0 -0.6433056212 0.7656094812 0 0 0 1 0 0 -1 0 0 1 0 0 -1 0 0 1 0 0 -1 0 0 1 0 0 -1 -0.0990021986 -0.9950872146 0 -0.0990021986 -0.9950872146 0 0.9999999777 0.0002112378 0 0.9999999777 0.0002112378 0 -0.1234117308 -0.9923555536 0 -0.1234117308 -0.9923555536 0 0.9927458442 -0.1202318131 0 0.9927458442 -0.1202318131 0 0.1098756997 0.9939453358 0 0.1098756997 0.9939453358 0 -0.993217368 0.1162723519 0 -0.993217368 0.1162723519 0 0 0 1 0 0 -1 0 0 1 0 0 -1 0 0 1 0 0 -1 0 0 1 0 0 -1 -0.9999999958 -0.0000913461 0 -0.9999999958 -0.0000913461 0 0.0000892351 -0.999999996 0 0.0000892351 -0.999999996 0 0.9999999956 0.0000938835 0 0.9999999956 0.0000938835 0 0 1 0 0 1 0 0.999999996 0.0000889423 0 0.999999996 0.0000889423 0 -0.0000920235 0.9999999958 0 -0.0000920235 0.9999999958 0 0 0 1 0 0 -1 0 0 1 0 0 -1 0 0 1 0 0 -1 0 0 1 0 0 -1 -0.9999999954 -0.0000953977 0 -0.9999999954 -0.0000953977 0 0.0000927954 -0.9999999957 0 0.0000927954 -0.9999999957 0 0.9999999951 0.00009876 0 0.9999999951 0.00009876 0 -0.0001026041 0.9999999947 0 -0.0001026041 0.9999999947 0 -0.9999999958 -0.0000918425 0 -0.9999999958 -0.0000918425 0 -0.0000934827 0.9999999956 0 -0.0000934827 0.9999999956 0 0 0 1 0 0 -1 0 0 1 0 0 -1 0 0 1 0 0 -1 0 0 1 0 0 -1 -0.9998927672 -0.014644254 0 -0.9998927672 -0.014644254 0 0.0141117249 -0.9999004247 0 0.0141117249 -0.9999004247 0 0.9997374561 0.0229132898 0 0.9997374561 0.0229132898 0 -0.0249693388 0.9996882175 0 -0.0249693388 0.9996882175 0 0.9991908117 0.0402209128 0 0.9991908117 0.0402209128 0 -0.0000981561 0.9999999952 0 -0.0000981561 0.9999999952 0 0 0 1 0 0 -1 0 0 1 0 0 -1 0 0 1 0 0 -1 0 0 1 0 0 -1 -0.9999999985 -0.000054513 0 -0.9999999985 -0.000054513 0 0.0000565075 -0.9999999984 0 0.0000565075 -0.9999999984 0 0.9999007455 -0.014088975 0 0.9999007455 -0.014088975 0 -0.0000586975 0.9999999983 0 -0.0000586975 0.9999999983 0 -0.9999999986 -0.0000528095 0 -0.9999999986 -0.0000528095 0 -0.0000673072 0.9999999977 0 -0.0000673072 0.9999999977 0 0 0 1 0 0 -1 0 0 1 0 0 -1 0 0 1 0 0 -1 0 0 1 0 0 -1 -0.9999020924 -0.0139930555 0 -0.9999020924 -0.0139930555 0 0.0237508351 -0.9997179091 0 0.0237508351 -0.9997179091 0 0.9999999987 0.0000502947 0 0.9999999987 0.0000502947 0 0.0000623208 -0.9999999981 0 0.0000623208 -0.9999999981 0 0.9994383267 0.0335116555 0 0.9994383267 0.0335116555 0 -0.0144779825 0.9998951885 0 -0.0144779825 0.9998951885 0 0 0 1 0 0 -1 0 0 1 0 0 -1 0 0 1 0 0 -1 0 0 1 0 0 -1 -0.9998865558 -0.0150623876 0 -0.9998865558 -0.0150623876 0 0.0000751191 -0.9999999972 0 0.0000751191 -0.9999999972 0 0.9991969076 -0.040069189 0 0.9991969076 -0.040069189 0 -0.0248012281 -0.9996924022 0 -0.0248012281 -0.9996924022 0 0.9997159554 -0.0238329291 0 0.9997159554 -0.0238329291 0 0.0139457938 0.9999027527 0 0.0139457938 0.9999027527 0 0 0 1 0 0 -1 0 0 1 0 0 -1 0 0 1 0 0 -1 0 0 1 0 0 -1 -0.9996088655 -0.0279663373 0 -0.9996088655 -0.0279663373 0 0.000080129 -0.9999999968 0 0.000080129 -0.9999999968 0 0.9999999956 0.0000938835 0 0.9999999956 0.0000938835 0 0.0000876409 -0.9999999962 0 0.0000876409 -0.9999999962 0 0.9999999969 0.0000782362 0 0.9999999969 0.0000782362 0 -0.0000816239 0.9999999967 0 -0.0000816239 0.9999999967 0 0 0 1 0 0 -1 0 0 1 0 0 -1 0 0 1 0 0 -1 0 0 1 0 0 -1 -0.0130230009 -0.9999151971 0 -0.0130230009 -0.9999151971 0 0.9999999968 0.0000795969 0 0.9999999968 0.0000795969 0 -0.0000742363 0.9999999972 0 -0.0000742363 0.9999999972 0 -0.9992574284 0.0385304 0 -0.9992574284 0.0385304 0 0.0248012281 0.9996924022 0 0.0248012281 0.9996924022 0 -0.9997292364 0.0232691618 0 -0.9997292364 0.0232691618 0 0 0 1 0 0 -1 0 0 1 0 0 -1 0 0 1 0 0 -1 0 0 1 0 0 -1 -0.9999999977 -0.0000681412 0 -0.9999999977 -0.0000681412 0 -0.0150150065 -0.9998872684 0 -0.0150150065 -0.9998872684 0 0.9999999971 0.0000762799 0 0.9999999971 0.0000762799 0 -0.0000718221 0.9999999974 0 -0.0000718221 0.9999999974 0 0.0413835988 0.9991433319 0 0.0413835988 0.9991433319 0 -0.999701943 0.0244136263 0 -0.999701943 0.0244136263 0 0 0 1 0 0 -1 0 0 1 0 0 -1 0 0 1 0 0 -1 0 0 1 0 0 -1 -0.9999999978 -0.0000660118 0 -0.9999999978 -0.0000660118 0 0.000058024 -0.9999999983 0 0.000058024 -0.9999999983 0 -0.9999999976 -0.0000687751 0 -0.9999999976 -0.0000687751 0 0.0000647186 -0.9999999979 0 0.0000647186 -0.9999999979 0 0.9999087821 -0.0135065722 0 0.9999087821 -0.0135065722 0 0.0143683649 0.9998967697 0 0.0143683649 0.9998967697 0 0 0 1 0 0 -1 0 0 1 0 0 -1 0 0 1 0 0 -1 0 0 1 0 0 -1 -0.9999999985 -0.0000555886 0 -0.9999999985 -0.0000555886 0 0.0000584262 -0.9999999983 0 0.0000584262 -0.9999999983 0 0.9999999983 0.0000579864 0 0.9999999983 0.0000579864 0 0.0000637381 -0.999999998 0 0.0000637381 -0.999999998 0 0.9999999977 0.0000675961 0 0.9999999977 0.0000675961 0 -0.0000609671 0.9999999981 0 -0.0000609671 0.9999999981 0 0 0 1 0 0 -1 0 0 1 0 0 -1 0 0 1 0 0 -1 0 0 1 0 0 -1 -0.9999999987 -0.0000512092 0 -0.9999999987 -0.0000512092 0 -0.0155038976 -0.9998798074 0 -0.0155038976 -0.9998798074 0 0.9999086278 -0.0135179874 0 0.9999086278 -0.0135179874 0 0.0202654115 0.9997946355 0 0.0202654115 0.9997946355 0 -0.9999999986 -0.0000528095 0 -0.9999999986 -0.0000528095 0 -0.0000525845 0.9999999986 0 -0.0000525845 0.9999999986 0 0 0 1 0 0 -1 0 0 1 0 0 -1 0 0 1 0 0 -1 0 0 1 0 0 -1 -0.9999999969 -0.0000782362 0 -0.9999999969 -0.0000782362 0 0.0000841354 -0.9999999965 0 0.0000841354 -0.9999999965 0 -0.9999999964 -0.0000844951 0 -0.9999999964 -0.0000844951 0 0.0000820841 -0.9999999966 0 0.0000820841 -0.9999999966 0 0.9999999965 0.0000833051 0 0.9999999965 0.0000833051 0 0.01500255 0.9998874554 0 0.01500255 0.9998874554 0 0 0 1 0 0 -1 0 0 1 0 0 -1 0 0 1 0 0 -1 0 0 1 0 0 -1 0 0 1 0 0 -1 -0.3404073734 -0.9402780547 0 -0.3404073734 -0.9402780547 0 -0.9407587328 0.3390766974 0 -0.9407587328 0.3390766974 0 -0.3443612266 -0.9388372306 0 -0.3443612266 -0.9388372306 0 0.9358575542 -0.3523785438 0 0.9358575542 -0.3523785438 0 0.9413063707 -0.3375534275 0 0.9413063707 -0.3375534275 0 0.3379369916 0.941168736 0 0.3379369916 0.941168736 0 -0.9449636493 0.3271753376 0 -0.9449636493 0.3271753376 0 0 0 1 0 0 -1 0 0 1 0 0 -1 0 0 1 0 0 -1 0 0 1 0 0 -1 0 0 1 0 0 -1 0 0 1 0 0 -1 -0.9998960697 -0.0144169938 0 -0.9998960697 -0.0144169938 0 0.0000701122 -0.9999999975 0 0.0000701122 -0.9999999975 0 0.9996986595 0.024547713 0 0.9996986595 0.024547713 0 0.0000623218 -0.9999999981 0 0.0000623218 -0.9999999981 0 0.9996300295 0.0271993419 0 0.9996300295 0.0271993419 0 -0.0000701115 0.9999999975 0 -0.0000701115 0.9999999975 0 -0.9999999986 -0.0000528095 0 -0.9999999986 -0.0000528095 0 -0.0000788758 0.9999999969 0 -0.0000788758 0.9999999969 0 0 0 1 0 0 -1 0 0 1 0 0 -1 0 0 1 0 0 -1 0 0 1 0 0 -1 0 0 1 0 0 -1 0 0 1 0 0 -1 -0.9999999975 -0.0000713267 0 -0.9999999975 -0.0000713267 0 0.0158766319 -0.9998739583 0 0.0158766319 -0.9998739583 0 0.9999999977 0.0000681412 0 0.9999999977 0.0000681412 0 -0.0000764848 0.9999999971 0 -0.0000764848 0.9999999971 0 0.9999999993 0.0000384069 0 0.9999999993 0.0000384069 0 0 1 0 0 1 0 0.9999999981 0.0000621288 0 0.9999999981 0.0000621288 0 -0.0000664209 0.9999999978 0 -0.0000664209 0.9999999978 0 0 0 1 0 0 -1 0 0 1 0 0 -1 0 0 1 0 0 -1 0 0 1 0 0 -1 0 0 1 0 0 -1 0 0 1 0 0 -1 -0.998442129 -0.0557970875 0 -0.998442129 -0.0557970875 0 0.0001402328 -0.9999999902 0 0.0001402328 -0.9999999902 0 -0.9986002927 -0.0528909767 0 -0.9986002927 -0.0528909767 0 0.0621936717 -0.9980640997 0 0.0621936717 -0.9980640997 0 1 0 0 1 0 0 0.069401978 -0.9975887757 0 0.069401978 -0.9975887757 0 0.9965088834 0.0834867967 0 0.9965088834 0.0834867967 0 -0.0814446424 0.9966778668 0 -0.0814446424 0.9966778668 0 0 0 1 0 0 -1 0 0 1 0 0 -1 0 0 1 0 0 -1 0 0 1 0 0 -1 0 0 1 0 0 -1 0 0 1 0 0 -1 -0.6903060773 -0.7235174633 0 -0.6903060773 -0.7235174633 0 0.7056502913 -0.7085602772 0 0.7056502913 -0.7085602772 0 0.7055356629 0.7086744163 0 0.7055356629 0.7086744163 0 0.7056333943 -0.7085771044 0 0.7056333943 -0.7085771044 0 0.7055650029 0.708645205 0 0.7055650029 0.708645205 0 0.7357699232 -0.6772315853 0 0.7357699232 -0.6772315853 0 0.705542801 0.7086673098 0 0.705542801 0.7086673098 0 -0.7188930051 0.6951207429 0 -0.7188930051 0.6951207429 0 0 0 1 0 0 -1 0 0 1 0 0 -1 0 0 1 0 0 -1 0 0 1 0 0 -1 0 0 1 0 0 -1 0 0 1 0 0 -1 0.0000860482 -0.9999999963 0 0.0000860482 -0.9999999963 0 0.9999999967 0.0000817695 0 0.9999999967 0.0000817695 0 -0.0000801298 0.9999999968 0 -0.0000801298 0.9999999968 0 0.9997529739 -0.0222259101 0 0.9997529739 -0.0222259101 0 -0.0000860478 0.9999999963 0 -0.0000860478 0.9999999963 0 -0.9999999964 -0.0000844943 0 -0.9999999964 -0.0000844943 0 -0.0000731623 0.9999999973 0 -0.0000731623 0.9999999973 0 -0.9994783713 0.0322952822 0 -0.9994783713 0.0322952822 0 0 0 1 0 0 -1 0 0 1 0 0 -1 0 0 1 0 0 -1 0 0 1 0 0 -1 0 0 1 0 0 -1 0 0 1 0 0 -1 -0.9999999958 -0.0000913461 0 -0.9999999958 -0.0000913461 0 -0.0165025728 -0.9998638233 0 -0.0165025728 -0.9998638233 0 0.9999999956 0.0000938835 0 0.9999999956 0.0000938835 0 0.0001402131 -0.9999999902 0 0.0001402131 -0.9999999902 0 0.9999999944 0.0001056189 0 0.9999999944 0.0001056189 0 0.0254270232 0.999676681 0 0.0254270232 0.999676681 0 -1 0 0 -1 0 0 0.0413668394 0.999144026 0 0.0413668394 0.999144026 0 0 0 1 0 0 -1 0 0 1 0 0 -1 0 0 1 0 0 -1 0 0 1 0 0 -1 0 0 1 0 0 -1 0 0 1 0 0 -1 -0.999999996 -0.0000889423 0 -0.999999996 -0.0000889423 0 -0.0162250025 -0.999868366 0 -0.0162250025 -0.999868366 0 0.9999999952 0.0000974944 0 0.9999999952 0.0000974944 0 0 -1 0 0 -1 0 0.9999999961 0.0000880142 0 0.9999999961 0.0000880142 0 0.0159634969 0.9998725753 0 0.0159634969 0.9998725753 0 -0.9999999956 -0.0000938835 0 -0.9999999956 -0.0000938835 0 -0.0002103049 0.9999999779 0 -0.0002103049 0.9999999779 0 0 0 1 0 0 -1 0 0 1 0 0 -1 0 0 1 0 0 -1 0 0 1 0 0 -1 0 0 1 0 0 -1 0 0 1 0 0 -1 -0.9999999958 -0.0000913461 0 -0.9999999958 -0.0000913461 0 -0.0159702795 -0.999872467 0 -0.0159702795 -0.999872467 0 0.999999996 0.0000889423 0 0.999999996 0.0000889423 0 0 1 0 0 1 0 0.9965254039 -0.0832893715 0 0.9965254039 -0.0832893715 0 0 1 0 0 1 0 0.9862923807 -0.1650070903 0 0.9862923807 -0.1650070903 0 0.0167820697 0.9998591712 0 0.0167820697 0.9998591712 0 0 0 1 0 0 -1 0 0 1 0 0 -1 0 0 1 0 0 -1 0 0 1 0 0 -1 0 0 1 0 0 -1 0 0 1 0 0 -1 -0.7894234691 -0.6138489932 0 -0.7894234691 -0.6138489932 0 0.6053347112 -0.7959710343 0 0.6053347112 -0.7959710343 0 0.7795217614 0.626375146 0 0.7795217614 0.626375146 0 0.5916128325 -0.8062222128 0 0.5916128325 -0.8062222128 0 0.7958151384 0.6055396482 0 0.7958151384 0.6055396482 0 -0.5984078904 0.8011916105 0 -0.5984078904 0.8011916105 0 -0.7930670691 -0.6091343234 0 -0.7930670691 -0.6091343234 0 -0.6035033145 0.797360489 0 -0.6035033145 0.797360489 0 0 0 1 0 0 -1 0 0 1 0 0 -1 0 0 1 0 0 -1 0 0 1 0 0 -1 0 0 1 0 0 -1 0 0 1 0 0 -1 -0.9862733797 -0.1651206238 0 -0.9862733797 -0.1651206238 0 0.1953543985 -0.9807327154 0 0.1953543985 -0.9807327154 0 -0.9853300418 -0.1706596283 0 -0.9853300418 -0.1706596283 0 0.1683017979 -0.9857355146 0 0.1683017979 -0.9857355146 0 0.9839874589 0.1782377084 0 0.9839874589 0.1782377084 0 -0.1537749307 0.9881059005 0 -0.1537749307 0.9881059005 0 0.9841315346 0.1774404764 0 0.9841315346 0.1774404764 0 -0.1835698747 0.9830066638 0 -0.1835698747 0.9830066638 0 0 0 1 0 0 -1 0 0 1 0 0 -1 0 0 1 0 0 -1 0 0 1 0 0 -1 0 0 1 0 0 -1 0 0 1 0 0 -1 -0.3350142477 -0.9422130618 0 -0.3350142477 -0.9422130618 0 0.938907176 -0.3441704736 0 0.938907176 -0.3441704736 0 0.3149538245 0.9491069952 0 0.3149538245 0.9491069952 0 -0.9440836093 0.3297061398 0 -0.9440836093 0.3297061398 0 0.3149764578 0.9490994843 0 0.3149764578 0.9490994843 0 -0.8936708076 0.4487231748 0 -0.8936708076 0.4487231748 0 0.3330864823 0.9428962802 0 0.3330864823 0.9428962802 0 -0.9369620683 0.3494310841 0 -0.9369620683 0.3494310841 0 0 0 1 0 0 -1 0 0 1 0 0 -1 0 0 1 0 0 -1 0 0 1 0 0 -1 0 0 1 0 0 -1 0 0 1 0 0 -1 -0.7601236306 -0.6497784748 0 -0.7601236306 -0.6497784748 0 0.6482197998 -0.7614532758 0 0.6482197998 -0.7614532758 0 0.7643002369 0.6448605646 0 0.7643002369 0.6448605646 0 -0.653377995 0.7570318326 0 -0.653377995 0.7570318326 0 0.5530276471 0.8331629022 0 0.5530276471 0.8331629022 0 -0.6569341776 0.7539479334 0 -0.6569341776 0.7539479334 0 0.7605219303 0.6493122465 0 0.7605219303 0.6493122465 0 -0.6546193718 0.7559586484 0 -0.6546193718 0.7559586484 0 0 0 1 0 0 -1 0 0 1 0 0 -1 0 0 1 0 0 -1 0 0 1 0 0 -1 0 0 1 0 0 -1 0 0 1 0 0 -1 -0.9999999988 -0.0000491251 0 -0.9999999988 -0.0000491251 0 -0.0139757407 -0.9999023346 0 -0.0139757407 -0.9999023346 0 0.9999999987 0.0000512092 0 0.9999999987 0.0000512092 0 0 -1 0 0 -1 0 0.9995655725 -0.0294731433 0 0.9995655725 -0.0294731433 0 0.0301093587 0.9995466105 0 0.0301093587 0.9995466105 0 -0.9999999986 -0.0000528095 0 -0.9999999986 -0.0000528095 0 -0.0000500806 0.9999999987 0 -0.0000500806 0.9999999987 0 0 0 1 0 0 -1 0 0 1 0 0 -1 0 0 1 0 0 -1 0 0 1 0 0 -1 0 0 1 0 0 -1 0 0 1 0 0 -1 -0.3908265085 -0.9204643612 0 -0.3908265085 -0.9204643612 0 0.9225141471 -0.3859632733 0 0.9225141471 -0.3859632733 0 0.3924628452 0.9197678594 0 0.3924628452 0.9197678594 0 0.969900986 -0.2434996455 0 0.969900986 -0.2434996455 0 0.4122746037 0.9110596309 0 0.4122746037 0.9110596309 0 0.9225157598 -0.3859594187 0 0.9225157598 -0.3859594187 0 0.4046414473 0.9144754229 0 0.4046414473 0.9144754229 0 -0.9155520958 0.4021994031 0 -0.9155520958 0.4021994031 0 0 0 1 0 0 -1 0 0 1 0 0 -1 0 0 1 0 0 -1 0 0 1 0 0 -1 0 0 1 0 0 -1 0 0 1 0 0 -1 -0.865239802 -0.5013582402 0 -0.865239802 -0.5013582402 0 0.5352807016 -0.8446742393 0 0.5352807016 -0.8446742393 0 -0.854196655 -0.5199500693 0 -0.854196655 -0.5199500693 0 0.521683546 -0.853139073 0 0.521683546 -0.853139073 0 0.8506411013 0.5257468181 0 0.8506411013 0.5257468181 0 -0.5247803905 0.8512376529 0 -0.5247803905 0.8512376529 0 0.8469601325 0.5316564059 0 0.8469601325 0.5316564059 0 -0.521683546 0.853139073 0 -0.521683546 0.853139073 0 0 0 1 0 0 -1 0 0 1 0 0 -1 0 0 1 0 0 -1 0 0 1 0 0 -1 0 0 1 0 0 -1 0 0 1 0 0 -1 -0.9999999951 -0.0000994048 0 -0.9999999951 -0.0000994048 0 0.0001001603 -0.999999995 0 0.0001001603 -0.999999995 0 -0.9999999956 -0.0000938835 0 -0.9999999956 -0.0000938835 0 0.000088048 -0.9999999961 0 0.000088048 -0.9999999961 0 0.9999999955 0.0000945006 0 0.9999999955 0.0000945006 0 -0.0000909566 0.9999999959 0 -0.0000909566 0.9999999959 0 0.9999999901 0.0001408252 0 0.9999999901 0.0001408252 0 -0.0000934827 0.9999999956 0 -0.0000934827 0.9999999956 0 0 0 1 0 0 -1 0 0 1 0 0 -1 0 0 1 0 0 -1 0 0 1 0 0 -1 0 0 1 0 0 -1 0 0 1 0 0 -1 -0.999536129 -0.0304553262 0 -0.999536129 -0.0304553262 0 0.0000525831 -0.9999999986 0 0.0000525831 -0.9999999986 0 0.9999999777 0.0002112378 0 0.9999999777 0.0002112378 0 0.0301977023 -0.9995439454 0 0.0301977023 -0.9995439454 0 0.9996096895 0.0279368693 0 0.9996096895 0.0279368693 0 -0.0237513106 0.9997178978 0 -0.0237513106 0.9997178978 0 -0.9996991649 -0.0245271231 0 -0.9996991649 -0.0245271231 0 -0.0000548707 0.9999999985 0 -0.0000548707 0.9999999985 0 0 0 1 0 0 -1 0 0 1 0 0 -1 0 0 1 0 0 -1 0 0 1 0 0 -1 0 0 1 0 0 -1 0 0 1 0 0 -1 -0.9999999993 -0.0000384069 0 -0.9999999993 -0.0000384069 0 0.0000394379 -0.9999999992 0 0.0000394379 -0.9999999992 0 0.9999999991 0.0000422476 0 0.9999999991 0.0000422476 0 0.0000442811 -0.999999999 0 0.0000442811 -0.999999999 0 1 0 0 1 0 0 0.000048539 -0.9999999988 0 0.000048539 -0.9999999988 0 0.9999999993 0.0000384069 0 0.9999999993 0.0000384069 0 -0.0000437061 0.999999999 0 -0.0000437061 0.999999999 0 0 0 1 0 0 -1 0 0 1 0 0 -1 0 0 1 0 0 -1 0 0 1 0 0 -1 0 0 1 0 0 -1 0 0 1 0 0 -1 -0.9999999958 -0.0000918425 0 -0.9999999958 -0.0000918425 0 0.0000885632 -0.9999999961 0 0.0000885632 -0.9999999961 0 0.9999999962 0.0000866617 0 0.9999999962 0.0000866617 0 -0.000086609 0.9999999962 0 -0.000086609 0.9999999962 0 0.9999999964 0.0000844951 0 0.9999999964 0.0000844951 0 -0.0000764877 0.9999999971 0 -0.0000764877 0.9999999971 0 0.9999999949 0.0001013942 0 0.9999999949 0.0001013942 0 -0.0000949912 0.9999999955 0 -0.0000949912 0.9999999955 0 0 0 1 0 0 -1 0 0 1 0 0 -1 0 0 1 0 0 -1 0 0 1 0 0 -1 0 0 1 0 0 -1 0 0 1 0 0 -1 -0.0254368398 -0.9996764312 0 -0.0254368398 -0.9996764312 0 0.9996711605 -0.0256431452 0 0.9996711605 -0.0256431452 0 0.0300707842 0.9995477717 0 0.0300707842 0.9995477717 0 0.9999999944 0.0001056189 0 0.9999999944 0.0001056189 0 0.076274579 0.9970868511 0 0.076274579 0.9970868511 0 0.9999999964 0.0000844951 0 0.9999999964 0.0000844951 0 0.032022325 0.9994871538 0 0.032022325 0.9994871538 0 -0.9995791257 0.0290098519 0 -0.9995791257 0.0290098519 0 0 0 1 0 0 -1 0 0 1 0 0 -1 0 0 1 0 0 -1 0 0 1 0 0 -1 0 0 1 0 0 -1 0 0 1 0 0 -1 0.0000525845 -0.9999999986 0 0.0000525845 -0.9999999986 0 -0.9998146743 0.0192514179 0 -0.9998146743 0.0192514179 0 0.0000600962 -0.9999999982 0 0.0000600962 -0.9999999982 0 0.9999999986 0.0000535529 0 0.9999999986 0.0000535529 0 -0.00006785 0.9999999977 0 -0.00006785 0.9999999977 0 0.9999999991 0.0000422476 0 0.9999999991 0.0000422476 0 -0.0000509905 0.9999999987 0 -0.0000509905 0.9999999987 0 -0.9994029868 0.0345495285 0 -0.9994029868 0.0345495285 0 0 0 1 0 0 -1 0 0 1 0 0 -1 0 0 1 0 0 -1 0 0 1 0 0 -1 0 0 1 0 0 -1 0 0 1 0 0 -1 -0.0592738754 -0.9982417581 0 -0.0592738754 -0.9982417581 0 0.9974415586 -0.0714866227 0 0.9974415586 -0.0714866227 0 0.0763078837 0.9970843028 0 0.0763078837 0.9970843028 0 0.9999999964 0.0000844951 0 0.9999999964 0.0000844951 0 0 1 0 0 1 0 0.9984506035 -0.0556452368 0 0.9984506035 -0.0556452368 0 0.0551643621 0.9984772873 0 0.0551643621 0.9984772873 0 -0.9977105425 0.0676289387 0 -0.9977105425 0.0676289387 0 0 0 1 0 0 -1 0 0 1 0 0 -1 0 0 1 0 0 -1 0 0 1 0 0 -1 0 0 1 0 0 -1 0 0 1 0 0 -1 -0.0729653101 -0.9973344793 0 -0.0729653101 -0.9973344793 0 0.9978283622 -0.0658677432 0 0.9978283622 -0.0658677432 0 0.0783142687 0.9969287213 0 0.0783142687 0.9969287213 0 -0.9958633697 0.0908633531 0 -0.9958633697 0.0908633531 0 0 1 0 0 1 0 -0.9965227349 0.0833212989 0 -0.9965227349 0.0833212989 0 0.0763226948 0.9970831692 0 0.0763226948 0.9970831692 0 -0.9979113619 0.0645980944 0 -0.9979113619 0.0645980944 0 0 0 1 0 0 -1 0 0 1 0 0 -1 0 0 1 0 0 -1 0 0 1 0 0 -1 0 0 1 0 0 -1 0 0 1 0 0 -1 0 -1 0 0 -1 0 -0.9999999964 -0.0000844951 0 -0.9999999964 -0.0000844951 0 -0.0157169612 -0.9998764809 0 -0.0157169612 -0.9998764809 0 0.9999999979 0.0000649963 0 0.9999999979 0.0000649963 0 0 -1 0 0 -1 0 0.9992580775 -0.0385135622 0 0.9992580775 -0.0385135622 0 -0.0000879038 0.9999999961 0 -0.0000879038 0.9999999961 0 -0.9984512544 0.0556335558 0 -0.9984512544 0.0556335558 0 0 0 1 0 0 -1 0 0 1 0 0 -1 0 0 1 0 0 -1 0 0 1 0 0 -1 0 0 1 0 0 -1 0 0 1 0 0 -1 -0.9999999986 -0.0000535529 0 -0.9999999986 -0.0000535529 0 0.0000647186 -0.9999999979 0 0.0000647186 -0.9999999979 0 -1 0 0 -1 0 0 0.0000623218 -0.9999999981 0 0.0000623218 -0.9999999981 0 0.999999998 0.0000640115 0 0.999999998 0.0000640115 0 -0.0000548707 0.9999999985 0 -0.0000548707 0.9999999985 0 0.9999999981 0.0000618257 0 0.9999999981 0.0000618257 0 -0.0000586992 0.9999999983 0 -0.0000586992 0.9999999983 0 0 0 1 0 0 -1 0 0 1 0 0 -1 0 0 1 0 0 -1 0 0 1 0 0 -1 0 0 1 0 0 -1 0 0 1 0 0 -1 0.0002103492 -0.9999999779 0 0.0002103492 -0.9999999779 0 -0.9987460704 0.0500628298 0 -0.9987460704 0.0500628298 0 -0.0159701711 -0.9998724687 0 -0.0159701711 -0.9998724687 0 0.9999999951 0.000099406 0 0.9999999951 0.000099406 0 0.0002103492 -0.9999999779 0 0.0002103492 -0.9999999779 0 0.9999999973 0.000073474 0 0.9999999973 0.000073474 0 -0.0000854504 0.9999999963 0 -0.0000854504 0.9999999963 0 -0.9986108895 0.0526905243 0 -0.9986108895 0.0526905243 0 0 0 1 0 0 -1 0 0 1 0 0 -1 0 0 1 0 0 -1 0 0 1 0 0 -1 0 0 1 0 0 -1 0 0 1 0 0 -1 0.0000764848 -0.9999999971 0 0.0000764848 -0.9999999971 0 0.999999997 0.0000778245 0 0.999999997 0.0000778245 0 -0.0000742354 0.9999999972 0 -0.0000742354 0.9999999972 0 0.9999999944 0.0001056189 0 0.9999999944 0.0001056189 0 -0.0000764848 0.9999999971 0 -0.0000764848 0.9999999971 0 0.9999999969 0.0000782362 0 0.9999999969 0.0000782362 0 -0.00006785 0.9999999977 0 -0.00006785 0.9999999977 0 -0.9998951752 0.0144789014 0 -0.9998951752 0.0144789014 0 0 0 1 0 0 -1 0 0 1 0 0 -1 0 0 1 0 0 -1 0 0 1 0 0 -1 0 0 1 0 0 -1 0 0 1 0 0 -1 -0.1149487091 -0.9933714282 0 -0.1149487091 -0.9933714282 0 -0.9898740778 0.1419482654 0 -0.9898740778 0.1419482654 0 -0.1359968922 -0.9907092638 0 -0.1359968922 -0.9907092638 0 0.9930116274 -0.1180165574 0 0.9930116274 -0.1180165574 0 0.1273571744 0.9918569202 0 0.1273571744 0.9918569202 0 -0.9928253817 0.1195732475 0 -0.9928253817 0.1195732475 0 0.1204773777 0.9927160729 0 0.1204773777 0.9927160729 0 -0.9935592737 0.1133135897 0 -0.9935592737 0.1133135897 0 0 0 1 0 0 -1 0 0 1 0 0 -1 0 0 1 0 0 -1 0 0 1 0 0 -1 0 0 1 0 0 -1 0 0 1 0 0 -1 0.0000710212 -0.9999999975 0 0.0000710212 -0.9999999975 0 0.9998981483 -0.0142721036 0 0.9998981483 -0.0142721036 0 -0.0000788747 0.9999999969 0 -0.0000788747 0.9999999969 0 -0.9991969076 0.040069189 0 -0.9991969076 0.040069189 0 -0.0000841326 0.9999999965 0 -0.0000841326 0.9999999965 0 -0.9999999975 -0.0000704126 0 -0.9999999975 -0.0000704126 0 -0.0000742345 0.9999999972 0 -0.0000742345 0.9999999972 0 -0.9996705979 0.0256650669 0 -0.9996705979 0.0256650669 0 0 0 1 0 0 -1 0 0 1 0 0 -1 0 0 1 0 0 -1 0 0 1 0 0 -1 0 0 1 0 0 -1 0 0 1 0 0 -1 -0.0698835903 -0.9975551533 0 -0.0698835903 -0.9975551533 0 0.9971229787 -0.0758008264 0 0.9971229787 -0.0758008264 0 0.0661791281 0.9978077585 0 0.0661791281 0.9978077585 0 -0.9972482628 0.0741343529 0 -0.9972482628 0.0741343529 0 0.0990395239 0.9950835004 0 0.0990395239 0.9950835004 0 -0.9999999944 -0.0001056189 0 -0.9999999944 -0.0001056189 0 0.062045834 0.9980733012 0 0.062045834 0.9980733012 0 -0.9983610619 0.057229277 0 -0.9983610619 0.057229277 0 0 0 1 0 0 -1 0 0 1 0 0 -1 0 0 1 0 0 -1 0 0 1 0 0 -1 0 0 1 0 0 -1 0 0 1 0 0 -1 -0.9344801865 -0.3560151417 0 -0.9344801865 -0.3560151417 0 0.3498454404 -0.9368074337 0 0.3498454404 -0.9368074337 0 -0.9328124944 -0.3603621099 0 -0.9328124944 -0.3603621099 0 0.5530814776 -0.8331271687 0 0.5530814776 -0.8331271687 0 -0.9320351807 -0.3623677992 0 -0.9320351807 -0.3623677992 0 0.3700734497 -0.9290024983 0 0.3700734497 -0.9290024983 0 0.9358213567 0.3524746633 0 0.9358213567 0.3524746633 0 -0.3547163424 0.9349739656 0 -0.3547163424 0.9349739656 0 0 0 1 0 0 -1 0 0 1 0 0 -1 0 0 1 0 0 -1 0 0 1 0 0 -1 0 0 1 0 0 -1 0 0 1 0 0 -1 -0.9999999968 -0.0000804712 0 -0.9999999968 -0.0000804712 0 0.0000923446 -0.9999999957 0 0.0000923446 -0.9999999957 0 0.9999999975 0.0000704126 0 0.9999999975 0.0000704126 0 0.0000764877 -0.9999999971 0 0.0000764877 -0.9999999971 0 0.999999996 0.0000896149 0 0.999999996 0.0000896149 0 -0.0000981602 0.9999999952 0 -0.0000981602 0.9999999952 0 0.9999999963 0.0000864147 0 0.9999999963 0.0000864147 0 0.0225390181 0.9997459641 0 0.0225390181 0.9997459641 0 0 0 1 0 0 -1 0 0 1 0 0 -1 0 0 1 0 0 -1 0 0 1 0 0 -1 0 0 1 0 0 -1 0 0 1 0 0 -1 -0.3272245353 -0.9449466141 0 -0.3272245353 -0.9449466141 0 -0.9445742103 0.3282979763 0 -0.9445742103 0.3282979763 0 -0.3350124603 -0.9422136973 0 -0.3350124603 -0.9422136973 0 0.9415581626 -0.336850451 0 0.9415581626 -0.336850451 0 0.3237887706 0.946129395 0 0.3237887706 0.946129395 0 -0.9440854943 0.3297007421 0 -0.9440854943 0.3297007421 0 0.3280721692 0.944652662 0 0.3280721692 0.944652662 0 -0.9457597087 0.3248670089 0 -0.9457597087 0.3248670089 0 0 0 1 0 0 -1 0 0 1 0 0 -1 0 0 1 0 0 -1 0 0 1 0 0 -1 0 0 1 0 0 -1 0 0 1 0 0 -1 -0.9999712782 -0.0075790987 0 -0.9999712782 -0.0075790987 0 0.0181859027 -0.9998346228 0 0.0181859027 -0.9998346228 0 0.9999999957 0.0000924166 0 0.9999999957 0.0000924166 0 0.0001402328 -0.9999999902 0 0.0001402328 -0.9999999902 0 0.9999999966 0.0000819729 0 0.9999999966 0.0000819729 0 0 1 0 0 1 0 0.9999999964 0.0000844951 0 0.9999999964 0.0000844951 0 -0.0181860418 0.9998346203 0 -0.0181860418 0.9998346203 0 0 0 1 0 0 -1 0 0 1 0 0 -1 0 0 1 0 0 -1 0 0 1 0 0 -1 0 0 1 0 0 -1 0 0 1 0 0 -1 -0.0251212032 -0.9996844128 0 -0.0251212032 -0.9996844128 0 0.9996705979 -0.0256650669 0 0.9996705979 -0.0256650669 0 0.0275676665 0.9996199397 0 0.0275676665 0.9996199397 0 0.9999999944 0.0001056189 0 0.9999999944 0.0001056189 0 -0.0000420681 0.9999999991 0 -0.0000420681 0.9999999991 0 0.9990513741 -0.0435471228 0 0.9990513741 -0.0435471228 0 0.0300842809 0.9995473656 0 0.0300842809 0.9995473656 0 -0.9995396341 0.0303400712 0 -0.9995396341 0.0303400712 0 0 0 1 0 0 -1 0 0 1 0 0 -1 0 0 1 0 0 -1 0 0 1 0 0 -1 0 0 1 0 0 -1 0 0 1 0 0 -1 -0.1896412089 -0.9818534574 0 -0.1896412089 -0.9818534574 0 0.9804327737 -0.1968542005 0 0.9804327737 -0.1968542005 0 0.1952496393 0.9807535768 0 0.1952496393 0.9807535768 0 0.983749994 -0.1795437251 0 0.983749994 -0.1795437251 0 0.2415749457 0.9703821647 0 0.2415749457 0.9703821647 0 0.9780665959 -0.208292424 0 0.9780665959 -0.208292424 0 0.2051175847 0.9787373378 0 0.2051175847 0.9787373378 0 -0.9804312798 0.196861641 0 -0.9804312798 0.196861641 0 0 0 1 0 0 -1 0 0 1 0 0 -1 0 0 1 0 0 -1 0 0 1 0 0 -1 0 0 1 0 0 -1 0 0 1 0 0 -1 -0.1360090613 -0.9907075932 0 -0.1360090613 -0.9907075932 0 0.988282604 -0.1526351681 0 0.988282604 -0.1526351681 0 -0.1345010072 -0.9909134569 0 -0.1345010072 -0.9909134569 0 0.9903316973 -0.1387196067 0 0.9903316973 -0.1387196067 0 0.1315616564 0.9913079898 0 0.1315616564 0.9913079898 0 -0.9907601649 0.1356255717 0 -0.9907601649 0.1356255717 0 0 -1 0 0 -1 0 -0.9928213976 0.1196063226 0 -0.9928213976 0.1196063226 0 0 0 1 0 0 -1 0 0 1 0 0 -1 0 0 1 0 0 -1 0 0 1 0 0 -1 0 0 1 0 0 -1 0 0 1 0 0 -1 -0.1952475325 -0.9807539962 0 -0.1952475325 -0.9807539962 0 0.9793010259 -0.2024092405 0 0.9793010259 -0.2024092405 0 0.1952591686 0.9807516796 0 0.1952591686 0.9807516796 0 -0.9741982188 0.2256941083 0 -0.9741982188 0.2256941083 0 0.2086178594 0.9779972335 0 0.2086178594 0.9779972335 0 -0.969900986 0.2434996455 0 -0.969900986 0.2434996455 0 0.1891770329 0.9819429974 0 0.1891770329 0.9819429974 0 -0.9833267049 0.1818477149 0 -0.9833267049 0.1818477149 0 0 0 1 0 0 -1 0 0 1 0 0 -1 0 0 1 0 0 -1 0 0 1 0 0 -1 0 0 1 0 0 -1 0 0 1 0 0 -1 -0.0133748858 -0.9999105522 0 -0.0133748858 -0.9999105522 0 0.999999997 0.0000778245 0 0.999999997 0.0000778245 0 -0.0000841338 0.9999999965 0 -0.0000841338 0.9999999965 0 0.9999999964 0.000084488 0 0.9999999964 0.000084488 0 -0.0001147271 0.9999999934 0 -0.0001147271 0.9999999934 0 0.9990514089 -0.0435463244 0 0.9990514089 -0.0435463244 0 -0.0000892322 0.999999996 0 -0.0000892322 0.999999996 0 -0.9998818776 0.0153698004 0 -0.9998818776 0.0153698004 0 0 0 1 0 0 -1 0 0 1 0 0 -1 0 0 1 0 0 -1 0 0 1 0 0 -1 0 0 1 0 0 -1 0 0 1 0 0 -1 -0.9998794685 -0.0155257356 0 -0.9998794685 -0.0155257356 0 0.0000841338 -0.9999999965 0 0.0000841338 -0.9999999965 0 0.9999999958 0.0000918425 0 0.9999999958 0.0000918425 0 0.0000701115 -0.9999999975 0 0.0000701115 -0.9999999975 0 0.9999999964 0.0000844951 0 0.9999999964 0.0000844951 0 0.0000866079 -0.9999999962 0 0.0000866079 -0.9999999962 0 0.999999996 0.0000889423 0 0.999999996 0.0000889423 0 -0.0130124472 0.9999153345 0 -0.0130124472 0.9999153345 0 0 0 1 0 0 -1 0 0 1 0 0 -1 0 0 1 0 0 -1 0 0 1 0 0 -1 0 0 1 0 0 -1 0 0 1 0 0 -1 -0.9999999982 -0.0000603537 0 -0.9999999982 -0.0000603537 0 0.0000682167 -0.9999999977 0 0.0000682167 -0.9999999977 0 -1 0 0 -1 0 0 0.0000788758 -0.9999999969 0 0.0000788758 -0.9999999969 0 0.9999999975 0.0000704126 0 0.9999999975 0.0000704126 0 -0.0000684811 0.9999999977 0 -0.0000684811 0.9999999977 0 -0.9999999975 -0.0000704119 0 -0.9999999975 -0.0000704119 0 -0.0000647197 0.9999999979 0 -0.0000647197 0.9999999979 0 0 0 1 0 0 -1 0 0 1 0 0 -1 0 0 1 0 0 -1 0 0 1 0 0 -1 0 0 1 0 0 -1 0 0 1 0 0 -1 -0.0826358754 -0.9965798072 0 -0.0826358754 -0.9965798072 0 0.9999999901 0.0001408054 0 0.9999999901 0.0001408054 0 -0.0928934645 -0.9956760539 0 -0.0928934645 -0.9956760539 0 0.995642122 -0.0932564467 0 0.995642122 -0.0932564467 0 0.0943488769 0.9955391953 0 0.0943488769 0.9955391953 0 -0.9962145543 0.0869284873 0 -0.9962145543 0.0869284873 0 0.0763066563 0.9970843967 0 0.0763066563 0.9970843967 0 -0.9956037495 0.093665223 0 -0.9956037495 0.093665223 0 0 0 1 0 0 -1 0 0 1 0 0 -1 0 0 1 0 0 -1 0 0 1 0 0 -1 0 0 1 0 0 -1 0 0 1 0 0 -1 -0.9999999975 -0.0000704126 0 -0.9999999975 -0.0000704126 0 0.0000600962 -0.9999999982 0 0.0000600962 -0.9999999982 0 -0.9999999972 -0.0000745545 0 -0.9999999972 -0.0000745545 0 -0.0000600953 0.9999999982 0 -0.0000600953 0.9999999982 0 -0.9999999975 -0.0000704126 0 -0.9999999975 -0.0000704126 0 0.0000600954 -0.9999999982 0 0.0000600954 -0.9999999982 0 0.9999999978 0.00006584 0 0.9999999978 0.00006584 0 -0.000066105 0.9999999978 0 -0.000066105 0.9999999978 0 0 0 1 0 0 -1 0 0 1 0 0 -1 0 0 1 0 0 -1 0 0 1 0 0 -1 0 0 1 0 0 -1 0 0 1 0 0 -1 0.0000664231 -0.9999999978 0 0.0000664231 -0.9999999978 0 -0.9999999969 -0.0000792142 0 -0.9999999969 -0.0000792142 0 0 -1 0 0 -1 0 -0.9995100141 0.0313006674 0 -0.9995100141 0.0313006674 0 -0.0422714239 -0.9991061639 0 -0.0422714239 -0.9991061639 0 0.9996615668 -0.0260144563 0 0.9996615668 -0.0260144563 0 0.0283719873 0.9995974341 0 0.0283719873 0.9995974341 0 -0.9994034894 0.0345349865 0 -0.9994034894 0.0345349865 0 0 0 1 0 0 -1 0 0 1 0 0 -1 0 0 1 0 0 -1 0 0 1 0 0 -1 0 0 1 0 0 -1 0 0 1 0 0 -1 -0.9999999977 -0.0000681412 0 -0.9999999977 -0.0000681412 0 -0.0397471251 -0.9992097708 0 -0.0397471251 -0.9992097708 0 -0.9999999969 -0.0000792142 0 -0.9999999969 -0.0000792142 0 0.0000841326 -0.9999999965 0 0.0000841326 -0.9999999965 0 -0.9999999983 -0.0000582725 0 -0.9999999983 -0.0000582725 0 0.0000647179 -0.9999999979 0 0.0000647179 -0.9999999979 0 0.9999999978 0.00006584 0 0.9999999978 0.00006584 0 -0.0000670629 0.9999999978 0 -0.0000670629 0.9999999978 0 0 0 1 0 0 -1 0 0 1 0 0 -1 0 0 1 0 0 -1 0 0 1 0 0 -1 0 0 1 0 0 -1 0 0 1 0 0 -1 -0.0134147441 -0.9999100183 0 -0.0134147441 -0.9999100183 0 0.9999999993 0.0000384069 0 0.9999999993 0.0000384069 0 -0.0000382424 0.9999999993 0 -0.0000382424 0.9999999993 0 0.9999999993 0.0000384069 0 0.9999999993 0.0000384069 0 0.0000525831 -0.9999999986 0 0.0000525831 -0.9999999986 0 0.999509188 -0.0313270333 0 0.999509188 -0.0313270333 0 0.0145981585 0.9998934412 0 0.0145981585 0.9998934412 0 -0.9999132266 0.0131734282 0 -0.9999132266 0.0131734282 0 0 0 1 0 0 -1 0 0 1 0 0 -1 0 0 1 0 0 -1 0 0 1 0 0 -1 0 0 1 0 0 -1 0 0 1 0 0 -1 -0.0301028017 -0.999546808 0 -0.0301028017 -0.999546808 0 0.9995901947 -0.0286259089 0 0.9995901947 -0.0286259089 0 -0.0000467399 0.9999999989 0 -0.0000467399 0.9999999989 0 1 0 0 1 0 0 -0.0000600962 0.9999999982 0 -0.0000600962 0.9999999982 0 0.9977702112 -0.066742832 0 0.9977702112 -0.066742832 0 0.0225674635 0.9997453224 0 0.0225674635 0.9997453224 0 -0.9997286675 0.02329359 0 -0.9997286675 0.02329359 0 0 0 1 0 0 -1 0 0 1 0 0 -1 0 0 1 0 0 -1 0 0 1 0 0 -1 0 0 1 0 0 -1 0 0 1 0 0 -1 -0.026867983 -0.9996389906 0 -0.026867983 -0.9996389906 0 0.9999999992 0.0000396066 0 0.9999999992 0.0000396066 0 0 -1 0 0 -1 0 0.9999999984 0.0000563301 0 0.9999999984 0.0000563301 0 0.0369005172 -0.999318944 0 0.0369005172 -0.999318944 0 0.999438798 0.0334975967 0 0.999438798 0.0334975967 0 -0.0146848299 0.9998921721 0 -0.0146848299 0.9998921721 0 -0.9999132998 0.0131678708 0 -0.9999132998 0.0131678708 0 0 0 1 0 0 -1 0 0 1 0 0 -1 0 0 1 0 0 -1 0 0 1 0 0 -1 0 0 1 0 0 -1 0 0 1 0 0 -1 -0.9999999982 -0.0000603533 0 -0.9999999982 -0.0000603533 0 0.0000647186 -0.9999999979 0 0.0000647186 -0.9999999979 0 0.9999999978 0.0000660118 0 0.9999999978 0.0000660118 0 0.0001051635 -0.9999999945 0 0.0001051635 -0.9999999945 0 0.9999999982 0.0000603537 0 0.9999999982 0.0000603537 0 0.000048539 -0.9999999988 0 0.000048539 -0.9999999988 0 0.9999999977 0.0000681403 0 0.9999999977 0.0000681403 0 -0.0000609671 0.9999999981 0 -0.0000609671 0.9999999981 0 0 0 1 0 0 -1 0 0 1 0 0 -1 0 0 1 0 0 -1 0 0 1 0 0 -1 0 0 1 0 0 -1 0 0 1 0 0 -1 -0.0242277241 -0.9997064656 0 -0.0242277241 -0.9997064656 0 0.9999999982 0.0000603529 0 0.9999999982 0.0000603529 0 0 -1 0 0 -1 0 0.9999999975 0.0000704126 0 0.9999999975 0.0000704126 0 -0.0451572454 -0.9989798913 0 -0.0451572454 -0.9989798913 0 0.9995655725 -0.0294731433 0 0.9995655725 -0.0294731433 0 0.0150213782 0.9998871727 0 0.0150213782 0.9998871727 0 -0.9996864582 0.0250396751 0 -0.9996864582 0.0250396751 0 0 0 1 0 0 -1 0 0 1 0 0 -1 0 0 1 0 0 -1 0 0 1 0 0 -1 0 0 1 0 0 -1 0 0 1 0 0 -1 -0.1513600997 -0.9884786898 0 -0.1513600997 -0.9884786898 0 -0.9862876748 0.1650352163 0 -0.9862876748 0.1650352163 0 -0.1952274454 -0.9807579949 0 -0.1952274454 -0.9807579949 0 -0.9837459509 0.1795658768 0 -0.9837459509 0.1795658768 0 -0.1803503428 -0.9836024369 0 -0.1803503428 -0.9836024369 0 0.9876700195 -0.1565500958 0 0.9876700195 -0.1565500958 0 0.1589649395 0.9872842286 0 0.1589649395 0.9872842286 0 -0.9862904984 0.165018341 0 -0.9862904984 0.165018341 0 0 0 1 0 0 -1 0 0 1 0 0 -1 0 0 1 0 0 -1 0 0 1 0 0 -1 0 0 1 0 0 -1 0 0 1 0 0 -1 -0.9999999962 -0.0000874075 0 -0.9999999962 -0.0000874075 0 0.0000866101 -0.9999999962 0 0.0000866101 -0.9999999962 0 -0.9999999964 -0.0000844951 0 -0.9999999964 -0.0000844951 0 -0.0001051635 0.9999999945 0 -0.0001051635 0.9999999945 0 -0.9999999964 -0.0000844951 0 -0.9999999964 -0.0000844951 0 0.0000885632 -0.9999999961 0 0.0000885632 -0.9999999961 0 0.9999999963 0.000085637 0 0.9999999963 0.000085637 0 -0.0000804236 0.9999999968 0 -0.0000804236 0.9999999968 0 0 0 1 0 0 -1 0 0 1 0 0 -1 0 0 1 0 0 -1 0 0 1 0 0 -1 0 0 1 0 0 -1 0 0 1 0 0 -1 0 0 1 0 0 -1 -0.3924043919 -0.9197927991 0 -0.3924043919 -0.9197927991 0 -0.1234117308 -0.9923555536 0 -0.1234117308 -0.9923555536 0 -0.1952274454 -0.9807579949 0 -0.1952274454 -0.9807579949 0 0 -1 0 0 -1 0 -0.2414549245 -0.9704120359 0 -0.2414549245 -0.9704120359 0 0.4047975028 -0.9144063548 0 0.4047975028 -0.9144063548 0 0.9942703257 -0.1068948988 0 0.9942703257 -0.1068948988 0 0.1069406472 0.9942654062 0 0.1069406472 0.9942654062 0 -0.9946562938 0.1032417414 0 -0.9946562938 0.1032417414 0 0 0 1 0 0 -1 0 0 1 0 0 -1 0 0 1 0 0 -1 0 0 1 0 0 -1 0 0 1 0 0 -1 0 0 1 0 0 -1 -0.9999999963 -0.0000858148 0 -0.9999999963 -0.0000858148 0 0.0001051672 -0.9999999945 0 0.0001051672 -0.9999999945 0 -0.9999999969 -0.0000792142 0 -0.9999999969 -0.0000792142 0 0.0000731582 -0.9999999973 0 0.0000731582 -0.9999999973 0 0.9999999964 0.0000844951 0 0.9999999964 0.0000844951 0 0.0000901424 -0.9999999959 0 0.0000901424 -0.9999999959 0 0.9998782612 -0.0156032967 0 0.9998782612 -0.0156032967 0 0.012683627 0.9999195596 0 0.012683627 0.9999195596 0 0 0 1 0 0 -1 0 0 1 0 0 -1 0 0 1 0 0 -1 0 0 1 0 0 -1 0 0 1 0 0 -1 0 0 1 0 0 -1 -0.2238908313 -0.9746142292 0 -0.2238908313 -0.9746142292 0 -0.9837512119 0.179537052 0 -0.9837512119 0.179537052 0 -0.1952432456 -0.9807548496 0 -0.1952432456 -0.9807548496 0 -0.975252826 0.2210925722 0 -0.975252826 0.2210925722 0 -0.2353476356 -0.9719112565 0 -0.2353476356 -0.9719112565 0 0.9760029118 -0.2177574708 0 0.9760029118 -0.2177574708 0 0.2144819535 0.9767279517 0 0.2144819535 0.9767279517 0 -0.9718662139 0.2355335693 0 -0.9718662139 0.2355335693 0 0 0 1 0 0 -1 0 0 1 0 0 -1 0 0 1 0 0 -1 0 0 1 0 0 -1 0 0 1 0 0 -1 0 0 1 0 0 -1 -0.9999999968 -0.0000799278 0 -0.9999999968 -0.0000799278 0 0.0000801282 -0.9999999968 0 0.0000801282 -0.9999999968 0 -0.9999999964 -0.0000844951 0 -0.9999999964 -0.0000844951 0 0.0000731596 -0.9999999973 0 0.0000731596 -0.9999999973 0 -0.9999999969 -0.0000782362 0 -0.9999999969 -0.0000782362 0 0.0000788758 -0.9999999969 0 0.0000788758 -0.9999999969 0 0.9999999968 0.0000795964 0 0.9999999968 0.0000795964 0 -0.0000830271 0.9999999966 0 -0.0000830271 0.9999999966 0 0 0 1 0 0 -1 0 0 1 0 0 -1 0 0 1 0 0 -1 0 0 1 0 0 -1 0 0 1 0 0 -1 0 0 1 0 0 -1 -0.9999999969 -0.0000784598 0 -0.9999999969 -0.0000784598 0 -0.0132020576 -0.999912849 0 -0.0132020576 -0.999912849 0 0.9999010805 -0.0140651808 0 0.9999010805 -0.0140651808 0 -0.0000788747 0.9999999969 0 -0.0000788747 0.9999999969 0 -0.9992574284 0.0385304 0 -0.9992574284 0.0385304 0 -0.0001051672 0.9999999945 0 -0.0001051672 0.9999999945 0 0.9999999967 0.000081244 0 0.9999999967 0.000081244 0 -0.0000814189 0.9999999967 0 -0.0000814189 0.9999999967 0 0 0 1 0 0 -1 0 0 1 0 0 -1 0 0 1 0 0 -1 0 0 1 0 0 -1 0 0 1 0 0 -1 0 0 1 0 0 -1 -0.2249089664 -0.9743797806 0 -0.2249089664 -0.9743797806 0 0.9715408128 -0.2368722208 0 0.9715408128 -0.2368722208 0 0.23818907 0.9712188049 0 0.23818907 0.9712188049 0 -0.9752556917 0.221079931 0 -0.9752556917 0.221079931 0 -0.2238908313 -0.9746142292 0 -0.2238908313 -0.9746142292 0 -0.9699206461 0.2434213224 0 -0.9699206461 0.2434213224 0 0.2238873904 0.9746150196 0 0.2238873904 0.9746150196 0 -0.9699181248 0.2434313687 0 -0.9699181248 0.2434313687 0 0 0 1 0 0 -1 0 0 1 0 0 -1 0 0 1 0 0 -1 0 0 1 0 0 -1 0 0 1 0 0 -1 0 0 1 0 0 -1 -0.2238873904 -0.9746150196 0 -0.2238873904 -0.9746150196 0 0.9804344774 -0.1968457149 0 0.9804344774 -0.1968457149 0 -0.241466881 -0.9704090609 0 -0.241466881 -0.9704090609 0 1 0 0 1 0 0 -0.1850636106 -0.9827265439 0 -0.1850636106 -0.9827265439 0 0.9794487218 -0.2016933348 0 0.9794487218 -0.2016933348 0 0.1925984512 0.9812776552 0 0.1925984512 0.9812776552 0 -0.9815519438 0.1911956634 0 -0.9815519438 0.1911956634 0 0 0 1 0 0 -1 0 0 1 0 0 -1 0 0 1 0 0 -1 0 0 1 0 0 -1 0 0 1 0 0 -1 0 0 1 0 0 -1 -0.0283653036 -0.9995976238 0 -0.0283653036 -0.9995976238 0 -0.9999999964 -0.0000844951 0 -0.9999999964 -0.0000844951 0 0.0000764848 -0.9999999971 0 0.0000764848 -0.9999999971 0 -0.9999999979 -0.0000649963 0 -0.9999999979 -0.0000649963 0 -0.0331020468 -0.9994519771 0 -0.0331020468 -0.9994519771 0 0.99989207 -0.0146917795 0 0.99989207 -0.0146917795 0 0.0261221757 0.9996587577 0 0.0261221757 0.9996587577 0 -0.9996337441 0.0270624755 0 -0.9996337441 0.0270624755 0 0 0 1 0 0 -1 0 0 1 0 0 -1 0 0 1 0 0 -1 0 0 1 0 0 -1 0 0 1 0 0 -1 0 0 1 0 0 -1 0.0000808996 -0.9999999967 0 0.0000808996 -0.9999999967 0 -0.9999999975 -0.0000704126 0 -0.9999999975 -0.0000704126 0 -0.0000808996 0.9999999967 0 -0.0000808996 0.9999999967 0 -0.9999999977 -0.0000681412 0 -0.9999999977 -0.0000681412 0 0.0000742368 -0.9999999972 0 0.0000742368 -0.9999999972 0 0.9999999975 0.0000714039 0 0.9999999975 0.0000714039 0 0.0147847816 0.9998906991 0 0.0147847816 0.9998906991 0 -0.9994035068 0.034534484 0 -0.9994035068 0.034534484 0 0 0 1 0 0 -1 0 0 1 0 0 -1 0 0 1 0 0 -1 0 0 1 0 0 -1 0 0 1 0 0 -1 0 0 1 0 0 -1 -0.9999999968 -0.0000799278 0 -0.9999999968 -0.0000799278 0 0.0000764867 -0.9999999971 0 0.0000764867 -0.9999999971 0 -0.9999999964 -0.0000844951 0 -0.9999999964 -0.0000844951 0 0.0000701115 -0.9999999975 0 0.0000701115 -0.9999999975 0 -0.9999999968 -0.0000804716 0 -0.9999999968 -0.0000804716 0 -0.0342285931 -0.99941403 0 -0.0342285931 -0.99941403 0 0.9998781582 -0.0156098955 0 0.9998781582 -0.0156098955 0 -0.000078526 0.9999999969 0 -0.000078526 0.9999999969 0 0 0 1 0 0 -1 0 0 1 0 0 -1 0 0 1 0 0 -1 0 0 1 0 0 -1 0 0 1 0 0 -1 0 0 1 0 0 -1 0.0000600953 -0.9999999982 0 0.0000600953 -0.9999999982 0 -0.9999999979 -0.0000649963 0 -0.9999999979 -0.0000649963 0 0.0000841397 -0.9999999965 0 0.0000841397 -0.9999999965 0 -0.9994779316 0.032308889 0 -0.9994779316 0.032308889 0 -0.0261279942 -0.9996586057 0 -0.0261279942 -0.9996586057 0 0.999911199 -0.0133264417 0 0.999911199 -0.0133264417 0 0.0141571498 0.9998997825 0 0.0141571498 0.9998997825 0 -0.9994774774 0.0323229357 0 -0.9994774774 0.0323229357 0 0 0 1 0 0 -1 0 0 1 0 0 -1 0 0 1 0 0 -1 0 0 1 0 0 -1 0 0 1 0 0 -1 0 0 1 0 0 -1 -0.9993994626 -0.0346513224 0 -0.9993994626 -0.0346513224 0 0.000048539 -0.9999999988 0 0.000048539 -0.9999999988 0 -0.9999999988 -0.000049703 0 -0.9999999988 -0.000049703 0 -0.000048539 0.9999999988 0 -0.000048539 0.9999999988 0 -0.9999999991 -0.0000422476 0 -0.9999999991 -0.0000422476 0 0.0138748941 -0.999903739 0 0.0138748941 -0.999903739 0 0.9999120512 0.0132623472 0 0.9999120512 0.0132623472 0 -0.0138749752 0.9999037379 0 -0.0138749752 0.9999037379 0 0 0 1 0 0 -1 0 0 1 0 0 -1 0 0 1 0 0 -1 0 0 1 0 0 -1 0 0 1 0 0 -1 0 0 1 0 0 -1 -0.9999999986 -0.0000528095 0 -0.9999999986 -0.0000528095 0 0.0415052538 -0.9991382857 0 0.0415052538 -0.9991382857 0 -0.9999999979 -0.0000649963 0 -0.9999999979 -0.0000649963 0 -0.0415052538 0.9991382857 0 -0.0415052538 0.9991382857 0 -0.999999999 -0.0000452653 0 -0.999999999 -0.0000452653 0 0.0000556762 -0.9999999985 0 0.0000556762 -0.9999999985 0 0.9999999983 0.0000578734 0 0.9999999983 0.0000578734 0 -0.0000556765 0.9999999985 0 -0.0000556765 0.9999999985 0 0 0 1 0 0 -1 0 0 1 0 0 -1 0 0 1 0 0 -1 0 0 1 0 0 -1 0 0 1 0 0 -1 0 0 1 0 0 -1 0 0 1 0 0 -1 -0.42132127 -0.9069114551 0 -0.42132127 -0.9069114551 0 -0.8937032937 0.4486584701 0 -0.8937032937 0.4486584701 0 -0.4322308667 -0.9017629832 0 -0.4322308667 -0.9017629832 0 0.9084300978 -0.4180367895 0 0.9084300978 -0.4180367895 0 -0.4265134364 -0.9044812262 0 -0.4265134364 -0.9044812262 0 0.9005723778 -0.4347060987 0 0.9005723778 -0.4347060987 0 0.4228629663 0.9061936392 0 0.4228629663 0.9061936392 0 -0.3631369909 0.9317357597 0 -0.3631369909 0.9317357597 0 -0.8994682405 0.4369861375 0 -0.8994682405 0.4369861375 0 0 0 1 0 0 -1 0 0 1 0 0 -1 0 0 1 0 0 -1 0 0 1 0 0 -1 0 0 1 0 0 -1 0 0 1 0 0 -1 0 0 1 0 0 -1 -0.2929180681 -0.9561375452 0 -0.2929180681 -0.9561375452 0 -0.6568694648 -0.7540043144 0 -0.6568694648 -0.7540043144 0 -0.3337151642 -0.942673957 0 -0.3337151642 -0.942673957 0 0.9369569845 -0.3494447156 0 0.9369569845 -0.3494447156 0 0.3497877943 0.9368289593 0 0.3497877943 0.9368289593 0 0.9482932565 -0.3173954941 0 0.9482932565 -0.3173954941 0 0.4994096716 0.8663659619 0 0.4994096716 0.8663659619 0 0.1636866983 0.9865123744 0 0.1636866983 0.9865123744 0 -0.9428058378 0.3333423949 0 -0.9428058378 0.3333423949 0 0 0 1 0 0 -1 0 0 1 0 0 -1 0 0 1 0 0 -1 0 0 1 0 0 -1 0 0 1 0 0 -1 0 0 1 0 0 -1 -0.9999999967 -0.0000817684 0 -0.9999999967 -0.0000817684 0 0.0000841354 -0.9999999965 0 0.0000841354 -0.9999999965 0 -0.9999999944 -0.0001056189 0 -0.9999999944 -0.0001056189 0 -0.0000731596 0.9999999973 0 -0.0000731596 0.9999999973 0 -0.99953964 0.0303398772 0 -0.99953964 0.0303398772 0 0.0000764857 -0.9999999971 0 0.0000764857 -0.9999999971 0 0.9999010805 -0.0140651808 0 0.9999010805 -0.0140651808 0 0.0145673268 0.9998938909 0 0.0145673268 0.9998938909 0 0 0 1 0 0 -1 0 0 1 0 0 -1 0 0 1 0 0 -1 0 0 1 0 0 -1 0 0 1 0 0 -1 0 0 1 0 0 -1 0 0 1 0 0 -1 0 0 1 0 0 -1 -0.9944498195 -0.1052119595 0 -0.9944498195 -0.1052119595 0 0.4457065597 -0.8951791232 0 0.4457065597 -0.8951791232 0 -0.9954480958 -0.0953052385 0 -0.9954480958 -0.0953052385 0 0.0856270118 -0.9963272629 0 0.0856270118 -0.9963272629 0 0.9968640743 0.0791329089 0 0.9968640743 0.0791329089 0 -0.0902489913 0.9959192335 0 -0.0902489913 0.9959192335 0 0.9999999944 0.0001056189 0 0.9999999944 0.0001056189 0 -0.1100618279 0.9939247426 0 -0.1100618279 0.9939247426 0 -0.9482417069 -0.317549469 0 -0.9482417069 -0.317549469 0 -0.0453106132 0.9989729467 0 -0.0453106132 0.9989729467 0 0 0 1 0 0 -1 0 0 1 0 0 -1 0 0 1 0 0 -1 0 0 1 0 0 -1 0 0 1 0 0 -1 0 0 1 0 0 -1 0 0 1 0 0 -1 0 0 1 0 0 -1 -0.9996100124 -0.0279253114 0 -0.9996100124 -0.0279253114 0 0.0221594432 -0.9997544494 0 0.0221594432 -0.9997544494 0 0.9999999995 0.0000312945 0 0.9999999995 0.0000312945 0 0.0000841397 -0.9999999965 0 0.0000841397 -0.9999999965 0 0.9982568778 0.0590186911 0 0.9982568778 0.0590186911 0 0.0432881457 -0.9990626289 0 0.0432881457 -0.9990626289 0 0.9999999986 0.0000528088 0 0.9999999986 0.0000528088 0 -0.0293234566 0.999569975 0 -0.0293234566 0.999569975 0 -1 0 0 -1 0 0 -0.0249278353 0.9996892532 0 -0.0249278353 0.9996892532 0 0 0 1 0 0 -1 0 0 1 0 0 -1 0 0 1 0 0 -1 0 0 1 0 0 -1 0 0 1 0 0 -1 0 0 1 0 0 -1 0 0 1 0 0 -1 0 0 1 0 0 -1 -0.0150150065 -0.9998872684 0 -0.0150150065 -0.9998872684 0 0.9995907173 -0.0286076526 0 0.9995907173 -0.0286076526 0 -0.0000841326 0.9999999965 0 -0.0000841326 0.9999999965 0 0.9999999982 0.0000603537 0 0.9999999982 0.0000603537 0 0.0001051635 -0.9999999945 0 0.0001051635 -0.9999999945 0 0.9999999977 0.0000681412 0 0.9999999977 0.0000681412 0 -0.0000686813 0.9999999976 0 -0.0000686813 0.9999999976 0 -0.9999999989 -0.0000469417 0 -0.9999999989 -0.0000469417 0 -0.0000788768 0.9999999969 0 -0.0000788768 0.9999999969 0 -0.9998740492 0.0158709102 0 -0.9998740492 0.0158709102 0 0 0 1 0 0 -1 0 0 1 0 0 -1 0 0 1 0 0 -1 0 0 1 0 0 -1 0 0 1 0 0 -1 0 0 1 0 0 -1 0 0 1 0 0 -1 0 0 1 0 0 -1 -0.9999999987 -0.0000502942 0 -0.9999999987 -0.0000502942 0 0.0000460112 -0.9999999989 0 0.0000460112 -0.9999999989 0 0.9999999991 0.0000433304 0 0.9999999991 0.0000433304 0 0 -1 0 0 -1 0 0.9995626295 0.0295727854 0 0.9995626295 0.0295727854 0 -0.0311408138 0.9995150072 0 -0.0311408138 0.9995150072 0 -0.9999999988 -0.0000487472 0 -0.9999999988 -0.0000487472 0 -0.000046741 0.9999999989 0 -0.000046741 0.9999999989 0 -0.9698767885 -0.2435960079 0 -0.9698767885 -0.2435960079 0 -0.0000442811 0.999999999 0 -0.0000442811 0.999999999 0 0 0 1 0 0 -1 0 0 1 0 0 -1 0 0 1 0 0 -1 0 0 1 0 0 -1 0 0 1 0 0 -1 0 0 1 0 0 -1 0 0 1 0 0 -1 0 0 1 0 0 -1 -0.9998796702 -0.015512741 0 -0.9998796702 -0.015512741 0 0.0000525831 -0.9999999986 0 0.0000525831 -0.9999999986 0 -0.9999999964 -0.0000844951 0 -0.9999999964 -0.0000844951 0 0.0203851795 -0.9997922006 0 0.0203851795 -0.9997922006 0 0.999999997 0.0000768128 0 0.999999997 0.0000768128 0 -0.0000731596 0.9999999973 0 -0.0000731596 0.9999999973 0 0.999999997 0.0000768138 0 0.999999997 0.0000768138 0 -0.0000841326 0.9999999965 0 -0.0000841326 0.9999999965 0 0.9994378552 0.0335257143 0 0.9994378552 0.0335257143 0 -0.0000682167 0.9999999977 0 -0.0000682167 0.9999999977 0 0 0 1 0 0 -1 0 0 1 0 0 -1 0 0 1 0 0 -1 0 0 1 0 0 -1 0 0 1 0 0 -1 0 0 1 0 0 -1 0 0 1 0 0 -1 0 0 1 0 0 -1 -0.3102976823 -0.9506394418 0 -0.3102976823 -0.9506394418 0 0.9590571456 -0.2832126258 0 0.9590571456 -0.2832126258 0 -0.2861791408 -0.9581761317 0 -0.2861791408 -0.9581761317 0 0.9503612355 -0.3111487136 0 0.9503612355 -0.3111487136 0 0.3149571039 0.949105907 0 0.3149571039 0.949105907 0 -0.9584882904 0.2851318945 0 -0.9584882904 0.2851318945 0 0.241466881 0.9704090609 0 0.241466881 0.9704090609 0 0.9445758645 -0.3282932169 0 0.9445758645 -0.3282932169 0 0.3057586506 0.9521090523 0 0.3057586506 0.9521090523 0 -0.9513442364 0.3081300762 0 -0.9513442364 0.3081300762 0 0 0 1 0 0 -1 0 0 1 0 0 -1 0 0 1 0 0 -1 0 0 1 0 0 -1 0 0 1 0 0 -1 0 0 1 0 0 -1 0 0 1 0 0 -1 0 0 1 0 0 -1 -0.9999999951 -0.000099406 0 -0.9999999951 -0.000099406 0 -0.0167893165 -0.9998590495 0 -0.0167893165 -0.9998590495 0 -0.9999999777 -0.0002112378 0 -0.9999999777 -0.0002112378 0 0.0001051691 -0.9999999945 0 0.0001051691 -0.9999999945 0 0.9997164401 -0.0238125889 0 0.9997164401 -0.0238125889 0 -0.0000970811 0.9999999953 0 -0.0000970811 0.9999999953 0 -1 0 0 -1 0 0 0.0254375253 0.9996764138 0 0.0254375253 0.9996764138 0 -0.998862402 0.0476854463 0 -0.998862402 0.0476854463 0 -0.0002103492 0.9999999779 0 -0.0002103492 0.9999999779 0 0 0 1 0 0 -1 0 0 1 0 0 -1 0 0 1 0 0 -1 0 0 1 0 0 -1 0 0 1 0 0 -1 0 0 1 0 0 -1 0 0 1 0 0 -1 0 0 1 0 0 -1 -0.0154712476 -0.9998803131 0 -0.0154712476 -0.9998803131 0 0.9999999944 0.0001056189 0 0.9999999944 0.0001056189 0 0 -1 0 0 -1 0 0.999999996 0.0000889423 0 0.999999996 0.0000889423 0 0 1 0 0 1 0 0.9965224913 -0.083324212 0 0.9965224913 -0.083324212 0 0.015977062 0.9998723586 0 0.015977062 0.9998723586 0 -0.999999996 -0.0000889403 0 -0.999999996 -0.0000889403 0 0 1 0 0 1 0 -0.9987460175 0.0500638847 0 -0.9987460175 0.0500638847 0 0 0 1 0 0 -1 0 0 1 0 0 -1 0 0 1 0 0 -1 0 0 1 0 0 -1 0 0 1 0 0 -1 0 0 1 0 0 -1 0 0 1 0 0 -1 0 0 1 0 0 -1 -0.9999999972 -0.0000745545 0 -0.9999999972 -0.0000745545 0 -0.0154712476 -0.9998803131 0 -0.0154712476 -0.9998803131 0 0.9999999982 0.0000603537 0 0.9999999982 0.0000603537 0 0.0002103492 -0.9999999779 0 0.0002103492 -0.9999999779 0 0.9999999964 0.0000844951 0 0.9999999964 0.0000844951 0 -0.0002103049 0.9999999779 0 -0.0002103049 0.9999999779 0 0.9999999964 0.0000844951 0 0.9999999964 0.0000844951 0 -0.0000814222 0.9999999967 0 -0.0000814222 0.9999999967 0 -0.999999996 -0.0000889403 0 -0.999999996 -0.0000889403 0 0 1 0 0 1 0 0 0 1 0 0 -1 0 0 1 0 0 -1 0 0 1 0 0 -1 0 0 1 0 0 -1 0 0 1 0 0 -1 0 0 1 0 0 -1 0 0 1 0 0 -1 0 0 1 0 0 -1 -0.3596111361 -0.9331022617 0 -0.3596111361 -0.9331022617 0 0.9185676956 -0.3952636949 0 0.9185676956 -0.3952636949 0 -0.357615866 -0.9338687769 0 -0.357615866 -0.9338687769 0 0.8937087075 -0.448647686 0 0.8937087075 -0.448647686 0 -0.3972531778 -0.9177090567 0 -0.3972531778 -0.9177090567 0 0.9369620683 -0.3494310841 0 0.9369620683 -0.3494310841 0 0.3642534719 0.9312998487 0 0.3642534719 0.9312998487 0 -0.9131935791 0.407526057 0 -0.9131935791 0.407526057 0 0.3403972319 0.9402817261 0 0.3403972319 0.9402817261 0 -0.9294471236 0.3689553421 0 -0.9294471236 0.3689553421 0 0 0 1 0 0 -1 0 0 1 0 0 -1 0 0 1 0 0 -1 0 0 1 0 0 -1 0 0 1 0 0 -1 0 0 1 0 0 -1 0 0 1 0 0 -1 0 0 1 0 0 -1 -0.9999999962 -0.0000866617 0 -0.9999999962 -0.0000866617 0 -0.0135582905 -0.9999080822 0 -0.0135582905 -0.9999080822 0 0.9999999961 0.0000884243 0 0.9999999961 0.0000884243 0 0 -1 0 0 -1 0 0.9999999972 0.0000754421 0 0.9999999972 0.0000754421 0 -0.0000814211 0.9999999967 0 -0.0000814211 0.9999999967 0 -0.9999999969 -0.0000782362 0 -0.9999999969 -0.0000782362 0 -0.000084135 0.9999999965 0 -0.000084135 0.9999999965 0 -0.9999999944 -0.0001056189 0 -0.9999999944 -0.0001056189 0 -0.000087036 0.9999999962 0 -0.000087036 0.9999999962 0 0 0 1 0 0 -1 0 0 1 0 0 -1 0 0 1 0 0 -1 0 0 1 0 0 -1 0 0 1 0 0 -1 0 0 1 0 0 -1 0 0 1 0 0 -1 0 0 1 0 0 -1 -0.9980295419 -0.0627457842 0 -0.9980295419 -0.0627457842 0 0 -1 0 0 -1 0 -0.9999999944 -0.0001056189 0 -0.9999999944 -0.0001056189 0 0.0569042076 -0.9983796428 0 0.0569042076 -0.9983796428 0 0.9999999964 0.0000844951 0 0.9999999964 0.0000844951 0 0.0453106132 -0.9989729467 0 0.0453106132 -0.9989729467 0 0.9982539534 0.0590681345 0 0.9982539534 0.0590681345 0 -0.0686051579 0.9976438905 0 -0.0686051579 0.9976438905 0 -0.998442129 -0.0557970875 0 -0.998442129 -0.0557970875 0 0 1 0 0 1 0 0 0 1 0 0 -1 0 0 1 0 0 -1 0 0 1 0 0 -1 0 0 1 0 0 -1 0 0 1 0 0 -1 0 0 1 0 0 -1 0 0 1 0 0 -1 0 0 1 0 0 -1 -0.9999999958 -0.0000913461 0 -0.9999999958 -0.0000913461 0 0.0000948008 -0.9999999955 0 0.0000948008 -0.9999999955 0 0.9999999951 0.000099406 0 0.9999999951 0.000099406 0 0 1 0 0 1 0 0.9999999956 0.0000938835 0 0.9999999956 0.0000938835 0 -0.000097078 0.9999999953 0 -0.000097078 0.9999999953 0 -0.9999999777 -0.0002112378 0 -0.9999999777 -0.0002112378 0 -0.0000956078 0.9999999954 0 -0.0000956078 0.9999999954 0 0.9999999944 0.0001056189 0 0.9999999944 0.0001056189 0 -0.0000989842 0.9999999951 0 -0.0000989842 0.9999999951 0 0 0 1 0 0 -1 0 0 1 0 0 -1 0 0 1 0 0 -1 0 0 1 0 0 -1 0 0 1 0 0 -1 0 0 1 0 0 -1 0 0 1 0 0 -1 0 0 1 0 0 -1 -0.9999999956 -0.0000938835 0 -0.9999999956 -0.0000938835 0 -0.0149898065 -0.9998876465 0 -0.0149898065 -0.9998876465 0 0.9999999944 0.0001056189 0 0.9999999944 0.0001056189 0 0 -1 0 0 -1 0 0.9999999956 0.0000938835 0 0.9999999956 0.0000938835 0 0 1 0 0 1 0 0.9999999975 0.0000704126 0 0.9999999975 0.0000704126 0 0.0159701711 0.9998724687 0 0.0159701711 0.9998724687 0 -0.9987460704 0.0500628298 0 -0.9987460704 0.0500628298 0 -0.0001402328 0.9999999902 0 -0.0001402328 0.9999999902 0 0 0 1 0 0 -1 0 0 1 0 0 -1 0 0 1 0 0 -1 0 0 1 0 0 -1 0 0 1 0 0 -1 0 0 1 0 0 -1 0 0 1 0 0 -1 0 0 1 0 0 -1 -0.9999999975 -0.0000704126 0 -0.9999999975 -0.0000704126 0 -0.0154646769 -0.9998804147 0 -0.0154646769 -0.9998804147 0 0.9999999982 0.0000603537 0 0.9999999982 0.0000603537 0 0 -1 0 0 -1 0 0.999999996 0.0000889423 0 0.999999996 0.0000889423 0 0 1 0 0 1 0 0.999999997 0.0000768138 0 0.999999997 0.0000768138 0 0.0159634969 0.9998725753 0 0.0159634969 0.9998725753 0 -0.999999996 -0.0000889423 0 -0.999999996 -0.0000889423 0 0 1 0 0 1 0 0 0 1 0 0 -1 0 0 1 0 0 -1 0 0 1 0 0 -1 0 0 1 0 0 -1 0 0 1 0 0 -1 0 0 1 0 0 -1 0 0 1 0 0 -1 0 0 1 0 0 -1 -0.2099090993 -0.977720906 0 -0.2099090993 -0.977720906 0 0.9760023687 -0.2177599051 0 0.9760023687 -0.2177599051 0 -0.2414909074 -0.970403082 0 -0.2414909074 -0.970403082 0 0.9785567883 -0.2059772123 0 0.9785567883 -0.2059772123 0 0.2104080152 0.9776136594 0 0.2104080152 0.9776136594 0 -0.9804354383 0.1968409289 0 -0.9804354383 0.1968409289 0 0.1952274454 0.9807579949 0 0.1952274454 0.9807579949 0 -0.980437033 0.1968329861 0 -0.980437033 0.1968329861 0 0.2238724118 0.9746184603 0 0.2238724118 0.9746184603 0 -0.9816428117 0.1907285776 0 -0.9816428117 0.1907285776 0 0 0 1 0 0 -1 0 0 1 0 0 -1 0 0 1 0 0 -1 0 0 1 0 0 -1 0 0 1 0 0 -1 0 0 1 0 0 -1 0 0 1 0 0 -1 0 0 1 0 0 -1 -0.9999999991 -0.0000422476 0 -0.9999999991 -0.0000422476 0 0.0000382422 -0.9999999993 0 0.0000382422 -0.9999999993 0 0.9999999984 0.0000563285 0 0.9999999984 0.0000563285 0 -0.0001402328 0.9999999902 0 -0.0001402328 0.9999999902 0 0.9999999989 0.0000460879 0 0.9999999989 0.0000460879 0 0.0354939142 0.9993698925 0 0.0354939142 0.9993698925 0 -0.9993101993 0.0371365805 0 -0.9993101993 0.0371365805 0 -0.0000382424 0.9999999993 0 -0.0000382424 0.9999999993 0 -1 0 0 -1 0 0 0.029236235 0.9995725299 0 0.029236235 0.9995725299 0 0 0 1 0 0 -1 0 0 1 0 0 -1 0 0 1 0 0 -1 0 0 1 0 0 -1 0 0 1 0 0 -1 0 0 1 0 0 -1 0 0 1 0 0 -1 0 0 1 0 0 -1 -0.9999999958 -0.0000916208 0 -0.9999999958 -0.0000916208 0 0.0000920229 -0.9999999958 0 0.0000920229 -0.9999999958 0 0.9999999944 0.0001056189 0 0.9999999944 0.0001056189 0 0.0001051672 -0.9999999945 0 0.0001051672 -0.9999999945 0 0.9999999901 0.0001408252 0 0.9999999901 0.0001408252 0 0.0000934842 -0.9999999956 0 0.0000934842 -0.9999999956 0 0.9999999964 0.0000844951 0 0.9999999964 0.0000844951 0 -0.0000889896 0.999999996 0 -0.0000889896 0.999999996 0 0.9999999944 0.0001056189 0 0.9999999944 0.0001056189 0 -0.0000901456 0.9999999959 0 -0.0000901456 0.9999999959 0 0 0 1 0 0 -1 0 0 1 0 0 -1 0 0 1 0 0 -1 0 0 1 0 0 -1 0 0 1 0 0 -1 0 0 1 0 0 -1 0 0 1 0 0 -1 0 0 1 0 0 -1 0.0000906067 -0.9999999959 0 0.0000906067 -0.9999999959 0 0.9999999951 0.000099406 0 0.9999999951 0.000099406 0 0.0001051691 -0.9999999945 0 0.0001051691 -0.9999999945 0 0.9999999963 0.0000862195 0 0.9999999963 0.0000862195 0 -0.0000814211 0.9999999967 0 -0.0000814211 0.9999999967 0 -0.9999999961 -0.0000880142 0 -0.9999999961 -0.0000880142 0 -0.0000841361 0.9999999965 0 -0.0000841361 0.9999999965 0 -0.9999999964 -0.0000844951 0 -0.9999999964 -0.0000844951 0 -0.0000814211 0.9999999967 0 -0.0000814211 0.9999999967 0 -0.9996340528 0.0270510699 0 -0.9996340528 0.0270510699 0 0 0 1 0 0 -1 0 0 1 0 0 -1 0 0 1 0 0 -1 0 0 1 0 0 -1 0 0 1 0 0 -1 0 0 1 0 0 -1 0 0 1 0 0 -1 0 0 1 0 0 -1 -0.3968269305 -0.9178934509 0 -0.3968269305 -0.9178934509 0 0.9234637191 -0.3836857562 0 0.9234637191 -0.3836857562 0 0.3576259585 0.933864912 0 0.3576259585 0.933864912 0 0.9140676365 -0.4055617781 0 0.9140676365 -0.4055617781 0 0.3924644977 0.9197671543 0 0.3924644977 0.9197671543 0 -0.905509926 0.4243250806 0 -0.905509926 0.4243250806 0 0.4455935494 0.8952353817 0 0.4455935494 0.8952353817 0 -0.9225109216 0.3859709827 0 -0.9225109216 0.3859709827 0 0.3972531778 0.9177090567 0 0.3972531778 0.9177090567 0 -0.9118807367 0.410455262 0 -0.9118807367 0.410455262 0 0 0 1 0 0 -1 0 0 1 0 0 -1 0 0 1 0 0 -1 0 0 1 0 0 -1 0 0 1 0 0 -1 0 0 1 0 0 -1 0 0 1 0 0 -1 0 0 1 0 0 -1 -0.0793258567 -0.996848739 0 -0.0793258567 -0.996848739 0 -0.9971820617 0.0750195691 0 -0.9971820617 0.0750195691 0 -0.0484347765 -0.9988263475 0 -0.0484347765 -0.9988263475 0 0.9965224913 -0.083324212 0 0.9965224913 -0.083324212 0 -0.0762770329 -0.9970866634 0 -0.0762770329 -0.9970866634 0 0.9986804603 -0.051355022 0 0.9986804603 -0.051355022 0 0.0522594157 0.9986335431 0 0.0522594157 0.9986335431 0 0.9999999927 0.0001207073 0 0.9999999927 0.0001207073 0 0.0744017114 0.9972283517 0 0.0744017114 0.9972283517 0 -0.9977712094 0.066727908 0 -0.9977712094 0.066727908 0 0 0 1 0 0 -1 0 0 1 0 0 -1 0 0 1 0 0 -1 0 0 1 0 0 -1 0 0 1 0 0 -1 0 0 1 0 0 -1 0 0 1 0 0 -1 0 0 1 0 0 -1 -0.8210036255 -0.5709229781 0 -0.8210036255 -0.5709229781 0 0.5631000384 -0.8263887383 0 0.5631000384 -0.8263887383 0 -0.8286899931 -0.5597078661 0 -0.8286899931 -0.5597078661 0 0.5639495939 -0.8258092126 0 0.5639495939 -0.8258092126 0 0.8237561659 0.5669442469 0 0.8237561659 0.5669442469 0 0.5617625214 -0.8272985372 0 0.5617625214 -0.8272985372 0 0.8358482914 0.548960503 0 0.8358482914 0.548960503 0 -0.5617607837 0.8272997171 0 -0.5617607837 0.8272997171 0 0.798742937 0.6016724363 0 0.798742937 0.6016724363 0 -0.5649463801 0.825127619 0 -0.5649463801 0.825127619 0 0 0 1 0 0 -1 0 0 1 0 0 -1 0 0 1 0 0 -1 0 0 1 0 0 -1 0 0 1 0 0 -1 0 0 1 0 0 -1 0 0 1 0 0 -1 0 0 1 0 0 -1 -0.9998793676 -0.0155322329 0 -0.9998793676 -0.0155322329 0 0.0000814211 -0.9999999967 0 0.0000814211 -0.9999999967 0 0.9999999967 0.0000812453 0 0.9999999967 0.0000812453 0 0.0000876417 -0.9999999962 0 0.0000876417 -0.9999999962 0 0.9998188804 0.0190317212 0 0.9998188804 0.0190317212 0 -0.0000949925 0.9999999955 0 -0.0000949925 0.9999999955 0 -1 0 0 -1 0 0 -0.0356299414 0.9993650521 0 -0.0356299414 0.9993650521 0 -0.999999997 -0.0000768138 0 -0.999999997 -0.0000768138 0 -0.0000841361 0.9999999965 0 -0.0000841361 0.9999999965 0 0 0 1 0 0 -1 0 0 1 0 0 -1 0 0 1 0 0 -1 0 0 1 0 0 -1 0 0 1 0 0 -1 0 0 1 0 0 -1 0 0 1 0 0 -1 0 0 1 0 0 -1 0.0001009591 -0.9999999949 0 0.0001009591 -0.9999999949 0 -0.999999997 -0.0000768138 0 -0.999999997 -0.0000768138 0 0 -1 0 0 -1 0 -0.9999999951 -0.000099406 0 -0.9999999951 -0.000099406 0 -0.0176802636 -0.9998436919 0 -0.0176802636 -0.9998436919 0 0.9999999955 0.0000945006 0 0.9999999955 0.0000945006 0 0.0190477838 0.9998185745 0 0.0190477838 0.9998185745 0 1 0 0 1 0 0 -0.0001051663 0.9999999945 0 -0.0001051663 0.9999999945 0 -0.9995400162 0.0303274806 0 -0.9995400162 0.0303274806 0 0 0 1 0 0 -1 0 0 1 0 0 -1 0 0 1 0 0 -1 0 0 1 0 0 -1 0 0 1 0 0 -1 0 0 1 0 0 -1 0 0 1 0 0 -1 0 0 1 0 0 -1 -0.9999999953 -0.0000965659 0 -0.9999999953 -0.0000965659 0 0.011409882 -0.9999349052 0 0.011409882 -0.9999349052 0 0.9999999955 0.000095056 0 0.9999999955 0.000095056 0 -0.000095606 0.9999999954 0 -0.000095606 0.9999999954 0 0.9999999953 0.0000965659 0 0.9999999953 0.0000965659 0 -0.0000996314 0.999999995 0 -0.0000996314 0.999999995 0 -0.9999999944 -0.0001056189 0 -0.9999999944 -0.0001056189 0 -0.0001051635 0.9999999945 0 -0.0001051635 0.9999999945 0 -0.9999999956 -0.0000938835 0 -0.9999999956 -0.0000938835 0 -0.0001051672 0.9999999945 0 -0.0001051672 0.9999999945 0 0 0 1 0 0 -1 0 0 1 0 0 -1 0 0 1 0 0 -1 0 0 1 0 0 -1 0 0 1 0 0 -1 0 0 1 0 0 -1 0 0 1 0 0 -1 0 0 1 0 0 -1 -0.9999999968 -0.0000799278 0 -0.9999999968 -0.0000799278 0 0.0153947389 -0.999881494 0 0.0153947389 -0.999881494 0 0.9999999964 0.0000844951 0 0.9999999964 0.0000844951 0 0.0000701115 -0.9999999975 0 0.0000701115 -0.9999999975 0 0.9999999967 0.0000812447 0 0.9999999967 0.0000812447 0 -0.0000788758 0.9999999969 0 -0.0000788758 0.9999999969 0 -0.9999999972 -0.000075441 0 -0.9999999972 -0.000075441 0 -0.0000788768 0.9999999969 0 -0.0000788768 0.9999999969 0 -0.9482417069 -0.317549469 0 -0.9482417069 -0.317549469 0 -0.0000701115 0.9999999975 0 -0.0000701115 0.9999999975 0 0 0 1 0 0 -1 0 0 1 0 0 -1 0 0 1 0 0 -1 0 0 1 0 0 -1 0 0 1 0 0 -1 0 0 1 0 0 -1 0 0 1 0 0 -1 0 0 1 0 0 -1 0.0000701115 -0.9999999975 0 0.0000701115 -0.9999999975 0 -0.999728327 0.0233082011 0 -0.999728327 0.0233082011 0 -0.0231108587 -0.9997329084 0 -0.0231108587 -0.9997329084 0 -1 0 0 -1 0 0 0.0000467413 -0.9999999989 0 0.0000467413 -0.9999999989 0 0.9999176198 -0.0128356349 0 0.9999176198 -0.0128356349 0 -0.0000480763 0.9999999988 0 -0.0000480763 0.9999999988 0 -1 0 0 -1 0 0 0.024843256 0.9996913587 0 0.024843256 0.9996913587 0 -0.9994770373 0.0323365426 0 -0.9994770373 0.0323365426 0 0 0 1 0 0 -1 0 0 1 0 0 -1 0 0 1 0 0 -1 0 0 1 0 0 -1 0 0 1 0 0 -1 0 0 1 0 0 -1 0 0 1 0 0 -1 0 0 1 0 0 -1 -0.9999999961 -0.0000884251 0 -0.9999999961 -0.0000884251 0 0 -1 0 0 -1 0 -0.9999999969 -0.0000782362 0 -0.9999999969 -0.0000782362 0 0.00009499 -0.9999999955 0 0.00009499 -0.9999999955 0 0.9999999961 0.0000880158 0 0.9999999961 0.0000880158 0 0.0000764848 -0.9999999971 0 0.0000764848 -0.9999999971 0 0.9999999964 0.0000844951 0 0.9999999964 0.0000844951 0 0.0000909556 -0.9999999959 0 0.0000909556 -0.9999999959 0 0.9999999957 0.0000927376 0 0.9999999957 0.0000927376 0 -0.0000934822 0.9999999956 0 -0.0000934822 0.9999999956 0 0 0 1 0 0 -1 0 0 1 0 0 -1 0 0 1 0 0 -1 0 0 1 0 0 -1 0 0 1 0 0 -1 0 0 1 0 0 -1 0 0 1 0 0 -1 0 0 1 0 0 -1 -0.9999999987 -0.0000512092 0 -0.9999999987 -0.0000512092 0 0.0000504813 -0.9999999987 0 0.0000504813 -0.9999999987 0 -0.9999999989 -0.0000469417 0 -0.9999999989 -0.0000469417 0 0.0001051635 -0.9999999945 0 0.0001051635 -0.9999999945 0 -0.9999999987 -0.0000512085 0 -0.9999999987 -0.0000512085 0 0.0000568479 -0.9999999984 0 0.0000568479 -0.9999999984 0 0.9999999989 0.0000469412 0 0.9999999989 0.0000469412 0 0.00005609 -0.9999999984 0 0.00005609 -0.9999999984 0 0.9996524565 -0.0263622132 0 0.9996524565 -0.0263622132 0 0.0120858172 0.9999269638 0 0.0120858172 0.9999269638 0 0 0 1 0 0 -1 0 0 1 0 0 -1 0 0 1 0 0 -1 0 0 1 0 0 -1 0 0 1 0 0 -1 0 0 1 0 0 -1 0 0 1 0 0 -1 0 0 1 0 0 -1 -0.9999999984 -0.0000563301 0 -0.9999999984 -0.0000563301 0 0.0000647186 -0.9999999979 0 0.0000647186 -0.9999999979 0 -0.9999999993 -0.0000384069 0 -0.9999999993 -0.0000384069 0 0 -1 0 0 -1 0 -0.9999999983 -0.0000586772 0 -0.9999999983 -0.0000586772 0 0.000055352 -0.9999999985 0 0.000055352 -0.9999999985 0 0.9999999986 0.0000528095 0 0.9999999986 0.0000528095 0 -0.0763066563 -0.9970843967 0 -0.0763066563 -0.9970843967 0 0.9999999975 0.0000704126 0 0.9999999975 0.0000704126 0 -0.000056432 0.9999999984 0 -0.000056432 0.9999999984 0 0 0 1 0 0 -1 0 0 1 0 0 -1 0 0 1 0 0 -1 0 0 1 0 0 -1 0 0 1 0 0 -1 0 0 1 0 0 -1 0 0 1 0 0 -1 0 0 1 0 0 -1 -0.0170778264 -0.9998541633 0 -0.0170778264 -0.9998541633 0 -1 0 0 -1 0 0 0.0000934798 -0.9999999956 0 0.0000934798 -0.9999999956 0 0.9996871186 -0.0250132951 0 0.9996871186 -0.0250132951 0 -0.0000841326 0.9999999965 0 -0.0000841326 0.9999999965 0 0.9999999944 0.0001056189 0 0.9999999944 0.0001056189 0 -0.0000841326 0.9999999965 0 -0.0000841326 0.9999999965 0 0.9999999967 0.0000812453 0 0.9999999967 0.0000812453 0 0.0320218909 0.9994871678 0 0.0320218909 0.9994871678 0 -0.9998921612 0.0146855686 0 -0.9998921612 0.0146855686 0 0 0 1 0 0 -1 0 0 1 0 0 -1 0 0 1 0 0 -1 0 0 1 0 0 -1 0 0 1 0 0 -1 0 0 1 0 0 -1 0 0 1 0 0 -1 0 0 1 0 0 -1 -0.019842971 -0.9998031089 0 -0.019842971 -0.9998031089 0 0.9996131171 -0.0278139546 0 0.9996131171 -0.0278139546 0 -0.0000600962 0.9999999982 0 -0.0000600962 0.9999999982 0 0.9999999975 0.0000704126 0 0.9999999975 0.0000704126 0 0.0000801266 -0.9999999968 0 0.0000801266 -0.9999999968 0 0.9999999978 0.0000660118 0 0.9999999978 0.0000660118 0 -0.0000731582 0.9999999973 0 -0.0000731582 0.9999999973 0 1 0 0 1 0 0 -0.0000615606 0.9999999981 0 -0.0000615606 0.9999999981 0 -0.999917967 0.0128085599 0 -0.999917967 0.0128085599 0 0 0 1 0 0 -1 0 0 1 0 0 -1 0 0 1 0 0 -1 0 0 1 0 0 -1 0 0 1 0 0 -1 0 0 1 0 0 -1 0 0 1 0 0 -1 0 0 1 0 0 -1 -0.9999999971 -0.0000758282 0 -0.9999999971 -0.0000758282 0 0.0000853554 -0.9999999964 0 0.0000853554 -0.9999999964 0 0.9999999951 0.000099406 0 0.9999999951 0.000099406 0 0 -1 0 0 -1 0 0.9999999967 0.0000812447 0 0.9999999967 0.0000812447 0 -0.0000841373 0.9999999965 0 -0.0000841373 0.9999999965 0 -0.9999999969 -0.0000782362 0 -0.9999999969 -0.0000782362 0 -0.0000934842 0.9999999956 0 -0.0000934842 0.9999999956 0 -0.9999999901 -0.0001408252 0 -0.9999999901 -0.0001408252 0 -0.0000788778 0.9999999969 0 -0.0000788778 0.9999999969 0 0 0 1 0 0 -1 0 0 1 0 0 -1 0 0 1 0 0 -1 0 0 1 0 0 -1 0 0 1 0 0 -1 0 0 1 0 0 -1 0 0 1 0 0 -1 0 0 1 0 0 -1 0.0001051746 -0.9999999945 0 0.0001051746 -0.9999999945 0 -0.9987460704 0.0500628298 0 -0.9987460704 0.0500628298 0 0.0000882074 -0.9999999961 0 0.0000882074 -0.9999999961 0 0.9999999959 0.0000905305 0 0.9999999959 0.0000905305 0 0.0002103492 -0.9999999779 0 0.0002103492 -0.9999999779 0 0.9999999956 0.0000938835 0 0.9999999956 0.0000938835 0 -0.0002103492 0.9999999779 0 -0.0002103492 0.9999999779 0 0.9999999975 0.0000704126 0 0.9999999975 0.0000704126 0 -0.000085451 0.9999999963 0 -0.000085451 0.9999999963 0 -0.9984525559 0.0556101938 0 -0.9984525559 0.0556101938 0 0 0 1 0 0 -1 0 0 1 0 0 -1 0 0 1 0 0 -1 0 0 1 0 0 -1 0 0 1 0 0 -1 0 0 1 0 0 -1 0 0 1 0 0 -1 0 0 1 0 0 -1 -0.0348570336 -0.999392309 0 -0.0348570336 -0.999392309 0 0.9725952454 -0.2325048141 0 0.9725952454 -0.2325048141 0 0.0367911037 0.9993229782 0 0.0367911037 0.9993229782 0 0.9999999975 0.0000704126 0 0.9999999975 0.0000704126 0 -0.0331160459 -0.9994515133 0 -0.0331160459 -0.9994515133 0 0.999510027 -0.0313002546 0 0.999510027 -0.0313002546 0 0.0300958616 0.999547017 0 0.0300958616 0.999547017 0 -1 0 0 -1 0 0 0.0275900446 0.9996193223 0 0.0275900446 0.9996193223 0 -0.9996614241 0.0260199374 0 -0.9996614241 0.0260199374 0 0 0 1 0 0 -1 0 0 1 0 0 -1 0 0 1 0 0 -1 0 0 1 0 0 -1 0 0 1 0 0 -1 0 0 1 0 0 -1 0 0 1 0 0 -1 0 0 1 0 0 -1 -0.9999999978 -0.0000667067 0 -0.9999999978 -0.0000667067 0 0 -1 0 0 -1 0 -0.9999999978 -0.0000667067 0 -0.9999999978 -0.0000667067 0 -0.0162387898 -0.9998681422 0 -0.0162387898 -0.9998681422 0 0.9999999959 0.0000905278 0 0.9999999959 0.0000905278 0 0 -1 0 0 -1 0 0.9999999956 0.0000938835 0 0.9999999956 0.0000938835 0 0 1 0 0 1 0 0.9999999975 0.0000704126 0 0.9999999975 0.0000704126 0 0.0154712476 0.9998803131 0 0.0154712476 0.9998803131 0 0 0 1 0 0 -1 0 0 1 0 0 -1 0 0 1 0 0 -1 0 0 1 0 0 -1 0 0 1 0 0 -1 0 0 1 0 0 -1 0 0 1 0 0 -1 0 0 1 0 0 -1 -0.4587335486 -0.888573875 0 -0.4587335486 -0.888573875 0 0.9482819107 -0.3174293905 0 0.9482819107 -0.3174293905 0 -0.4456594854 -0.8952025598 0 -0.4456594854 -0.8952025598 0 0.8882003625 -0.4594563267 0 0.8882003625 -0.4594563267 0 0.4563820451 0.8897839226 0 0.4563820451 0.8897839226 0 -0.8815427089 0.4721042812 0 -0.8815427089 0.4721042812 0 0.5128165386 0.8584982223 0 0.5128165386 0.8584982223 0 -0.8936859477 0.4486930208 0 -0.8936859477 0.4486930208 0 0.4803082025 0.8770997837 0 0.4803082025 0.8770997837 0 -0.8936859686 0.4486929792 0 -0.8936859686 0.4486929792 0 0 0 1 0 0 -1 0 0 1 0 0 -1 0 0 1 0 0 -1 0 0 1 0 0 -1 0 0 1 0 0 -1 0 0 1 0 0 -1 0 0 1 0 0 -1 0 0 1 0 0 -1 -0.9999999962 -0.0000869798 0 -0.9999999962 -0.0000869798 0 0.0000854482 -0.9999999963 0 0.0000854482 -0.9999999963 0 0.9999999969 0.0000792142 0 0.9999999969 0.0000792142 0 0.0001051691 -0.9999999945 0 0.0001051691 -0.9999999945 0 0.9999999967 0.0000812453 0 0.9999999967 0.0000812453 0 -0.0000731596 0.9999999973 0 -0.0000731596 0.9999999973 0 -0.969907059 0.2434754546 0 -0.969907059 0.2434754546 0 -0.0000664216 0.9999999978 0 -0.0000664216 0.9999999978 0 0.9999999944 0.0001056189 0 0.9999999944 0.0001056189 0 -0.0000870347 0.9999999962 0 -0.0000870347 0.9999999962 0 0 0 1 0 0 -1 0 0 1 0 0 -1 0 0 1 0 0 -1 0 0 1 0 0 -1 0 0 1 0 0 -1 0 0 1 0 0 -1 0 0 1 0 0 -1 0 0 1 0 0 -1 -0.9997123559 -0.0239834428 0 -0.9997123559 -0.0239834428 0 0.0000914495 -0.9999999958 0 0.0000914495 -0.9999999958 0 -0.9999999967 -0.000081244 0 -0.9999999967 -0.000081244 0 0.00009499 -0.9999999955 0 0.00009499 -0.9999999955 0 0.9999999962 0.0000869803 0 0.9999999962 0.0000869803 0 -0.0001051746 0.9999999945 0 -0.0001051746 0.9999999945 0 0.9999999954 0.0000960172 0 0.9999999954 0.0000960172 0 -0.000084134 0.9999999965 0 -0.000084134 0.9999999965 0 -0.9999999954 -0.0000960172 0 -0.9999999954 -0.0000960172 0 -0.0000772658 0.999999997 0 -0.0000772658 0.999999997 0 0 0 1 0 0 -1 0 0 1 0 0 -1 0 0 1 0 0 -1 0 0 1 0 0 -1 0 0 1 0 0 -1 0 0 1 0 0 -1 0 0 1 0 0 -1 0 0 1 0 0 -1 -0.0496730525 -0.998765532 0 -0.0496730525 -0.998765532 0 0.9974408944 -0.0714958891 0 0.9974408944 -0.0714958891 0 -0.0496630955 -0.9987660271 0 -0.0496630955 -0.9987660271 0 0.9979113051 -0.0645989711 0 0.9979113051 -0.0645989711 0 0.0551882691 0.9984759661 0 0.0551882691 0.9984759661 0 1 0 0 1 0 0 0.0900755714 0.9959349333 0 0.0900755714 0.9959349333 0 -1 0 0 -1 0 0 0.0310493333 0.9995178532 0 0.0310493333 0.9995178532 0 -0.9984506216 0.0556449113 0 -0.9984506216 0.0556449113 0 0 0 1 0 0 -1 0 0 1 0 0 -1 0 0 1 0 0 -1 0 0 1 0 0 -1 0 0 1 0 0 -1 0 0 1 0 0 -1 0 0 1 0 0 -1 0 0 1 0 0 -1 -0.1780773313 -0.9840164958 0 -0.1780773313 -0.9840164958 0 -0.9843095894 0.1764500842 0 -0.9843095894 0.1764500842 0 -0.153276976 -0.9881832667 0 -0.153276976 -0.9881832667 0 0.98734717 -0.1585735349 0 0.98734717 -0.1585735349 0 0.1705638112 0.9853466326 0 0.1705638112 0.9853466326 0 0.9482819107 -0.3174293905 0 0.9482819107 -0.3174293905 0 0.1781071747 0.9840110946 0 0.1781071747 0.9840110946 0 0.9837466572 -0.1795620075 0 0.9837466572 -0.1795620075 0 0.1891770329 0.9819429974 0 0.1891770329 0.9819429974 0 -0.9868357246 0.1617258564 0 -0.9868357246 0.1617258564 0 0 0 1 0 0 -1 0 0 1 0 0 -1 0 0 1 0 0 -1 0 0 1 0 0 -1 0 0 1 0 0 -1 0 0 1 0 0 -1 0 0 1 0 0 -1 0 0 1 0 0 -1 -0.2127666655 -0.9771030376 0 -0.2127666655 -0.9771030376 0 -0.9862923807 0.1650070903 0 -0.9862923807 0.1650070903 0 -0.2160073877 -0.976391729 0 -0.2160073877 -0.976391729 0 -0.9822046257 0.1878139327 0 -0.9822046257 0.1878139327 0 -0.2007619107 -0.9796400641 0 -0.2007619107 -0.9796400641 0 0.9816403069 -0.1907414688 0 0.9816403069 -0.1907414688 0 0 1 0 0 1 0 0.9780691468 -0.2082804459 0 0.9780691468 -0.2082804459 0 0.2104103016 0.9776131673 0 0.2104103016 0.9776131673 0 -0.9824372033 0.1865935195 0 -0.9824372033 0.1865935195 0 0 0 1 0 0 -1 0 0 1 0 0 -1 0 0 1 0 0 -1 0 0 1 0 0 -1 0 0 1 0 0 -1 0 0 1 0 0 -1 0 0 1 0 0 -1 0 0 1 0 0 -1 -0.999999997 -0.000076813 0 -0.999999997 -0.000076813 0 0.0269926056 -0.9996356332 0 0.0269926056 -0.9996356332 0 -0.9999999979 -0.0000649942 0 -0.9999999979 -0.0000649942 0 0.0000870347 -0.9999999962 0 0.0000870347 -0.9999999962 0 0.9999999952 0.0000974944 0 0.9999999952 0.0000974944 0 0.0000841326 -0.9999999965 0 0.0000841326 -0.9999999965 0 0.9998928581 0.0146380435 0 0.9998928581 0.0146380435 0 -0.0000841338 0.9999999965 0 -0.0000841338 0.9999999965 0 -0.9999999964 -0.0000844937 0 -0.9999999964 -0.0000844937 0 -0.0249593566 0.9996884667 0 -0.0249593566 0.9996884667 0 0 0 1 0 0 -1 0 0 1 0 0 -1 0 0 1 0 0 -1 0 0 1 0 0 -1 0 0 1 0 0 -1 0 0 1 0 0 -1 0 0 1 0 0 -1 0 0 1 0 0 -1 -0.9999999962 -0.0000866607 0 -0.9999999962 -0.0000866607 0 0.0293728842 -0.9995685238 0 0.0293728842 -0.9995685238 0 -0.9999999944 -0.0001056189 0 -0.9999999944 -0.0001056189 0 0.0902301024 -0.995920945 0 0.0902301024 -0.995920945 0 -0.9999999964 -0.0000844951 0 -0.9999999964 -0.0000844951 0 0.0293605273 -0.9995688868 0 0.0293605273 -0.9995688868 0 0.9994726257 0.0324726105 0 0.9994726257 0.0324726105 0 0 1 0 0 1 0 0.9995858627 0.0287767793 0 0.9995858627 0.0287767793 0 -0.0133651955 0.9999106818 0 -0.0133651955 0.9999106818 0 0 0 1 0 0 -1 0 0 1 0 0 -1 0 0 1 0 0 -1 0 0 1 0 0 -1 0 0 1 0 0 -1 0 0 1 0 0 -1 0 0 1 0 0 -1 0 0 1 0 0 -1 -0.2336279361 -0.9723260705 0 -0.2336279361 -0.9723260705 0 0.9862923807 -0.1650070903 0 0.9862923807 -0.1650070903 0 -0.2861531861 -0.9581838832 0 -0.2861531861 -0.9581838832 0 0.9482819107 -0.3174293905 0 0.9482819107 -0.3174293905 0 -0.2262458868 -0.9740702227 0 -0.2262458868 -0.9740702227 0 0.9751262126 -0.2216503318 0 0.9751262126 -0.2216503318 0 0.2065988141 0.9784257407 0 0.2065988141 0.9784257407 0 -0.973213152 0.2299046775 0 -0.973213152 0.2299046775 0 0.3150296825 0.949081819 0 0.3150296825 0.949081819 0 -0.9755319716 0.2198576185 0 -0.9755319716 0.2198576185 0 0 0 1 0 0 -1 0 0 1 0 0 -1 0 0 1 0 0 -1 0 0 1 0 0 -1 0 0 1 0 0 -1 0 0 1 0 0 -1 0 0 1 0 0 -1 0 0 1 0 0 -1 -0.9999999961 -0.0000882779 0 -0.9999999961 -0.0000882779 0 0.0000920217 -0.9999999958 0 0.0000920217 -0.9999999958 0 0.9999999961 0.0000880158 0 0.9999999961 0.0000880158 0 0.000070109 -0.9999999975 0 0.000070109 -0.9999999975 0 0.9999999964 0.0000844951 0 0.9999999964 0.0000844951 0 0.0000920217 -0.9999999958 0 0.0000920217 -0.9999999958 0 0.9999999967 0.0000812453 0 0.9999999967 0.0000812453 0 -0.0000814194 0.9999999967 0 -0.0000814194 0.9999999967 0 -0.9999999959 -0.0000905305 0 -0.9999999959 -0.0000905305 0 -0.0000901415 0.9999999959 0 -0.0000901415 0.9999999959 0 0 0 1 0 0 -1 0 0 1 0 0 -1 0 0 1 0 0 -1 0 0 1 0 0 -1 0 0 1 0 0 -1 0 0 1 0 0 -1 0 0 1 0 0 -1 0 0 1 0 0 -1 -0.9999999938 -0.0001111778 0 -0.9999999938 -0.0001111778 0 0.0002103492 -0.9999999779 0 0.0002103492 -0.9999999779 0 -0.9980411801 0.0625603929 0 -0.9980411801 0.0625603929 0 0.0000956078 -0.9999999954 0 0.0000956078 -0.9999999954 0 -1 0 0 -1 0 0 0.0001051702 -0.9999999945 0 0.0001051702 -0.9999999945 0 1 0 0 1 0 0 -0.0496421392 -0.9987670689 0 -0.0496421392 -0.9987670689 0 0.9995913973 -0.0285838858 0 0.9995913973 -0.0285838858 0 0.0154646769 0.9998804147 0 0.0154646769 0.9998804147 0 0 0 1 0 0 -1 0 0 1 0 0 -1 0 0 1 0 0 -1 0 0 1 0 0 -1 0 0 1 0 0 -1 0 0 1 0 0 -1 0 0 1 0 0 -1 0 0 1 0 0 -1 -0.9998829963 -0.0152968536 0 -0.9998829963 -0.0152968536 0 0.0154074786 -0.9998812978 0 0.0154074786 -0.9998812978 0 0.9977589686 0.0669106916 0 0.9977589686 0.0669106916 0 0.0902266799 -0.995921255 0 0.0902266799 -0.995921255 0 0.9997964976 0.0201733336 0 0.9997964976 0.0201733336 0 -0.0000885622 0.9999999961 0 -0.0000885622 0.9999999961 0 -0.9999999975 -0.0000704126 0 -0.9999999975 -0.0000704126 0 -0.0000901442 0.9999999959 0 -0.0000901442 0.9999999959 0 0.9958482534 0.0910288759 0 0.9958482534 0.0910288759 0 -0.0000764862 0.9999999971 0 -0.0000764862 0.9999999971 0 0 0 1 0 0 -1 0 0 1 0 0 -1 0 0 1 0 0 -1 0 0 1 0 0 -1 0 0 1 0 0 -1 0 0 1 0 0 -1 0 0 1 0 0 -1 0 0 1 0 0 -1 -0.9996088655 -0.0279663373 0 -0.9996088655 -0.0279663373 0 0.0311929114 -0.9995133827 0 0.0311929114 -0.9995133827 0 -0.9999999964 -0.0000844951 0 -0.9999999964 -0.0000844951 0 0.0000934798 -0.9999999956 0 0.0000934798 -0.9999999956 0 -0.9993061313 -0.0372458841 0 -0.9993061313 -0.0372458841 0 0.0332560353 -0.9994468651 0 0.0332560353 -0.9994468651 0 0.9998043975 0.0197779344 0 0.9998043975 0.0197779344 0 -0.0000701115 0.9999999975 0 -0.0000701115 0.9999999975 0 0.9999999944 0.0001056189 0 0.9999999944 0.0001056189 0 -0.0151742007 0.9998848652 0 -0.0151742007 0.9998848652 0 0 0 1 0 0 -1 0 0 1 0 0 -1 0 0 1 0 0 -1 0 0 1 0 0 -1 0 0 1 0 0 -1 0 0 1 0 0 -1 0 0 1 0 0 -1 0 0 1 0 0 -1 -0.9999999951 -0.000099406 0 -0.9999999951 -0.000099406 0 0 -1 0 0 -1 0 -0.9999999966 -0.0000819729 0 -0.9999999966 -0.0000819729 0 0.0000814189 -0.9999999967 0 0.0000814189 -0.9999999967 0 0.9999999964 0.0000844951 0 0.9999999964 0.0000844951 0 0.0000841335 -0.9999999965 0 0.0000841335 -0.9999999965 0 0.9999999969 0.0000786001 0 0.9999999969 0.0000786001 0 -0.0000841334 0.9999999965 0 -0.0000841334 0.9999999965 0 0.9999999969 0.0000792121 0 0.9999999969 0.0000792121 0 -0.0000841326 0.9999999965 0 -0.0000841326 0.9999999965 0 0 0 1 0 0 -1 0 0 1 0 0 -1 0 0 1 0 0 -1 0 0 1 0 0 -1 0 0 1 0 0 -1 0 0 1 0 0 -1 0 0 1 0 0 -1 0 0 1 0 0 -1 -0.9999999961 -0.0000884243 0 -0.9999999961 -0.0000884243 0 0.0000923427 -0.9999999957 0 0.0000923427 -0.9999999957 0 -0.9999999964 -0.0000844951 0 -0.9999999964 -0.0000844951 0 0.0000841338 -0.9999999965 0 0.0000841338 -0.9999999965 0 0.9999999962 0.0000869798 0 0.9999999962 0.0000869798 0 -0.000140223 0.9999999902 0 -0.000140223 0.9999999902 0 0.9999999959 0.0000905305 0 0.9999999959 0.0000905305 0 -0.0000779022 0.999999997 0 -0.0000779022 0.999999997 0 -0.9999999959 -0.0000905305 0 -0.9999999959 -0.0000905305 0 -0.0000885622 0.9999999961 0 -0.0000885622 0.9999999961 0 0 0 1 0 0 -1 0 0 1 0 0 -1 0 0 1 0 0 -1 0 0 1 0 0 -1 0 0 1 0 0 -1 0 0 1 0 0 -1 0 0 1 0 0 -1 0 0 1 0 0 -1 -0.9956605222 -0.0930597906 0 -0.9956605222 -0.0930597906 0 0.0827404472 -0.9965711306 0 0.0827404472 -0.9965711306 0 0.9970255075 0.0770722869 0 0.9970255075 0.0770722869 0 0.2415510232 -0.9703881199 0 0.2415510232 -0.9703881199 0 0.9981499308 0.0608006218 0 0.9981499308 0.0608006218 0 -0.0901911841 0.9959244702 0 -0.0901911841 0.9959244702 0 -0.9970259224 -0.0770669187 0 -0.9970259224 -0.0770669187 0 -0.116399176 0.993202513 0 -0.116399176 0.993202513 0 -1 0 0 -1 0 0 -0.0736055369 0.9972874335 0 -0.0736055369 0.9972874335 0 0 0 1 0 0 -1 0 0 1 0 0 -1 0 0 1 0 0 -1 0 0 1 0 0 -1 0 0 1 0 0 -1 0 0 1 0 0 -1 0 0 1 0 0 -1 0 0 1 0 0 -1 -0.9999999967 -0.0000817684 0 -0.9999999967 -0.0000817684 0 0.0111428277 -0.9999379168 0 0.0111428277 -0.9999379168 0 0.9992517914 0.0386763148 0 0.9992517914 0.0386763148 0 -0.0000801298 0.9999999968 0 -0.0000801298 0.9999999968 0 0.999788464 0.0205676287 0 0.999788464 0.0205676287 0 -0.0000682198 0.9999999977 0 -0.0000682198 0.9999999977 0 -0.999999997 -0.0000768128 0 -0.999999997 -0.0000768128 0 -0.0000841326 0.9999999965 0 -0.0000841326 0.9999999965 0 -0.9999999944 -0.0001056189 0 -0.9999999944 -0.0001056189 0 -0.0000673095 0.9999999977 0 -0.0000673095 0.9999999977 0 0 0 1 0 0 -1 0 0 1 0 0 -1 0 0 1 0 0 -1 0 0 1 0 0 -1 0 0 1 0 0 -1 0 0 1 0 0 -1 0 0 1 0 0 -1 0 0 1 0 0 -1 -0.0248127782 -0.9996921156 0 -0.0248127782 -0.9996921156 0 0.9999999974 0.0000724244 0 0.9999999974 0.0000724244 0 0.0001051746 -0.9999999945 0 0.0001051746 -0.9999999945 0 0.9999999975 0.0000704126 0 0.9999999975 0.0000704126 0 0.0000573669 -0.9999999984 0 0.0000573669 -0.9999999984 0 0.999510027 -0.0313002546 0 0.999510027 -0.0313002546 0 -0.0000725321 0.9999999974 0 -0.0000725321 0.9999999974 0 -0.9999999944 -0.0001056189 0 -0.9999999944 -0.0001056189 0 0.0268345209 0.9996398894 0 0.0268345209 0.9996398894 0 -0.9999113491 0.0133151788 0 -0.9999113491 0.0133151788 0 0 0 1 0 0 -1 0 0 1 0 0 -1 0 0 1 0 0 -1 0 0 1 0 0 -1 0 0 1 0 0 -1 0 0 1 0 0 -1 0 0 1 0 0 -1 0 0 1 0 0 -1 -0.9999999991 -0.0000422476 0 -0.9999999991 -0.0000422476 0 0.0000323593 -0.9999999995 0 0.0000323593 -0.9999999995 0 -0.9999999901 -0.0001408252 0 -0.9999999901 -0.0001408252 0 0.0151359712 -0.9998854446 0 0.0151359712 -0.9998854446 0 0.9994383267 0.0335116555 0 0.9994383267 0.0335116555 0 -0.0000400633 0.9999999992 0 -0.0000400633 0.9999999992 0 0.9999999987 0.0000515214 0 0.9999999987 0.0000515214 0 -0.022672119 0.9997429545 0 -0.022672119 0.9997429545 0 -0.9999999985 -0.0000555883 0 -0.9999999985 -0.0000555883 0 -0.0000323593 0.9999999995 0 -0.0000323593 0.9999999995 0 0 0 1 0 0 -1 0 0 1 0 0 -1 0 0 1 0 0 -1 0 0 1 0 0 -1 0 0 1 0 0 -1 0 0 1 0 0 -1 0 0 1 0 0 -1 0 0 1 0 0 -1 -0.9999999992 -0.0000410738 0 -0.9999999992 -0.0000410738 0 0.0000431453 -0.9999999991 0 0.0000431453 -0.9999999991 0 0.9999999989 0.0000462984 0 0.9999999989 0.0000462984 0 -0.0000509905 0.9999999987 0 -0.0000509905 0.9999999987 0 -0.9999999994 -0.0000337981 0 -0.9999999994 -0.0000337981 0 -0.0000525845 0.9999999986 0 -0.0000525845 0.9999999986 0 -1 0 0 -1 0 0 0 1 0 0 1 0 0.999999999 0.0000437044 0 0.999999999 0.0000437044 0 -0.0000394374 0.9999999992 0 -0.0000394374 0.9999999992 0 0 0 1 0 0 -1 0 0 1 0 0 -1 0 0 1 0 0 -1 0 0 1 0 0 -1 0 0 1 0 0 -1 0 0 1 0 0 -1 0 0 1 0 0 -1 0 0 1 0 0 -1 0 0 1 0 0 -1 -0.2735834087 -0.9618482825 0 -0.2735834087 -0.9618482825 0 -0.9862923807 0.1650070903 0 -0.9862923807 0.1650070903 0 -0.2861709698 -0.9581785721 0 -0.2861709698 -0.9581785721 0 0.9328509337 -0.3602625925 0 0.9328509337 -0.3602625925 0 0.9632391674 -0.2686453171 0 0.9632391674 -0.2686453171 0 0.2829178583 0.9591441422 0 0.2829178583 0.9591441422 0 0.9760121051 -0.2177162617 0 0.9760121051 -0.2177162617 0 0.3150296825 0.949081819 0 0.3150296825 0.949081819 0 0.9516653015 -0.3071370279 0 0.9516653015 -0.3071370279 0 0.2735834087 0.9618482825 0 0.2735834087 0.9618482825 0 -0.9557790087 0.2940858488 0 -0.9557790087 0.2940858488 0 0 0 1 0 0 -1 0 0 1 0 0 -1 0 0 1 0 0 -1 0 0 1 0 0 -1 0 0 1 0 0 -1 0 0 1 0 0 -1 0 0 1 0 0 -1 0 0 1 0 0 -1 -0.9999999984 -0.0000563301 0 -0.9999999984 -0.0000563301 0 0.0000631008 -0.999999998 0 0.0000631008 -0.999999998 0 -0.9949871214 -0.1000031416 0 -0.9949871214 -0.1000031416 0 -0.0000934798 0.9999999956 0 -0.0000934798 0.9999999956 0 1 0 0 1 0 0 0 1 0 0 1 0 -0.9999999983 -0.0000586765 0 -0.9999999983 -0.0000586765 0 0.0158633883 -0.9998741685 0 0.0158633883 -0.9998741685 0 0.9999999986 0.000052086 0 0.9999999986 0.000052086 0 -0.014277305 0.9998980741 0 -0.014277305 0.9998980741 0 0 0 1 0 0 -1 0 0 1 0 0 -1 0 0 1 0 0 -1 0 0 1 0 0 -1 0 0 1 0 0 -1 0 0 1 0 0 -1 0 0 1 0 0 -1 0 0 1 0 0 -1 -0.1129975767 -0.9935952635 0 -0.1129975767 -0.9935952635 0 0.9999999982 0.0000603537 0 0.9999999982 0.0000603537 0 -0.144814089 -0.9894588822 0 -0.144814089 -0.9894588822 0 0.9904808906 -0.1376503013 0 0.9904808906 -0.1376503013 0 0.128725803 0.9916802245 0 0.128725803 0.9916802245 0 -0.9917179428 0.1284348934 0 -0.9917179428 0.1284348934 0 -0.1458609625 -0.9893050994 0 -0.1458609625 -0.9893050994 0 -0.9938375646 0.1108462683 0 -0.9938375646 0.1108462683 0 0.109890999 0.9939436444 0 0.109890999 0.9939436444 0 -0.9917162213 0.1284481857 0 -0.9917162213 0.1284481857 0 0 0 1 0 0 -1 0 0 1 0 0 -1 0 0 1 0 0 -1 0 0 1 0 0 -1 0 0 1 0 0 -1 0 0 1 0 0 -1 0 0 1 0 0 -1 0 0 1 0 0 -1 -0.9999999968 -0.0000797124 0 -0.9999999968 -0.0000797124 0 0 -1 0 0 -1 0 -0.9999999964 -0.0000844951 0 -0.9999999964 -0.0000844951 0 0.0000866095 -0.9999999962 0 0.0000866095 -0.9999999962 0 0.9998922524 -0.0146793578 0 0.9998922524 -0.0146793578 0 -0.0000892345 0.999999996 0 -0.0000892345 0.999999996 0 -0.9999999967 -0.0000812453 0 -0.9999999967 -0.0000812453 0 -0.0001051691 0.9999999945 0 -0.0001051691 0.9999999945 0 0.9999999967 0.0000812453 0 0.9999999967 0.0000812453 0 -0.0000814211 0.9999999967 0 -0.0000814211 0.9999999967 0 0 0 1 0 0 -1 0 0 1 0 0 -1 0 0 1 0 0 -1 0 0 1 0 0 -1 0 0 1 0 0 -1 0 0 1 0 0 -1 0 0 1 0 0 -1 0 0 1 0 0 -1 0 0 1 0 0 -1 -0.9999999972 -0.0000751061 0 -0.9999999972 -0.0000751061 0 0.0000901451 -0.9999999959 0 0.0000901451 -0.9999999959 0 -0.999999997 -0.0000768123 0 -0.999999997 -0.0000768123 0 0.0000814222 -0.9999999967 0 0.0000814222 -0.9999999967 0 0.999999997 0.0000768123 0 0.999999997 0.0000768123 0 0.000074239 -0.9999999972 0 0.000074239 -0.9999999972 0 0.9021827443 -0.4313540261 0 0.9021827443 -0.4313540261 0 0.9999999964 0.0000844951 0 0.9999999964 0.0000844951 0 -0.0000772678 0.999999997 0 -0.0000772678 0.999999997 0 -0.9999999777 -0.0002112378 0 -0.9999999777 -0.0002112378 0 -0.0000827569 0.9999999966 0 -0.0000827569 0.9999999966 0 0 0 1 0 0 -1 0 0 1 0 0 -1 0 0 1 0 0 -1 0 0 1 0 0 -1 0 0 1 0 0 -1 0 0 1 0 0 -1 0 0 1 0 0 -1 0 0 1 0 0 -1 -0.9994378552 -0.0335257143 0 -0.9994378552 -0.0335257143 0 0.0398653026 -0.9992050629 0 0.0398653026 -0.9992050629 0 -0.9999999972 -0.0000745545 0 -0.9999999972 -0.0000745545 0 -0.0000673072 0.9999999977 0 -0.0000673072 0.9999999977 0 -0.999505877 -0.0314324963 0 -0.999505877 -0.0314324963 0 0.0297730675 -0.999556684 0 0.0297730675 -0.999556684 0 0.999901846 0.0140106534 0 0.999901846 0.0140106534 0 -0.0000664224 0.9999999978 0 -0.0000664224 0.9999999978 0 0.9804050469 0.1969922435 0 0.9804050469 0.1969922435 0 -0.0343878775 0.999408562 0 -0.0343878775 0.999408562 0 0 0 1 0 0 -1 0 0 1 0 0 -1 0 0 1 0 0 -1 0 0 1 0 0 -1 0 0 1 0 0 -1 0 0 1 0 0 -1 0 0 1 0 0 -1 0 0 1 0 0 -1 -0.0584233434 -0.9982918977 0 -0.0584233434 -0.9982918977 0 0.9977698619 -0.0667480531 0 0.9977698619 -0.0667480531 0 0.0729714472 0.9973340303 0 0.0729714472 0.9973340303 0 -0.9978279736 0.0658736305 0 -0.9978279736 0.0658736305 0 0.9974415586 -0.0714866227 0 0.9974415586 -0.0714866227 0 -0.0620613419 -0.998072337 0 -0.0620613419 -0.998072337 0 -0.9974415586 0.0714866227 0 -0.9974415586 0.0714866227 0 0.0620613419 0.998072337 0 0.0620613419 0.998072337 0 0 0 1 0 0 -1 0 0 1 0 0 -1 0 0 1 0 0 -1 0 0 1 0 0 -1 0 0 1 0 0 -1 0 0 1 0 0 -1 0 0 1 0 0 -1 0 0 1 0 0 -1 0 0 1 0 0 -1 0 -1 0 0 -1 0 -0.999999997 -0.0000768138 0 -0.999999997 -0.0000768138 0 0.000084135 -0.9999999965 0 0.000084135 -0.9999999965 0 0.9944662473 -0.1050565704 0 0.9944662473 -0.1050565704 0 0.9944500643 0.1052096459 0 0.9944500643 0.1052096459 0 0.0310226716 0.9995186811 0 0.0310226716 0.9995186811 0 0.9999999964 0.0000844951 0 0.9999999964 0.0000844951 0 -0.0001051709 0.9999999945 0 -0.0001051709 0.9999999945 0 0.9989633523 -0.0455216521 0 0.9989633523 -0.0455216521 0 -0.000086609 0.9999999962 0 -0.000086609 0.9999999962 0 -0.9995396282 0.0303402652 0 -0.9995396282 0.0303402652 0 0 0 1 0 0 -1 0 0 1 0 0 -1 0 0 1 0 0 -1 0 0 1 0 0 -1 0 0 1 0 0 -1 0 0 1 0 0 -1 0 0 1 0 0 -1 0 0 1 0 0 -1 0 0 1 0 0 -1 0 0 1 0 0 -1 -0.9997385544 -0.0228653189 0 -0.9997385544 -0.0228653189 0 0.000048539 -0.9999999988 0 0.000048539 -0.9999999988 0 -0.9698767885 -0.2435960079 0 -0.9698767885 -0.2435960079 0 0.0000323593 -0.9999999995 0 0.0000323593 -0.9999999995 0 -0.9999999988 -0.0000487472 0 -0.9999999988 -0.0000487472 0 0.0262388733 -0.9996557015 0 0.0262388733 -0.9996557015 0 0.9996306499 0.0271765309 0 0.9996306499 0.0271765309 0 -0.0001402328 0.9999999902 0 -0.0001402328 0.9999999902 0 0.9995872498 0.0287285562 0 0.9995872498 0.0287285562 0 -0.0000382429 0.9999999993 0 -0.0000382429 0.9999999993 0 1 0 0 1 0 0 -0.000051301 0.9999999987 0 -0.000051301 0.9999999987 0 0 0 1 0 0 -1 0 0 1 0 0 -1 0 0 1 0 0 -1 0 0 1 0 0 -1 0 0 1 0 0 -1 0 0 1 0 0 -1 0 0 1 0 0 -1 0 0 1 0 0 -1 0 0 1 0 0 -1 0 0 1 0 0 -1 -0.9999999957 -0.0000924166 0 -0.9999999957 -0.0000924166 0 0.0000956078 -0.9999999954 0 0.0000956078 -0.9999999954 0 -0.9997696987 -0.021460418 0 -0.9997696987 -0.021460418 0 0.0237911026 -0.9997169517 0 0.0237911026 -0.9997169517 0 0.9999999951 0.0000994048 0 0.9999999951 0.0000994048 0 0.0991679988 -0.995070705 0 0.0991679988 -0.995070705 0 0.9996085375 0.027978059 0 0.9996085375 0.027978059 0 -0.0000841326 0.9999999965 0 -0.0000841326 0.9999999965 0 0.9999999964 0.0000844951 0 0.9999999964 0.0000844951 0 -0.0001090631 0.9999999941 0 -0.0001090631 0.9999999941 0 0.9999999777 0.0002112378 0 0.9999999777 0.0002112378 0 -0.0000909566 0.9999999959 0 -0.0000909566 0.9999999959 0 0 0 1 0 0 -1 0 0 1 0 0 -1 0 0 1 0 0 -1 0 0 1 0 0 -1 0 0 1 0 0 -1 0 0 1 0 0 -1 0 0 1 0 0 -1 0 0 1 0 0 -1 0 0 1 0 0 -1 0 0 1 0 0 -1 -0.9989255172 -0.0463444824 0 -0.9989255172 -0.0463444824 0 0.00005609 -0.9999999984 0 0.00005609 -0.9999999984 0 -0.9938272817 -0.1109384254 0 -0.9938272817 -0.1109384254 0 0.0406432498 -0.9991737218 0 0.0406432498 -0.9991737218 0 0.9995876062 0.0287161541 0 0.9995876062 0.0287161541 0 -0.0827462301 0.9965706505 0 -0.0827462301 0.9965706505 0 0.996510829 0.0834635707 0 0.996510829 0.0834635707 0 -0.2415749457 0.9703821647 0 -0.2415749457 0.9703821647 0 0.9982568778 0.0590186911 0 0.9982568778 0.0590186911 0 0 1 0 0 1 0 0.9970271671 0.0770508142 0 0.9970271671 0.0770508142 0 -0.0568550004 0.9983824462 0 -0.0568550004 0.9983824462 0 0 0 1 0 0 -1 0 0 1 0 0 -1 0 0 1 0 0 -1 0 0 1 0 0 -1 0 0 1 0 0 -1 0 0 1 0 0 -1 0 0 1 0 0 -1 0 0 1 0 0 -1 0 0 1 0 0 -1 0 0 1 0 0 -1 -0.819716913 -0.5727688735 0 -0.819716913 -0.5727688735 0 0.5661653956 -0.8242916625 0 0.5661653956 -0.8242916625 0 0.8564822882 0.5161764137 0 0.8564822882 0.5161764137 0 0.8374314371 -0.5465423937 0 0.8374314371 -0.5465423937 0 0.8125167056 0.5829379068 0 0.8125167056 0.5829379068 0 0.4458574342 -0.8951039875 0 0.4458574342 -0.8951039875 0 0.8263112189 0.5632137867 0 0.8263112189 0.5632137867 0 -0.5827371953 0.812660668 0 -0.5827371953 0.812660668 0 -0.8103107423 -0.5860004273 0 -0.8103107423 -0.5860004273 0 -0.6231288645 0.7821191841 0 -0.6231288645 0.7821191841 0 -0.8308963083 -0.5564272862 0 -0.8308963083 -0.5564272862 0 -0.5447063314 0.8386268613 0 -0.5447063314 0.8386268613 0 0 0 1 0 0 -1 0 0 1 0 0 -1 0 0 1 0 0 -1 0 0 1 0 0 -1 0 0 1 0 0 -1 0 0 1 0 0 -1 0 0 1 0 0 -1 0 0 1 0 0 -1 0 0 1 0 0 -1 0 0 1 0 0 -1 -0.9999999968 -0.0000799278 0 -0.9999999968 -0.0000799278 0 0.0001051635 -0.9999999945 0 0.0001051635 -0.9999999945 0 -0.9999999968 -0.0000804708 0 -0.9999999968 -0.0000804708 0 0.0321984621 -0.9994814951 0 0.0321984621 -0.9994814951 0 0.9999999961 0.0000880158 0 0.9999999961 0.0000880158 0 0.0000934842 -0.9999999956 0 0.0000934842 -0.9999999956 0 0.9999999944 0.0001056189 0 0.9999999944 0.0001056189 0 0.0000788758 -0.9999999969 0 0.0000788758 -0.9999999969 0 0.999999996 0.0000889413 0 0.999999996 0.0000889413 0 -0.0000873099 0.9999999962 0 -0.0000873099 0.9999999962 0 0.9999999944 0.0001056189 0 0.9999999944 0.0001056189 0 -0.0000914511 0.9999999958 0 -0.0000914511 0.9999999958 0 0 0 1 0 0 -1 0 0 1 0 0 -1 0 0 1 0 0 -1 0 0 1 0 0 -1 0 0 1 0 0 -1 0 0 1 0 0 -1 0 0 1 0 0 -1 0 0 1 0 0 -1 0 0 1 0 0 -1 0 0 1 0 0 -1 -0.0368077976 -0.9993223634 0 -0.0368077976 -0.9993223634 0 -1 0 0 -1 0 0 0 -1 0 0 -1 0 -1 0 0 -1 0 0 0.0000467421 -0.9999999989 0 0.0000467421 -0.9999999989 0 -0.9993590839 0.0357969471 0 -0.9993590839 0.0357969471 0 -0.0320498576 -0.9994862714 0 -0.0320498576 -0.9994862714 0 0.9992848549 -0.0378124145 0 0.9992848549 -0.0378124145 0 0.1407799033 0.9900409178 0 0.1407799033 0.9900409178 0 0.9999999984 0.0000563285 0 0.9999999984 0.0000563285 0 0.0480713241 0.9988439056 0 0.0480713241 0.9988439056 0 -0.9985324247 0.0541571497 0 -0.9985324247 0.0541571497 0 0 0 1 0 0 -1 0 0 1 0 0 -1 0 0 1 0 0 -1 0 0 1 0 0 -1 0 0 1 0 0 -1 0 0 1 0 0 -1 0 0 1 0 0 -1 0 0 1 0 0 -1 0 0 1 0 0 -1 0 0 1 0 0 -1 -0.9999999961 -0.0000877872 0 -0.9999999961 -0.0000877872 0 0.0000817996 -0.9999999967 0 0.0000817996 -0.9999999967 0 0.9999999944 0.0001056133 0 0.9999999944 0.0001056133 0 0 -1 0 0 -1 0 0.9999999964 0.0000844937 0 0.9999999964 0.0000844937 0 -0.0001051746 0.9999999945 0 -0.0001051746 0.9999999945 0 0.9999999964 0.0000844951 0 0.9999999964 0.0000844951 0 0 -1 0 0 -1 0 0.9999999949 0.0001013925 0 0.9999999949 0.0001013925 0 -0.0002103492 0.9999999779 0 -0.0002103492 0.9999999779 0 0.9999999964 0.0000844951 0 0.9999999964 0.0000844951 0 -0.0269938324 0.9996356001 0 -0.0269938324 0.9996356001 0 0 0 1 0 0 -1 0 0 1 0 0 -1 0 0 1 0 0 -1 0 0 1 0 0 -1 0 0 1 0 0 -1 0 0 1 0 0 -1 0 0 1 0 0 -1 0 0 1 0 0 -1 0 0 1 0 0 -1 0 0 1 0 0 -1 -0.3404290246 -0.9402702161 0 -0.3404290246 -0.9402702161 0 0.948288638 -0.3174092927 0 0.948288638 -0.3174092927 0 -0.3803358544 -0.9248484405 0 -0.3803358544 -0.9248484405 0 0.9072963398 -0.4204917975 0 0.9072963398 -0.4204917975 0 -0.3924511549 -0.9197728475 0 -0.3924511549 -0.9197728475 0 0.9237074099 -0.383098709 0 0.9237074099 -0.383098709 0 0.3881943178 0.9215775451 0 0.3881943178 0.9215775451 0 -0.9279480015 0.3727096813 0 -0.9279480015 0.3727096813 0 0.3403972319 0.9402817261 0 0.3403972319 0.9402817261 0 -0.9482819107 0.3174293905 0 -0.9482819107 0.3174293905 0 0.353299754 0.935510173 0 0.353299754 0.935510173 0 -0.9348040644 0.3551638511 0 -0.9348040644 0.3551638511 0 0 0 1 0 0 -1 0 0 1 0 0 -1 0 0 1 0 0 -1 0 0 1 0 0 -1 0 0 1 0 0 -1 0 0 1 0 0 -1 0 0 1 0 0 -1 0 0 1 0 0 -1 0 0 1 0 0 -1 0 0 1 0 0 -1 -0.9996486385 -0.0265065929 0 -0.9996486385 -0.0265065929 0 0.0332578986 -0.9994468031 0 0.0332578986 -0.9994468031 0 0.9999999944 0.0001056189 0 0.9999999944 0.0001056189 0 0.0002103492 -0.9999999779 0 0.0002103492 -0.9999999779 0 0.9987375643 0.0502322379 0 0.9987375643 0.0502322379 0 0.893557057 0.4489496475 0 0.893557057 0.4489496475 0 0.9922067757 0.1246022239 0 0.9922067757 0.1246022239 0 0.0001402328 -0.9999999902 0 0.0001402328 -0.9999999902 0 0.9990441751 0.0437119675 0 0.9990441751 0.0437119675 0 0.8308781917 0.5564543382 0 0.8308781917 0.5564543382 0 0.9999999982 0.00006035 0 0.9999999982 0.00006035 0 -0.0000949938 0.9999999955 0 -0.0000949938 0.9999999955 0 0 0 1 0 0 -1 0 0 1 0 0 -1 0 0 1 0 0 -1 0 0 1 0 0 -1 0 0 1 0 0 -1 0 0 1 0 0 -1 0 0 1 0 0 -1 0 0 1 0 0 -1 0 0 1 0 0 -1 0 0 1 0 0 -1 -0.0211096383 -0.9997771668 0 -0.0211096383 -0.9997771668 0 0.9994779174 -0.0323093288 0 0.9994779174 -0.0323093288 0 0.0000841326 -0.9999999965 0 0.0000841326 -0.9999999965 0 0.9999999956 0.0000938835 0 0.9999999956 0.0000938835 0 -0.0413835988 -0.9991433319 0 -0.0413835988 -0.9991433319 0 0.9994420916 -0.0333991844 0 0.9994420916 -0.0333991844 0 0.0206698861 0.9997863551 0 0.0206698861 0.9997863551 0 -0.9999999975 -0.0000704126 0 -0.9999999975 -0.0000704126 0 -0.0000701131 0.9999999975 0 -0.0000701131 0.9999999975 0 -0.9994779174 0.0323093288 0 -0.9994779174 0.0323093288 0 -0.0000841361 0.9999999965 0 -0.0000841361 0.9999999965 0 -0.9995100141 0.0313006674 0 -0.9995100141 0.0313006674 0 0 0 1 0 0 -1 0 0 1 0 0 -1 0 0 1 0 0 -1 0 0 1 0 0 -1 0 0 1 0 0 -1 0 0 1 0 0 -1 0 0 1 0 0 -1 0 0 1 0 0 -1 0 0 1 0 0 -1 0 0 1 0 0 -1 -0.1407424511 -0.9900462426 0 -0.1407424511 -0.9900462426 0 -0.9999999901 -0.0001408252 0 -0.9999999901 -0.0001408252 0 -0.1407549348 -0.9900444679 0 -0.1407549348 -0.9900444679 0 0.9699312434 -0.2433790933 0 0.9699312434 -0.2433790933 0 -0.3149898941 -0.9490950251 0 -0.3149898941 -0.9490950251 0 0.9919782531 -0.1264086448 0 0.9919782531 -0.1264086448 0 0.1552088649 0.9878816773 0 0.1552088649 0.9878816773 0 -1 0 0 -1 0 0 0.1552302106 0.9878783233 0 0.1552302106 0.9878783233 0 -0.995003943 0.0998356318 0 -0.995003943 0.0998356318 0 0 1 0 0 1 0 -0.9954653607 0.0951247377 0 -0.9954653607 0.0951247377 0 0 0 1 0 0 -1 0 0 1 0 0 -1 0 0 1 0 0 -1 0 0 1 0 0 -1 0 0 1 0 0 -1 0 0 1 0 0 -1 0 0 1 0 0 -1 0 0 1 0 0 -1 0 0 1 0 0 -1 0 0 1 0 0 -1 -0.9999999953 -0.0000965659 0 -0.9999999953 -0.0000965659 0 0.000084135 -0.9999999965 0 0.000084135 -0.9999999965 0 0.9999999901 0.0001408252 0 0.9999999901 0.0001408252 0 0.0001009617 -0.9999999949 0 0.0001009617 -0.9999999949 0 0.9999999951 0.0000985777 0 0.9999999951 0.0000985777 0 -0.0001051691 0.9999999945 0 -0.0001051691 0.9999999945 0 0.9999999952 0.0000982492 0 0.9999999952 0.0000982492 0 -0.0000996336 0.999999995 0 -0.0000996336 0.999999995 0 -0.9999999951 -0.000099406 0 -0.9999999951 -0.000099406 0 -0.0001051635 0.9999999945 0 -0.0001051635 0.9999999945 0 -0.999999992 -0.0001267427 0 -0.999999992 -0.0001267427 0 -0.0000956078 0.9999999954 0 -0.0000956078 0.9999999954 0 0 0 1 0 0 -1 0 0 1 0 0 -1 0 0 1 0 0 -1 0 0 1 0 0 -1 0 0 1 0 0 -1 0 0 1 0 0 -1 0 0 1 0 0 -1 0 0 1 0 0 -1 0 0 1 0 0 -1 0 0 1 0 0 -1 -0.9999999991 -0.000042247 0 -0.9999999991 -0.000042247 0 0.0000504813 -0.9999999987 0 0.0000504813 -0.9999999987 0 -0.9999999984 -0.0000563301 0 -0.9999999984 -0.0000563301 0 -0.0000420672 0.9999999991 0 -0.0000420672 0.9999999991 0 -0.9993558433 -0.0358873032 0 -0.9993558433 -0.0358873032 0 0.0163626492 -0.9998661229 0 0.0163626492 -0.9998661229 0 0.999788999 0.0205416022 0 0.999788999 0.0205416022 0 0.0000323593 -0.9999999995 0 0.0000323593 -0.9999999995 0 0.9988566519 0.0478057411 0 0.9988566519 0.0478057411 0 -0.0000382424 0.9999999993 0 -0.0000382424 0.9999999993 0 1 0 0 1 0 0 -0.014904038 0.9998889287 0 -0.014904038 0.9998889287 0 0 0 1 0 0 -1 0 0 1 0 0 -1 0 0 1 0 0 -1 0 0 1 0 0 -1 0 0 1 0 0 -1 0 0 1 0 0 -1 0 0 1 0 0 -1 0 0 1 0 0 -1 0 0 1 0 0 -1 0 0 1 0 0 -1 -0.9995050475 -0.0314588619 0 -0.9995050475 -0.0314588619 0 0.0311929114 -0.9995133827 0 0.0311929114 -0.9995133827 0 0.9991220651 0.0418939015 0 0.9991220651 0.0418939015 0 0.0000841326 -0.9999999965 0 0.0000841326 -0.9999999965 0 0.9999999901 0.0001408252 0 0.9999999901 0.0001408252 0 0.0553265645 -0.9984683126 0 0.0553265645 -0.9984683126 0 -0.9999999901 -0.0001408252 0 -0.9999999901 -0.0001408252 0 0.0000742354 -0.9999999972 0 0.0000742354 -0.9999999972 0 0.9997118677 0.0240037845 0 0.9997118677 0.0240037845 0 -0.0133648208 0.9999106868 0 -0.0133648208 0.9999106868 0 -0.9995858627 -0.0287767793 0 -0.9995858627 -0.0287767793 0 0 1 0 0 1 0 0 0 1 0 0 -1 0 0 1 0 0 -1 0 0 1 0 0 -1 0 0 1 0 0 -1 0 0 1 0 0 -1 0 0 1 0 0 -1 0 0 1 0 0 -1 0 0 1 0 0 -1 0 0 1 0 0 -1 0 0 1 0 0 -1 -0.0150151022 -0.999887267 0 -0.0150151022 -0.999887267 0 0.999999998 0.0000640115 0 0.999999998 0.0000640115 0 -0.0000731609 0.9999999973 0 -0.0000731609 0.9999999973 0 0.9999999944 0.0001056189 0 0.9999999944 0.0001056189 0 0.0002103492 -0.9999999779 0 0.0002103492 -0.9999999779 0 0.9999999979 0.0000649963 0 0.9999999979 0.0000649963 0 0.0000600962 -0.9999999982 0 0.0000600962 -0.9999999982 0 0.9999999977 0.0000675961 0 0.9999999977 0.0000675961 0 -0.0000701125 0.9999999975 0 -0.0000701125 0.9999999975 0 -1 0 0 -1 0 0 0.0283779896 0.9995972638 0 0.0283779896 0.9995972638 0 -0.9999063465 0.0136856944 0 -0.9999063465 0.0136856944 0 0 0 1 0 0 -1 0 0 1 0 0 -1 0 0 1 0 0 -1 0 0 1 0 0 -1 0 0 1 0 0 -1 0 0 1 0 0 -1 0 0 1 0 0 -1 0 0 1 0 0 -1 0 0 1 0 0 -1 0 0 1 0 0 -1 -0.9998127933 -0.0193488571 0 -0.9998127933 -0.0193488571 0 0.00004071 -0.9999999992 0 0.00004071 -0.9999999992 0 0.9999999996 0.0000291358 0 0.9999999996 0.0000291358 0 0 -1 0 0 -1 0 -0.969900986 -0.2434996455 0 -0.969900986 -0.2434996455 0 0.0000350557 -0.9999999994 0 0.0000350557 -0.9999999994 0 1 0 0 1 0 0 0.0383170119 -0.9992656337 0 0.0383170119 -0.9992656337 0 0.9997262578 0.0233967828 0 0.9997262578 0.0233967828 0 -0.0151231317 0.9998856389 0 -0.0151231317 0.9998856389 0 -0.9999999991 -0.0000422467 0 -0.9999999991 -0.0000422467 0 0 1 0 0 1 0 0 0 1 0 0 -1 0 0 1 0 0 -1 0 0 1 0 0 -1 0 0 1 0 0 -1 0 0 1 0 0 -1 0 0 1 0 0 -1 0 0 1 0 0 -1 0 0 1 0 0 -1 0 0 1 0 0 -1 0 0 1 0 0 -1 -0.999999996 -0.0000889423 0 -0.999999996 -0.0000889423 0 0.0000892322 -0.999999996 0 0.0000892322 -0.999999996 0 -0.9999999944 -0.0001056189 0 -0.9999999944 -0.0001056189 0 0.0000701115 -0.9999999975 0 0.0000701115 -0.9999999975 0 -0.9999999969 -0.0000782362 0 -0.9999999969 -0.0000782362 0 0.0000814189 -0.9999999967 0 0.0000814189 -0.9999999967 0 0.9999999963 0.0000857192 0 0.9999999963 0.0000857192 0 -0.0001201923 0.9999999928 0 -0.0001201923 0.9999999928 0 0.9999999944 0.0001056189 0 0.9999999944 0.0001056189 0 -0.0000841344 0.9999999965 0 -0.0000841344 0.9999999965 0 -0.9999999975 -0.0000704126 0 -0.9999999975 -0.0000704126 0 -0.0000858502 0.9999999963 0 -0.0000858502 0.9999999963 0 0 0 1 0 0 -1 0 0 1 0 0 -1 0 0 1 0 0 -1 0 0 1 0 0 -1 0 0 1 0 0 -1 0 0 1 0 0 -1 0 0 1 0 0 -1 0 0 1 0 0 -1 0 0 1 0 0 -1 0 0 1 0 0 -1 -0.9996991649 -0.0245271231 0 -0.9996991649 -0.0245271231 0 0.0000420675 -0.9999999991 0 0.0000420675 -0.9999999991 0 0.9999999988 0.000049703 0 0.9999999988 0.000049703 0 0.0000420681 -0.9999999991 0 0.0000420681 -0.9999999991 0 -0.9999999988 -0.0000487472 0 -0.9999999988 -0.0000487472 0 0.031154759 -0.9995145727 0 0.031154759 -0.9995145727 0 0.9996496685 0.0264677216 0 0.9996496685 0.0264677216 0 -0.0237517862 0.9997178865 0 -0.0237517862 0.9997178865 0 -0.9999999986 -0.0000528095 0 -0.9999999986 -0.0000528095 0 -0.0452534238 0.9989755391 0 -0.0452534238 0.9989755391 0 -0.9982568778 -0.0590186911 0 -0.9982568778 -0.0590186911 0 -0.0000525845 0.9999999986 0 -0.0000525845 0.9999999986 0 0 0 1 0 0 -1 0 0 1 0 0 -1 0 0 1 0 0 -1 0 0 1 0 0 -1 0 0 1 0 0 -1 0 0 1 0 0 -1 0 0 1 0 0 -1 0 0 1 0 0 -1 0 0 1 0 0 -1 0 0 1 0 0 -1 -0.9998896829 -0.0148533527 0 -0.9998896829 -0.0148533527 0 0.0000870347 -0.9999999962 0 0.0000870347 -0.9999999962 0 0.9999999964 0.0000844951 0 0.9999999964 0.0000844951 0 0.0000764848 -0.9999999971 0 0.0000764848 -0.9999999971 0 -0.9991908117 -0.0402209128 0 -0.9991908117 -0.0402209128 0 0.0000920217 -0.9999999958 0 0.0000920217 -0.9999999958 0 0.9999999962 0.0000869803 0 0.9999999962 0.0000869803 0 -0.0000841344 0.9999999965 0 -0.0000841344 0.9999999965 0 0.9965079105 0.0834984096 0 0.9965079105 0.0834984096 0 -0.0000779022 0.999999997 0 -0.0000779022 0.999999997 0 -0.9965079105 -0.0834984096 0 -0.9965079105 -0.0834984096 0 -0.0001201851 0.9999999928 0 -0.0001201851 0.9999999928 0 0 0 1 0 0 -1 0 0 1 0 0 -1 0 0 1 0 0 -1 0 0 1 0 0 -1 0 0 1 0 0 -1 0 0 1 0 0 -1 0 0 1 0 0 -1 0 0 1 0 0 -1 0 0 1 0 0 -1 0 0 1 0 0 -1 -0.2483842629 -0.9686615807 0 -0.2483842629 -0.9686615807 0 0.9714490465 -0.2372482876 0 0.9714490465 -0.2372482876 0 0.228041442 0.9736514267 0 0.228041442 0.9736514267 0 0.9862829684 -0.1650633399 0 0.9862829684 -0.1650633399 0 0.2505745993 0.9680972938 0 0.2505745993 0.9680972938 0 -0.9637159658 0.2669298359 0 -0.9637159658 0.2669298359 0 -0.2415149333 -0.9703971027 0 -0.2415149333 -0.9703971027 0 -0.9699130816 0.2434514616 0 -0.9699130816 0.2434514616 0 0.1952274454 0.9807579949 0 0.1952274454 0.9807579949 0 -0.9776341601 0.2103127411 0 -0.9776341601 0.2103127411 0 0.232386762 0.9726234589 0 0.232386762 0.9726234589 0 -0.9699122212 0.2434548895 0 -0.9699122212 0.2434548895 0 0 0 1 0 0 -1 0 0 1 0 0 -1 0 0 1 0 0 -1 0 0 1 0 0 -1 0 0 1 0 0 -1 0 0 1 0 0 -1 0 0 1 0 0 -1 0 0 1 0 0 -1 0 0 1 0 0 -1 0 0 1 0 0 -1 -0.2415149333 -0.9703971027 0 -0.2415149333 -0.9703971027 0 -0.9612337138 0.2757349224 0 -0.9612337138 0.2757349224 0 -0.286161838 -0.9581812994 0 -0.286161838 -0.9581812994 0 0.9597010757 -0.2810228554 0 0.9597010757 -0.2810228554 0 -0.2415149333 -0.9703971027 0 -0.2415149333 -0.9703971027 0 0.980437033 -0.1968329861 0 0.980437033 -0.1968329861 0 -0.2776538252 -0.9606811924 0 -0.2776538252 -0.9606811924 0 0.9632420924 -0.2686348291 0 0.9632420924 -0.2686348291 0 0.2810057245 0.9597060919 0 0.2810057245 0.9597060919 0 -0.9644979107 0.2640904775 0 -0.9644979107 0.2640904775 0 0.2415268931 0.9703941261 0 0.2415268931 0.9703941261 0 -0.9525674061 0.30432768 0 -0.9525674061 0.30432768 0 0 0 1 0 0 -1 0 0 1 0 0 -1 0 0 1 0 0 -1 0 0 1 0 0 -1 0 0 1 0 0 -1 0 0 1 0 0 -1 0 0 1 0 0 -1 0 0 1 0 0 -1 0 0 1 0 0 -1 0 0 1 0 0 -1 -0.9999999984 -0.0000563301 0 -0.9999999984 -0.0000563301 0 -0.0139754923 -0.999902338 0 -0.0139754923 -0.999902338 0 0.9992568031 -0.0385466129 0 0.9992568031 -0.0385466129 0 0.0000382424 -0.9999999993 0 0.0000382424 -0.9999999993 0 0.9997727775 -0.0213165036 0 0.9997727775 -0.0213165036 0 -0.0000525831 0.9999999986 0 -0.0000525831 0.9999999986 0 1 0 0 1 0 0 -0.0000460106 0.9999999989 0 -0.0000460106 0.9999999989 0 -0.999999999 -0.0000437044 0 -0.999999999 -0.0000437044 0 0.000033653 -0.9999999994 0 0.000033653 -0.9999999994 0 -0.9999999997 -0.0000264047 0 -0.9999999997 -0.0000264047 0 -0.0000435174 0.9999999991 0 -0.0000435174 0.9999999991 0 0 0 1 0 0 -1 0 0 1 0 0 -1 0 0 1 0 0 -1 0 0 1 0 0 -1 0 0 1 0 0 -1 0 0 1 0 0 -1 0 0 1 0 0 -1 0 0 1 0 0 -1 0 0 1 0 0 -1 0 0 1 0 0 -1 0 0 1 0 0 -1 -0.0145856996 -0.999893623 0 -0.0145856996 -0.999893623 0 0.9999999989 0.0000469417 0 0.9999999989 0.0000469417 0 0.0000560884 -0.9999999984 0 0.0000560884 -0.9999999984 0 0.9225157598 -0.3859594187 0 0.9225157598 -0.3859594187 0 0.9999999982 0.0000603537 0 0.9999999982 0.0000603537 0 -0.0000631008 0.999999998 0 -0.0000631008 0.999999998 0 0.9995903722 -0.0286197084 0 0.9995903722 -0.0286197084 0 -0.0000631001 0.999999998 0 -0.0000631001 0.999999998 0 -0.9999999977 -0.0000681412 0 -0.9999999977 -0.0000681412 0 -0.0000841326 0.9999999965 0 -0.0000841326 0.9999999965 0 -0.9999999982 -0.0000603537 0 -0.9999999982 -0.0000603537 0 0.0431961641 0.9990666101 0 0.0431961641 0.9990666101 0 -0.9995096011 0.0313138504 0 -0.9995096011 0.0313138504 0 0 0 1 0 0 -1 0 0 1 0 0 -1 0 0 1 0 0 -1 0 0 1 0 0 -1 0 0 1 0 0 -1 0 0 1 0 0 -1 0 0 1 0 0 -1 0 0 1 0 0 -1 0 0 1 0 0 -1 0 0 1 0 0 -1 -0.1952546366 -0.9807525819 0 -0.1952546366 -0.9807525819 0 0.9612366541 -0.2757246721 0 0.9612366541 -0.2757246721 0 -0.2345908678 -0.9720941954 0 -0.2345908678 -0.9720941954 0 0.9778246555 -0.2094252684 0 0.9778246555 -0.2094252684 0 0.2115011074 0.9773777579 0 0.2115011074 0.9773777579 0 -0.9736412932 0.228084704 0 -0.9736412932 0.228084704 0 -0.2238873904 -0.9746150196 0 -0.2238873904 -0.9746150196 0 -0.9612322435 0.2757400479 0 -0.9612322435 0.2757400479 0 -0.16371477 -0.9865077162 0 -0.16371477 -0.9865077162 0 -0.96990905 0.2434675231 0 -0.96990905 0.2434675231 0 0.2262458868 0.9740702227 0 0.2262458868 0.9740702227 0 -0.9780665959 0.208292424 0 -0.9780665959 0.208292424 0 0 0 1 0 0 -1 0 0 1 0 0 -1 0 0 1 0 0 -1 0 0 1 0 0 -1 0 0 1 0 0 -1 0 0 1 0 0 -1 0 0 1 0 0 -1 0 0 1 0 0 -1 0 0 1 0 0 -1 0 0 1 0 0 -1 -0.999999997 -0.0000768138 0 -0.999999997 -0.0000768138 0 0.0000738029 -0.9999999973 0 0.0000738029 -0.9999999973 0 -0.9999999952 -0.0000974944 0 -0.9999999952 -0.0000974944 0 0.000060098 -0.9999999982 0 0.000060098 -0.9999999982 0 0.9999999979 0.0000649963 0 0.9999999979 0.0000649963 0 0.0000764848 -0.9999999971 0 0.0000764848 -0.9999999971 0 0.9999999968 0.0000795964 0 0.9999999968 0.0000795964 0 -0.0000701134 0.9999999975 0 -0.0000701134 0.9999999975 0 -0.9982628054 0.058918344 0 -0.9982628054 0.058918344 0 -0.0000764877 0.9999999971 0 -0.0000764877 0.9999999971 0 0.9999999982 0.0000603537 0 0.9999999982 0.0000603537 0 -0.0000736176 0.9999999973 0 -0.0000736176 0.9999999973 0 0 0 1 0 0 -1 0 0 1 0 0 -1 0 0 1 0 0 -1 0 0 1 0 0 -1 0 0 1 0 0 -1 0 0 1 0 0 -1 0 0 1 0 0 -1 0 0 1 0 0 -1 0 0 1 0 0 -1 0 0 1 0 0 -1 0 0 1 0 0 -1 0.0000525845 -0.9999999986 0 0.0000525845 -0.9999999986 0 -0.9999999982 -0.0000603537 0 -0.9999999982 -0.0000603537 0 -0.0522896051 -0.9986319628 0 -0.0522896051 -0.9986319628 0 0.9999999986 0.0000528095 0 0.9999999986 0.0000528095 0 0.0000438189 -0.999999999 0 0.0000438189 -0.999999999 0 0.9954615672 -0.0951644276 0 0.9954615672 -0.0951644276 0 0.9938247096 0.1109614642 0 0.9938247096 0.1109614642 0 -0.0000525831 0.9999999986 0 -0.0000525831 0.9999999986 0 0.9999999975 0.0000704126 0 0.9999999975 0.0000704126 0 -0.0000350557 0.9999999994 0 -0.0000350557 0.9999999994 0 0.9999999987 0.0000506971 0 0.9999999987 0.0000506971 0 -0.0000420663 0.9999999991 0 -0.0000420663 0.9999999991 0 -0.9998978036 0.0142962376 0 -0.9998978036 0.0142962376 0 0 0 1 0 0 -1 0 0 1 0 0 -1 0 0 1 0 0 -1 0 0 1 0 0 -1 0 0 1 0 0 -1 0 0 1 0 0 -1 0 0 1 0 0 -1 0 0 1 0 0 -1 0 0 1 0 0 -1 0 0 1 0 0 -1 0 0 1 0 0 -1 -0.9907472027 -0.1357202283 0 -0.9907472027 -0.1357202283 0 0.1525125953 -0.988301527 0 0.1525125953 -0.988301527 0 0.98883631 0.1490058792 0 0.98883631 0.1490058792 0 0.1954019874 -0.9807232348 0 0.1954019874 -0.9807232348 0 0.988614049 0.1504734599 0 0.988614049 0.1504734599 0 -0.1492329268 0.98880207 0 -0.1492329268 0.98880207 0 -0.9911490979 -0.1327534019 0 -0.9911490979 -0.1327534019 0 -0.1953226184 0.9807390452 0 -0.1953226184 0.9807390452 0 1 0 0 1 0 0 0.1407716107 0.9900420969 0 0.1407716107 0.9900420969 0 -0.4457318121 0.8951665497 0 -0.4457318121 0.8951665497 0 -0.9482417069 -0.317549469 0 -0.9482417069 -0.317549469 0 -0.1186780904 0.9929327827 0 -0.1186780904 0.9929327827 0 0 0 1 0 0 -1 0 0 1 0 0 -1 0 0 1 0 0 -1 0 0 1 0 0 -1 0 0 1 0 0 -1 0 0 1 0 0 -1 0 0 1 0 0 -1 0 0 1 0 0 -1 0 0 1 0 0 -1 0 0 1 0 0 -1 0 0 1 0 0 -1 0 0 1 0 0 -1 -0.9999999964 -0.0000844951 0 -0.9999999964 -0.0000844951 0 0.0000934812 -0.9999999956 0 0.0000934812 -0.9999999956 0 -0.9999999956 -0.0000938835 0 -0.9999999956 -0.0000938835 0 0.0000841326 -0.9999999965 0 0.0000841326 -0.9999999965 0 -0.9995341792 -0.0305192485 0 -0.9995341792 -0.0305192485 0 0.0277417785 -0.9996151228 0 0.0277417785 -0.9996151228 0 0.9999999956 0.0000938835 0 0.9999999956 0.0000938835 0 0.0001107027 -0.9999999939 0 0.0001107027 -0.9999999939 0 0.9999999952 0.0000974944 0 0.9999999952 0.0000974944 0 -0.000105168 0.9999999945 0 -0.000105168 0.9999999945 0 0.9999999901 0.0001408252 0 0.9999999901 0.0001408252 0 -0.0000788747 0.9999999969 0 -0.0000788747 0.9999999969 0 0.9999999975 0.0000704126 0 0.9999999975 0.0000704126 0 -0.0000970772 0.9999999953 0 -0.0000970772 0.9999999953 0 0 0 1 0 0 -1 0 0 1 0 0 -1 0 0 1 0 0 -1 0 0 1 0 0 -1 0 0 1 0 0 -1 0 0 1 0 0 -1 0 0 1 0 0 -1 0 0 1 0 0 -1 0 0 1 0 0 -1 0 0 1 0 0 -1 0 0 1 0 0 -1 0 0 1 0 0 -1 -0.9986026373 -0.0528466919 0 -0.9986026373 -0.0528466919 0 0 -1 0 0 -1 0 -0.9990457773 -0.0436753357 0 -0.9990457773 -0.0436753357 0 0.00005609 -0.9999999984 0 0.00005609 -0.9999999984 0 -0.9999999986 -0.0000528095 0 -0.9999999986 -0.0000528095 0 0.0000515105 -0.9999999987 0 0.0000515105 -0.9999999987 0 0.9999999988 0.000049703 0 0.9999999988 0.000049703 0 -0.0000548697 0.9999999985 0 -0.0000548697 0.9999999985 0 0.9999999991 0.0000422476 0 0.9999999991 0.0000422476 0 -0.0000701115 0.9999999975 0 -0.0000701115 0.9999999975 0 0.9999999985 0.0000545123 0 0.9999999985 0.0000545123 0 -0.0000584269 0.9999999983 0 -0.0000584269 0.9999999983 0 -0.9999999987 -0.0000506971 0 -0.9999999987 -0.0000506971 0 0 1 0 0 1 0 0 0 1 0 0 -1 0 0 1 0 0 -1 0 0 1 0 0 -1 0 0 1 0 0 -1 0 0 1 0 0 -1 0 0 1 0 0 -1 0 0 1 0 0 -1 0 0 1 0 0 -1 0 0 1 0 0 -1 0 0 1 0 0 -1 0 0 1 0 0 -1 0 0 1 0 0 -1 -0.5598333873 -0.8286052006 0 -0.5598333873 -0.8286052006 0 0.8374046765 -0.546583395 0 0.8374046765 -0.546583395 0 -0.5530342877 -0.8331584943 0 -0.5530342877 -0.8331584943 0 0.8470143384 -0.531570043 0 0.8470143384 -0.531570043 0 -0.5530545613 -0.8331450367 0 -0.5530545613 -0.8331450367 0 0.8350045945 -0.5502429711 0 0.8350045945 -0.5502429711 0 0.5838252638 0.8118793392 0 0.5838252638 0.8118793392 0 -0.7987834803 0.6016186098 0 -0.7987834803 0.6016186098 0 0.563559653 0.8260753704 0 0.563559653 0.8260753704 0 -0.8263871666 0.5631023449 0 -0.8263871666 0.5631023449 0 -0.4457065597 -0.8951791232 0 -0.4457065597 -0.8951791232 0 -0.8426485359 0.5384639682 0 -0.8426485359 0.5384639682 0 0.7054653032 0.7087444574 0 0.7054653032 0.7087444574 0 -0.8359207487 0.5488501635 0 -0.8359207487 0.5488501635 0 0 0 1 0 0 -1 0 0 1 0 0 -1 0 0 1 0 0 -1 0 0 1 0 0 -1 0 0 1 0 0 -1 0 0 1 0 0 -1 0 0 1 0 0 -1 0 0 1 0 0 -1 0 0 1 0 0 -1 0 0 1 0 0 -1 0 0 1 0 0 -1 0 0 1 0 0 -1 -0.9980311919 -0.0627195352 0 -0.9980311919 -0.0627195352 0 0.0000600925 -0.9999999982 0 0.0000600925 -0.9999999982 0 -0.9977608443 -0.0668827154 0 -0.9977608443 -0.0668827154 0 0.0498087427 -0.9987587743 0 0.0498087427 -0.9987587743 0 -0.9999999972 -0.0000745545 0 -0.9999999972 -0.0000745545 0 0.0227103322 -0.9997420871 0 0.0227103322 -0.9997420871 0 0.9998118463 0.019397734 0 0.9998118463 0.019397734 0 -0.0332565011 0.9994468496 0 -0.0332565011 0.9994468496 0 0.9999999964 0.0000844951 0 0.9999999964 0.0000844951 0 -0.0000841361 0.9999999965 0 -0.0000841361 0.9999999965 0 0.9999999967 0.0000812453 0 0.9999999967 0.0000812453 0 -0.0000841338 0.9999999965 0 -0.0000841338 0.9999999965 0 -0.9999999966 -0.0000821481 0 -0.9999999966 -0.0000821481 0 0 1 0 0 1 0 0 0 1 0 0 -1 0 0 1 0 0 -1 0 0 1 0 0 -1 0 0 1 0 0 -1 0 0 1 0 0 -1 0 0 1 0 0 -1 0 0 1 0 0 -1 0 0 1 0 0 -1 0 0 1 0 0 -1 0 0 1 0 0 -1 0 0 1 0 0 -1 0 0 1 0 0 -1 -0.999913818 -0.0131284635 0 -0.999913818 -0.0131284635 0 0.0001051702 -0.9999999945 0 0.0001051702 -0.9999999945 0 -0.9999999964 -0.000084488 0 -0.9999999964 -0.000084488 0 0.0000989854 -0.9999999951 0 0.0000989854 -0.9999999951 0 0.9999999969 0.0000792142 0 0.9999999969 0.0000792142 0 0.0001402328 -0.9999999902 0 0.0001402328 -0.9999999902 0 0.9990441751 0.0437119675 0 0.9990441751 0.0437119675 0 -0.0002103492 0.9999999779 0 -0.0002103492 0.9999999779 0 0.999999992 0.0001267374 0 0.999999992 0.0001267374 0 0 -1 0 0 -1 0 0.999190133 0.0402377708 0 0.999190133 0.0402377708 0 0 1 0 0 1 0 0.9999999956 0.0000938835 0 0.9999999956 0.0000938835 0 -0.0269938324 0.9996356001 0 -0.0269938324 0.9996356001 0 0 0 1 0 0 -1 0 0 1 0 0 -1 0 0 1 0 0 -1 0 0 1 0 0 -1 0 0 1 0 0 -1 0 0 1 0 0 -1 0 0 1 0 0 -1 0 0 1 0 0 -1 0 0 1 0 0 -1 0 0 1 0 0 -1 0 0 1 0 0 -1 0 0 1 0 0 -1 0.0000701131 -0.9999999975 0 0.0000701131 -0.9999999975 0 -0.9996865969 0.0250341348 0 -0.9996865969 0.0250341348 0 -0.0268452684 -0.9996396008 0 -0.0268452684 -0.9996396008 0 0.9994774916 -0.0323224957 0 0.9994774916 -0.0323224957 0 0 -1 0 0 -1 0 0.999999997 0.0000768138 0 0.999999997 0.0000768138 0 -0.0413828746 -0.9991433619 0 -0.0413828746 -0.9991433619 0 0.9995100141 -0.0313006674 0 0.9995100141 -0.0313006674 0 0.0405490455 0.9991775492 0 0.0405490455 0.9991775492 0 -0.9999999991 -0.0000422476 0 -0.9999999991 -0.0000422476 0 0.0620613419 0.998072337 0 0.0620613419 0.998072337 0 -1 0 0 -1 0 0 -0.0000467421 0.9999999989 0 -0.0000467421 0.9999999989 0 -0.9989624797 0.0455407955 0 -0.9989624797 0.0455407955 0 0 0 1 0 0 -1 0 0 1 0 0 -1 0 0 1 0 0 -1 0 0 1 0 0 -1 0 0 1 0 0 -1 0 0 1 0 0 -1 0 0 1 0 0 -1 0 0 1 0 0 -1 0 0 1 0 0 -1 0 0 1 0 0 -1 0 0 1 0 0 -1 0 0 1 0 0 -1 -0.9999999989 -0.0000469417 0 -0.9999999989 -0.0000469417 0 0.0000300481 -0.9999999995 0 0.0000300481 -0.9999999995 0 -0.9999999985 -0.0000541636 0 -0.9999999985 -0.0000541636 0 0.0000454783 -0.999999999 0 0.0000454783 -0.999999999 0 0.9999999983 0.0000582717 0 0.9999999983 0.0000582717 0 0 -1 0 0 -1 0 0.9999999991 0.0000422476 0 0.9999999991 0.0000422476 0 0.0000485398 -0.9999999988 0 0.0000485398 -0.9999999988 0 0.9994774916 -0.0323224957 0 0.9994774916 -0.0323224957 0 0.0194712034 0.9998104181 0 0.0194712034 0.9998104181 0 -1 0 0 -1 0 0 -0.0000701131 0.9999999975 0 -0.0000701131 0.9999999975 0 -0.9999999986 -0.0000528095 0 -0.9999999986 -0.0000528095 0 -0.0000300481 0.9999999995 0 -0.0000300481 0.9999999995 0 0 0 1 0 0 -1 0 0 1 0 0 -1 0 0 1 0 0 -1 0 0 1 0 0 -1 0 0 1 0 0 -1 0 0 1 0 0 -1 0 0 1 0 0 -1 0 0 1 0 0 -1 0 0 1 0 0 -1 0 0 1 0 0 -1 0 0 1 0 0 -1 0 0 1 0 0 -1 0.0000467406 -0.9999999989 0 0.0000467406 -0.9999999989 0 -0.9999999975 -0.0000704126 0 -0.9999999975 -0.0000704126 0 0.0397464574 0.9992097974 0 0.0397464574 0.9992097974 0 -0.9995655725 0.0294731433 0 -0.9995655725 0.0294731433 0 -0.0206872216 -0.9997859965 0 -0.0206872216 -0.9997859965 0 1 0 0 1 0 0 -0.0301085917 -0.9995466336 0 -0.0301085917 -0.9995466336 0 0.9999999991 0.0000422476 0 0.9999999991 0.0000422476 0 -0.0000647165 0.9999999979 0 -0.0000647165 0.9999999979 0 0.9999999993 0.0000384069 0 0.9999999993 0.0000384069 0 0.0000764848 -0.9999999971 0 0.0000764848 -0.9999999971 0 0.9999999991 0.0000422476 0 0.9999999991 0.0000422476 0 0.0125550546 0.9999211822 0 0.0125550546 0.9999211822 0 -0.9994770373 0.0323365426 0 -0.9994770373 0.0323365426 0 0 0 1 0 0 -1 0 0 1 0 0 -1 0 0 1 0 0 -1 0 0 1 0 0 -1 0 0 1 0 0 -1 0 0 1 0 0 -1 0 0 1 0 0 -1 0 0 1 0 0 -1 0 0 1 0 0 -1 0 0 1 0 0 -1 0 0 1 0 0 -1 0 0 1 0 0 -1 -0.9999999986 -0.0000528081 0 -0.9999999986 -0.0000528081 0 0.0000841326 -0.9999999965 0 0.0000841326 -0.9999999965 0 -0.999999999 -0.0000444711 0 -0.999999999 -0.0000444711 0 0.0178302968 -0.9998410276 0 0.0178302968 -0.9998410276 0 0.9999999944 0.0001056189 0 0.9999999944 0.0001056189 0 0.000070109 -0.9999999975 0 0.000070109 -0.9999999975 0 0.9999999978 0.0000667067 0 0.9999999978 0.0000667067 0 0.0000600943 -0.9999999982 0 0.0000600943 -0.9999999982 0 0.999999998 0.000062589 0 0.999999998 0.000062589 0 -0.0000300481 0.9999999995 0 -0.0000300481 0.9999999995 0 0.9999999944 0.0001056189 0 0.9999999944 0.0001056189 0 -0.0000556765 0.9999999985 0 -0.0000556765 0.9999999985 0 -0.9999999985 -0.000054163 0 -0.9999999985 -0.000054163 0 0 1 0 0 1 0 0 0 1 0 0 -1 0 0 1 0 0 -1 0 0 1 0 0 -1 0 0 1 0 0 -1 0 0 1 0 0 -1 0 0 1 0 0 -1 0 0 1 0 0 -1 0 0 1 0 0 -1 0 0 1 0 0 -1 0 0 1 0 0 -1 0 0 1 0 0 -1 0 0 1 0 0 -1 0.0000454773 -0.999999999 0 0.0000454773 -0.999999999 0 1 0 0 1 0 0 0 -1 0 0 -1 0 0.9999999994 0.0000352063 0 0.9999999994 0.0000352063 0 0 1 0 0 1 0 0.9999999989 0.0000469417 0 0.9999999989 0.0000469417 0 0.0000701066 -0.9999999975 0 0.0000701066 -0.9999999975 0 0.9999999988 0.0000482829 0 0.9999999988 0.0000482829 0 0.0301082083 0.9995466451 0 0.0301082083 0.9995466451 0 -0.9999999983 -0.0000582725 0 -0.9999999983 -0.0000582725 0 -0.0000560884 0.9999999984 0 -0.0000560884 0.9999999984 0 0.9999999987 0.0000506962 0 0.9999999987 0.0000506962 0 -0.0000525831 0.9999999986 0 -0.0000525831 0.9999999986 0 -0.9998947303 0.0145095946 0 -0.9998947303 0.0145095946 0 0 0 1 0 0 -1 0 0 1 0 0 -1 0 0 1 0 0 -1 0 0 1 0 0 -1 0 0 1 0 0 -1 0 0 1 0 0 -1 0 0 1 0 0 -1 0 0 1 0 0 -1 0 0 1 0 0 -1 0 0 1 0 0 -1 0 0 1 0 0 -1 0 0 1 0 0 -1 -0.9999999991 -0.0000422476 0 -0.9999999991 -0.0000422476 0 0.0000701115 -0.9999999975 0 0.0000701115 -0.9999999975 0 -0.9999999986 -0.000052809 0 -0.9999999986 -0.000052809 0 0.0000502295 -0.9999999987 0 0.0000502295 -0.9999999987 0 0.9999999987 0.0000512085 0 0.9999999987 0.0000512085 0 -0.0000525836 0.9999999986 0 -0.0000525836 0.9999999986 0 0.9999999995 0.0000324981 0 0.9999999995 0.0000324981 0 0.0000525845 -0.9999999986 0 0.0000525845 -0.9999999986 0 0.9999999986 0.0000528095 0 0.9999999986 0.0000528095 0 -0.0000494909 0.9999999988 0 -0.0000494909 0.9999999988 0 -0.9999999777 -0.0002112378 0 -0.9999999777 -0.0002112378 0 -0.0000509905 0.9999999987 0 -0.0000509905 0.9999999987 0 -0.9999999986 -0.0000528095 0 -0.9999999986 -0.0000528095 0 -0.0000701115 0.9999999975 0 -0.0000701115 0.9999999975 0 0 0 1 0 0 -1 0 0 1 0 0 -1 0 0 1 0 0 -1 0 0 1 0 0 -1 0 0 1 0 0 -1 0 0 1 0 0 -1 0 0 1 0 0 -1 0 0 1 0 0 -1 0 0 1 0 0 -1 0 0 1 0 0 -1 0 0 1 0 0 -1 0 0 1 0 0 -1 0 0 1 0 0 -1 0 0 1 0 0 -1 -0.999999997 -0.0000778245 0 -0.999999997 -0.0000778245 0 0.0000764848 -0.9999999971 0 0.0000764848 -0.9999999971 0 -0.9699251751 0.2434032759 0 -0.9699251751 0.2434032759 0 0.000097078 -0.9999999953 0 0.000097078 -0.9999999953 0 -0.999999997 -0.0000768123 0 -0.999999997 -0.0000768123 0 -0.0310222642 -0.9995186937 0 -0.0310222642 -0.9995186937 0 0.999442577 -0.0333846558 0 0.999442577 -0.0333846558 0 -0.0001402131 0.9999999902 0 -0.0001402131 0.9999999902 0 0.9999999974 0.0000724235 0 0.9999999974 0.0000724235 0 -0.0001402131 0.9999999902 0 -0.0001402131 0.9999999902 0 0.9999999975 0.0000704126 0 0.9999999975 0.0000704126 0 -0.0000934842 0.9999999956 0 -0.0000934842 0.9999999956 0 0.9999999956 0.0000938835 0 0.9999999956 0.0000938835 0 0.0413821505 0.9991433919 0 0.0413821505 0.9991433919 0 -0.9999999951 -0.000099406 0 -0.9999999951 -0.000099406 0 0.0254364285 0.9996764417 0 0.0254364285 0.9996764417 0 0 0 1 0 0 -1 0 0 1 0 0 -1 0 0 1 0 0 -1 0 0 1 0 0 -1 0 0 1 0 0 -1 0 0 1 0 0 -1 0 0 1 0 0 -1 0 0 1 0 0 -1 0 0 1 0 0 -1 0 0 1 0 0 -1 0 0 1 0 0 -1 0 0 1 0 0 -1 0 0 1 0 0 -1 0 0 1 0 0 -1 -0.9970246775 -0.0770830232 0 -0.9970246775 -0.0770830232 0 0 -1 0 0 -1 0 -0.9999999937 -0.0001126602 0 -0.9999999937 -0.0001126602 0 0.0585728611 -0.9982831362 0 0.0585728611 -0.9982831362 0 0.9999999901 0.0001408252 0 0.9999999901 0.0001408252 0 0.0000934842 -0.9999999956 0 0.0000934842 -0.9999999956 0 0.9999999927 0.0001207073 0 0.9999999927 0.0001207073 0 0 -1 0 0 -1 0 0.9999999958 0.0000918425 0 0.9999999958 0.0000918425 0 0 1 0 0 1 0 0.9999999975 0.0000704126 0 0.9999999975 0.0000704126 0 0.0001402328 -0.9999999902 0 0.0001402328 -0.9999999902 0 0.9999999954 0.0000953977 0 0.9999999954 0.0000953977 0 -0.0000934863 0.9999999956 0 -0.0000934863 0.9999999956 0 -0.999999996 -0.0000893699 0 -0.999999996 -0.0000893699 0 -0.0002103492 0.9999999779 0 -0.0002103492 0.9999999779 0 0 0 1 0 0 -1 0 0 1 0 0 -1 0 0 1 0 0 -1 0 0 1 0 0 -1 0 0 1 0 0 -1 0 0 1 0 0 -1 0 0 1 0 0 -1 0 0 1 0 0 -1 0 0 1 0 0 -1 0 0 1 0 0 -1 0 0 1 0 0 -1 0 0 1 0 0 -1 0 0 1 0 0 -1 0 0 1 0 0 -1 -0.9999999981 -0.0000621288 0 -0.9999999981 -0.0000621288 0 0.0000623218 -0.9999999981 0 0.0000623218 -0.9999999981 0 0.9999999989 0.0000469417 0 0.9999999989 0.0000469417 0 0.0000742372 -0.9999999972 0 0.0000742372 -0.9999999972 0 0.9999999982 0.0000603537 0 0.9999999982 0.0000603537 0 0.1637820805 -0.9864965434 0 0.1637820805 -0.9864965434 0 0.9999999972 0.0000745545 0 0.9999999972 0.0000745545 0 -0.0000600962 0.9999999982 0 -0.0000600962 0.9999999982 0 0.9999999979 0.0000649963 0 0.9999999979 0.0000649963 0 -0.0000701122 0.9999999975 0 -0.0000701122 0.9999999975 0 -0.9999999979 -0.0000649963 0 -0.9999999979 -0.0000649963 0 -0.000046741 0.9999999989 0 -0.000046741 0.9999999989 0 -0.9999999964 -0.0000844951 0 -0.9999999964 -0.0000844951 0 0.0000442821 -0.999999999 0 0.0000442821 -0.999999999 0 -0.999999997 -0.0000768138 0 -0.999999997 -0.0000768138 0 -0.000058024 0.9999999983 0 -0.000058024 0.9999999983 0 0 0 1 0 0 -1 0 0 1 0 0 -1 0 0 1 0 0 -1 0 0 1 0 0 -1 0 0 1 0 0 -1 0 0 1 0 0 -1 0 0 1 0 0 -1 0 0 1 0 0 -1 0 0 1 0 0 -1 0 0 1 0 0 -1 0 0 1 0 0 -1 0 0 1 0 0 -1 0 0 1 0 0 -1 0 0 1 0 0 -1 -0.9999999985 -0.0000545123 0 -0.9999999985 -0.0000545123 0 0.00005428 -0.9999999985 0 0.00005428 -0.9999999985 0 -0.9999999975 -0.0000704126 0 -0.9999999975 -0.0000704126 0 -0.00005428 0.9999999985 0 -0.00005428 0.9999999985 0 -0.9999999988 -0.000049703 0 -0.9999999988 -0.000049703 0 0.00005487 -0.9999999985 0 0.00005487 -0.9999999985 0 0.9999999986 0.0000536473 0 0.9999999986 0.0000536473 0 0 -1 0 0 -1 0 0.9999999972 0.0000745545 0 0.9999999972 0.0000745545 0 0 1 0 0 1 0 0.9999999964 0.0000844951 0 0.9999999964 0.0000844951 0 0 -1 0 0 -1 0 0.9999999986 0.0000528095 0 0.9999999986 0.0000528095 0 -0.0000509905 0.9999999987 0 -0.0000509905 0.9999999987 0 -0.9999999979 -0.0000649963 0 -0.9999999979 -0.0000649963 0 -0.0000568473 0.9999999984 0 -0.0000568473 0.9999999984 0 0 0 1 0 0 -1 0 0 1 0 0 -1 0 0 1 0 0 -1 0 0 1 0 0 -1 0 0 1 0 0 -1 0 0 1 0 0 -1 0 0 1 0 0 -1 0 0 1 0 0 -1 0 0 1 0 0 -1 0 0 1 0 0 -1 0 0 1 0 0 -1 0 0 1 0 0 -1 0 0 1 0 0 -1 0 0 1 0 0 -1 -0.1041769819 -0.9945587748 0 -0.1041769819 -0.9945587748 0 -0.9950018549 0.0998564403 0 -0.9950018549 0.0998564403 0 -0.1234631181 -0.9923491616 0 -0.1234631181 -0.9923491616 0 -1 0 0 -1 0 0 -0.1636474571 -0.9865188847 0 -0.1636474571 -0.9865188847 0 0.9699251751 -0.2434032759 0 0.9699251751 -0.2434032759 0 -0.1952274454 -0.9807579949 0 -0.1952274454 -0.9807579949 0 0.9961027107 -0.0882008489 0 0.9961027107 -0.0882008489 0 0.0001051746 -0.9999999945 0 0.0001051746 -0.9999999945 0 0.9958655714 -0.0908392185 0 0.9958655714 -0.0908392185 0 -0.1098893076 -0.9939438315 0 -0.1098893076 -0.9939438315 0 0.9911640301 -0.1326418693 0 0.9911640301 -0.1326418693 0 0.101901752 0.9947944677 0 0.101901752 0.9947944677 0 -0.8937088087 0.4486474843 0 -0.8937088087 0.4486474843 0 0.1041769819 0.9945587748 0 0.1041769819 0.9945587748 0 -0.9956036342 0.0936664488 0 -0.9956036342 0.0936664488 0 0 0 1 0 0 -1 0 0 1 0 0 -1 0 0 1 0 0 -1 0 0 1 0 0 -1 0 0 1 0 0 -1 0 0 1 0 0 -1 0 0 1 0 0 -1 0 0 1 0 0 -1 0 0 1 0 0 -1 0 0 1 0 0 -1 0 0 1 0 0 -1 0 0 1 0 0 -1 0 0 1 0 0 -1 0 0 1 0 0 -1 0 0 1 0 0 -1 0 0 1 0 0 -1 -0.1834699724 -0.9830253146 0 -0.1834699724 -0.9830253146 0 0.9770017606 -0.2132312354 0 0.9770017606 -0.2132312354 0 -0.1834699724 -0.9830253146 0 -0.1834699724 -0.9830253146 0 0.9922205387 -0.1244925807 0 0.9922205387 -0.1244925807 0 -0.1234695117 -0.9923483661 0 -0.1234695117 -0.9923483661 0 0.9804290387 -0.1968728019 0 0.9804290387 -0.1968728019 0 -0.241466881 -0.9704090609 0 -0.241466881 -0.9704090609 0 0.9845080732 -0.1753392536 0 0.9845080732 -0.1753392536 0 0.1780872794 0.9840146955 0 0.1780872794 0.9840146955 0 -0.9804378353 0.1968289894 0 -0.9804378353 0.1968289894 0 0.1742400876 0.9847031999 0 0.1742400876 0.9847031999 0 -0.9699251751 0.2434032759 0 -0.9699251751 0.2434032759 0 0.1636474571 0.9865188847 0 0.1636474571 0.9865188847 0 -0.9830036833 0.1835858347 0 -0.9830036833 0.1835858347 0 -0.1636586242 -0.9865170322 0 -0.1636586242 -0.9865170322 0 -0.9851021235 0.1719703645 0 -0.9851021235 0.1719703645 0 0.4457065597 0.8951791232 0 0.4457065597 0.8951791232 0 -0.9882846522 0.1526219059 0 -0.9882846522 0.1526219059 0 0 0 1 0 0 -1 0 0 1 0 0 -1 0 0 1 0 0 -1 0 0 1 0 0 -1 0 0 1 0 0 -1 0 0 1 0 0 -1 0 0 1 0 0 -1 0 0 1 0 0 -1 0 0 1 0 0 -1 0 0 1 0 0 -1 0 0 1 0 0 -1 0 0 1 0 0 -1 0 0 1 0 0 -1 0 0 1 0 0 -1 0 0 1 0 0 -1 0 0 1 0 0 -1 0 0 1 0 0 -1 -0.9999999966 -0.0000821471 0 -0.9999999966 -0.0000821471 0 0.0000934827 -0.9999999956 0 0.0000934827 -0.9999999956 0 -0.9999999944 -0.0001056189 0 -0.9999999944 -0.0001056189 0 0.0000647186 -0.9999999979 0 0.0000647186 -0.9999999979 0 -0.9999999964 -0.0000844951 0 -0.9999999964 -0.0000844951 0 0.0000814211 -0.9999999967 0 0.0000814211 -0.9999999967 0 0.9999999963 0.0000859266 0 0.9999999963 0.0000859266 0 -0.0001201923 0.9999999928 0 -0.0001201923 0.9999999928 0 0.9999999975 0.0000704126 0 0.9999999975 0.0000704126 0 -0.0000701115 0.9999999975 0 -0.0000701115 0.9999999975 0 0.9999999969 0.0000792142 0 0.9999999969 0.0000792142 0 0.5128165386 0.8584982223 0 0.5128165386 0.8584982223 0 0 1 0 0 1 0 0.2414788387 0.9704060853 0 0.2414788387 0.9704060853 0 0 1 0 0 1 0 -0.3151495587 0.94904202 0 -0.3151495587 0.94904202 0 -0.5129547951 0.8584156209 0 -0.5129547951 0.8584156209 0 -0.9999999969 -0.0000792142 0 -0.9999999969 -0.0000792142 0 -0.0000795871 0.9999999968 0 -0.0000795871 0.9999999968 0 0 0 1 0 0 -1 0 0 1 0 0 -1 0 0 1 0 0 -1 0 0 1 0 0 -1 0 0 1 0 0 -1 0 0 1 0 0 -1 0 0 1 0 0 -1 0 0 1 0 0 -1 0 0 1 0 0 -1 0 0 1 0 0 -1 0 0 1 0 0 -1 0 0 1 0 0 -1 0 0 1 0 0 -1 0 0 1 0 0 -1 0 0 1 0 0 -1 0 0 1 0 0 -1 0 0 1 0 0 -1 0 0 1 0 0 -1 0 0 1 0 0 -1 0 0 1 0 0 -1 0 0 1 0 0 -1 0 0 1 0 0 -1 0 0 1 0 0 -1 0 0 1 0 0 -1 0 0 1 0 0 -1 -0.9673334318 -0.2535074591 0 -0.9673334318 -0.2535074591 0 0.2900894954 -0.9569995218 0 0.2900894954 -0.9569995218 0 -0.9358082305 -0.3525095114 0 -0.9358082305 -0.3525095114 0 -0.8492791141 0.5279441129 0 -0.8492791141 0.5279441129 0 -0.5311197726 -0.8472967527 0 -0.5311197726 -0.8472967527 0 0.8426552686 -0.5384534319 0 0.8426552686 -0.5384534319 0 0.3150537578 -0.9490738273 0 0.3150537578 -0.9490738273 0 0.9482417069 0.317549469 0 0.9482417069 0.317549469 0 0.3150697241 -0.949068527 0 0.3150697241 -0.949068527 0 0.9698767885 0.2435960079 0 0.9698767885 0.2435960079 0 0.4456689978 -0.8951978242 0 0.4456689978 -0.8951978242 0 0.9412551033 0.3376963584 0 0.9412551033 0.3376963584 0 -0.2416710457 0.9703582357 0 -0.2416710457 0.9703582357 0 0.9698767885 0.2435960079 0 0.9698767885 0.2435960079 0 -0.3150697241 0.949068527 0 -0.3150697241 0.949068527 0 0.9554090119 0.2952856582 0 0.9554090119 0.2952856582 0 0.2830456377 -0.959106442 0 0.2830456377 -0.959106442 0 0.951300013 0.3082665814 0 0.951300013 0.3082665814 0 -0.2929985895 0.9561128733 0 -0.2929985895 0.9561128733 0 0.9574692855 0.2885352097 0 0.9574692855 0.2885352097 0 -0.2737170931 0.9618102479 0 -0.2737170931 0.9618102479 0 0.9482417069 0.317549469 0 0.9482417069 0.317549469 0 -0.2952961504 0.9554057691 0 -0.2952961504 0.9554057691 0 -0.9596587266 -0.2811674385 0 -0.9596587266 -0.2811674385 0 -0.3150563777 0.9490729576 0 -0.3150563777 0.9490729576 0 -0.8936329552 -0.4487985532 0 -0.8936329552 -0.4487985532 0 -0.2416110327 0.9703731802 0 -0.2416110327 0.9703731802 0</float_array>
      <technique_common><accessor source="#normals-array" count="7032" stride="3"><param name="X" type="float"/><param name="Y" type="float"/><param name="Z" type="float"/></accessor></technique_common>
    </source>
    <vertices id="vertices"><input semantic="POSITION" source="#positions"/></vertices>
    <triangles count="7032" material="building-material-symbol">
      <input semantic="VERTEX" source="#vertices" offset="0"/><input semantic="NORMAL" source="#normals" offset="1"/><p>0 0 1 0 2 0 3 1 4 1 5 1 6 2 7 2 8 2 9 3 10 3 11 3 12 4 13 4 14 4 15 5 16 5 17 5 18 6 19 6 20 6 21 7 22 7 23 7 24 8 25 8 26 8 27 9 28 9 29 9 30 10 31 10 32 10 33 11 34 11 35 11 36 12 37 12 38 12 39 13 40 13 41 13 42 14 43 14 44 14 45 15 46 15 47 15 48 16 49 16 50 16 51 17 52 17 53 17 54 18 55 18 56 18 57 19 58 19 59 19 60 20 61 20 62 20 63 21 64 21 65 21 66 22 67 22 68 22 69 23 70 23 71 23 72 24 73 24 74 24 75 25 76 25 77 25 78 26 79 26 80 26 81 27 82 27 83 27 84 28 85 28 86 28 87 29 88 29 89 29 90 30 91 30 92 30 93 31 94 31 95 31 96 32 97 32 98 32 99 33 100 33 101 33 102 34 103 34 104 34 105 35 106 35 107 35 108 36 109 36 110 36 111 37 112 37 113 37 114 38 115 38 116 38 117 39 118 39 119 39 120 40 121 40 122 40 123 41 124 41 125 41 126 42 127 42 128 42 129 43 130 43 131 43 132 44 133 44 134 44 135 45 136 45 137 45 138 46 139 46 140 46 141 47 142 47 143 47 144 48 145 48 146 48 147 49 148 49 149 49 150 50 151 50 152 50 153 51 154 51 155 51 156 52 157 52 158 52 159 53 160 53 161 53 162 54 163 54 164 54 165 55 166 55 167 55 168 56 169 56 170 56 171 57 172 57 173 57 174 58 175 58 176 58 177 59 178 59 179 59 180 60 181 60 182 60 183 61 184 61 185 61 186 62 187 62 188 62 189 63 190 63 191 63 192 64 193 64 194 64 195 65 196 65 197 65 198 66 199 66 200 66 201 67 202 67 203 67 204 68 205 68 206 68 207 69 208 69 209 69 210 70 211 70 212 70 213 71 214 71 215 71 216 72 217 72 218 72 219 73 220 73 221 73 222 74 223 74 224 74 225 75 226 75 227 75 228 76 229 76 230 76 231 77 232 77 233 77 234 78 235 78 236 78 237 79 238 79 239 79 240 80 241 80 242 80 243 81 244 81 245 81 246 82 247 82 248 82 249 83 250 83 251 83 252 84 253 84 254 84 255 85 256 85 257 85 258 86 259 86 260 86 261 87 262 87 263 87 264 88 265 88 266 88 267 89 268 89 269 89 270 90 271 90 272 90 273 91 274 91 275 91 276 92 277 92 278 92 279 93 280 93 281 93 282 94 283 94 284 94 285 95 286 95 287 95 288 96 289 96 290 96 291 97 292 97 293 97 294 98 295 98 296 98 297 99 298 99 299 99 300 100 301 100 302 100 303 101 304 101 305 101 306 102 307 102 308 102 309 103 310 103 311 103 312 104 313 104 314 104 315 105 316 105 317 105 318 106 319 106 320 106 321 107 322 107 323 107 324 108 325 108 326 108 327 109 328 109 329 109 330 110 331 110 332 110 333 111 334 111 335 111 336 112 337 112 338 112 339 113 340 113 341 113 342 114 343 114 344 114 345 115 346 115 347 115 348 116 349 116 350 116 351 117 352 117 353 117 354 118 355 118 356 118 357 119 358 119 359 119 360 120 361 120 362 120 363 121 364 121 365 121 366 122 367 122 368 122 369 123 370 123 371 123 372 124 373 124 374 124 375 125 376 125 377 125 378 126 379 126 380 126 381 127 382 127 383 127 384 128 385 128 386 128 387 129 388 129 389 129 390 130 391 130 392 130 393 131 394 131 395 131 396 132 397 132 398 132 399 133 400 133 401 133 402 134 403 134 404 134 405 135 406 135 407 135 408 136 409 136 410 136 411 137 412 137 413 137 414 138 415 138 416 138 417 139 418 139 419 139 420 140 421 140 422 140 423 141 424 141 425 141 426 142 427 142 428 142 429 143 430 143 431 143 432 144 433 144 434 144 435 145 436 145 437 145 438 146 439 146 440 146 441 147 442 147 443 147 444 148 445 148 446 148 447 149 448 149 449 149 450 150 451 150 452 150 453 151 454 151 455 151 456 152 457 152 458 152 459 153 460 153 461 153 462 154 463 154 464 154 465 155 466 155 467 155 468 156 469 156 470 156 471 157 472 157 473 157 474 158 475 158 476 158 477 159 478 159 479 159 480 160 481 160 482 160 483 161 484 161 485 161 486 162 487 162 488 162 489 163 490 163 491 163 492 164 493 164 494 164 495 165 496 165 497 165 498 166 499 166 500 166 501 167 502 167 503 167 504 168 505 168 506 168 507 169 508 169 509 169 510 170 511 170 512 170 513 171 514 171 515 171 516 172 517 172 518 172 519 173 520 173 521 173 522 174 523 174 524 174 525 175 526 175 527 175 528 176 529 176 530 176 531 177 532 177 533 177 534 178 535 178 536 178 537 179 538 179 539 179 540 180 541 180 542 180 543 181 544 181 545 181 546 182 547 182 548 182 549 183 550 183 551 183 552 184 553 184 554 184 555 185 556 185 557 185 558 186 559 186 560 186 561 187 562 187 563 187 564 188 565 188 566 188 567 189 568 189 569 189 570 190 571 190 572 190 573 191 574 191 575 191 576 192 577 192 578 192 579 193 580 193 581 193 582 194 583 194 584 194 585 195 586 195 587 195 588 196 589 196 590 196 591 197 592 197 593 197 594 198 595 198 596 198 597 199 598 199 599 199 600 200 601 200 602 200 603 201 604 201 605 201 606 202 607 202 608 202 609 203 610 203 611 203 612 204 613 204 614 204 615 205 616 205 617 205 618 206 619 206 620 206 621 207 622 207 623 207 624 208 625 208 626 208 627 209 628 209 629 209 630 210 631 210 632 210 633 211 634 211 635 211 636 212 637 212 638 212 639 213 640 213 641 213 642 214 643 214 644 214 645 215 646 215 647 215 648 216 649 216 650 216 651 217 652 217 653 217 654 218 655 218 656 218 657 219 658 219 659 219 660 220 661 220 662 220 663 221 664 221 665 221 666 222 667 222 668 222 669 223 670 223 671 223 672 224 673 224 674 224 675 225 676 225 677 225 678 226 679 226 680 226 681 227 682 227 683 227 684 228 685 228 686 228 687 229 688 229 689 229 690 230 691 230 692 230 693 231 694 231 695 231 696 232 697 232 698 232 699 233 700 233 701 233 702 234 703 234 704 234 705 235 706 235 707 235 708 236 709 236 710 236 711 237 712 237 713 237 714 238 715 238 716 238 717 239 718 239 719 239 720 240 721 240 722 240 723 241 724 241 725 241 726 242 727 242 728 242 729 243 730 243 731 243 732 244 733 244 734 244 735 245 736 245 737 245 738 246 739 246 740 246 741 247 742 247 743 247 744 248 745 248 746 248 747 249 748 249 749 249 750 250 751 250 752 250 753 251 754 251 755 251 756 252 757 252 758 252 759 253 760 253 761 253 762 254 763 254 764 254 765 255 766 255 767 255 768 256 769 256 770 256 771 257 772 257 773 257 774 258 775 258 776 258 777 259 778 259 779 259 780 260 781 260 782 260 783 261 784 261 785 261 786 262 787 262 788 262 789 263 790 263 791 263 792 264 793 264 794 264 795 265 796 265 797 265 798 266 799 266 800 266 801 267 802 267 803 267 804 268 805 268 806 268 807 269 808 269 809 269 810 270 811 270 812 270 813 271 814 271 815 271 816 272 817 272 818 272 819 273 820 273 821 273 822 274 823 274 824 274 825 275 826 275 827 275 828 276 829 276 830 276 831 277 832 277 833 277 834 278 835 278 836 278 837 279 838 279 839 279 840 280 841 280 842 280 843 281 844 281 845 281 846 282 847 282 848 282 849 283 850 283 851 283 852 284 853 284 854 284 855 285 856 285 857 285 858 286 859 286 860 286 861 287 862 287 863 287 864 288 865 288 866 288 867 289 868 289 869 289 870 290 871 290 872 290 873 291 874 291 875 291 876 292 877 292 878 292 879 293 880 293 881 293 882 294 883 294 884 294 885 295 886 295 887 295 888 296 889 296 890 296 891 297 892 297 893 297 894 298 895 298 896 298 897 299 898 299 899 299 900 300 901 300 902 300 903 301 904 301 905 301 906 302 907 302 908 302 909 303 910 303 911 303 912 304 913 304 914 304 915 305 916 305 917 305 918 306 919 306 920 306 921 307 922 307 923 307 924 308 925 308 926 308 927 309 928 309 929 309 930 310 931 310 932 310 933 311 934 311 935 311 936 312 937 312 938 312 939 313 940 313 941 313 942 314 943 314 944 314 945 315 946 315 947 315 948 316 949 316 950 316 951 317 952 317 953 317 954 318 955 318 956 318 957 319 958 319 959 319 960 320 961 320 962 320 963 321 964 321 965 321 966 322 967 322 968 322 969 323 970 323 971 323 972 324 973 324 974 324 975 325 976 325 977 325 978 326 979 326 980 326 981 327 982 327 983 327 984 328 985 328 986 328 987 329 988 329 989 329 990 330 991 330 992 330 993 331 994 331 995 331 996 332 997 332 998 332 999 333 1000 333 1001 333 1002 334 1003 334 1004 334 1005 335 1006 335 1007 335 1008 336 1009 336 1010 336 1011 337 1012 337 1013 337 1014 338 1015 338 1016 338 1017 339 1018 339 1019 339 1020 340 1021 340 1022 340 1023 341 1024 341 1025 341 1026 342 1027 342 1028 342 1029 343 1030 343 1031 343 1032 344 1033 344 1034 344 1035 345 1036 345 1037 345 1038 346 1039 346 1040 346 1041 347 1042 347 1043 347 1044 348 1045 348 1046 348 1047 349 1048 349 1049 349 1050 350 1051 350 1052 350 1053 351 1054 351 1055 351 1056 352 1057 352 1058 352 1059 353 1060 353 1061 353 1062 354 1063 354 1064 354 1065 355 1066 355 1067 355 1068 356 1069 356 1070 356 1071 357 1072 357 1073 357 1074 358 1075 358 1076 358 1077 359 1078 359 1079 359 1080 360 1081 360 1082 360 1083 361 1084 361 1085 361 1086 362 1087 362 1088 362 1089 363 1090 363 1091 363 1092 364 1093 364 1094 364 1095 365 1096 365 1097 365 1098 366 1099 366 1100 366 1101 367 1102 367 1103 367 1104 368 1105 368 1106 368 1107 369 1108 369 1109 369 1110 370 1111 370 1112 370 1113 371 1114 371 1115 371 1116 372 1117 372 1118 372 1119 373 1120 373 1121 373 1122 374 1123 374 1124 374 1125 375 1126 375 1127 375 1128 376 1129 376 1130 376 1131 377 1132 377 1133 377 1134 378 1135 378 1136 378 1137 379 1138 379 1139 379 1140 380 1141 380 1142 380 1143 381 1144 381 1145 381 1146 382 1147 382 1148 382 1149 383 1150 383 1151 383 1152 384 1153 384 1154 384 1155 385 1156 385 1157 385 1158 386 1159 386 1160 386 1161 387 1162 387 1163 387 1164 388 1165 388 1166 388 1167 389 1168 389 1169 389 1170 390 1171 390 1172 390 1173 391 1174 391 1175 391 1176 392 1177 392 1178 392 1179 393 1180 393 1181 393 1182 394 1183 394 1184 394 1185 395 1186 395 1187 395 1188 396 1189 396 1190 396 1191 397 1192 397 1193 397 1194 398 1195 398 1196 398 1197 399 1198 399 1199 399 1200 400 1201 400 1202 400 1203 401 1204 401 1205 401 1206 402 1207 402 1208 402 1209 403 1210 403 1211 403 1212 404 1213 404 1214 404 1215 405 1216 405 1217 405 1218 406 1219 406 1220 406 1221 407 1222 407 1223 407 1224 408 1225 408 1226 408 1227 409 1228 409 1229 409 1230 410 1231 410 1232 410 1233 411 1234 411 1235 411 1236 412 1237 412 1238 412 1239 413 1240 413 1241 413 1242 414 1243 414 1244 414 1245 415 1246 415 1247 415 1248 416 1249 416 1250 416 1251 417 1252 417 1253 417 1254 418 1255 418 1256 418 1257 419 1258 419 1259 419 1260 420 1261 420 1262 420 1263 421 1264 421 1265 421 1266 422 1267 422 1268 422 1269 423 1270 423 1271 423 1272 424 1273 424 1274 424 1275 425 1276 425 1277 425 1278 426 1279 426 1280 426 1281 427 1282 427 1283 427 1284 428 1285 428 1286 428 1287 429 1288 429 1289 429 1290 430 1291 430 1292 430 1293 431 1294 431 1295 431 1296 432 1297 432 1298 432 1299 433 1300 433 1301 433 1302 434 1303 434 1304 434 1305 435 1306 435 1307 435 1308 436 1309 436 1310 436 1311 437 1312 437 1313 437 1314 438 1315 438 1316 438 1317 439 1318 439 1319 439 1320 440 1321 440 1322 440 1323 441 1324 441 1325 441 1326 442 1327 442 1328 442 1329 443 1330 443 1331 443 1332 444 1333 444 1334 444 1335 445 1336 445 1337 445 1338 446 1339 446 1340 446 1341 447 1342 447 1343 447 1344 448 1345 448 1346 448 1347 449 1348 449 1349 449 1350 450 1351 450 1352 450 1353 451 1354 451 1355 451 1356 452 1357 452 1358 452 1359 453 1360 453 1361 453 1362 454 1363 454 1364 454 1365 455 1366 455 1367 455 1368 456 1369 456 1370 456 1371 457 1372 457 1373 457 1374 458 1375 458 1376 458 1377 459 1378 459 1379 459 1380 460 1381 460 1382 460 1383 461 1384 461 1385 461 1386 462 1387 462 1388 462 1389 463 1390 463 1391 463 1392 464 1393 464 1394 464 1395 465 1396 465 1397 465 1398 466 1399 466 1400 466 1401 467 1402 467 1403 467 1404 468 1405 468 1406 468 1407 469 1408 469 1409 469 1410 470 1411 470 1412 470 1413 471 1414 471 1415 471 1416 472 1417 472 1418 472 1419 473 1420 473 1421 473 1422 474 1423 474 1424 474 1425 475 1426 475 1427 475 1428 476 1429 476 1430 476 1431 477 1432 477 1433 477 1434 478 1435 478 1436 478 1437 479 1438 479 1439 479 1440 480 1441 480 1442 480 1443 481 1444 481 1445 481 1446 482 1447 482 1448 482 1449 483 1450 483 1451 483 1452 484 1453 484 1454 484 1455 485 1456 485 1457 485 1458 486 1459 486 1460 486 1461 487 1462 487 1463 487 1464 488 1465 488 1466 488 1467 489 1468 489 1469 489 1470 490 1471 490 1472 490 1473 491 1474 491 1475 491 1476 492 1477 492 1478 492 1479 493 1480 493 1481 493 1482 494 1483 494 1484 494 1485 495 1486 495 1487 495 1488 496 1489 496 1490 496 1491 497 1492 497 1493 497 1494 498 1495 498 1496 498 1497 499 1498 499 1499 499 1500 500 1501 500 1502 500 1503 501 1504 501 1505 501 1506 502 1507 502 1508 502 1509 503 1510 503 1511 503 1512 504 1513 504 1514 504 1515 505 1516 505 1517 505 1518 506 1519 506 1520 506 1521 507 1522 507 1523 507 1524 508 1525 508 1526 508 1527 509 1528 509 1529 509 1530 510 1531 510 1532 510 1533 511 1534 511 1535 511 1536 512 1537 512 1538 512 1539 513 1540 513 1541 513 1542 514 1543 514 1544 514 1545 515 1546 515 1547 515 1548 516 1549 516 1550 516 1551 517 1552 517 1553 517 1554 518 1555 518 1556 518 1557 519 1558 519 1559 519 1560 520 1561 520 1562 520 1563 521 1564 521 1565 521 1566 522 1567 522 1568 522 1569 523 1570 523 1571 523 1572 524 1573 524 1574 524 1575 525 1576 525 1577 525 1578 526 1579 526 1580 526 1581 527 1582 527 1583 527 1584 528 1585 528 1586 528 1587 529 1588 529 1589 529 1590 530 1591 530 1592 530 1593 531 1594 531 1595 531 1596 532 1597 532 1598 532 1599 533 1600 533 1601 533 1602 534 1603 534 1604 534 1605 535 1606 535 1607 535 1608 536 1609 536 1610 536 1611 537 1612 537 1613 537 1614 538 1615 538 1616 538 1617 539 1618 539 1619 539 1620 540 1621 540 1622 540 1623 541 1624 541 1625 541 1626 542 1627 542 1628 542 1629 543 1630 543 1631 543 1632 544 1633 544 1634 544 1635 545 1636 545 1637 545 1638 546 1639 546 1640 546 1641 547 1642 547 1643 547 1644 548 1645 548 1646 548 1647 549 1648 549 1649 549 1650 550 1651 550 1652 550 1653 551 1654 551 1655 551 1656 552 1657 552 1658 552 1659 553 1660 553 1661 553 1662 554 1663 554 1664 554 1665 555 1666 555 1667 555 1668 556 1669 556 1670 556 1671 557 1672 557 1673 557 1674 558 1675 558 1676 558 1677 559 1678 559 1679 559 1680 560 1681 560 1682 560 1683 561 1684 561 1685 561 1686 562 1687 562 1688 562 1689 563 1690 563 1691 563 1692 564 1693 564 1694 564 1695 565 1696 565 1697 565 1698 566 1699 566 1700 566 1701 567 1702 567 1703 567 1704 568 1705 568 1706 568 1707 569 1708 569 1709 569 1710 570 1711 570 1712 570 1713 571 1714 571 1715 571 1716 572 1717 572 1718 572 1719 573 1720 573 1721 573 1722 574 1723 574 1724 574 1725 575 1726 575 1727 575 1728 576 1729 576 1730 576 1731 577 1732 577 1733 577 1734 578 1735 578 1736 578 1737 579 1738 579 1739 579 1740 580 1741 580 1742 580 1743 581 1744 581 1745 581 1746 582 1747 582 1748 582 1749 583 1750 583 1751 583 1752 584 1753 584 1754 584 1755 585 1756 585 1757 585 1758 586 1759 586 1760 586 1761 587 1762 587 1763 587 1764 588 1765 588 1766 588 1767 589 1768 589 1769 589 1770 590 1771 590 1772 590 1773 591 1774 591 1775 591 1776 592 1777 592 1778 592 1779 593 1780 593 1781 593 1782 594 1783 594 1784 594 1785 595 1786 595 1787 595 1788 596 1789 596 1790 596 1791 597 1792 597 1793 597 1794 598 1795 598 1796 598 1797 599 1798 599 1799 599 1800 600 1801 600 1802 600 1803 601 1804 601 1805 601 1806 602 1807 602 1808 602 1809 603 1810 603 1811 603 1812 604 1813 604 1814 604 1815 605 1816 605 1817 605 1818 606 1819 606 1820 606 1821 607 1822 607 1823 607 1824 608 1825 608 1826 608 1827 609 1828 609 1829 609 1830 610 1831 610 1832 610 1833 611 1834 611 1835 611 1836 612 1837 612 1838 612 1839 613 1840 613 1841 613 1842 614 1843 614 1844 614 1845 615 1846 615 1847 615 1848 616 1849 616 1850 616 1851 617 1852 617 1853 617 1854 618 1855 618 1856 618 1857 619 1858 619 1859 619 1860 620 1861 620 1862 620 1863 621 1864 621 1865 621 1866 622 1867 622 1868 622 1869 623 1870 623 1871 623 1872 624 1873 624 1874 624 1875 625 1876 625 1877 625 1878 626 1879 626 1880 626 1881 627 1882 627 1883 627 1884 628 1885 628 1886 628 1887 629 1888 629 1889 629 1890 630 1891 630 1892 630 1893 631 1894 631 1895 631 1896 632 1897 632 1898 632 1899 633 1900 633 1901 633 1902 634 1903 634 1904 634 1905 635 1906 635 1907 635 1908 636 1909 636 1910 636 1911 637 1912 637 1913 637 1914 638 1915 638 1916 638 1917 639 1918 639 1919 639 1920 640 1921 640 1922 640 1923 641 1924 641 1925 641 1926 642 1927 642 1928 642 1929 643 1930 643 1931 643 1932 644 1933 644 1934 644 1935 645 1936 645 1937 645 1938 646 1939 646 1940 646 1941 647 1942 647 1943 647 1944 648 1945 648 1946 648 1947 649 1948 649 1949 649 1950 650 1951 650 1952 650 1953 651 1954 651 1955 651 1956 652 1957 652 1958 652 1959 653 1960 653 1961 653 1962 654 1963 654 1964 654 1965 655 1966 655 1967 655 1968 656 1969 656 1970 656 1971 657 1972 657 1973 657 1974 658 1975 658 1976 658 1977 659 1978 659 1979 659 1980 660 1981 660 1982 660 1983 661 1984 661 1985 661 1986 662 1987 662 1988 662 1989 663 1990 663 1991 663 1992 664 1993 664 1994 664 1995 665 1996 665 1997 665 1998 666 1999 666 2000 666 2001 667 2002 667 2003 667 2004 668 2005 668 2006 668 2007 669 2008 669 2009 669 2010 670 2011 670 2012 670 2013 671 2014 671 2015 671 2016 672 2017 672 2018 672 2019 673 2020 673 2021 673 2022 674 2023 674 2024 674 2025 675 2026 675 2027 675 2028 676 2029 676 2030 676 2031 677 2032 677 2033 677 2034 678 2035 678 2036 678 2037 679 2038 679 2039 679 2040 680 2041 680 2042 680 2043 681 2044 681 2045 681 2046 682 2047 682 2048 682 2049 683 2050 683 2051 683 2052 684 2053 684 2054 684 2055 685 2056 685 2057 685 2058 686 2059 686 2060 686 2061 687 2062 687 2063 687 2064 688 2065 688 2066 688 2067 689 2068 689 2069 689 2070 690 2071 690 2072 690 2073 691 2074 691 2075 691 2076 692 2077 692 2078 692 2079 693 2080 693 2081 693 2082 694 2083 694 2084 694 2085 695 2086 695 2087 695 2088 696 2089 696 2090 696 2091 697 2092 697 2093 697 2094 698 2095 698 2096 698 2097 699 2098 699 2099 699 2100 700 2101 700 2102 700 2103 701 2104 701 2105 701 2106 702 2107 702 2108 702 2109 703 2110 703 2111 703 2112 704 2113 704 2114 704 2115 705 2116 705 2117 705 2118 706 2119 706 2120 706 2121 707 2122 707 2123 707 2124 708 2125 708 2126 708 2127 709 2128 709 2129 709 2130 710 2131 710 2132 710 2133 711 2134 711 2135 711 2136 712 2137 712 2138 712 2139 713 2140 713 2141 713 2142 714 2143 714 2144 714 2145 715 2146 715 2147 715 2148 716 2149 716 2150 716 2151 717 2152 717 2153 717 2154 718 2155 718 2156 718 2157 719 2158 719 2159 719 2160 720 2161 720 2162 720 2163 721 2164 721 2165 721 2166 722 2167 722 2168 722 2169 723 2170 723 2171 723 2172 724 2173 724 2174 724 2175 725 2176 725 2177 725 2178 726 2179 726 2180 726 2181 727 2182 727 2183 727 2184 728 2185 728 2186 728 2187 729 2188 729 2189 729 2190 730 2191 730 2192 730 2193 731 2194 731 2195 731 2196 732 2197 732 2198 732 2199 733 2200 733 2201 733 2202 734 2203 734 2204 734 2205 735 2206 735 2207 735 2208 736 2209 736 2210 736 2211 737 2212 737 2213 737 2214 738 2215 738 2216 738 2217 739 2218 739 2219 739 2220 740 2221 740 2222 740 2223 741 2224 741 2225 741 2226 742 2227 742 2228 742 2229 743 2230 743 2231 743 2232 744 2233 744 2234 744 2235 745 2236 745 2237 745 2238 746 2239 746 2240 746 2241 747 2242 747 2243 747 2244 748 2245 748 2246 748 2247 749 2248 749 2249 749 2250 750 2251 750 2252 750 2253 751 2254 751 2255 751 2256 752 2257 752 2258 752 2259 753 2260 753 2261 753 2262 754 2263 754 2264 754 2265 755 2266 755 2267 755 2268 756 2269 756 2270 756 2271 757 2272 757 2273 757 2274 758 2275 758 2276 758 2277 759 2278 759 2279 759 2280 760 2281 760 2282 760 2283 761 2284 761 2285 761 2286 762 2287 762 2288 762 2289 763 2290 763 2291 763 2292 764 2293 764 2294 764 2295 765 2296 765 2297 765 2298 766 2299 766 2300 766 2301 767 2302 767 2303 767 2304 768 2305 768 2306 768 2307 769 2308 769 2309 769 2310 770 2311 770 2312 770 2313 771 2314 771 2315 771 2316 772 2317 772 2318 772 2319 773 2320 773 2321 773 2322 774 2323 774 2324 774 2325 775 2326 775 2327 775 2328 776 2329 776 2330 776 2331 777 2332 777 2333 777 2334 778 2335 778 2336 778 2337 779 2338 779 2339 779 2340 780 2341 780 2342 780 2343 781 2344 781 2345 781 2346 782 2347 782 2348 782 2349 783 2350 783 2351 783 2352 784 2353 784 2354 784 2355 785 2356 785 2357 785 2358 786 2359 786 2360 786 2361 787 2362 787 2363 787 2364 788 2365 788 2366 788 2367 789 2368 789 2369 789 2370 790 2371 790 2372 790 2373 791 2374 791 2375 791 2376 792 2377 792 2378 792 2379 793 2380 793 2381 793 2382 794 2383 794 2384 794 2385 795 2386 795 2387 795 2388 796 2389 796 2390 796 2391 797 2392 797 2393 797 2394 798 2395 798 2396 798 2397 799 2398 799 2399 799 2400 800 2401 800 2402 800 2403 801 2404 801 2405 801 2406 802 2407 802 2408 802 2409 803 2410 803 2411 803 2412 804 2413 804 2414 804 2415 805 2416 805 2417 805 2418 806 2419 806 2420 806 2421 807 2422 807 2423 807 2424 808 2425 808 2426 808 2427 809 2428 809 2429 809 2430 810 2431 810 2432 810 2433 811 2434 811 2435 811 2436 812 2437 812 2438 812 2439 813 2440 813 2441 813 2442 814 2443 814 2444 814 2445 815 2446 815 2447 815 2448 816 2449 816 2450 816 2451 817 2452 817 2453 817 2454 818 2455 818 2456 818 2457 819 2458 819 2459 819 2460 820 2461 820 2462 820 2463 821 2464 821 2465 821 2466 822 2467 822 2468 822 2469 823 2470 823 2471 823 2472 824 2473 824 2474 824 2475 825 2476 825 2477 825 2478 826 2479 826 2480 826 2481 827 2482 827 2483 827 2484 828 2485 828 2486 828 2487 829 2488 829 2489 829 2490 830 2491 830 2492 830 2493 831 2494 831 2495 831 2496 832 2497 832 2498 832 2499 833 2500 833 2501 833 2502 834 2503 834 2504 834 2505 835 2506 835 2507 835 2508 836 2509 836 2510 836 2511 837 2512 837 2513 837 2514 838 2515 838 2516 838 2517 839 2518 839 2519 839 2520 840 2521 840 2522 840 2523 841 2524 841 2525 841 2526 842 2527 842 2528 842 2529 843 2530 843 2531 843 2532 844 2533 844 2534 844 2535 845 2536 845 2537 845 2538 846 2539 846 2540 846 2541 847 2542 847 2543 847 2544 848 2545 848 2546 848 2547 849 2548 849 2549 849 2550 850 2551 850 2552 850 2553 851 2554 851 2555 851 2556 852 2557 852 2558 852 2559 853 2560 853 2561 853 2562 854 2563 854 2564 854 2565 855 2566 855 2567 855 2568 856 2569 856 2570 856 2571 857 2572 857 2573 857 2574 858 2575 858 2576 858 2577 859 2578 859 2579 859 2580 860 2581 860 2582 860 2583 861 2584 861 2585 861 2586 862 2587 862 2588 862 2589 863 2590 863 2591 863 2592 864 2593 864 2594 864 2595 865 2596 865 2597 865 2598 866 2599 866 2600 866 2601 867 2602 867 2603 867 2604 868 2605 868 2606 868 2607 869 2608 869 2609 869 2610 870 2611 870 2612 870 2613 871 2614 871 2615 871 2616 872 2617 872 2618 872 2619 873 2620 873 2621 873 2622 874 2623 874 2624 874 2625 875 2626 875 2627 875 2628 876 2629 876 2630 876 2631 877 2632 877 2633 877 2634 878 2635 878 2636 878 2637 879 2638 879 2639 879 2640 880 2641 880 2642 880 2643 881 2644 881 2645 881 2646 882 2647 882 2648 882 2649 883 2650 883 2651 883 2652 884 2653 884 2654 884 2655 885 2656 885 2657 885 2658 886 2659 886 2660 886 2661 887 2662 887 2663 887 2664 888 2665 888 2666 888 2667 889 2668 889 2669 889 2670 890 2671 890 2672 890 2673 891 2674 891 2675 891 2676 892 2677 892 2678 892 2679 893 2680 893 2681 893 2682 894 2683 894 2684 894 2685 895 2686 895 2687 895 2688 896 2689 896 2690 896 2691 897 2692 897 2693 897 2694 898 2695 898 2696 898 2697 899 2698 899 2699 899 2700 900 2701 900 2702 900 2703 901 2704 901 2705 901 2706 902 2707 902 2708 902 2709 903 2710 903 2711 903 2712 904 2713 904 2714 904 2715 905 2716 905 2717 905 2718 906 2719 906 2720 906 2721 907 2722 907 2723 907 2724 908 2725 908 2726 908 2727 909 2728 909 2729 909 2730 910 2731 910 2732 910 2733 911 2734 911 2735 911 2736 912 2737 912 2738 912 2739 913 2740 913 2741 913 2742 914 2743 914 2744 914 2745 915 2746 915 2747 915 2748 916 2749 916 2750 916 2751 917 2752 917 2753 917 2754 918 2755 918 2756 918 2757 919 2758 919 2759 919 2760 920 2761 920 2762 920 2763 921 2764 921 2765 921 2766 922 2767 922 2768 922 2769 923 2770 923 2771 923 2772 924 2773 924 2774 924 2775 925 2776 925 2777 925 2778 926 2779 926 2780 926 2781 927 2782 927 2783 927 2784 928 2785 928 2786 928 2787 929 2788 929 2789 929 2790 930 2791 930 2792 930 2793 931 2794 931 2795 931 2796 932 2797 932 2798 932 2799 933 2800 933 2801 933 2802 934 2803 934 2804 934 2805 935 2806 935 2807 935 2808 936 2809 936 2810 936 2811 937 2812 937 2813 937 2814 938 2815 938 2816 938 2817 939 2818 939 2819 939 2820 940 2821 940 2822 940 2823 941 2824 941 2825 941 2826 942 2827 942 2828 942 2829 943 2830 943 2831 943 2832 944 2833 944 2834 944 2835 945 2836 945 2837 945 2838 946 2839 946 2840 946 2841 947 2842 947 2843 947 2844 948 2845 948 2846 948 2847 949 2848 949 2849 949 2850 950 2851 950 2852 950 2853 951 2854 951 2855 951 2856 952 2857 952 2858 952 2859 953 2860 953 2861 953 2862 954 2863 954 2864 954 2865 955 2866 955 2867 955 2868 956 2869 956 2870 956 2871 957 2872 957 2873 957 2874 958 2875 958 2876 958 2877 959 2878 959 2879 959 2880 960 2881 960 2882 960 2883 961 2884 961 2885 961 2886 962 2887 962 2888 962 2889 963 2890 963 2891 963 2892 964 2893 964 2894 964 2895 965 2896 965 2897 965 2898 966 2899 966 2900 966 2901 967 2902 967 2903 967 2904 968 2905 968 2906 968 2907 969 2908 969 2909 969 2910 970 2911 970 2912 970 2913 971 2914 971 2915 971 2916 972 2917 972 2918 972 2919 973 2920 973 2921 973 2922 974 2923 974 2924 974 2925 975 2926 975 2927 975 2928 976 2929 976 2930 976 2931 977 2932 977 2933 977 2934 978 2935 978 2936 978 2937 979 2938 979 2939 979 2940 980 2941 980 2942 980 2943 981 2944 981 2945 981 2946 982 2947 982 2948 982 2949 983 2950 983 2951 983 2952 984 2953 984 2954 984 2955 985 2956 985 2957 985 2958 986 2959 986 2960 986 2961 987 2962 987 2963 987 2964 988 2965 988 2966 988 2967 989 2968 989 2969 989 2970 990 2971 990 2972 990 2973 991 2974 991 2975 991 2976 992 2977 992 2978 992 2979 993 2980 993 2981 993 2982 994 2983 994 2984 994 2985 995 2986 995 2987 995 2988 996 2989 996 2990 996 2991 997 2992 997 2993 997 2994 998 2995 998 2996 998 2997 999 2998 999 2999 999 3000 1000 3001 1000 3002 1000 3003 1001 3004 1001 3005 1001 3006 1002 3007 1002 3008 1002 3009 1003 3010 1003 3011 1003 3012 1004 3013 1004 3014 1004 3015 1005 3016 1005 3017 1005 3018 1006 3019 1006 3020 1006 3021 1007 3022 1007 3023 1007 3024 1008 3025 1008 3026 1008 3027 1009 3028 1009 3029 1009 3030 1010 3031 1010 3032 1010 3033 1011 3034 1011 3035 1011 3036 1012 3037 1012 3038 1012 3039 1013 3040 1013 3041 1013 3042 1014 3043 1014 3044 1014 3045 1015 3046 1015 3047 1015 3048 1016 3049 1016 3050 1016 3051 1017 3052 1017 3053 1017 3054 1018 3055 1018 3056 1018 3057 1019 3058 1019 3059 1019 3060 1020 3061 1020 3062 1020 3063 1021 3064 1021 3065 1021 3066 1022 3067 1022 3068 1022 3069 1023 3070 1023 3071 1023 3072 1024 3073 1024 3074 1024 3075 1025 3076 1025 3077 1025 3078 1026 3079 1026 3080 1026 3081 1027 3082 1027 3083 1027 3084 1028 3085 1028 3086 1028 3087 1029 3088 1029 3089 1029 3090 1030 3091 1030 3092 1030 3093 1031 3094 1031 3095 1031 3096 1032 3097 1032 3098 1032 3099 1033 3100 1033 3101 1033 3102 1034 3103 1034 3104 1034 3105 1035 3106 1035 3107 1035 3108 1036 3109 1036 3110 1036 3111 1037 3112 1037 3113 1037 3114 1038 3115 1038 3116 1038 3117 1039 3118 1039 3119 1039 3120 1040 3121 1040 3122 1040 3123 1041 3124 1041 3125 1041 3126 1042 3127 1042 3128 1042 3129 1043 3130 1043 3131 1043 3132 1044 3133 1044 3134 1044 3135 1045 3136 1045 3137 1045 3138 1046 3139 1046 3140 1046 3141 1047 3142 1047 3143 1047 3144 1048 3145 1048 3146 1048 3147 1049 3148 1049 3149 1049 3150 1050 3151 1050 3152 1050 3153 1051 3154 1051 3155 1051 3156 1052 3157 1052 3158 1052 3159 1053 3160 1053 3161 1053 3162 1054 3163 1054 3164 1054 3165 1055 3166 1055 3167 1055 3168 1056 3169 1056 3170 1056 3171 1057 3172 1057 3173 1057 3174 1058 3175 1058 3176 1058 3177 1059 3178 1059 3179 1059 3180 1060 3181 1060 3182 1060 3183 1061 3184 1061 3185 1061 3186 1062 3187 1062 3188 1062 3189 1063 3190 1063 3191 1063 3192 1064 3193 1064 3194 1064 3195 1065 3196 1065 3197 1065 3198 1066 3199 1066 3200 1066 3201 1067 3202 1067 3203 1067 3204 1068 3205 1068 3206 1068 3207 1069 3208 1069 3209 1069 3210 1070 3211 1070 3212 1070 3213 1071 3214 1071 3215 1071 3216 1072 3217 1072 3218 1072 3219 1073 3220 1073 3221 1073 3222 1074 3223 1074 3224 1074 3225 1075 3226 1075 3227 1075 3228 1076 3229 1076 3230 1076 3231 1077 3232 1077 3233 1077 3234 1078 3235 1078 3236 1078 3237 1079 3238 1079 3239 1079 3240 1080 3241 1080 3242 1080 3243 1081 3244 1081 3245 1081 3246 1082 3247 1082 3248 1082 3249 1083 3250 1083 3251 1083 3252 1084 3253 1084 3254 1084 3255 1085 3256 1085 3257 1085 3258 1086 3259 1086 3260 1086 3261 1087 3262 1087 3263 1087 3264 1088 3265 1088 3266 1088 3267 1089 3268 1089 3269 1089 3270 1090 3271 1090 3272 1090 3273 1091 3274 1091 3275 1091 3276 1092 3277 1092 3278 1092 3279 1093 3280 1093 3281 1093 3282 1094 3283 1094 3284 1094 3285 1095 3286 1095 3287 1095 3288 1096 3289 1096 3290 1096 3291 1097 3292 1097 3293 1097 3294 1098 3295 1098 3296 1098 3297 1099 3298 1099 3299 1099 3300 1100 3301 1100 3302 1100 3303 1101 3304 1101 3305 1101 3306 1102 3307 1102 3308 1102 3309 1103 3310 1103 3311 1103 3312 1104 3313 1104 3314 1104 3315 1105 3316 1105 3317 1105 3318 1106 3319 1106 3320 1106 3321 1107 3322 1107 3323 1107 3324 1108 3325 1108 3326 1108 3327 1109 3328 1109 3329 1109 3330 1110 3331 1110 3332 1110 3333 1111 3334 1111 3335 1111 3336 1112 3337 1112 3338 1112 3339 1113 3340 1113 3341 1113 3342 1114 3343 1114 3344 1114 3345 1115 3346 1115 3347 1115 3348 1116 3349 1116 3350 1116 3351 1117 3352 1117 3353 1117 3354 1118 3355 1118 3356 1118 3357 1119 3358 1119 3359 1119 3360 1120 3361 1120 3362 1120 3363 1121 3364 1121 3365 1121 3366 1122 3367 1122 3368 1122 3369 1123 3370 1123 3371 1123 3372 1124 3373 1124 3374 1124 3375 1125 3376 1125 3377 1125 3378 1126 3379 1126 3380 1126 3381 1127 3382 1127 3383 1127 3384 1128 3385 1128 3386 1128 3387 1129 3388 1129 3389 1129 3390 1130 3391 1130 3392 1130 3393 1131 3394 1131 3395 1131 3396 1132 3397 1132 3398 1132 3399 1133 3400 1133 3401 1133 3402 1134 3403 1134 3404 1134 3405 1135 3406 1135 3407 1135 3408 1136 3409 1136 3410 1136 3411 1137 3412 1137 3413 1137 3414 1138 3415 1138 3416 1138 3417 1139 3418 1139 3419 1139 3420 1140 3421 1140 3422 1140 3423 1141 3424 1141 3425 1141 3426 1142 3427 1142 3428 1142 3429 1143 3430 1143 3431 1143 3432 1144 3433 1144 3434 1144 3435 1145 3436 1145 3437 1145 3438 1146 3439 1146 3440 1146 3441 1147 3442 1147 3443 1147 3444 1148 3445 1148 3446 1148 3447 1149 3448 1149 3449 1149 3450 1150 3451 1150 3452 1150 3453 1151 3454 1151 3455 1151 3456 1152 3457 1152 3458 1152 3459 1153 3460 1153 3461 1153 3462 1154 3463 1154 3464 1154 3465 1155 3466 1155 3467 1155 3468 1156 3469 1156 3470 1156 3471 1157 3472 1157 3473 1157 3474 1158 3475 1158 3476 1158 3477 1159 3478 1159 3479 1159 3480 1160 3481 1160 3482 1160 3483 1161 3484 1161 3485 1161 3486 1162 3487 1162 3488 1162 3489 1163 3490 1163 3491 1163 3492 1164 3493 1164 3494 1164 3495 1165 3496 1165 3497 1165 3498 1166 3499 1166 3500 1166 3501 1167 3502 1167 3503 1167 3504 1168 3505 1168 3506 1168 3507 1169 3508 1169 3509 1169 3510 1170 3511 1170 3512 1170 3513 1171 3514 1171 3515 1171 3516 1172 3517 1172 3518 1172 3519 1173 3520 1173 3521 1173 3522 1174 3523 1174 3524 1174 3525 1175 3526 1175 3527 1175 3528 1176 3529 1176 3530 1176 3531 1177 3532 1177 3533 1177 3534 1178 3535 1178 3536 1178 3537 1179 3538 1179 3539 1179 3540 1180 3541 1180 3542 1180 3543 1181 3544 1181 3545 1181 3546 1182 3547 1182 3548 1182 3549 1183 3550 1183 3551 1183 3552 1184 3553 1184 3554 1184 3555 1185 3556 1185 3557 1185 3558 1186 3559 1186 3560 1186 3561 1187 3562 1187 3563 1187 3564 1188 3565 1188 3566 1188 3567 1189 3568 1189 3569 1189 3570 1190 3571 1190 3572 1190 3573 1191 3574 1191 3575 1191 3576 1192 3577 1192 3578 1192 3579 1193 3580 1193 3581 1193 3582 1194 3583 1194 3584 1194 3585 1195 3586 1195 3587 1195 3588 1196 3589 1196 3590 1196 3591 1197 3592 1197 3593 1197 3594 1198 3595 1198 3596 1198 3597 1199 3598 1199 3599 1199 3600 1200 3601 1200 3602 1200 3603 1201 3604 1201 3605 1201 3606 1202 3607 1202 3608 1202 3609 1203 3610 1203 3611 1203 3612 1204 3613 1204 3614 1204 3615 1205 3616 1205 3617 1205 3618 1206 3619 1206 3620 1206 3621 1207 3622 1207 3623 1207 3624 1208 3625 1208 3626 1208 3627 1209 3628 1209 3629 1209 3630 1210 3631 1210 3632 1210 3633 1211 3634 1211 3635 1211 3636 1212 3637 1212 3638 1212 3639 1213 3640 1213 3641 1213 3642 1214 3643 1214 3644 1214 3645 1215 3646 1215 3647 1215 3648 1216 3649 1216 3650 1216 3651 1217 3652 1217 3653 1217 3654 1218 3655 1218 3656 1218 3657 1219 3658 1219 3659 1219 3660 1220 3661 1220 3662 1220 3663 1221 3664 1221 3665 1221 3666 1222 3667 1222 3668 1222 3669 1223 3670 1223 3671 1223 3672 1224 3673 1224 3674 1224 3675 1225 3676 1225 3677 1225 3678 1226 3679 1226 3680 1226 3681 1227 3682 1227 3683 1227 3684 1228 3685 1228 3686 1228 3687 1229 3688 1229 3689 1229 3690 1230 3691 1230 3692 1230 3693 1231 3694 1231 3695 1231 3696 1232 3697 1232 3698 1232 3699 1233 3700 1233 3701 1233 3702 1234 3703 1234 3704 1234 3705 1235 3706 1235 3707 1235 3708 1236 3709 1236 3710 1236 3711 1237 3712 1237 3713 1237 3714 1238 3715 1238 3716 1238 3717 1239 3718 1239 3719 1239 3720 1240 3721 1240 3722 1240 3723 1241 3724 1241 3725 1241 3726 1242 3727 1242 3728 1242 3729 1243 3730 1243 3731 1243 3732 1244 3733 1244 3734 1244 3735 1245 3736 1245 3737 1245 3738 1246 3739 1246 3740 1246 3741 1247 3742 1247 3743 1247 3744 1248 3745 1248 3746 1248 3747 1249 3748 1249 3749 1249 3750 1250 3751 1250 3752 1250 3753 1251 3754 1251 3755 1251 3756 1252 3757 1252 3758 1252 3759 1253 3760 1253 3761 1253 3762 1254 3763 1254 3764 1254 3765 1255 3766 1255 3767 1255 3768 1256 3769 1256 3770 1256 3771 1257 3772 1257 3773 1257 3774 1258 3775 1258 3776 1258 3777 1259 3778 1259 3779 1259 3780 1260 3781 1260 3782 1260 3783 1261 3784 1261 3785 1261 3786 1262 3787 1262 3788 1262 3789 1263 3790 1263 3791 1263 3792 1264 3793 1264 3794 1264 3795 1265 3796 1265 3797 1265 3798 1266 3799 1266 3800 1266 3801 1267 3802 1267 3803 1267 3804 1268 3805 1268 3806 1268 3807 1269 3808 1269 3809 1269 3810 1270 3811 1270 3812 1270 3813 1271 3814 1271 3815 1271 3816 1272 3817 1272 3818 1272 3819 1273 3820 1273 3821 1273 3822 1274 3823 1274 3824 1274 3825 1275 3826 1275 3827 1275 3828 1276 3829 1276 3830 1276 3831 1277 3832 1277 3833 1277 3834 1278 3835 1278 3836 1278 3837 1279 3838 1279 3839 1279 3840 1280 3841 1280 3842 1280 3843 1281 3844 1281 3845 1281 3846 1282 3847 1282 3848 1282 3849 1283 3850 1283 3851 1283 3852 1284 3853 1284 3854 1284 3855 1285 3856 1285 3857 1285 3858 1286 3859 1286 3860 1286 3861 1287 3862 1287 3863 1287 3864 1288 3865 1288 3866 1288 3867 1289 3868 1289 3869 1289 3870 1290 3871 1290 3872 1290 3873 1291 3874 1291 3875 1291 3876 1292 3877 1292 3878 1292 3879 1293 3880 1293 3881 1293 3882 1294 3883 1294 3884 1294 3885 1295 3886 1295 3887 1295 3888 1296 3889 1296 3890 1296 3891 1297 3892 1297 3893 1297 3894 1298 3895 1298 3896 1298 3897 1299 3898 1299 3899 1299 3900 1300 3901 1300 3902 1300 3903 1301 3904 1301 3905 1301 3906 1302 3907 1302 3908 1302 3909 1303 3910 1303 3911 1303 3912 1304 3913 1304 3914 1304 3915 1305 3916 1305 3917 1305 3918 1306 3919 1306 3920 1306 3921 1307 3922 1307 3923 1307 3924 1308 3925 1308 3926 1308 3927 1309 3928 1309 3929 1309 3930 1310 3931 1310 3932 1310 3933 1311 3934 1311 3935 1311 3936 1312 3937 1312 3938 1312 3939 1313 3940 1313 3941 1313 3942 1314 3943 1314 3944 1314 3945 1315 3946 1315 3947 1315 3948 1316 3949 1316 3950 1316 3951 1317 3952 1317 3953 1317 3954 1318 3955 1318 3956 1318 3957 1319 3958 1319 3959 1319 3960 1320 3961 1320 3962 1320 3963 1321 3964 1321 3965 1321 3966 1322 3967 1322 3968 1322 3969 1323 3970 1323 3971 1323 3972 1324 3973 1324 3974 1324 3975 1325 3976 1325 3977 1325 3978 1326 3979 1326 3980 1326 3981 1327 3982 1327 3983 1327 3984 1328 3985 1328 3986 1328 3987 1329 3988 1329 3989 1329 3990 1330 3991 1330 3992 1330 3993 1331 3994 1331 3995 1331 3996 1332 3997 1332 3998 1332 3999 1333 4000 1333 4001 1333 4002 1334 4003 1334 4004 1334 4005 1335 4006 1335 4007 1335 4008 1336 4009 1336 4010 1336 4011 1337 4012 1337 4013 1337 4014 1338 4015 1338 4016 1338 4017 1339 4018 1339 4019 1339 4020 1340 4021 1340 4022 1340 4023 1341 4024 1341 4025 1341 4026 1342 4027 1342 4028 1342 4029 1343 4030 1343 4031 1343 4032 1344 4033 1344 4034 1344 4035 1345 4036 1345 4037 1345 4038 1346 4039 1346 4040 1346 4041 1347 4042 1347 4043 1347 4044 1348 4045 1348 4046 1348 4047 1349 4048 1349 4049 1349 4050 1350 4051 1350 4052 1350 4053 1351 4054 1351 4055 1351 4056 1352 4057 1352 4058 1352 4059 1353 4060 1353 4061 1353 4062 1354 4063 1354 4064 1354 4065 1355 4066 1355 4067 1355 4068 1356 4069 1356 4070 1356 4071 1357 4072 1357 4073 1357 4074 1358 4075 1358 4076 1358 4077 1359 4078 1359 4079 1359 4080 1360 4081 1360 4082 1360 4083 1361 4084 1361 4085 1361 4086 1362 4087 1362 4088 1362 4089 1363 4090 1363 4091 1363 4092 1364 4093 1364 4094 1364 4095 1365 4096 1365 4097 1365 4098 1366 4099 1366 4100 1366 4101 1367 4102 1367 4103 1367 4104 1368 4105 1368 4106 1368 4107 1369 4108 1369 4109 1369 4110 1370 4111 1370 4112 1370 4113 1371 4114 1371 4115 1371 4116 1372 4117 1372 4118 1372 4119 1373 4120 1373 4121 1373 4122 1374 4123 1374 4124 1374 4125 1375 4126 1375 4127 1375 4128 1376 4129 1376 4130 1376 4131 1377 4132 1377 4133 1377 4134 1378 4135 1378 4136 1378 4137 1379 4138 1379 4139 1379 4140 1380 4141 1380 4142 1380 4143 1381 4144 1381 4145 1381 4146 1382 4147 1382 4148 1382 4149 1383 4150 1383 4151 1383 4152 1384 4153 1384 4154 1384 4155 1385 4156 1385 4157 1385 4158 1386 4159 1386 4160 1386 4161 1387 4162 1387 4163 1387 4164 1388 4165 1388 4166 1388 4167 1389 4168 1389 4169 1389 4170 1390 4171 1390 4172 1390 4173 1391 4174 1391 4175 1391 4176 1392 4177 1392 4178 1392 4179 1393 4180 1393 4181 1393 4182 1394 4183 1394 4184 1394 4185 1395 4186 1395 4187 1395 4188 1396 4189 1396 4190 1396 4191 1397 4192 1397 4193 1397 4194 1398 4195 1398 4196 1398 4197 1399 4198 1399 4199 1399 4200 1400 4201 1400 4202 1400 4203 1401 4204 1401 4205 1401 4206 1402 4207 1402 4208 1402 4209 1403 4210 1403 4211 1403 4212 1404 4213 1404 4214 1404 4215 1405 4216 1405 4217 1405 4218 1406 4219 1406 4220 1406 4221 1407 4222 1407 4223 1407 4224 1408 4225 1408 4226 1408 4227 1409 4228 1409 4229 1409 4230 1410 4231 1410 4232 1410 4233 1411 4234 1411 4235 1411 4236 1412 4237 1412 4238 1412 4239 1413 4240 1413 4241 1413 4242 1414 4243 1414 4244 1414 4245 1415 4246 1415 4247 1415 4248 1416 4249 1416 4250 1416 4251 1417 4252 1417 4253 1417 4254 1418 4255 1418 4256 1418 4257 1419 4258 1419 4259 1419 4260 1420 4261 1420 4262 1420 4263 1421 4264 1421 4265 1421 4266 1422 4267 1422 4268 1422 4269 1423 4270 1423 4271 1423 4272 1424 4273 1424 4274 1424 4275 1425 4276 1425 4277 1425 4278 1426 4279 1426 4280 1426 4281 1427 4282 1427 4283 1427 4284 1428 4285 1428 4286 1428 4287 1429 4288 1429 4289 1429 4290 1430 4291 1430 4292 1430 4293 1431 4294 1431 4295 1431 4296 1432 4297 1432 4298 1432 4299 1433 4300 1433 4301 1433 4302 1434 4303 1434 4304 1434 4305 1435 4306 1435 4307 1435 4308 1436 4309 1436 4310 1436 4311 1437 4312 1437 4313 1437 4314 1438 4315 1438 4316 1438 4317 1439 4318 1439 4319 1439 4320 1440 4321 1440 4322 1440 4323 1441 4324 1441 4325 1441 4326 1442 4327 1442 4328 1442 4329 1443 4330 1443 4331 1443 4332 1444 4333 1444 4334 1444 4335 1445 4336 1445 4337 1445 4338 1446 4339 1446 4340 1446 4341 1447 4342 1447 4343 1447 4344 1448 4345 1448 4346 1448 4347 1449 4348 1449 4349 1449 4350 1450 4351 1450 4352 1450 4353 1451 4354 1451 4355 1451 4356 1452 4357 1452 4358 1452 4359 1453 4360 1453 4361 1453 4362 1454 4363 1454 4364 1454 4365 1455 4366 1455 4367 1455 4368 1456 4369 1456 4370 1456 4371 1457 4372 1457 4373 1457 4374 1458 4375 1458 4376 1458 4377 1459 4378 1459 4379 1459 4380 1460 4381 1460 4382 1460 4383 1461 4384 1461 4385 1461 4386 1462 4387 1462 4388 1462 4389 1463 4390 1463 4391 1463 4392 1464 4393 1464 4394 1464 4395 1465 4396 1465 4397 1465 4398 1466 4399 1466 4400 1466 4401 1467 4402 1467 4403 1467 4404 1468 4405 1468 4406 1468 4407 1469 4408 1469 4409 1469 4410 1470 4411 1470 4412 1470 4413 1471 4414 1471 4415 1471 4416 1472 4417 1472 4418 1472 4419 1473 4420 1473 4421 1473 4422 1474 4423 1474 4424 1474 4425 1475 4426 1475 4427 1475 4428 1476 4429 1476 4430 1476 4431 1477 4432 1477 4433 1477 4434 1478 4435 1478 4436 1478 4437 1479 4438 1479 4439 1479 4440 1480 4441 1480 4442 1480 4443 1481 4444 1481 4445 1481 4446 1482 4447 1482 4448 1482 4449 1483 4450 1483 4451 1483 4452 1484 4453 1484 4454 1484 4455 1485 4456 1485 4457 1485 4458 1486 4459 1486 4460 1486 4461 1487 4462 1487 4463 1487 4464 1488 4465 1488 4466 1488 4467 1489 4468 1489 4469 1489 4470 1490 4471 1490 4472 1490 4473 1491 4474 1491 4475 1491 4476 1492 4477 1492 4478 1492 4479 1493 4480 1493 4481 1493 4482 1494 4483 1494 4484 1494 4485 1495 4486 1495 4487 1495 4488 1496 4489 1496 4490 1496 4491 1497 4492 1497 4493 1497 4494 1498 4495 1498 4496 1498 4497 1499 4498 1499 4499 1499 4500 1500 4501 1500 4502 1500 4503 1501 4504 1501 4505 1501 4506 1502 4507 1502 4508 1502 4509 1503 4510 1503 4511 1503 4512 1504 4513 1504 4514 1504 4515 1505 4516 1505 4517 1505 4518 1506 4519 1506 4520 1506 4521 1507 4522 1507 4523 1507 4524 1508 4525 1508 4526 1508 4527 1509 4528 1509 4529 1509 4530 1510 4531 1510 4532 1510 4533 1511 4534 1511 4535 1511 4536 1512 4537 1512 4538 1512 4539 1513 4540 1513 4541 1513 4542 1514 4543 1514 4544 1514 4545 1515 4546 1515 4547 1515 4548 1516 4549 1516 4550 1516 4551 1517 4552 1517 4553 1517 4554 1518 4555 1518 4556 1518 4557 1519 4558 1519 4559 1519 4560 1520 4561 1520 4562 1520 4563 1521 4564 1521 4565 1521 4566 1522 4567 1522 4568 1522 4569 1523 4570 1523 4571 1523 4572 1524 4573 1524 4574 1524 4575 1525 4576 1525 4577 1525 4578 1526 4579 1526 4580 1526 4581 1527 4582 1527 4583 1527 4584 1528 4585 1528 4586 1528 4587 1529 4588 1529 4589 1529 4590 1530 4591 1530 4592 1530 4593 1531 4594 1531 4595 1531 4596 1532 4597 1532 4598 1532 4599 1533 4600 1533 4601 1533 4602 1534 4603 1534 4604 1534 4605 1535 4606 1535 4607 1535 4608 1536 4609 1536 4610 1536 4611 1537 4612 1537 4613 1537 4614 1538 4615 1538 4616 1538 4617 1539 4618 1539 4619 1539 4620 1540 4621 1540 4622 1540 4623 1541 4624 1541 4625 1541 4626 1542 4627 1542 4628 1542 4629 1543 4630 1543 4631 1543 4632 1544 4633 1544 4634 1544 4635 1545 4636 1545 4637 1545 4638 1546 4639 1546 4640 1546 4641 1547 4642 1547 4643 1547 4644 1548 4645 1548 4646 1548 4647 1549 4648 1549 4649 1549 4650 1550 4651 1550 4652 1550 4653 1551 4654 1551 4655 1551 4656 1552 4657 1552 4658 1552 4659 1553 4660 1553 4661 1553 4662 1554 4663 1554 4664 1554 4665 1555 4666 1555 4667 1555 4668 1556 4669 1556 4670 1556 4671 1557 4672 1557 4673 1557 4674 1558 4675 1558 4676 1558 4677 1559 4678 1559 4679 1559 4680 1560 4681 1560 4682 1560 4683 1561 4684 1561 4685 1561 4686 1562 4687 1562 4688 1562 4689 1563 4690 1563 4691 1563 4692 1564 4693 1564 4694 1564 4695 1565 4696 1565 4697 1565 4698 1566 4699 1566 4700 1566 4701 1567 4702 1567 4703 1567 4704 1568 4705 1568 4706 1568 4707 1569 4708 1569 4709 1569 4710 1570 4711 1570 4712 1570 4713 1571 4714 1571 4715 1571 4716 1572 4717 1572 4718 1572 4719 1573 4720 1573 4721 1573 4722 1574 4723 1574 4724 1574 4725 1575 4726 1575 4727 1575 4728 1576 4729 1576 4730 1576 4731 1577 4732 1577 4733 1577 4734 1578 4735 1578 4736 1578 4737 1579 4738 1579 4739 1579 4740 1580 4741 1580 4742 1580 4743 1581 4744 1581 4745 1581 4746 1582 4747 1582 4748 1582 4749 1583 4750 1583 4751 1583 4752 1584 4753 1584 4754 1584 4755 1585 4756 1585 4757 1585 4758 1586 4759 1586 4760 1586 4761 1587 4762 1587 4763 1587 4764 1588 4765 1588 4766 1588 4767 1589 4768 1589 4769 1589 4770 1590 4771 1590 4772 1590 4773 1591 4774 1591 4775 1591 4776 1592 4777 1592 4778 1592 4779 1593 4780 1593 4781 1593 4782 1594 4783 1594 4784 1594 4785 1595 4786 1595 4787 1595 4788 1596 4789 1596 4790 1596 4791 1597 4792 1597 4793 1597 4794 1598 4795 1598 4796 1598 4797 1599 4798 1599 4799 1599 4800 1600 4801 1600 4802 1600 4803 1601 4804 1601 4805 1601 4806 1602 4807 1602 4808 1602 4809 1603 4810 1603 4811 1603 4812 1604 4813 1604 4814 1604 4815 1605 4816 1605 4817 1605 4818 1606 4819 1606 4820 1606 4821 1607 4822 1607 4823 1607 4824 1608 4825 1608 4826 1608 4827 1609 4828 1609 4829 1609 4830 1610 4831 1610 4832 1610 4833 1611 4834 1611 4835 1611 4836 1612 4837 1612 4838 1612 4839 1613 4840 1613 4841 1613 4842 1614 4843 1614 4844 1614 4845 1615 4846 1615 4847 1615 4848 1616 4849 1616 4850 1616 4851 1617 4852 1617 4853 1617 4854 1618 4855 1618 4856 1618 4857 1619 4858 1619 4859 1619 4860 1620 4861 1620 4862 1620 4863 1621 4864 1621 4865 1621 4866 1622 4867 1622 4868 1622 4869 1623 4870 1623 4871 1623 4872 1624 4873 1624 4874 1624 4875 1625 4876 1625 4877 1625 4878 1626 4879 1626 4880 1626 4881 1627 4882 1627 4883 1627 4884 1628 4885 1628 4886 1628 4887 1629 4888 1629 4889 1629 4890 1630 4891 1630 4892 1630 4893 1631 4894 1631 4895 1631 4896 1632 4897 1632 4898 1632 4899 1633 4900 1633 4901 1633 4902 1634 4903 1634 4904 1634 4905 1635 4906 1635 4907 1635 4908 1636 4909 1636 4910 1636 4911 1637 4912 1637 4913 1637 4914 1638 4915 1638 4916 1638 4917 1639 4918 1639 4919 1639 4920 1640 4921 1640 4922 1640 4923 1641 4924 1641 4925 1641 4926 1642 4927 1642 4928 1642 4929 1643 4930 1643 4931 1643 4932 1644 4933 1644 4934 1644 4935 1645 4936 1645 4937 1645 4938 1646 4939 1646 4940 1646 4941 1647 4942 1647 4943 1647 4944 1648 4945 1648 4946 1648 4947 1649 4948 1649 4949 1649 4950 1650 4951 1650 4952 1650 4953 1651 4954 1651 4955 1651 4956 1652 4957 1652 4958 1652 4959 1653 4960 1653 4961 1653 4962 1654 4963 1654 4964 1654 4965 1655 4966 1655 4967 1655 4968 1656 4969 1656 4970 1656 4971 1657 4972 1657 4973 1657 4974 1658 4975 1658 4976 1658 4977 1659 4978 1659 4979 1659 4980 1660 4981 1660 4982 1660 4983 1661 4984 1661 4985 1661 4986 1662 4987 1662 4988 1662 4989 1663 4990 1663 4991 1663 4992 1664 4993 1664 4994 1664 4995 1665 4996 1665 4997 1665 4998 1666 4999 1666 5000 1666 5001 1667 5002 1667 5003 1667 5004 1668 5005 1668 5006 1668 5007 1669 5008 1669 5009 1669 5010 1670 5011 1670 5012 1670 5013 1671 5014 1671 5015 1671 5016 1672 5017 1672 5018 1672 5019 1673 5020 1673 5021 1673 5022 1674 5023 1674 5024 1674 5025 1675 5026 1675 5027 1675 5028 1676 5029 1676 5030 1676 5031 1677 5032 1677 5033 1677 5034 1678 5035 1678 5036 1678 5037 1679 5038 1679 5039 1679 5040 1680 5041 1680 5042 1680 5043 1681 5044 1681 5045 1681 5046 1682 5047 1682 5048 1682 5049 1683 5050 1683 5051 1683 5052 1684 5053 1684 5054 1684 5055 1685 5056 1685 5057 1685 5058 1686 5059 1686 5060 1686 5061 1687 5062 1687 5063 1687 5064 1688 5065 1688 5066 1688 5067 1689 5068 1689 5069 1689 5070 1690 5071 1690 5072 1690 5073 1691 5074 1691 5075 1691 5076 1692 5077 1692 5078 1692 5079 1693 5080 1693 5081 1693 5082 1694 5083 1694 5084 1694 5085 1695 5086 1695 5087 1695 5088 1696 5089 1696 5090 1696 5091 1697 5092 1697 5093 1697 5094 1698 5095 1698 5096 1698 5097 1699 5098 1699 5099 1699 5100 1700 5101 1700 5102 1700 5103 1701 5104 1701 5105 1701 5106 1702 5107 1702 5108 1702 5109 1703 5110 1703 5111 1703 5112 1704 5113 1704 5114 1704 5115 1705 5116 1705 5117 1705 5118 1706 5119 1706 5120 1706 5121 1707 5122 1707 5123 1707 5124 1708 5125 1708 5126 1708 5127 1709 5128 1709 5129 1709 5130 1710 5131 1710 5132 1710 5133 1711 5134 1711 5135 1711 5136 1712 5137 1712 5138 1712 5139 1713 5140 1713 5141 1713 5142 1714 5143 1714 5144 1714 5145 1715 5146 1715 5147 1715 5148 1716 5149 1716 5150 1716 5151 1717 5152 1717 5153 1717 5154 1718 5155 1718 5156 1718 5157 1719 5158 1719 5159 1719 5160 1720 5161 1720 5162 1720 5163 1721 5164 1721 5165 1721 5166 1722 5167 1722 5168 1722 5169 1723 5170 1723 5171 1723 5172 1724 5173 1724 5174 1724 5175 1725 5176 1725 5177 1725 5178 1726 5179 1726 5180 1726 5181 1727 5182 1727 5183 1727 5184 1728 5185 1728 5186 1728 5187 1729 5188 1729 5189 1729 5190 1730 5191 1730 5192 1730 5193 1731 5194 1731 5195 1731 5196 1732 5197 1732 5198 1732 5199 1733 5200 1733 5201 1733 5202 1734 5203 1734 5204 1734 5205 1735 5206 1735 5207 1735 5208 1736 5209 1736 5210 1736 5211 1737 5212 1737 5213 1737 5214 1738 5215 1738 5216 1738 5217 1739 5218 1739 5219 1739 5220 1740 5221 1740 5222 1740 5223 1741 5224 1741 5225 1741 5226 1742 5227 1742 5228 1742 5229 1743 5230 1743 5231 1743 5232 1744 5233 1744 5234 1744 5235 1745 5236 1745 5237 1745 5238 1746 5239 1746 5240 1746 5241 1747 5242 1747 5243 1747 5244 1748 5245 1748 5246 1748 5247 1749 5248 1749 5249 1749 5250 1750 5251 1750 5252 1750 5253 1751 5254 1751 5255 1751 5256 1752 5257 1752 5258 1752 5259 1753 5260 1753 5261 1753 5262 1754 5263 1754 5264 1754 5265 1755 5266 1755 5267 1755 5268 1756 5269 1756 5270 1756 5271 1757 5272 1757 5273 1757 5274 1758 5275 1758 5276 1758 5277 1759 5278 1759 5279 1759 5280 1760 5281 1760 5282 1760 5283 1761 5284 1761 5285 1761 5286 1762 5287 1762 5288 1762 5289 1763 5290 1763 5291 1763 5292 1764 5293 1764 5294 1764 5295 1765 5296 1765 5297 1765 5298 1766 5299 1766 5300 1766 5301 1767 5302 1767 5303 1767 5304 1768 5305 1768 5306 1768 5307 1769 5308 1769 5309 1769 5310 1770 5311 1770 5312 1770 5313 1771 5314 1771 5315 1771 5316 1772 5317 1772 5318 1772 5319 1773 5320 1773 5321 1773 5322 1774 5323 1774 5324 1774 5325 1775 5326 1775 5327 1775 5328 1776 5329 1776 5330 1776 5331 1777 5332 1777 5333 1777 5334 1778 5335 1778 5336 1778 5337 1779 5338 1779 5339 1779 5340 1780 5341 1780 5342 1780 5343 1781 5344 1781 5345 1781 5346 1782 5347 1782 5348 1782 5349 1783 5350 1783 5351 1783 5352 1784 5353 1784 5354 1784 5355 1785 5356 1785 5357 1785 5358 1786 5359 1786 5360 1786 5361 1787 5362 1787 5363 1787 5364 1788 5365 1788 5366 1788 5367 1789 5368 1789 5369 1789 5370 1790 5371 1790 5372 1790 5373 1791 5374 1791 5375 1791 5376 1792 5377 1792 5378 1792 5379 1793 5380 1793 5381 1793 5382 1794 5383 1794 5384 1794 5385 1795 5386 1795 5387 1795 5388 1796 5389 1796 5390 1796 5391 1797 5392 1797 5393 1797 5394 1798 5395 1798 5396 1798 5397 1799 5398 1799 5399 1799 5400 1800 5401 1800 5402 1800 5403 1801 5404 1801 5405 1801 5406 1802 5407 1802 5408 1802 5409 1803 5410 1803 5411 1803 5412 1804 5413 1804 5414 1804 5415 1805 5416 1805 5417 1805 5418 1806 5419 1806 5420 1806 5421 1807 5422 1807 5423 1807 5424 1808 5425 1808 5426 1808 5427 1809 5428 1809 5429 1809 5430 1810 5431 1810 5432 1810 5433 1811 5434 1811 5435 1811 5436 1812 5437 1812 5438 1812 5439 1813 5440 1813 5441 1813 5442 1814 5443 1814 5444 1814 5445 1815 5446 1815 5447 1815 5448 1816 5449 1816 5450 1816 5451 1817 5452 1817 5453 1817 5454 1818 5455 1818 5456 1818 5457 1819 5458 1819 5459 1819 5460 1820 5461 1820 5462 1820 5463 1821 5464 1821 5465 1821 5466 1822 5467 1822 5468 1822 5469 1823 5470 1823 5471 1823 5472 1824 5473 1824 5474 1824 5475 1825 5476 1825 5477 1825 5478 1826 5479 1826 5480 1826 5481 1827 5482 1827 5483 1827 5484 1828 5485 1828 5486 1828 5487 1829 5488 1829 5489 1829 5490 1830 5491 1830 5492 1830 5493 1831 5494 1831 5495 1831 5496 1832 5497 1832 5498 1832 5499 1833 5500 1833 5501 1833 5502 1834 5503 1834 5504 1834 5505 1835 5506 1835 5507 1835 5508 1836 5509 1836 5510 1836 5511 1837 5512 1837 5513 1837 5514 1838 5515 1838 5516 1838 5517 1839 5518 1839 5519 1839 5520 1840 5521 1840 5522 1840 5523 1841 5524 1841 5525 1841 5526 1842 5527 1842 5528 1842 5529 1843 5530 1843 5531 1843 5532 1844 5533 1844 5534 1844 5535 1845 5536 1845 5537 1845 5538 1846 5539 1846 5540 1846 5541 1847 5542 1847 5543 1847 5544 1848 5545 1848 5546 1848 5547 1849 5548 1849 5549 1849 5550 1850 5551 1850 5552 1850 5553 1851 5554 1851 5555 1851 5556 1852 5557 1852 5558 1852 5559 1853 5560 1853 5561 1853 5562 1854 5563 1854 5564 1854 5565 1855 5566 1855 5567 1855 5568 1856 5569 1856 5570 1856 5571 1857 5572 1857 5573 1857 5574 1858 5575 1858 5576 1858 5577 1859 5578 1859 5579 1859 5580 1860 5581 1860 5582 1860 5583 1861 5584 1861 5585 1861 5586 1862 5587 1862 5588 1862 5589 1863 5590 1863 5591 1863 5592 1864 5593 1864 5594 1864 5595 1865 5596 1865 5597 1865 5598 1866 5599 1866 5600 1866 5601 1867 5602 1867 5603 1867 5604 1868 5605 1868 5606 1868 5607 1869 5608 1869 5609 1869 5610 1870 5611 1870 5612 1870 5613 1871 5614 1871 5615 1871 5616 1872 5617 1872 5618 1872 5619 1873 5620 1873 5621 1873 5622 1874 5623 1874 5624 1874 5625 1875 5626 1875 5627 1875 5628 1876 5629 1876 5630 1876 5631 1877 5632 1877 5633 1877 5634 1878 5635 1878 5636 1878 5637 1879 5638 1879 5639 1879 5640 1880 5641 1880 5642 1880 5643 1881 5644 1881 5645 1881 5646 1882 5647 1882 5648 1882 5649 1883 5650 1883 5651 1883 5652 1884 5653 1884 5654 1884 5655 1885 5656 1885 5657 1885 5658 1886 5659 1886 5660 1886 5661 1887 5662 1887 5663 1887 5664 1888 5665 1888 5666 1888 5667 1889 5668 1889 5669 1889 5670 1890 5671 1890 5672 1890 5673 1891 5674 1891 5675 1891 5676 1892 5677 1892 5678 1892 5679 1893 5680 1893 5681 1893 5682 1894 5683 1894 5684 1894 5685 1895 5686 1895 5687 1895 5688 1896 5689 1896 5690 1896 5691 1897 5692 1897 5693 1897 5694 1898 5695 1898 5696 1898 5697 1899 5698 1899 5699 1899 5700 1900 5701 1900 5702 1900 5703 1901 5704 1901 5705 1901 5706 1902 5707 1902 5708 1902 5709 1903 5710 1903 5711 1903 5712 1904 5713 1904 5714 1904 5715 1905 5716 1905 5717 1905 5718 1906 5719 1906 5720 1906 5721 1907 5722 1907 5723 1907 5724 1908 5725 1908 5726 1908 5727 1909 5728 1909 5729 1909 5730 1910 5731 1910 5732 1910 5733 1911 5734 1911 5735 1911 5736 1912 5737 1912 5738 1912 5739 1913 5740 1913 5741 1913 5742 1914 5743 1914 5744 1914 5745 1915 5746 1915 5747 1915 5748 1916 5749 1916 5750 1916 5751 1917 5752 1917 5753 1917 5754 1918 5755 1918 5756 1918 5757 1919 5758 1919 5759 1919 5760 1920 5761 1920 5762 1920 5763 1921 5764 1921 5765 1921 5766 1922 5767 1922 5768 1922 5769 1923 5770 1923 5771 1923 5772 1924 5773 1924 5774 1924 5775 1925 5776 1925 5777 1925 5778 1926 5779 1926 5780 1926 5781 1927 5782 1927 5783 1927 5784 1928 5785 1928 5786 1928 5787 1929 5788 1929 5789 1929 5790 1930 5791 1930 5792 1930 5793 1931 5794 1931 5795 1931 5796 1932 5797 1932 5798 1932 5799 1933 5800 1933 5801 1933 5802 1934 5803 1934 5804 1934 5805 1935 5806 1935 5807 1935 5808 1936 5809 1936 5810 1936 5811 1937 5812 1937 5813 1937 5814 1938 5815 1938 5816 1938 5817 1939 5818 1939 5819 1939 5820 1940 5821 1940 5822 1940 5823 1941 5824 1941 5825 1941 5826 1942 5827 1942 5828 1942 5829 1943 5830 1943 5831 1943 5832 1944 5833 1944 5834 1944 5835 1945 5836 1945 5837 1945 5838 1946 5839 1946 5840 1946 5841 1947 5842 1947 5843 1947 5844 1948 5845 1948 5846 1948 5847 1949 5848 1949 5849 1949 5850 1950 5851 1950 5852 1950 5853 1951 5854 1951 5855 1951 5856 1952 5857 1952 5858 1952 5859 1953 5860 1953 5861 1953 5862 1954 5863 1954 5864 1954 5865 1955 5866 1955 5867 1955 5868 1956 5869 1956 5870 1956 5871 1957 5872 1957 5873 1957 5874 1958 5875 1958 5876 1958 5877 1959 5878 1959 5879 1959 5880 1960 5881 1960 5882 1960 5883 1961 5884 1961 5885 1961 5886 1962 5887 1962 5888 1962 5889 1963 5890 1963 5891 1963 5892 1964 5893 1964 5894 1964 5895 1965 5896 1965 5897 1965 5898 1966 5899 1966 5900 1966 5901 1967 5902 1967 5903 1967 5904 1968 5905 1968 5906 1968 5907 1969 5908 1969 5909 1969 5910 1970 5911 1970 5912 1970 5913 1971 5914 1971 5915 1971 5916 1972 5917 1972 5918 1972 5919 1973 5920 1973 5921 1973 5922 1974 5923 1974 5924 1974 5925 1975 5926 1975 5927 1975 5928 1976 5929 1976 5930 1976 5931 1977 5932 1977 5933 1977 5934 1978 5935 1978 5936 1978 5937 1979 5938 1979 5939 1979 5940 1980 5941 1980 5942 1980 5943 1981 5944 1981 5945 1981 5946 1982 5947 1982 5948 1982 5949 1983 5950 1983 5951 1983 5952 1984 5953 1984 5954 1984 5955 1985 5956 1985 5957 1985 5958 1986 5959 1986 5960 1986 5961 1987 5962 1987 5963 1987 5964 1988 5965 1988 5966 1988 5967 1989 5968 1989 5969 1989 5970 1990 5971 1990 5972 1990 5973 1991 5974 1991 5975 1991 5976 1992 5977 1992 5978 1992 5979 1993 5980 1993 5981 1993 5982 1994 5983 1994 5984 1994 5985 1995 5986 1995 5987 1995 5988 1996 5989 1996 5990 1996 5991 1997 5992 1997 5993 1997 5994 1998 5995 1998 5996 1998 5997 1999 5998 1999 5999 1999 6000 2000 6001 2000 6002 2000 6003 2001 6004 2001 6005 2001 6006 2002 6007 2002 6008 2002 6009 2003 6010 2003 6011 2003 6012 2004 6013 2004 6014 2004 6015 2005 6016 2005 6017 2005 6018 2006 6019 2006 6020 2006 6021 2007 6022 2007 6023 2007 6024 2008 6025 2008 6026 2008 6027 2009 6028 2009 6029 2009 6030 2010 6031 2010 6032 2010 6033 2011 6034 2011 6035 2011 6036 2012 6037 2012 6038 2012 6039 2013 6040 2013 6041 2013 6042 2014 6043 2014 6044 2014 6045 2015 6046 2015 6047 2015 6048 2016 6049 2016 6050 2016 6051 2017 6052 2017 6053 2017 6054 2018 6055 2018 6056 2018 6057 2019 6058 2019 6059 2019 6060 2020 6061 2020 6062 2020 6063 2021 6064 2021 6065 2021 6066 2022 6067 2022 6068 2022 6069 2023 6070 2023 6071 2023 6072 2024 6073 2024 6074 2024 6075 2025 6076 2025 6077 2025 6078 2026 6079 2026 6080 2026 6081 2027 6082 2027 6083 2027 6084 2028 6085 2028 6086 2028 6087 2029 6088 2029 6089 2029 6090 2030 6091 2030 6092 2030 6093 2031 6094 2031 6095 2031 6096 2032 6097 2032 6098 2032 6099 2033 6100 2033 6101 2033 6102 2034 6103 2034 6104 2034 6105 2035 6106 2035 6107 2035 6108 2036 6109 2036 6110 2036 6111 2037 6112 2037 6113 2037 6114 2038 6115 2038 6116 2038 6117 2039 6118 2039 6119 2039 6120 2040 6121 2040 6122 2040 6123 2041 6124 2041 6125 2041 6126 2042 6127 2042 6128 2042 6129 2043 6130 2043 6131 2043 6132 2044 6133 2044 6134 2044 6135 2045 6136 2045 6137 2045 6138 2046 6139 2046 6140 2046 6141 2047 6142 2047 6143 2047 6144 2048 6145 2048 6146 2048 6147 2049 6148 2049 6149 2049 6150 2050 6151 2050 6152 2050 6153 2051 6154 2051 6155 2051 6156 2052 6157 2052 6158 2052 6159 2053 6160 2053 6161 2053 6162 2054 6163 2054 6164 2054 6165 2055 6166 2055 6167 2055 6168 2056 6169 2056 6170 2056 6171 2057 6172 2057 6173 2057 6174 2058 6175 2058 6176 2058 6177 2059 6178 2059 6179 2059 6180 2060 6181 2060 6182 2060 6183 2061 6184 2061 6185 2061 6186 2062 6187 2062 6188 2062 6189 2063 6190 2063 6191 2063 6192 2064 6193 2064 6194 2064 6195 2065 6196 2065 6197 2065 6198 2066 6199 2066 6200 2066 6201 2067 6202 2067 6203 2067 6204 2068 6205 2068 6206 2068 6207 2069 6208 2069 6209 2069 6210 2070 6211 2070 6212 2070 6213 2071 6214 2071 6215 2071 6216 2072 6217 2072 6218 2072 6219 2073 6220 2073 6221 2073 6222 2074 6223 2074 6224 2074 6225 2075 6226 2075 6227 2075 6228 2076 6229 2076 6230 2076 6231 2077 6232 2077 6233 2077 6234 2078 6235 2078 6236 2078 6237 2079 6238 2079 6239 2079 6240 2080 6241 2080 6242 2080 6243 2081 6244 2081 6245 2081 6246 2082 6247 2082 6248 2082 6249 2083 6250 2083 6251 2083 6252 2084 6253 2084 6254 2084 6255 2085 6256 2085 6257 2085 6258 2086 6259 2086 6260 2086 6261 2087 6262 2087 6263 2087 6264 2088 6265 2088 6266 2088 6267 2089 6268 2089 6269 2089 6270 2090 6271 2090 6272 2090 6273 2091 6274 2091 6275 2091 6276 2092 6277 2092 6278 2092 6279 2093 6280 2093 6281 2093 6282 2094 6283 2094 6284 2094 6285 2095 6286 2095 6287 2095 6288 2096 6289 2096 6290 2096 6291 2097 6292 2097 6293 2097 6294 2098 6295 2098 6296 2098 6297 2099 6298 2099 6299 2099 6300 2100 6301 2100 6302 2100 6303 2101 6304 2101 6305 2101 6306 2102 6307 2102 6308 2102 6309 2103 6310 2103 6311 2103 6312 2104 6313 2104 6314 2104 6315 2105 6316 2105 6317 2105 6318 2106 6319 2106 6320 2106 6321 2107 6322 2107 6323 2107 6324 2108 6325 2108 6326 2108 6327 2109 6328 2109 6329 2109 6330 2110 6331 2110 6332 2110 6333 2111 6334 2111 6335 2111 6336 2112 6337 2112 6338 2112 6339 2113 6340 2113 6341 2113 6342 2114 6343 2114 6344 2114 6345 2115 6346 2115 6347 2115 6348 2116 6349 2116 6350 2116 6351 2117 6352 2117 6353 2117 6354 2118 6355 2118 6356 2118 6357 2119 6358 2119 6359 2119 6360 2120 6361 2120 6362 2120 6363 2121 6364 2121 6365 2121 6366 2122 6367 2122 6368 2122 6369 2123 6370 2123 6371 2123 6372 2124 6373 2124 6374 2124 6375 2125 6376 2125 6377 2125 6378 2126 6379 2126 6380 2126 6381 2127 6382 2127 6383 2127 6384 2128 6385 2128 6386 2128 6387 2129 6388 2129 6389 2129 6390 2130 6391 2130 6392 2130 6393 2131 6394 2131 6395 2131 6396 2132 6397 2132 6398 2132 6399 2133 6400 2133 6401 2133 6402 2134 6403 2134 6404 2134 6405 2135 6406 2135 6407 2135 6408 2136 6409 2136 6410 2136 6411 2137 6412 2137 6413 2137 6414 2138 6415 2138 6416 2138 6417 2139 6418 2139 6419 2139 6420 2140 6421 2140 6422 2140 6423 2141 6424 2141 6425 2141 6426 2142 6427 2142 6428 2142 6429 2143 6430 2143 6431 2143 6432 2144 6433 2144 6434 2144 6435 2145 6436 2145 6437 2145 6438 2146 6439 2146 6440 2146 6441 2147 6442 2147 6443 2147 6444 2148 6445 2148 6446 2148 6447 2149 6448 2149 6449 2149 6450 2150 6451 2150 6452 2150 6453 2151 6454 2151 6455 2151 6456 2152 6457 2152 6458 2152 6459 2153 6460 2153 6461 2153 6462 2154 6463 2154 6464 2154 6465 2155 6466 2155 6467 2155 6468 2156 6469 2156 6470 2156 6471 2157 6472 2157 6473 2157 6474 2158 6475 2158 6476 2158 6477 2159 6478 2159 6479 2159 6480 2160 6481 2160 6482 2160 6483 2161 6484 2161 6485 2161 6486 2162 6487 2162 6488 2162 6489 2163 6490 2163 6491 2163 6492 2164 6493 2164 6494 2164 6495 2165 6496 2165 6497 2165 6498 2166 6499 2166 6500 2166 6501 2167 6502 2167 6503 2167 6504 2168 6505 2168 6506 2168 6507 2169 6508 2169 6509 2169 6510 2170 6511 2170 6512 2170 6513 2171 6514 2171 6515 2171 6516 2172 6517 2172 6518 2172 6519 2173 6520 2173 6521 2173 6522 2174 6523 2174 6524 2174 6525 2175 6526 2175 6527 2175 6528 2176 6529 2176 6530 2176 6531 2177 6532 2177 6533 2177 6534 2178 6535 2178 6536 2178 6537 2179 6538 2179 6539 2179 6540 2180 6541 2180 6542 2180 6543 2181 6544 2181 6545 2181 6546 2182 6547 2182 6548 2182 6549 2183 6550 2183 6551 2183 6552 2184 6553 2184 6554 2184 6555 2185 6556 2185 6557 2185 6558 2186 6559 2186 6560 2186 6561 2187 6562 2187 6563 2187 6564 2188 6565 2188 6566 2188 6567 2189 6568 2189 6569 2189 6570 2190 6571 2190 6572 2190 6573 2191 6574 2191 6575 2191 6576 2192 6577 2192 6578 2192 6579 2193 6580 2193 6581 2193 6582 2194 6583 2194 6584 2194 6585 2195 6586 2195 6587 2195 6588 2196 6589 2196 6590 2196 6591 2197 6592 2197 6593 2197 6594 2198 6595 2198 6596 2198 6597 2199 6598 2199 6599 2199 6600 2200 6601 2200 6602 2200 6603 2201 6604 2201 6605 2201 6606 2202 6607 2202 6608 2202 6609 2203 6610 2203 6611 2203 6612 2204 6613 2204 6614 2204 6615 2205 6616 2205 6617 2205 6618 2206 6619 2206 6620 2206 6621 2207 6622 2207 6623 2207 6624 2208 6625 2208 6626 2208 6627 2209 6628 2209 6629 2209 6630 2210 6631 2210 6632 2210 6633 2211 6634 2211 6635 2211 6636 2212 6637 2212 6638 2212 6639 2213 6640 2213 6641 2213 6642 2214 6643 2214 6644 2214 6645 2215 6646 2215 6647 2215 6648 2216 6649 2216 6650 2216 6651 2217 6652 2217 6653 2217 6654 2218 6655 2218 6656 2218 6657 2219 6658 2219 6659 2219 6660 2220 6661 2220 6662 2220 6663 2221 6664 2221 6665 2221 6666 2222 6667 2222 6668 2222 6669 2223 6670 2223 6671 2223 6672 2224 6673 2224 6674 2224 6675 2225 6676 2225 6677 2225 6678 2226 6679 2226 6680 2226 6681 2227 6682 2227 6683 2227 6684 2228 6685 2228 6686 2228 6687 2229 6688 2229 6689 2229 6690 2230 6691 2230 6692 2230 6693 2231 6694 2231 6695 2231 6696 2232 6697 2232 6698 2232 6699 2233 6700 2233 6701 2233 6702 2234 6703 2234 6704 2234 6705 2235 6706 2235 6707 2235 6708 2236 6709 2236 6710 2236 6711 2237 6712 2237 6713 2237 6714 2238 6715 2238 6716 2238 6717 2239 6718 2239 6719 2239 6720 2240 6721 2240 6722 2240 6723 2241 6724 2241 6725 2241 6726 2242 6727 2242 6728 2242 6729 2243 6730 2243 6731 2243 6732 2244 6733 2244 6734 2244 6735 2245 6736 2245 6737 2245 6738 2246 6739 2246 6740 2246 6741 2247 6742 2247 6743 2247 6744 2248 6745 2248 6746 2248 6747 2249 6748 2249 6749 2249 6750 2250 6751 2250 6752 2250 6753 2251 6754 2251 6755 2251 6756 2252 6757 2252 6758 2252 6759 2253 6760 2253 6761 2253 6762 2254 6763 2254 6764 2254 6765 2255 6766 2255 6767 2255 6768 2256 6769 2256 6770 2256 6771 2257 6772 2257 6773 2257 6774 2258 6775 2258 6776 2258 6777 2259 6778 2259 6779 2259 6780 2260 6781 2260 6782 2260 6783 2261 6784 2261 6785 2261 6786 2262 6787 2262 6788 2262 6789 2263 6790 2263 6791 2263 6792 2264 6793 2264 6794 2264 6795 2265 6796 2265 6797 2265 6798 2266 6799 2266 6800 2266 6801 2267 6802 2267 6803 2267 6804 2268 6805 2268 6806 2268 6807 2269 6808 2269 6809 2269 6810 2270 6811 2270 6812 2270 6813 2271 6814 2271 6815 2271 6816 2272 6817 2272 6818 2272 6819 2273 6820 2273 6821 2273 6822 2274 6823 2274 6824 2274 6825 2275 6826 2275 6827 2275 6828 2276 6829 2276 6830 2276 6831 2277 6832 2277 6833 2277 6834 2278 6835 2278 6836 2278 6837 2279 6838 2279 6839 2279 6840 2280 6841 2280 6842 2280 6843 2281 6844 2281 6845 2281 6846 2282 6847 2282 6848 2282 6849 2283 6850 2283 6851 2283 6852 2284 6853 2284 6854 2284 6855 2285 6856 2285 6857 2285 6858 2286 6859 2286 6860 2286 6861 2287 6862 2287 6863 2287 6864 2288 6865 2288 6866 2288 6867 2289 6868 2289 6869 2289 6870 2290 6871 2290 6872 2290 6873 2291 6874 2291 6875 2291 6876 2292 6877 2292 6878 2292 6879 2293 6880 2293 6881 2293 6882 2294 6883 2294 6884 2294 6885 2295 6886 2295 6887 2295 6888 2296 6889 2296 6890 2296 6891 2297 6892 2297 6893 2297 6894 2298 6895 2298 6896 2298 6897 2299 6898 2299 6899 2299 6900 2300 6901 2300 6902 2300 6903 2301 6904 2301 6905 2301 6906 2302 6907 2302 6908 2302 6909 2303 6910 2303 6911 2303 6912 2304 6913 2304 6914 2304 6915 2305 6916 2305 6917 2305 6918 2306 6919 2306 6920 2306 6921 2307 6922 2307 6923 2307 6924 2308 6925 2308 6926 2308 6927 2309 6928 2309 6929 2309 6930 2310 6931 2310 6932 2310 6933 2311 6934 2311 6935 2311 6936 2312 6937 2312 6938 2312 6939 2313 6940 2313 6941 2313 6942 2314 6943 2314 6944 2314 6945 2315 6946 2315 6947 2315 6948 2316 6949 2316 6950 2316 6951 2317 6952 2317 6953 2317 6954 2318 6955 2318 6956 2318 6957 2319 6958 2319 6959 2319 6960 2320 6961 2320 6962 2320 6963 2321 6964 2321 6965 2321 6966 2322 6967 2322 6968 2322 6969 2323 6970 2323 6971 2323 6972 2324 6973 2324 6974 2324 6975 2325 6976 2325 6977 2325 6978 2326 6979 2326 6980 2326 6981 2327 6982 2327 6983 2327 6984 2328 6985 2328 6986 2328 6987 2329 6988 2329 6989 2329 6990 2330 6991 2330 6992 2330 6993 2331 6994 2331 6995 2331 6996 2332 6997 2332 6998 2332 6999 2333 7000 2333 7001 2333 7002 2334 7003 2334 7004 2334 7005 2335 7006 2335 7007 2335 7008 2336 7009 2336 7010 2336 7011 2337 7012 2337 7013 2337 7014 2338 7015 2338 7016 2338 7017 2339 7018 2339 7019 2339 7020 2340 7021 2340 7022 2340 7023 2341 7024 2341 7025 2341 7026 2342 7027 2342 7028 2342 7029 2343 7030 2343 7031 2343 7032 2344 7033 2344 7034 2344 7035 2345 7036 2345 7037 2345 7038 2346 7039 2346 7040 2346 7041 2347 7042 2347 7043 2347 7044 2348 7045 2348 7046 2348 7047 2349 7048 2349 7049 2349 7050 2350 7051 2350 7052 2350 7053 2351 7054 2351 7055 2351 7056 2352 7057 2352 7058 2352 7059 2353 7060 2353 7061 2353 7062 2354 7063 2354 7064 2354 7065 2355 7066 2355 7067 2355 7068 2356 7069 2356 7070 2356 7071 2357 7072 2357 7073 2357 7074 2358 7075 2358 7076 2358 7077 2359 7078 2359 7079 2359 7080 2360 7081 2360 7082 2360 7083 2361 7084 2361 7085 2361 7086 2362 7087 2362 7088 2362 7089 2363 7090 2363 7091 2363 7092 2364 7093 2364 7094 2364 7095 2365 7096 2365 7097 2365 7098 2366 7099 2366 7100 2366 7101 2367 7102 2367 7103 2367 7104 2368 7105 2368 7106 2368 7107 2369 7108 2369 7109 2369 7110 2370 7111 2370 7112 2370 7113 2371 7114 2371 7115 2371 7116 2372 7117 2372 7118 2372 7119 2373 7120 2373 7121 2373 7122 2374 7123 2374 7124 2374 7125 2375 7126 2375 7127 2375 7128 2376 7129 2376 7130 2376 7131 2377 7132 2377 7133 2377 7134 2378 7135 2378 7136 2378 7137 2379 7138 2379 7139 2379 7140 2380 7141 2380 7142 2380 7143 2381 7144 2381 7145 2381 7146 2382 7147 2382 7148 2382 7149 2383 7150 2383 7151 2383 7152 2384 7153 2384 7154 2384 7155 2385 7156 2385 7157 2385 7158 2386 7159 2386 7160 2386 7161 2387 7162 2387 7163 2387 7164 2388 7165 2388 7166 2388 7167 2389 7168 2389 7169 2389 7170 2390 7171 2390 7172 2390 7173 2391 7174 2391 7175 2391 7176 2392 7177 2392 7178 2392 7179 2393 7180 2393 7181 2393 7182 2394 7183 2394 7184 2394 7185 2395 7186 2395 7187 2395 7188 2396 7189 2396 7190 2396 7191 2397 7192 2397 7193 2397 7194 2398 7195 2398 7196 2398 7197 2399 7198 2399 7199 2399 7200 2400 7201 2400 7202 2400 7203 2401 7204 2401 7205 2401 7206 2402 7207 2402 7208 2402 7209 2403 7210 2403 7211 2403 7212 2404 7213 2404 7214 2404 7215 2405 7216 2405 7217 2405 7218 2406 7219 2406 7220 2406 7221 2407 7222 2407 7223 2407 7224 2408 7225 2408 7226 2408 7227 2409 7228 2409 7229 2409 7230 2410 7231 2410 7232 2410 7233 2411 7234 2411 7235 2411 7236 2412 7237 2412 7238 2412 7239 2413 7240 2413 7241 2413 7242 2414 7243 2414 7244 2414 7245 2415 7246 2415 7247 2415 7248 2416 7249 2416 7250 2416 7251 2417 7252 2417 7253 2417 7254 2418 7255 2418 7256 2418 7257 2419 7258 2419 7259 2419 7260 2420 7261 2420 7262 2420 7263 2421 7264 2421 7265 2421 7266 2422 7267 2422 7268 2422 7269 2423 7270 2423 7271 2423 7272 2424 7273 2424 7274 2424 7275 2425 7276 2425 7277 2425 7278 2426 7279 2426 7280 2426 7281 2427 7282 2427 7283 2427 7284 2428 7285 2428 7286 2428 7287 2429 7288 2429 7289 2429 7290 2430 7291 2430 7292 2430 7293 2431 7294 2431 7295 2431 7296 2432 7297 2432 7298 2432 7299 2433 7300 2433 7301 2433 7302 2434 7303 2434 7304 2434 7305 2435 7306 2435 7307 2435 7308 2436 7309 2436 7310 2436 7311 2437 7312 2437 7313 2437 7314 2438 7315 2438 7316 2438 7317 2439 7318 2439 7319 2439 7320 2440 7321 2440 7322 2440 7323 2441 7324 2441 7325 2441 7326 2442 7327 2442 7328 2442 7329 2443 7330 2443 7331 2443 7332 2444 7333 2444 7334 2444 7335 2445 7336 2445 7337 2445 7338 2446 7339 2446 7340 2446 7341 2447 7342 2447 7343 2447 7344 2448 7345 2448 7346 2448 7347 2449 7348 2449 7349 2449 7350 2450 7351 2450 7352 2450 7353 2451 7354 2451 7355 2451 7356 2452 7357 2452 7358 2452 7359 2453 7360 2453 7361 2453 7362 2454 7363 2454 7364 2454 7365 2455 7366 2455 7367 2455 7368 2456 7369 2456 7370 2456 7371 2457 7372 2457 7373 2457 7374 2458 7375 2458 7376 2458 7377 2459 7378 2459 7379 2459 7380 2460 7381 2460 7382 2460 7383 2461 7384 2461 7385 2461 7386 2462 7387 2462 7388 2462 7389 2463 7390 2463 7391 2463 7392 2464 7393 2464 7394 2464 7395 2465 7396 2465 7397 2465 7398 2466 7399 2466 7400 2466 7401 2467 7402 2467 7403 2467 7404 2468 7405 2468 7406 2468 7407 2469 7408 2469 7409 2469 7410 2470 7411 2470 7412 2470 7413 2471 7414 2471 7415 2471 7416 2472 7417 2472 7418 2472 7419 2473 7420 2473 7421 2473 7422 2474 7423 2474 7424 2474 7425 2475 7426 2475 7427 2475 7428 2476 7429 2476 7430 2476 7431 2477 7432 2477 7433 2477 7434 2478 7435 2478 7436 2478 7437 2479 7438 2479 7439 2479 7440 2480 7441 2480 7442 2480 7443 2481 7444 2481 7445 2481 7446 2482 7447 2482 7448 2482 7449 2483 7450 2483 7451 2483 7452 2484 7453 2484 7454 2484 7455 2485 7456 2485 7457 2485 7458 2486 7459 2486 7460 2486 7461 2487 7462 2487 7463 2487 7464 2488 7465 2488 7466 2488 7467 2489 7468 2489 7469 2489 7470 2490 7471 2490 7472 2490 7473 2491 7474 2491 7475 2491 7476 2492 7477 2492 7478 2492 7479 2493 7480 2493 7481 2493 7482 2494 7483 2494 7484 2494 7485 2495 7486 2495 7487 2495 7488 2496 7489 2496 7490 2496 7491 2497 7492 2497 7493 2497 7494 2498 7495 2498 7496 2498 7497 2499 7498 2499 7499 2499 7500 2500 7501 2500 7502 2500 7503 2501 7504 2501 7505 2501 7506 2502 7507 2502 7508 2502 7509 2503 7510 2503 7511 2503 7512 2504 7513 2504 7514 2504 7515 2505 7516 2505 7517 2505 7518 2506 7519 2506 7520 2506 7521 2507 7522 2507 7523 2507 7524 2508 7525 2508 7526 2508 7527 2509 7528 2509 7529 2509 7530 2510 7531 2510 7532 2510 7533 2511 7534 2511 7535 2511 7536 2512 7537 2512 7538 2512 7539 2513 7540 2513 7541 2513 7542 2514 7543 2514 7544 2514 7545 2515 7546 2515 7547 2515 7548 2516 7549 2516 7550 2516 7551 2517 7552 2517 7553 2517 7554 2518 7555 2518 7556 2518 7557 2519 7558 2519 7559 2519 7560 2520 7561 2520 7562 2520 7563 2521 7564 2521 7565 2521 7566 2522 7567 2522 7568 2522 7569 2523 7570 2523 7571 2523 7572 2524 7573 2524 7574 2524 7575 2525 7576 2525 7577 2525 7578 2526 7579 2526 7580 2526 7581 2527 7582 2527 7583 2527 7584 2528 7585 2528 7586 2528 7587 2529 7588 2529 7589 2529 7590 2530 7591 2530 7592 2530 7593 2531 7594 2531 7595 2531 7596 2532 7597 2532 7598 2532 7599 2533 7600 2533 7601 2533 7602 2534 7603 2534 7604 2534 7605 2535 7606 2535 7607 2535 7608 2536 7609 2536 7610 2536 7611 2537 7612 2537 7613 2537 7614 2538 7615 2538 7616 2538 7617 2539 7618 2539 7619 2539 7620 2540 7621 2540 7622 2540 7623 2541 7624 2541 7625 2541 7626 2542 7627 2542 7628 2542 7629 2543 7630 2543 7631 2543 7632 2544 7633 2544 7634 2544 7635 2545 7636 2545 7637 2545 7638 2546 7639 2546 7640 2546 7641 2547 7642 2547 7643 2547 7644 2548 7645 2548 7646 2548 7647 2549 7648 2549 7649 2549 7650 2550 7651 2550 7652 2550 7653 2551 7654 2551 7655 2551 7656 2552 7657 2552 7658 2552 7659 2553 7660 2553 7661 2553 7662 2554 7663 2554 7664 2554 7665 2555 7666 2555 7667 2555 7668 2556 7669 2556 7670 2556 7671 2557 7672 2557 7673 2557 7674 2558 7675 2558 7676 2558 7677 2559 7678 2559 7679 2559 7680 2560 7681 2560 7682 2560 7683 2561 7684 2561 7685 2561 7686 2562 7687 2562 7688 2562 7689 2563 7690 2563 7691 2563 7692 2564 7693 2564 7694 2564 7695 2565 7696 2565 7697 2565 7698 2566 7699 2566 7700 2566 7701 2567 7702 2567 7703 2567 7704 2568 7705 2568 7706 2568 7707 2569 7708 2569 7709 2569 7710 2570 7711 2570 7712 2570 7713 2571 7714 2571 7715 2571 7716 2572 7717 2572 7718 2572 7719 2573 7720 2573 7721 2573 7722 2574 7723 2574 7724 2574 7725 2575 7726 2575 7727 2575 7728 2576 7729 2576 7730 2576 7731 2577 7732 2577 7733 2577 7734 2578 7735 2578 7736 2578 7737 2579 7738 2579 7739 2579 7740 2580 7741 2580 7742 2580 7743 2581 7744 2581 7745 2581 7746 2582 7747 2582 7748 2582 7749 2583 7750 2583 7751 2583 7752 2584 7753 2584 7754 2584 7755 2585 7756 2585 7757 2585 7758 2586 7759 2586 7760 2586 7761 2587 7762 2587 7763 2587 7764 2588 7765 2588 7766 2588 7767 2589 7768 2589 7769 2589 7770 2590 7771 2590 7772 2590 7773 2591 7774 2591 7775 2591 7776 2592 7777 2592 7778 2592 7779 2593 7780 2593 7781 2593 7782 2594 7783 2594 7784 2594 7785 2595 7786 2595 7787 2595 7788 2596 7789 2596 7790 2596 7791 2597 7792 2597 7793 2597 7794 2598 7795 2598 7796 2598 7797 2599 7798 2599 7799 2599 7800 2600 7801 2600 7802 2600 7803 2601 7804 2601 7805 2601 7806 2602 7807 2602 7808 2602 7809 2603 7810 2603 7811 2603 7812 2604 7813 2604 7814 2604 7815 2605 7816 2605 7817 2605 7818 2606 7819 2606 7820 2606 7821 2607 7822 2607 7823 2607 7824 2608 7825 2608 7826 2608 7827 2609 7828 2609 7829 2609 7830 2610 7831 2610 7832 2610 7833 2611 7834 2611 7835 2611 7836 2612 7837 2612 7838 2612 7839 2613 7840 2613 7841 2613 7842 2614 7843 2614 7844 2614 7845 2615 7846 2615 7847 2615 7848 2616 7849 2616 7850 2616 7851 2617 7852 2617 7853 2617 7854 2618 7855 2618 7856 2618 7857 2619 7858 2619 7859 2619 7860 2620 7861 2620 7862 2620 7863 2621 7864 2621 7865 2621 7866 2622 7867 2622 7868 2622 7869 2623 7870 2623 7871 2623 7872 2624 7873 2624 7874 2624 7875 2625 7876 2625 7877 2625 7878 2626 7879 2626 7880 2626 7881 2627 7882 2627 7883 2627 7884 2628 7885 2628 7886 2628 7887 2629 7888 2629 7889 2629 7890 2630 7891 2630 7892 2630 7893 2631 7894 2631 7895 2631 7896 2632 7897 2632 7898 2632 7899 2633 7900 2633 7901 2633 7902 2634 7903 2634 7904 2634 7905 2635 7906 2635 7907 2635 7908 2636 7909 2636 7910 2636 7911 2637 7912 2637 7913 2637 7914 2638 7915 2638 7916 2638 7917 2639 7918 2639 7919 2639 7920 2640 7921 2640 7922 2640 7923 2641 7924 2641 7925 2641 7926 2642 7927 2642 7928 2642 7929 2643 7930 2643 7931 2643 7932 2644 7933 2644 7934 2644 7935 2645 7936 2645 7937 2645 7938 2646 7939 2646 7940 2646 7941 2647 7942 2647 7943 2647 7944 2648 7945 2648 7946 2648 7947 2649 7948 2649 7949 2649 7950 2650 7951 2650 7952 2650 7953 2651 7954 2651 7955 2651 7956 2652 7957 2652 7958 2652 7959 2653 7960 2653 7961 2653 7962 2654 7963 2654 7964 2654 7965 2655 7966 2655 7967 2655 7968 2656 7969 2656 7970 2656 7971 2657 7972 2657 7973 2657 7974 2658 7975 2658 7976 2658 7977 2659 7978 2659 7979 2659 7980 2660 7981 2660 7982 2660 7983 2661 7984 2661 7985 2661 7986 2662 7987 2662 7988 2662 7989 2663 7990 2663 7991 2663 7992 2664 7993 2664 7994 2664 7995 2665 7996 2665 7997 2665 7998 2666 7999 2666 8000 2666 8001 2667 8002 2667 8003 2667 8004 2668 8005 2668 8006 2668 8007 2669 8008 2669 8009 2669 8010 2670 8011 2670 8012 2670 8013 2671 8014 2671 8015 2671 8016 2672 8017 2672 8018 2672 8019 2673 8020 2673 8021 2673 8022 2674 8023 2674 8024 2674 8025 2675 8026 2675 8027 2675 8028 2676 8029 2676 8030 2676 8031 2677 8032 2677 8033 2677 8034 2678 8035 2678 8036 2678 8037 2679 8038 2679 8039 2679 8040 2680 8041 2680 8042 2680 8043 2681 8044 2681 8045 2681 8046 2682 8047 2682 8048 2682 8049 2683 8050 2683 8051 2683 8052 2684 8053 2684 8054 2684 8055 2685 8056 2685 8057 2685 8058 2686 8059 2686 8060 2686 8061 2687 8062 2687 8063 2687 8064 2688 8065 2688 8066 2688 8067 2689 8068 2689 8069 2689 8070 2690 8071 2690 8072 2690 8073 2691 8074 2691 8075 2691 8076 2692 8077 2692 8078 2692 8079 2693 8080 2693 8081 2693 8082 2694 8083 2694 8084 2694 8085 2695 8086 2695 8087 2695 8088 2696 8089 2696 8090 2696 8091 2697 8092 2697 8093 2697 8094 2698 8095 2698 8096 2698 8097 2699 8098 2699 8099 2699 8100 2700 8101 2700 8102 2700 8103 2701 8104 2701 8105 2701 8106 2702 8107 2702 8108 2702 8109 2703 8110 2703 8111 2703 8112 2704 8113 2704 8114 2704 8115 2705 8116 2705 8117 2705 8118 2706 8119 2706 8120 2706 8121 2707 8122 2707 8123 2707 8124 2708 8125 2708 8126 2708 8127 2709 8128 2709 8129 2709 8130 2710 8131 2710 8132 2710 8133 2711 8134 2711 8135 2711 8136 2712 8137 2712 8138 2712 8139 2713 8140 2713 8141 2713 8142 2714 8143 2714 8144 2714 8145 2715 8146 2715 8147 2715 8148 2716 8149 2716 8150 2716 8151 2717 8152 2717 8153 2717 8154 2718 8155 2718 8156 2718 8157 2719 8158 2719 8159 2719 8160 2720 8161 2720 8162 2720 8163 2721 8164 2721 8165 2721 8166 2722 8167 2722 8168 2722 8169 2723 8170 2723 8171 2723 8172 2724 8173 2724 8174 2724 8175 2725 8176 2725 8177 2725 8178 2726 8179 2726 8180 2726 8181 2727 8182 2727 8183 2727 8184 2728 8185 2728 8186 2728 8187 2729 8188 2729 8189 2729 8190 2730 8191 2730 8192 2730 8193 2731 8194 2731 8195 2731 8196 2732 8197 2732 8198 2732 8199 2733 8200 2733 8201 2733 8202 2734 8203 2734 8204 2734 8205 2735 8206 2735 8207 2735 8208 2736 8209 2736 8210 2736 8211 2737 8212 2737 8213 2737 8214 2738 8215 2738 8216 2738 8217 2739 8218 2739 8219 2739 8220 2740 8221 2740 8222 2740 8223 2741 8224 2741 8225 2741 8226 2742 8227 2742 8228 2742 8229 2743 8230 2743 8231 2743 8232 2744 8233 2744 8234 2744 8235 2745 8236 2745 8237 2745 8238 2746 8239 2746 8240 2746 8241 2747 8242 2747 8243 2747 8244 2748 8245 2748 8246 2748 8247 2749 8248 2749 8249 2749 8250 2750 8251 2750 8252 2750 8253 2751 8254 2751 8255 2751 8256 2752 8257 2752 8258 2752 8259 2753 8260 2753 8261 2753 8262 2754 8263 2754 8264 2754 8265 2755 8266 2755 8267 2755 8268 2756 8269 2756 8270 2756 8271 2757 8272 2757 8273 2757 8274 2758 8275 2758 8276 2758 8277 2759 8278 2759 8279 2759 8280 2760 8281 2760 8282 2760 8283 2761 8284 2761 8285 2761 8286 2762 8287 2762 8288 2762 8289 2763 8290 2763 8291 2763 8292 2764 8293 2764 8294 2764 8295 2765 8296 2765 8297 2765 8298 2766 8299 2766 8300 2766 8301 2767 8302 2767 8303 2767 8304 2768 8305 2768 8306 2768 8307 2769 8308 2769 8309 2769 8310 2770 8311 2770 8312 2770 8313 2771 8314 2771 8315 2771 8316 2772 8317 2772 8318 2772 8319 2773 8320 2773 8321 2773 8322 2774 8323 2774 8324 2774 8325 2775 8326 2775 8327 2775 8328 2776 8329 2776 8330 2776 8331 2777 8332 2777 8333 2777 8334 2778 8335 2778 8336 2778 8337 2779 8338 2779 8339 2779 8340 2780 8341 2780 8342 2780 8343 2781 8344 2781 8345 2781 8346 2782 8347 2782 8348 2782 8349 2783 8350 2783 8351 2783 8352 2784 8353 2784 8354 2784 8355 2785 8356 2785 8357 2785 8358 2786 8359 2786 8360 2786 8361 2787 8362 2787 8363 2787 8364 2788 8365 2788 8366 2788 8367 2789 8368 2789 8369 2789 8370 2790 8371 2790 8372 2790 8373 2791 8374 2791 8375 2791 8376 2792 8377 2792 8378 2792 8379 2793 8380 2793 8381 2793 8382 2794 8383 2794 8384 2794 8385 2795 8386 2795 8387 2795 8388 2796 8389 2796 8390 2796 8391 2797 8392 2797 8393 2797 8394 2798 8395 2798 8396 2798 8397 2799 8398 2799 8399 2799 8400 2800 8401 2800 8402 2800 8403 2801 8404 2801 8405 2801 8406 2802 8407 2802 8408 2802 8409 2803 8410 2803 8411 2803 8412 2804 8413 2804 8414 2804 8415 2805 8416 2805 8417 2805 8418 2806 8419 2806 8420 2806 8421 2807 8422 2807 8423 2807 8424 2808 8425 2808 8426 2808 8427 2809 8428 2809 8429 2809 8430 2810 8431 2810 8432 2810 8433 2811 8434 2811 8435 2811 8436 2812 8437 2812 8438 2812 8439 2813 8440 2813 8441 2813 8442 2814 8443 2814 8444 2814 8445 2815 8446 2815 8447 2815 8448 2816 8449 2816 8450 2816 8451 2817 8452 2817 8453 2817 8454 2818 8455 2818 8456 2818 8457 2819 8458 2819 8459 2819 8460 2820 8461 2820 8462 2820 8463 2821 8464 2821 8465 2821 8466 2822 8467 2822 8468 2822 8469 2823 8470 2823 8471 2823 8472 2824 8473 2824 8474 2824 8475 2825 8476 2825 8477 2825 8478 2826 8479 2826 8480 2826 8481 2827 8482 2827 8483 2827 8484 2828 8485 2828 8486 2828 8487 2829 8488 2829 8489 2829 8490 2830 8491 2830 8492 2830 8493 2831 8494 2831 8495 2831 8496 2832 8497 2832 8498 2832 8499 2833 8500 2833 8501 2833 8502 2834 8503 2834 8504 2834 8505 2835 8506 2835 8507 2835 8508 2836 8509 2836 8510 2836 8511 2837 8512 2837 8513 2837 8514 2838 8515 2838 8516 2838 8517 2839 8518 2839 8519 2839 8520 2840 8521 2840 8522 2840 8523 2841 8524 2841 8525 2841 8526 2842 8527 2842 8528 2842 8529 2843 8530 2843 8531 2843 8532 2844 8533 2844 8534 2844 8535 2845 8536 2845 8537 2845 8538 2846 8539 2846 8540 2846 8541 2847 8542 2847 8543 2847 8544 2848 8545 2848 8546 2848 8547 2849 8548 2849 8549 2849 8550 2850 8551 2850 8552 2850 8553 2851 8554 2851 8555 2851 8556 2852 8557 2852 8558 2852 8559 2853 8560 2853 8561 2853 8562 2854 8563 2854 8564 2854 8565 2855 8566 2855 8567 2855 8568 2856 8569 2856 8570 2856 8571 2857 8572 2857 8573 2857 8574 2858 8575 2858 8576 2858 8577 2859 8578 2859 8579 2859 8580 2860 8581 2860 8582 2860 8583 2861 8584 2861 8585 2861 8586 2862 8587 2862 8588 2862 8589 2863 8590 2863 8591 2863 8592 2864 8593 2864 8594 2864 8595 2865 8596 2865 8597 2865 8598 2866 8599 2866 8600 2866 8601 2867 8602 2867 8603 2867 8604 2868 8605 2868 8606 2868 8607 2869 8608 2869 8609 2869 8610 2870 8611 2870 8612 2870 8613 2871 8614 2871 8615 2871 8616 2872 8617 2872 8618 2872 8619 2873 8620 2873 8621 2873 8622 2874 8623 2874 8624 2874 8625 2875 8626 2875 8627 2875 8628 2876 8629 2876 8630 2876 8631 2877 8632 2877 8633 2877 8634 2878 8635 2878 8636 2878 8637 2879 8638 2879 8639 2879 8640 2880 8641 2880 8642 2880 8643 2881 8644 2881 8645 2881 8646 2882 8647 2882 8648 2882 8649 2883 8650 2883 8651 2883 8652 2884 8653 2884 8654 2884 8655 2885 8656 2885 8657 2885 8658 2886 8659 2886 8660 2886 8661 2887 8662 2887 8663 2887 8664 2888 8665 2888 8666 2888 8667 2889 8668 2889 8669 2889 8670 2890 8671 2890 8672 2890 8673 2891 8674 2891 8675 2891 8676 2892 8677 2892 8678 2892 8679 2893 8680 2893 8681 2893 8682 2894 8683 2894 8684 2894 8685 2895 8686 2895 8687 2895 8688 2896 8689 2896 8690 2896 8691 2897 8692 2897 8693 2897 8694 2898 8695 2898 8696 2898 8697 2899 8698 2899 8699 2899 8700 2900 8701 2900 8702 2900 8703 2901 8704 2901 8705 2901 8706 2902 8707 2902 8708 2902 8709 2903 8710 2903 8711 2903 8712 2904 8713 2904 8714 2904 8715 2905 8716 2905 8717 2905 8718 2906 8719 2906 8720 2906 8721 2907 8722 2907 8723 2907 8724 2908 8725 2908 8726 2908 8727 2909 8728 2909 8729 2909 8730 2910 8731 2910 8732 2910 8733 2911 8734 2911 8735 2911 8736 2912 8737 2912 8738 2912 8739 2913 8740 2913 8741 2913 8742 2914 8743 2914 8744 2914 8745 2915 8746 2915 8747 2915 8748 2916 8749 2916 8750 2916 8751 2917 8752 2917 8753 2917 8754 2918 8755 2918 8756 2918 8757 2919 8758 2919 8759 2919 8760 2920 8761 2920 8762 2920 8763 2921 8764 2921 8765 2921 8766 2922 8767 2922 8768 2922 8769 2923 8770 2923 8771 2923 8772 2924 8773 2924 8774 2924 8775 2925 8776 2925 8777 2925 8778 2926 8779 2926 8780 2926 8781 2927 8782 2927 8783 2927 8784 2928 8785 2928 8786 2928 8787 2929 8788 2929 8789 2929 8790 2930 8791 2930 8792 2930 8793 2931 8794 2931 8795 2931 8796 2932 8797 2932 8798 2932 8799 2933 8800 2933 8801 2933 8802 2934 8803 2934 8804 2934 8805 2935 8806 2935 8807 2935 8808 2936 8809 2936 8810 2936 8811 2937 8812 2937 8813 2937 8814 2938 8815 2938 8816 2938 8817 2939 8818 2939 8819 2939 8820 2940 8821 2940 8822 2940 8823 2941 8824 2941 8825 2941 8826 2942 8827 2942 8828 2942 8829 2943 8830 2943 8831 2943 8832 2944 8833 2944 8834 2944 8835 2945 8836 2945 8837 2945 8838 2946 8839 2946 8840 2946 8841 2947 8842 2947 8843 2947 8844 2948 8845 2948 8846 2948 8847 2949 8848 2949 8849 2949 8850 2950 8851 2950 8852 2950 8853 2951 8854 2951 8855 2951 8856 2952 8857 2952 8858 2952 8859 2953 8860 2953 8861 2953 8862 2954 8863 2954 8864 2954 8865 2955 8866 2955 8867 2955 8868 2956 8869 2956 8870 2956 8871 2957 8872 2957 8873 2957 8874 2958 8875 2958 8876 2958 8877 2959 8878 2959 8879 2959 8880 2960 8881 2960 8882 2960 8883 2961 8884 2961 8885 2961 8886 2962 8887 2962 8888 2962 8889 2963 8890 2963 8891 2963 8892 2964 8893 2964 8894 2964 8895 2965 8896 2965 8897 2965 8898 2966 8899 2966 8900 2966 8901 2967 8902 2967 8903 2967 8904 2968 8905 2968 8906 2968 8907 2969 8908 2969 8909 2969 8910 2970 8911 2970 8912 2970 8913 2971 8914 2971 8915 2971 8916 2972 8917 2972 8918 2972 8919 2973 8920 2973 8921 2973 8922 2974 8923 2974 8924 2974 8925 2975 8926 2975 8927 2975 8928 2976 8929 2976 8930 2976 8931 2977 8932 2977 8933 2977 8934 2978 8935 2978 8936 2978 8937 2979 8938 2979 8939 2979 8940 2980 8941 2980 8942 2980 8943 2981 8944 2981 8945 2981 8946 2982 8947 2982 8948 2982 8949 2983 8950 2983 8951 2983 8952 2984 8953 2984 8954 2984 8955 2985 8956 2985 8957 2985 8958 2986 8959 2986 8960 2986 8961 2987 8962 2987 8963 2987 8964 2988 8965 2988 8966 2988 8967 2989 8968 2989 8969 2989 8970 2990 8971 2990 8972 2990 8973 2991 8974 2991 8975 2991 8976 2992 8977 2992 8978 2992 8979 2993 8980 2993 8981 2993 8982 2994 8983 2994 8984 2994 8985 2995 8986 2995 8987 2995 8988 2996 8989 2996 8990 2996 8991 2997 8992 2997 8993 2997 8994 2998 8995 2998 8996 2998 8997 2999 8998 2999 8999 2999 9000 3000 9001 3000 9002 3000 9003 3001 9004 3001 9005 3001 9006 3002 9007 3002 9008 3002 9009 3003 9010 3003 9011 3003 9012 3004 9013 3004 9014 3004 9015 3005 9016 3005 9017 3005 9018 3006 9019 3006 9020 3006 9021 3007 9022 3007 9023 3007 9024 3008 9025 3008 9026 3008 9027 3009 9028 3009 9029 3009 9030 3010 9031 3010 9032 3010 9033 3011 9034 3011 9035 3011 9036 3012 9037 3012 9038 3012 9039 3013 9040 3013 9041 3013 9042 3014 9043 3014 9044 3014 9045 3015 9046 3015 9047 3015 9048 3016 9049 3016 9050 3016 9051 3017 9052 3017 9053 3017 9054 3018 9055 3018 9056 3018 9057 3019 9058 3019 9059 3019 9060 3020 9061 3020 9062 3020 9063 3021 9064 3021 9065 3021 9066 3022 9067 3022 9068 3022 9069 3023 9070 3023 9071 3023 9072 3024 9073 3024 9074 3024 9075 3025 9076 3025 9077 3025 9078 3026 9079 3026 9080 3026 9081 3027 9082 3027 9083 3027 9084 3028 9085 3028 9086 3028 9087 3029 9088 3029 9089 3029 9090 3030 9091 3030 9092 3030 9093 3031 9094 3031 9095 3031 9096 3032 9097 3032 9098 3032 9099 3033 9100 3033 9101 3033 9102 3034 9103 3034 9104 3034 9105 3035 9106 3035 9107 3035 9108 3036 9109 3036 9110 3036 9111 3037 9112 3037 9113 3037 9114 3038 9115 3038 9116 3038 9117 3039 9118 3039 9119 3039 9120 3040 9121 3040 9122 3040 9123 3041 9124 3041 9125 3041 9126 3042 9127 3042 9128 3042 9129 3043 9130 3043 9131 3043 9132 3044 9133 3044 9134 3044 9135 3045 9136 3045 9137 3045 9138 3046 9139 3046 9140 3046 9141 3047 9142 3047 9143 3047 9144 3048 9145 3048 9146 3048 9147 3049 9148 3049 9149 3049 9150 3050 9151 3050 9152 3050 9153 3051 9154 3051 9155 3051 9156 3052 9157 3052 9158 3052 9159 3053 9160 3053 9161 3053 9162 3054 9163 3054 9164 3054 9165 3055 9166 3055 9167 3055 9168 3056 9169 3056 9170 3056 9171 3057 9172 3057 9173 3057 9174 3058 9175 3058 9176 3058 9177 3059 9178 3059 9179 3059 9180 3060 9181 3060 9182 3060 9183 3061 9184 3061 9185 3061 9186 3062 9187 3062 9188 3062 9189 3063 9190 3063 9191 3063 9192 3064 9193 3064 9194 3064 9195 3065 9196 3065 9197 3065 9198 3066 9199 3066 9200 3066 9201 3067 9202 3067 9203 3067 9204 3068 9205 3068 9206 3068 9207 3069 9208 3069 9209 3069 9210 3070 9211 3070 9212 3070 9213 3071 9214 3071 9215 3071 9216 3072 9217 3072 9218 3072 9219 3073 9220 3073 9221 3073 9222 3074 9223 3074 9224 3074 9225 3075 9226 3075 9227 3075 9228 3076 9229 3076 9230 3076 9231 3077 9232 3077 9233 3077 9234 3078 9235 3078 9236 3078 9237 3079 9238 3079 9239 3079 9240 3080 9241 3080 9242 3080 9243 3081 9244 3081 9245 3081 9246 3082 9247 3082 9248 3082 9249 3083 9250 3083 9251 3083 9252 3084 9253 3084 9254 3084 9255 3085 9256 3085 9257 3085 9258 3086 9259 3086 9260 3086 9261 3087 9262 3087 9263 3087 9264 3088 9265 3088 9266 3088 9267 3089 9268 3089 9269 3089 9270 3090 9271 3090 9272 3090 9273 3091 9274 3091 9275 3091 9276 3092 9277 3092 9278 3092 9279 3093 9280 3093 9281 3093 9282 3094 9283 3094 9284 3094 9285 3095 9286 3095 9287 3095 9288 3096 9289 3096 9290 3096 9291 3097 9292 3097 9293 3097 9294 3098 9295 3098 9296 3098 9297 3099 9298 3099 9299 3099 9300 3100 9301 3100 9302 3100 9303 3101 9304 3101 9305 3101 9306 3102 9307 3102 9308 3102 9309 3103 9310 3103 9311 3103 9312 3104 9313 3104 9314 3104 9315 3105 9316 3105 9317 3105 9318 3106 9319 3106 9320 3106 9321 3107 9322 3107 9323 3107 9324 3108 9325 3108 9326 3108 9327 3109 9328 3109 9329 3109 9330 3110 9331 3110 9332 3110 9333 3111 9334 3111 9335 3111 9336 3112 9337 3112 9338 3112 9339 3113 9340 3113 9341 3113 9342 3114 9343 3114 9344 3114 9345 3115 9346 3115 9347 3115 9348 3116 9349 3116 9350 3116 9351 3117 9352 3117 9353 3117 9354 3118 9355 3118 9356 3118 9357 3119 9358 3119 9359 3119 9360 3120 9361 3120 9362 3120 9363 3121 9364 3121 9365 3121 9366 3122 9367 3122 9368 3122 9369 3123 9370 3123 9371 3123 9372 3124 9373 3124 9374 3124 9375 3125 9376 3125 9377 3125 9378 3126 9379 3126 9380 3126 9381 3127 9382 3127 9383 3127 9384 3128 9385 3128 9386 3128 9387 3129 9388 3129 9389 3129 9390 3130 9391 3130 9392 3130 9393 3131 9394 3131 9395 3131 9396 3132 9397 3132 9398 3132 9399 3133 9400 3133 9401 3133 9402 3134 9403 3134 9404 3134 9405 3135 9406 3135 9407 3135 9408 3136 9409 3136 9410 3136 9411 3137 9412 3137 9413 3137 9414 3138 9415 3138 9416 3138 9417 3139 9418 3139 9419 3139 9420 3140 9421 3140 9422 3140 9423 3141 9424 3141 9425 3141 9426 3142 9427 3142 9428 3142 9429 3143 9430 3143 9431 3143 9432 3144 9433 3144 9434 3144 9435 3145 9436 3145 9437 3145 9438 3146 9439 3146 9440 3146 9441 3147 9442 3147 9443 3147 9444 3148 9445 3148 9446 3148 9447 3149 9448 3149 9449 3149 9450 3150 9451 3150 9452 3150 9453 3151 9454 3151 9455 3151 9456 3152 9457 3152 9458 3152 9459 3153 9460 3153 9461 3153 9462 3154 9463 3154 9464 3154 9465 3155 9466 3155 9467 3155 9468 3156 9469 3156 9470 3156 9471 3157 9472 3157 9473 3157 9474 3158 9475 3158 9476 3158 9477 3159 9478 3159 9479 3159 9480 3160 9481 3160 9482 3160 9483 3161 9484 3161 9485 3161 9486 3162 9487 3162 9488 3162 9489 3163 9490 3163 9491 3163 9492 3164 9493 3164 9494 3164 9495 3165 9496 3165 9497 3165 9498 3166 9499 3166 9500 3166 9501 3167 9502 3167 9503 3167 9504 3168 9505 3168 9506 3168 9507 3169 9508 3169 9509 3169 9510 3170 9511 3170 9512 3170 9513 3171 9514 3171 9515 3171 9516 3172 9517 3172 9518 3172 9519 3173 9520 3173 9521 3173 9522 3174 9523 3174 9524 3174 9525 3175 9526 3175 9527 3175 9528 3176 9529 3176 9530 3176 9531 3177 9532 3177 9533 3177 9534 3178 9535 3178 9536 3178 9537 3179 9538 3179 9539 3179 9540 3180 9541 3180 9542 3180 9543 3181 9544 3181 9545 3181 9546 3182 9547 3182 9548 3182 9549 3183 9550 3183 9551 3183 9552 3184 9553 3184 9554 3184 9555 3185 9556 3185 9557 3185 9558 3186 9559 3186 9560 3186 9561 3187 9562 3187 9563 3187 9564 3188 9565 3188 9566 3188 9567 3189 9568 3189 9569 3189 9570 3190 9571 3190 9572 3190 9573 3191 9574 3191 9575 3191 9576 3192 9577 3192 9578 3192 9579 3193 9580 3193 9581 3193 9582 3194 9583 3194 9584 3194 9585 3195 9586 3195 9587 3195 9588 3196 9589 3196 9590 3196 9591 3197 9592 3197 9593 3197 9594 3198 9595 3198 9596 3198 9597 3199 9598 3199 9599 3199 9600 3200 9601 3200 9602 3200 9603 3201 9604 3201 9605 3201 9606 3202 9607 3202 9608 3202 9609 3203 9610 3203 9611 3203 9612 3204 9613 3204 9614 3204 9615 3205 9616 3205 9617 3205 9618 3206 9619 3206 9620 3206 9621 3207 9622 3207 9623 3207 9624 3208 9625 3208 9626 3208 9627 3209 9628 3209 9629 3209 9630 3210 9631 3210 9632 3210 9633 3211 9634 3211 9635 3211 9636 3212 9637 3212 9638 3212 9639 3213 9640 3213 9641 3213 9642 3214 9643 3214 9644 3214 9645 3215 9646 3215 9647 3215 9648 3216 9649 3216 9650 3216 9651 3217 9652 3217 9653 3217 9654 3218 9655 3218 9656 3218 9657 3219 9658 3219 9659 3219 9660 3220 9661 3220 9662 3220 9663 3221 9664 3221 9665 3221 9666 3222 9667 3222 9668 3222 9669 3223 9670 3223 9671 3223 9672 3224 9673 3224 9674 3224 9675 3225 9676 3225 9677 3225 9678 3226 9679 3226 9680 3226 9681 3227 9682 3227 9683 3227 9684 3228 9685 3228 9686 3228 9687 3229 9688 3229 9689 3229 9690 3230 9691 3230 9692 3230 9693 3231 9694 3231 9695 3231 9696 3232 9697 3232 9698 3232 9699 3233 9700 3233 9701 3233 9702 3234 9703 3234 9704 3234 9705 3235 9706 3235 9707 3235 9708 3236 9709 3236 9710 3236 9711 3237 9712 3237 9713 3237 9714 3238 9715 3238 9716 3238 9717 3239 9718 3239 9719 3239 9720 3240 9721 3240 9722 3240 9723 3241 9724 3241 9725 3241 9726 3242 9727 3242 9728 3242 9729 3243 9730 3243 9731 3243 9732 3244 9733 3244 9734 3244 9735 3245 9736 3245 9737 3245 9738 3246 9739 3246 9740 3246 9741 3247 9742 3247 9743 3247 9744 3248 9745 3248 9746 3248 9747 3249 9748 3249 9749 3249 9750 3250 9751 3250 9752 3250 9753 3251 9754 3251 9755 3251 9756 3252 9757 3252 9758 3252 9759 3253 9760 3253 9761 3253 9762 3254 9763 3254 9764 3254 9765 3255 9766 3255 9767 3255 9768 3256 9769 3256 9770 3256 9771 3257 9772 3257 9773 3257 9774 3258 9775 3258 9776 3258 9777 3259 9778 3259 9779 3259 9780 3260 9781 3260 9782 3260 9783 3261 9784 3261 9785 3261 9786 3262 9787 3262 9788 3262 9789 3263 9790 3263 9791 3263 9792 3264 9793 3264 9794 3264 9795 3265 9796 3265 9797 3265 9798 3266 9799 3266 9800 3266 9801 3267 9802 3267 9803 3267 9804 3268 9805 3268 9806 3268 9807 3269 9808 3269 9809 3269 9810 3270 9811 3270 9812 3270 9813 3271 9814 3271 9815 3271 9816 3272 9817 3272 9818 3272 9819 3273 9820 3273 9821 3273 9822 3274 9823 3274 9824 3274 9825 3275 9826 3275 9827 3275 9828 3276 9829 3276 9830 3276 9831 3277 9832 3277 9833 3277 9834 3278 9835 3278 9836 3278 9837 3279 9838 3279 9839 3279 9840 3280 9841 3280 9842 3280 9843 3281 9844 3281 9845 3281 9846 3282 9847 3282 9848 3282 9849 3283 9850 3283 9851 3283 9852 3284 9853 3284 9854 3284 9855 3285 9856 3285 9857 3285 9858 3286 9859 3286 9860 3286 9861 3287 9862 3287 9863 3287 9864 3288 9865 3288 9866 3288 9867 3289 9868 3289 9869 3289 9870 3290 9871 3290 9872 3290 9873 3291 9874 3291 9875 3291 9876 3292 9877 3292 9878 3292 9879 3293 9880 3293 9881 3293 9882 3294 9883 3294 9884 3294 9885 3295 9886 3295 9887 3295 9888 3296 9889 3296 9890 3296 9891 3297 9892 3297 9893 3297 9894 3298 9895 3298 9896 3298 9897 3299 9898 3299 9899 3299 9900 3300 9901 3300 9902 3300 9903 3301 9904 3301 9905 3301 9906 3302 9907 3302 9908 3302 9909 3303 9910 3303 9911 3303 9912 3304 9913 3304 9914 3304 9915 3305 9916 3305 9917 3305 9918 3306 9919 3306 9920 3306 9921 3307 9922 3307 9923 3307 9924 3308 9925 3308 9926 3308 9927 3309 9928 3309 9929 3309 9930 3310 9931 3310 9932 3310 9933 3311 9934 3311 9935 3311 9936 3312 9937 3312 9938 3312 9939 3313 9940 3313 9941 3313 9942 3314 9943 3314 9944 3314 9945 3315 9946 3315 9947 3315 9948 3316 9949 3316 9950 3316 9951 3317 9952 3317 9953 3317 9954 3318 9955 3318 9956 3318 9957 3319 9958 3319 9959 3319 9960 3320 9961 3320 9962 3320 9963 3321 9964 3321 9965 3321 9966 3322 9967 3322 9968 3322 9969 3323 9970 3323 9971 3323 9972 3324 9973 3324 9974 3324 9975 3325 9976 3325 9977 3325 9978 3326 9979 3326 9980 3326 9981 3327 9982 3327 9983 3327 9984 3328 9985 3328 9986 3328 9987 3329 9988 3329 9989 3329 9990 3330 9991 3330 9992 3330 9993 3331 9994 3331 9995 3331 9996 3332 9997 3332 9998 3332 9999 3333 10000 3333 10001 3333 10002 3334 10003 3334 10004 3334 10005 3335 10006 3335 10007 3335 10008 3336 10009 3336 10010 3336 10011 3337 10012 3337 10013 3337 10014 3338 10015 3338 10016 3338 10017 3339 10018 3339 10019 3339 10020 3340 10021 3340 10022 3340 10023 3341 10024 3341 10025 3341 10026 3342 10027 3342 10028 3342 10029 3343 10030 3343 10031 3343 10032 3344 10033 3344 10034 3344 10035 3345 10036 3345 10037 3345 10038 3346 10039 3346 10040 3346 10041 3347 10042 3347 10043 3347 10044 3348 10045 3348 10046 3348 10047 3349 10048 3349 10049 3349 10050 3350 10051 3350 10052 3350 10053 3351 10054 3351 10055 3351 10056 3352 10057 3352 10058 3352 10059 3353 10060 3353 10061 3353 10062 3354 10063 3354 10064 3354 10065 3355 10066 3355 10067 3355 10068 3356 10069 3356 10070 3356 10071 3357 10072 3357 10073 3357 10074 3358 10075 3358 10076 3358 10077 3359 10078 3359 10079 3359 10080 3360 10081 3360 10082 3360 10083 3361 10084 3361 10085 3361 10086 3362 10087 3362 10088 3362 10089 3363 10090 3363 10091 3363 10092 3364 10093 3364 10094 3364 10095 3365 10096 3365 10097 3365 10098 3366 10099 3366 10100 3366 10101 3367 10102 3367 10103 3367 10104 3368 10105 3368 10106 3368 10107 3369 10108 3369 10109 3369 10110 3370 10111 3370 10112 3370 10113 3371 10114 3371 10115 3371 10116 3372 10117 3372 10118 3372 10119 3373 10120 3373 10121 3373 10122 3374 10123 3374 10124 3374 10125 3375 10126 3375 10127 3375 10128 3376 10129 3376 10130 3376 10131 3377 10132 3377 10133 3377 10134 3378 10135 3378 10136 3378 10137 3379 10138 3379 10139 3379 10140 3380 10141 3380 10142 3380 10143 3381 10144 3381 10145 3381 10146 3382 10147 3382 10148 3382 10149 3383 10150 3383 10151 3383 10152 3384 10153 3384 10154 3384 10155 3385 10156 3385 10157 3385 10158 3386 10159 3386 10160 3386 10161 3387 10162 3387 10163 3387 10164 3388 10165 3388 10166 3388 10167 3389 10168 3389 10169 3389 10170 3390 10171 3390 10172 3390 10173 3391 10174 3391 10175 3391 10176 3392 10177 3392 10178 3392 10179 3393 10180 3393 10181 3393 10182 3394 10183 3394 10184 3394 10185 3395 10186 3395 10187 3395 10188 3396 10189 3396 10190 3396 10191 3397 10192 3397 10193 3397 10194 3398 10195 3398 10196 3398 10197 3399 10198 3399 10199 3399 10200 3400 10201 3400 10202 3400 10203 3401 10204 3401 10205 3401 10206 3402 10207 3402 10208 3402 10209 3403 10210 3403 10211 3403 10212 3404 10213 3404 10214 3404 10215 3405 10216 3405 10217 3405 10218 3406 10219 3406 10220 3406 10221 3407 10222 3407 10223 3407 10224 3408 10225 3408 10226 3408 10227 3409 10228 3409 10229 3409 10230 3410 10231 3410 10232 3410 10233 3411 10234 3411 10235 3411 10236 3412 10237 3412 10238 3412 10239 3413 10240 3413 10241 3413 10242 3414 10243 3414 10244 3414 10245 3415 10246 3415 10247 3415 10248 3416 10249 3416 10250 3416 10251 3417 10252 3417 10253 3417 10254 3418 10255 3418 10256 3418 10257 3419 10258 3419 10259 3419 10260 3420 10261 3420 10262 3420 10263 3421 10264 3421 10265 3421 10266 3422 10267 3422 10268 3422 10269 3423 10270 3423 10271 3423 10272 3424 10273 3424 10274 3424 10275 3425 10276 3425 10277 3425 10278 3426 10279 3426 10280 3426 10281 3427 10282 3427 10283 3427 10284 3428 10285 3428 10286 3428 10287 3429 10288 3429 10289 3429 10290 3430 10291 3430 10292 3430 10293 3431 10294 3431 10295 3431 10296 3432 10297 3432 10298 3432 10299 3433 10300 3433 10301 3433 10302 3434 10303 3434 10304 3434 10305 3435 10306 3435 10307 3435 10308 3436 10309 3436 10310 3436 10311 3437 10312 3437 10313 3437 10314 3438 10315 3438 10316 3438 10317 3439 10318 3439 10319 3439 10320 3440 10321 3440 10322 3440 10323 3441 10324 3441 10325 3441 10326 3442 10327 3442 10328 3442 10329 3443 10330 3443 10331 3443 10332 3444 10333 3444 10334 3444 10335 3445 10336 3445 10337 3445 10338 3446 10339 3446 10340 3446 10341 3447 10342 3447 10343 3447 10344 3448 10345 3448 10346 3448 10347 3449 10348 3449 10349 3449 10350 3450 10351 3450 10352 3450 10353 3451 10354 3451 10355 3451 10356 3452 10357 3452 10358 3452 10359 3453 10360 3453 10361 3453 10362 3454 10363 3454 10364 3454 10365 3455 10366 3455 10367 3455 10368 3456 10369 3456 10370 3456 10371 3457 10372 3457 10373 3457 10374 3458 10375 3458 10376 3458 10377 3459 10378 3459 10379 3459 10380 3460 10381 3460 10382 3460 10383 3461 10384 3461 10385 3461 10386 3462 10387 3462 10388 3462 10389 3463 10390 3463 10391 3463 10392 3464 10393 3464 10394 3464 10395 3465 10396 3465 10397 3465 10398 3466 10399 3466 10400 3466 10401 3467 10402 3467 10403 3467 10404 3468 10405 3468 10406 3468 10407 3469 10408 3469 10409 3469 10410 3470 10411 3470 10412 3470 10413 3471 10414 3471 10415 3471 10416 3472 10417 3472 10418 3472 10419 3473 10420 3473 10421 3473 10422 3474 10423 3474 10424 3474 10425 3475 10426 3475 10427 3475 10428 3476 10429 3476 10430 3476 10431 3477 10432 3477 10433 3477 10434 3478 10435 3478 10436 3478 10437 3479 10438 3479 10439 3479 10440 3480 10441 3480 10442 3480 10443 3481 10444 3481 10445 3481 10446 3482 10447 3482 10448 3482 10449 3483 10450 3483 10451 3483 10452 3484 10453 3484 10454 3484 10455 3485 10456 3485 10457 3485 10458 3486 10459 3486 10460 3486 10461 3487 10462 3487 10463 3487 10464 3488 10465 3488 10466 3488 10467 3489 10468 3489 10469 3489 10470 3490 10471 3490 10472 3490 10473 3491 10474 3491 10475 3491 10476 3492 10477 3492 10478 3492 10479 3493 10480 3493 10481 3493 10482 3494 10483 3494 10484 3494 10485 3495 10486 3495 10487 3495 10488 3496 10489 3496 10490 3496 10491 3497 10492 3497 10493 3497 10494 3498 10495 3498 10496 3498 10497 3499 10498 3499 10499 3499 10500 3500 10501 3500 10502 3500 10503 3501 10504 3501 10505 3501 10506 3502 10507 3502 10508 3502 10509 3503 10510 3503 10511 3503 10512 3504 10513 3504 10514 3504 10515 3505 10516 3505 10517 3505 10518 3506 10519 3506 10520 3506 10521 3507 10522 3507 10523 3507 10524 3508 10525 3508 10526 3508 10527 3509 10528 3509 10529 3509 10530 3510 10531 3510 10532 3510 10533 3511 10534 3511 10535 3511 10536 3512 10537 3512 10538 3512 10539 3513 10540 3513 10541 3513 10542 3514 10543 3514 10544 3514 10545 3515 10546 3515 10547 3515 10548 3516 10549 3516 10550 3516 10551 3517 10552 3517 10553 3517 10554 3518 10555 3518 10556 3518 10557 3519 10558 3519 10559 3519 10560 3520 10561 3520 10562 3520 10563 3521 10564 3521 10565 3521 10566 3522 10567 3522 10568 3522 10569 3523 10570 3523 10571 3523 10572 3524 10573 3524 10574 3524 10575 3525 10576 3525 10577 3525 10578 3526 10579 3526 10580 3526 10581 3527 10582 3527 10583 3527 10584 3528 10585 3528 10586 3528 10587 3529 10588 3529 10589 3529 10590 3530 10591 3530 10592 3530 10593 3531 10594 3531 10595 3531 10596 3532 10597 3532 10598 3532 10599 3533 10600 3533 10601 3533 10602 3534 10603 3534 10604 3534 10605 3535 10606 3535 10607 3535 10608 3536 10609 3536 10610 3536 10611 3537 10612 3537 10613 3537 10614 3538 10615 3538 10616 3538 10617 3539 10618 3539 10619 3539 10620 3540 10621 3540 10622 3540 10623 3541 10624 3541 10625 3541 10626 3542 10627 3542 10628 3542 10629 3543 10630 3543 10631 3543 10632 3544 10633 3544 10634 3544 10635 3545 10636 3545 10637 3545 10638 3546 10639 3546 10640 3546 10641 3547 10642 3547 10643 3547 10644 3548 10645 3548 10646 3548 10647 3549 10648 3549 10649 3549 10650 3550 10651 3550 10652 3550 10653 3551 10654 3551 10655 3551 10656 3552 10657 3552 10658 3552 10659 3553 10660 3553 10661 3553 10662 3554 10663 3554 10664 3554 10665 3555 10666 3555 10667 3555 10668 3556 10669 3556 10670 3556 10671 3557 10672 3557 10673 3557 10674 3558 10675 3558 10676 3558 10677 3559 10678 3559 10679 3559 10680 3560 10681 3560 10682 3560 10683 3561 10684 3561 10685 3561 10686 3562 10687 3562 10688 3562 10689 3563 10690 3563 10691 3563 10692 3564 10693 3564 10694 3564 10695 3565 10696 3565 10697 3565 10698 3566 10699 3566 10700 3566 10701 3567 10702 3567 10703 3567 10704 3568 10705 3568 10706 3568 10707 3569 10708 3569 10709 3569 10710 3570 10711 3570 10712 3570 10713 3571 10714 3571 10715 3571 10716 3572 10717 3572 10718 3572 10719 3573 10720 3573 10721 3573 10722 3574 10723 3574 10724 3574 10725 3575 10726 3575 10727 3575 10728 3576 10729 3576 10730 3576 10731 3577 10732 3577 10733 3577 10734 3578 10735 3578 10736 3578 10737 3579 10738 3579 10739 3579 10740 3580 10741 3580 10742 3580 10743 3581 10744 3581 10745 3581 10746 3582 10747 3582 10748 3582 10749 3583 10750 3583 10751 3583 10752 3584 10753 3584 10754 3584 10755 3585 10756 3585 10757 3585 10758 3586 10759 3586 10760 3586 10761 3587 10762 3587 10763 3587 10764 3588 10765 3588 10766 3588 10767 3589 10768 3589 10769 3589 10770 3590 10771 3590 10772 3590 10773 3591 10774 3591 10775 3591 10776 3592 10777 3592 10778 3592 10779 3593 10780 3593 10781 3593 10782 3594 10783 3594 10784 3594 10785 3595 10786 3595 10787 3595 10788 3596 10789 3596 10790 3596 10791 3597 10792 3597 10793 3597 10794 3598 10795 3598 10796 3598 10797 3599 10798 3599 10799 3599 10800 3600 10801 3600 10802 3600 10803 3601 10804 3601 10805 3601 10806 3602 10807 3602 10808 3602 10809 3603 10810 3603 10811 3603 10812 3604 10813 3604 10814 3604 10815 3605 10816 3605 10817 3605 10818 3606 10819 3606 10820 3606 10821 3607 10822 3607 10823 3607 10824 3608 10825 3608 10826 3608 10827 3609 10828 3609 10829 3609 10830 3610 10831 3610 10832 3610 10833 3611 10834 3611 10835 3611 10836 3612 10837 3612 10838 3612 10839 3613 10840 3613 10841 3613 10842 3614 10843 3614 10844 3614 10845 3615 10846 3615 10847 3615 10848 3616 10849 3616 10850 3616 10851 3617 10852 3617 10853 3617 10854 3618 10855 3618 10856 3618 10857 3619 10858 3619 10859 3619 10860 3620 10861 3620 10862 3620 10863 3621 10864 3621 10865 3621 10866 3622 10867 3622 10868 3622 10869 3623 10870 3623 10871 3623 10872 3624 10873 3624 10874 3624 10875 3625 10876 3625 10877 3625 10878 3626 10879 3626 10880 3626 10881 3627 10882 3627 10883 3627 10884 3628 10885 3628 10886 3628 10887 3629 10888 3629 10889 3629 10890 3630 10891 3630 10892 3630 10893 3631 10894 3631 10895 3631 10896 3632 10897 3632 10898 3632 10899 3633 10900 3633 10901 3633 10902 3634 10903 3634 10904 3634 10905 3635 10906 3635 10907 3635 10908 3636 10909 3636 10910 3636 10911 3637 10912 3637 10913 3637 10914 3638 10915 3638 10916 3638 10917 3639 10918 3639 10919 3639 10920 3640 10921 3640 10922 3640 10923 3641 10924 3641 10925 3641 10926 3642 10927 3642 10928 3642 10929 3643 10930 3643 10931 3643 10932 3644 10933 3644 10934 3644 10935 3645 10936 3645 10937 3645 10938 3646 10939 3646 10940 3646 10941 3647 10942 3647 10943 3647 10944 3648 10945 3648 10946 3648 10947 3649 10948 3649 10949 3649 10950 3650 10951 3650 10952 3650 10953 3651 10954 3651 10955 3651 10956 3652 10957 3652 10958 3652 10959 3653 10960 3653 10961 3653 10962 3654 10963 3654 10964 3654 10965 3655 10966 3655 10967 3655 10968 3656 10969 3656 10970 3656 10971 3657 10972 3657 10973 3657 10974 3658 10975 3658 10976 3658 10977 3659 10978 3659 10979 3659 10980 3660 10981 3660 10982 3660 10983 3661 10984 3661 10985 3661 10986 3662 10987 3662 10988 3662 10989 3663 10990 3663 10991 3663 10992 3664 10993 3664 10994 3664 10995 3665 10996 3665 10997 3665 10998 3666 10999 3666 11000 3666 11001 3667 11002 3667 11003 3667 11004 3668 11005 3668 11006 3668 11007 3669 11008 3669 11009 3669 11010 3670 11011 3670 11012 3670 11013 3671 11014 3671 11015 3671 11016 3672 11017 3672 11018 3672 11019 3673 11020 3673 11021 3673 11022 3674 11023 3674 11024 3674 11025 3675 11026 3675 11027 3675 11028 3676 11029 3676 11030 3676 11031 3677 11032 3677 11033 3677 11034 3678 11035 3678 11036 3678 11037 3679 11038 3679 11039 3679 11040 3680 11041 3680 11042 3680 11043 3681 11044 3681 11045 3681 11046 3682 11047 3682 11048 3682 11049 3683 11050 3683 11051 3683 11052 3684 11053 3684 11054 3684 11055 3685 11056 3685 11057 3685 11058 3686 11059 3686 11060 3686 11061 3687 11062 3687 11063 3687 11064 3688 11065 3688 11066 3688 11067 3689 11068 3689 11069 3689 11070 3690 11071 3690 11072 3690 11073 3691 11074 3691 11075 3691 11076 3692 11077 3692 11078 3692 11079 3693 11080 3693 11081 3693 11082 3694 11083 3694 11084 3694 11085 3695 11086 3695 11087 3695 11088 3696 11089 3696 11090 3696 11091 3697 11092 3697 11093 3697 11094 3698 11095 3698 11096 3698 11097 3699 11098 3699 11099 3699 11100 3700 11101 3700 11102 3700 11103 3701 11104 3701 11105 3701 11106 3702 11107 3702 11108 3702 11109 3703 11110 3703 11111 3703 11112 3704 11113 3704 11114 3704 11115 3705 11116 3705 11117 3705 11118 3706 11119 3706 11120 3706 11121 3707 11122 3707 11123 3707 11124 3708 11125 3708 11126 3708 11127 3709 11128 3709 11129 3709 11130 3710 11131 3710 11132 3710 11133 3711 11134 3711 11135 3711 11136 3712 11137 3712 11138 3712 11139 3713 11140 3713 11141 3713 11142 3714 11143 3714 11144 3714 11145 3715 11146 3715 11147 3715 11148 3716 11149 3716 11150 3716 11151 3717 11152 3717 11153 3717 11154 3718 11155 3718 11156 3718 11157 3719 11158 3719 11159 3719 11160 3720 11161 3720 11162 3720 11163 3721 11164 3721 11165 3721 11166 3722 11167 3722 11168 3722 11169 3723 11170 3723 11171 3723 11172 3724 11173 3724 11174 3724 11175 3725 11176 3725 11177 3725 11178 3726 11179 3726 11180 3726 11181 3727 11182 3727 11183 3727 11184 3728 11185 3728 11186 3728 11187 3729 11188 3729 11189 3729 11190 3730 11191 3730 11192 3730 11193 3731 11194 3731 11195 3731 11196 3732 11197 3732 11198 3732 11199 3733 11200 3733 11201 3733 11202 3734 11203 3734 11204 3734 11205 3735 11206 3735 11207 3735 11208 3736 11209 3736 11210 3736 11211 3737 11212 3737 11213 3737 11214 3738 11215 3738 11216 3738 11217 3739 11218 3739 11219 3739 11220 3740 11221 3740 11222 3740 11223 3741 11224 3741 11225 3741 11226 3742 11227 3742 11228 3742 11229 3743 11230 3743 11231 3743 11232 3744 11233 3744 11234 3744 11235 3745 11236 3745 11237 3745 11238 3746 11239 3746 11240 3746 11241 3747 11242 3747 11243 3747 11244 3748 11245 3748 11246 3748 11247 3749 11248 3749 11249 3749 11250 3750 11251 3750 11252 3750 11253 3751 11254 3751 11255 3751 11256 3752 11257 3752 11258 3752 11259 3753 11260 3753 11261 3753 11262 3754 11263 3754 11264 3754 11265 3755 11266 3755 11267 3755 11268 3756 11269 3756 11270 3756 11271 3757 11272 3757 11273 3757 11274 3758 11275 3758 11276 3758 11277 3759 11278 3759 11279 3759 11280 3760 11281 3760 11282 3760 11283 3761 11284 3761 11285 3761 11286 3762 11287 3762 11288 3762 11289 3763 11290 3763 11291 3763 11292 3764 11293 3764 11294 3764 11295 3765 11296 3765 11297 3765 11298 3766 11299 3766 11300 3766 11301 3767 11302 3767 11303 3767 11304 3768 11305 3768 11306 3768 11307 3769 11308 3769 11309 3769 11310 3770 11311 3770 11312 3770 11313 3771 11314 3771 11315 3771 11316 3772 11317 3772 11318 3772 11319 3773 11320 3773 11321 3773 11322 3774 11323 3774 11324 3774 11325 3775 11326 3775 11327 3775 11328 3776 11329 3776 11330 3776 11331 3777 11332 3777 11333 3777 11334 3778 11335 3778 11336 3778 11337 3779 11338 3779 11339 3779 11340 3780 11341 3780 11342 3780 11343 3781 11344 3781 11345 3781 11346 3782 11347 3782 11348 3782 11349 3783 11350 3783 11351 3783 11352 3784 11353 3784 11354 3784 11355 3785 11356 3785 11357 3785 11358 3786 11359 3786 11360 3786 11361 3787 11362 3787 11363 3787 11364 3788 11365 3788 11366 3788 11367 3789 11368 3789 11369 3789 11370 3790 11371 3790 11372 3790 11373 3791 11374 3791 11375 3791 11376 3792 11377 3792 11378 3792 11379 3793 11380 3793 11381 3793 11382 3794 11383 3794 11384 3794 11385 3795 11386 3795 11387 3795 11388 3796 11389 3796 11390 3796 11391 3797 11392 3797 11393 3797 11394 3798 11395 3798 11396 3798 11397 3799 11398 3799 11399 3799 11400 3800 11401 3800 11402 3800 11403 3801 11404 3801 11405 3801 11406 3802 11407 3802 11408 3802 11409 3803 11410 3803 11411 3803 11412 3804 11413 3804 11414 3804 11415 3805 11416 3805 11417 3805 11418 3806 11419 3806 11420 3806 11421 3807 11422 3807 11423 3807 11424 3808 11425 3808 11426 3808 11427 3809 11428 3809 11429 3809 11430 3810 11431 3810 11432 3810 11433 3811 11434 3811 11435 3811 11436 3812 11437 3812 11438 3812 11439 3813 11440 3813 11441 3813 11442 3814 11443 3814 11444 3814 11445 3815 11446 3815 11447 3815 11448 3816 11449 3816 11450 3816 11451 3817 11452 3817 11453 3817 11454 3818 11455 3818 11456 3818 11457 3819 11458 3819 11459 3819 11460 3820 11461 3820 11462 3820 11463 3821 11464 3821 11465 3821 11466 3822 11467 3822 11468 3822 11469 3823 11470 3823 11471 3823 11472 3824 11473 3824 11474 3824 11475 3825 11476 3825 11477 3825 11478 3826 11479 3826 11480 3826 11481 3827 11482 3827 11483 3827 11484 3828 11485 3828 11486 3828 11487 3829 11488 3829 11489 3829 11490 3830 11491 3830 11492 3830 11493 3831 11494 3831 11495 3831 11496 3832 11497 3832 11498 3832 11499 3833 11500 3833 11501 3833 11502 3834 11503 3834 11504 3834 11505 3835 11506 3835 11507 3835 11508 3836 11509 3836 11510 3836 11511 3837 11512 3837 11513 3837 11514 3838 11515 3838 11516 3838 11517 3839 11518 3839 11519 3839 11520 3840 11521 3840 11522 3840 11523 3841 11524 3841 11525 3841 11526 3842 11527 3842 11528 3842 11529 3843 11530 3843 11531 3843 11532 3844 11533 3844 11534 3844 11535 3845 11536 3845 11537 3845 11538 3846 11539 3846 11540 3846 11541 3847 11542 3847 11543 3847 11544 3848 11545 3848 11546 3848 11547 3849 11548 3849 11549 3849 11550 3850 11551 3850 11552 3850 11553 3851 11554 3851 11555 3851 11556 3852 11557 3852 11558 3852 11559 3853 11560 3853 11561 3853 11562 3854 11563 3854 11564 3854 11565 3855 11566 3855 11567 3855 11568 3856 11569 3856 11570 3856 11571 3857 11572 3857 11573 3857 11574 3858 11575 3858 11576 3858 11577 3859 11578 3859 11579 3859 11580 3860 11581 3860 11582 3860 11583 3861 11584 3861 11585 3861 11586 3862 11587 3862 11588 3862 11589 3863 11590 3863 11591 3863 11592 3864 11593 3864 11594 3864 11595 3865 11596 3865 11597 3865 11598 3866 11599 3866 11600 3866 11601 3867 11602 3867 11603 3867 11604 3868 11605 3868 11606 3868 11607 3869 11608 3869 11609 3869 11610 3870 11611 3870 11612 3870 11613 3871 11614 3871 11615 3871 11616 3872 11617 3872 11618 3872 11619 3873 11620 3873 11621 3873 11622 3874 11623 3874 11624 3874 11625 3875 11626 3875 11627 3875 11628 3876 11629 3876 11630 3876 11631 3877 11632 3877 11633 3877 11634 3878 11635 3878 11636 3878 11637 3879 11638 3879 11639 3879 11640 3880 11641 3880 11642 3880 11643 3881 11644 3881 11645 3881 11646 3882 11647 3882 11648 3882 11649 3883 11650 3883 11651 3883 11652 3884 11653 3884 11654 3884 11655 3885 11656 3885 11657 3885 11658 3886 11659 3886 11660 3886 11661 3887 11662 3887 11663 3887 11664 3888 11665 3888 11666 3888 11667 3889 11668 3889 11669 3889 11670 3890 11671 3890 11672 3890 11673 3891 11674 3891 11675 3891 11676 3892 11677 3892 11678 3892 11679 3893 11680 3893 11681 3893 11682 3894 11683 3894 11684 3894 11685 3895 11686 3895 11687 3895 11688 3896 11689 3896 11690 3896 11691 3897 11692 3897 11693 3897 11694 3898 11695 3898 11696 3898 11697 3899 11698 3899 11699 3899 11700 3900 11701 3900 11702 3900 11703 3901 11704 3901 11705 3901 11706 3902 11707 3902 11708 3902 11709 3903 11710 3903 11711 3903 11712 3904 11713 3904 11714 3904 11715 3905 11716 3905 11717 3905 11718 3906 11719 3906 11720 3906 11721 3907 11722 3907 11723 3907 11724 3908 11725 3908 11726 3908 11727 3909 11728 3909 11729 3909 11730 3910 11731 3910 11732 3910 11733 3911 11734 3911 11735 3911 11736 3912 11737 3912 11738 3912 11739 3913 11740 3913 11741 3913 11742 3914 11743 3914 11744 3914 11745 3915 11746 3915 11747 3915 11748 3916 11749 3916 11750 3916 11751 3917 11752 3917 11753 3917 11754 3918 11755 3918 11756 3918 11757 3919 11758 3919 11759 3919 11760 3920 11761 3920 11762 3920 11763 3921 11764 3921 11765 3921 11766 3922 11767 3922 11768 3922 11769 3923 11770 3923 11771 3923 11772 3924 11773 3924 11774 3924 11775 3925 11776 3925 11777 3925 11778 3926 11779 3926 11780 3926 11781 3927 11782 3927 11783 3927 11784 3928 11785 3928 11786 3928 11787 3929 11788 3929 11789 3929 11790 3930 11791 3930 11792 3930 11793 3931 11794 3931 11795 3931 11796 3932 11797 3932 11798 3932 11799 3933 11800 3933 11801 3933 11802 3934 11803 3934 11804 3934 11805 3935 11806 3935 11807 3935 11808 3936 11809 3936 11810 3936 11811 3937 11812 3937 11813 3937 11814 3938 11815 3938 11816 3938 11817 3939 11818 3939 11819 3939 11820 3940 11821 3940 11822 3940 11823 3941 11824 3941 11825 3941 11826 3942 11827 3942 11828 3942 11829 3943 11830 3943 11831 3943 11832 3944 11833 3944 11834 3944 11835 3945 11836 3945 11837 3945 11838 3946 11839 3946 11840 3946 11841 3947 11842 3947 11843 3947 11844 3948 11845 3948 11846 3948 11847 3949 11848 3949 11849 3949 11850 3950 11851 3950 11852 3950 11853 3951 11854 3951 11855 3951 11856 3952 11857 3952 11858 3952 11859 3953 11860 3953 11861 3953 11862 3954 11863 3954 11864 3954 11865 3955 11866 3955 11867 3955 11868 3956 11869 3956 11870 3956 11871 3957 11872 3957 11873 3957 11874 3958 11875 3958 11876 3958 11877 3959 11878 3959 11879 3959 11880 3960 11881 3960 11882 3960 11883 3961 11884 3961 11885 3961 11886 3962 11887 3962 11888 3962 11889 3963 11890 3963 11891 3963 11892 3964 11893 3964 11894 3964 11895 3965 11896 3965 11897 3965 11898 3966 11899 3966 11900 3966 11901 3967 11902 3967 11903 3967 11904 3968 11905 3968 11906 3968 11907 3969 11908 3969 11909 3969 11910 3970 11911 3970 11912 3970 11913 3971 11914 3971 11915 3971 11916 3972 11917 3972 11918 3972 11919 3973 11920 3973 11921 3973 11922 3974 11923 3974 11924 3974 11925 3975 11926 3975 11927 3975 11928 3976 11929 3976 11930 3976 11931 3977 11932 3977 11933 3977 11934 3978 11935 3978 11936 3978 11937 3979 11938 3979 11939 3979 11940 3980 11941 3980 11942 3980 11943 3981 11944 3981 11945 3981 11946 3982 11947 3982 11948 3982 11949 3983 11950 3983 11951 3983 11952 3984 11953 3984 11954 3984 11955 3985 11956 3985 11957 3985 11958 3986 11959 3986 11960 3986 11961 3987 11962 3987 11963 3987 11964 3988 11965 3988 11966 3988 11967 3989 11968 3989 11969 3989 11970 3990 11971 3990 11972 3990 11973 3991 11974 3991 11975 3991 11976 3992 11977 3992 11978 3992 11979 3993 11980 3993 11981 3993 11982 3994 11983 3994 11984 3994 11985 3995 11986 3995 11987 3995 11988 3996 11989 3996 11990 3996 11991 3997 11992 3997 11993 3997 11994 3998 11995 3998 11996 3998 11997 3999 11998 3999 11999 3999 12000 4000 12001 4000 12002 4000 12003 4001 12004 4001 12005 4001 12006 4002 12007 4002 12008 4002 12009 4003 12010 4003 12011 4003 12012 4004 12013 4004 12014 4004 12015 4005 12016 4005 12017 4005 12018 4006 12019 4006 12020 4006 12021 4007 12022 4007 12023 4007 12024 4008 12025 4008 12026 4008 12027 4009 12028 4009 12029 4009 12030 4010 12031 4010 12032 4010 12033 4011 12034 4011 12035 4011 12036 4012 12037 4012 12038 4012 12039 4013 12040 4013 12041 4013 12042 4014 12043 4014 12044 4014 12045 4015 12046 4015 12047 4015 12048 4016 12049 4016 12050 4016 12051 4017 12052 4017 12053 4017 12054 4018 12055 4018 12056 4018 12057 4019 12058 4019 12059 4019 12060 4020 12061 4020 12062 4020 12063 4021 12064 4021 12065 4021 12066 4022 12067 4022 12068 4022 12069 4023 12070 4023 12071 4023 12072 4024 12073 4024 12074 4024 12075 4025 12076 4025 12077 4025 12078 4026 12079 4026 12080 4026 12081 4027 12082 4027 12083 4027 12084 4028 12085 4028 12086 4028 12087 4029 12088 4029 12089 4029 12090 4030 12091 4030 12092 4030 12093 4031 12094 4031 12095 4031 12096 4032 12097 4032 12098 4032 12099 4033 12100 4033 12101 4033 12102 4034 12103 4034 12104 4034 12105 4035 12106 4035 12107 4035 12108 4036 12109 4036 12110 4036 12111 4037 12112 4037 12113 4037 12114 4038 12115 4038 12116 4038 12117 4039 12118 4039 12119 4039 12120 4040 12121 4040 12122 4040 12123 4041 12124 4041 12125 4041 12126 4042 12127 4042 12128 4042 12129 4043 12130 4043 12131 4043 12132 4044 12133 4044 12134 4044 12135 4045 12136 4045 12137 4045 12138 4046 12139 4046 12140 4046 12141 4047 12142 4047 12143 4047 12144 4048 12145 4048 12146 4048 12147 4049 12148 4049 12149 4049 12150 4050 12151 4050 12152 4050 12153 4051 12154 4051 12155 4051 12156 4052 12157 4052 12158 4052 12159 4053 12160 4053 12161 4053 12162 4054 12163 4054 12164 4054 12165 4055 12166 4055 12167 4055 12168 4056 12169 4056 12170 4056 12171 4057 12172 4057 12173 4057 12174 4058 12175 4058 12176 4058 12177 4059 12178 4059 12179 4059 12180 4060 12181 4060 12182 4060 12183 4061 12184 4061 12185 4061 12186 4062 12187 4062 12188 4062 12189 4063 12190 4063 12191 4063 12192 4064 12193 4064 12194 4064 12195 4065 12196 4065 12197 4065 12198 4066 12199 4066 12200 4066 12201 4067 12202 4067 12203 4067 12204 4068 12205 4068 12206 4068 12207 4069 12208 4069 12209 4069 12210 4070 12211 4070 12212 4070 12213 4071 12214 4071 12215 4071 12216 4072 12217 4072 12218 4072 12219 4073 12220 4073 12221 4073 12222 4074 12223 4074 12224 4074 12225 4075 12226 4075 12227 4075 12228 4076 12229 4076 12230 4076 12231 4077 12232 4077 12233 4077 12234 4078 12235 4078 12236 4078 12237 4079 12238 4079 12239 4079 12240 4080 12241 4080 12242 4080 12243 4081 12244 4081 12245 4081 12246 4082 12247 4082 12248 4082 12249 4083 12250 4083 12251 4083 12252 4084 12253 4084 12254 4084 12255 4085 12256 4085 12257 4085 12258 4086 12259 4086 12260 4086 12261 4087 12262 4087 12263 4087 12264 4088 12265 4088 12266 4088 12267 4089 12268 4089 12269 4089 12270 4090 12271 4090 12272 4090 12273 4091 12274 4091 12275 4091 12276 4092 12277 4092 12278 4092 12279 4093 12280 4093 12281 4093 12282 4094 12283 4094 12284 4094 12285 4095 12286 4095 12287 4095 12288 4096 12289 4096 12290 4096 12291 4097 12292 4097 12293 4097 12294 4098 12295 4098 12296 4098 12297 4099 12298 4099 12299 4099 12300 4100 12301 4100 12302 4100 12303 4101 12304 4101 12305 4101 12306 4102 12307 4102 12308 4102 12309 4103 12310 4103 12311 4103 12312 4104 12313 4104 12314 4104 12315 4105 12316 4105 12317 4105 12318 4106 12319 4106 12320 4106 12321 4107 12322 4107 12323 4107 12324 4108 12325 4108 12326 4108 12327 4109 12328 4109 12329 4109 12330 4110 12331 4110 12332 4110 12333 4111 12334 4111 12335 4111 12336 4112 12337 4112 12338 4112 12339 4113 12340 4113 12341 4113 12342 4114 12343 4114 12344 4114 12345 4115 12346 4115 12347 4115 12348 4116 12349 4116 12350 4116 12351 4117 12352 4117 12353 4117 12354 4118 12355 4118 12356 4118 12357 4119 12358 4119 12359 4119 12360 4120 12361 4120 12362 4120 12363 4121 12364 4121 12365 4121 12366 4122 12367 4122 12368 4122 12369 4123 12370 4123 12371 4123 12372 4124 12373 4124 12374 4124 12375 4125 12376 4125 12377 4125 12378 4126 12379 4126 12380 4126 12381 4127 12382 4127 12383 4127 12384 4128 12385 4128 12386 4128 12387 4129 12388 4129 12389 4129 12390 4130 12391 4130 12392 4130 12393 4131 12394 4131 12395 4131 12396 4132 12397 4132 12398 4132 12399 4133 12400 4133 12401 4133 12402 4134 12403 4134 12404 4134 12405 4135 12406 4135 12407 4135 12408 4136 12409 4136 12410 4136 12411 4137 12412 4137 12413 4137 12414 4138 12415 4138 12416 4138 12417 4139 12418 4139 12419 4139 12420 4140 12421 4140 12422 4140 12423 4141 12424 4141 12425 4141 12426 4142 12427 4142 12428 4142 12429 4143 12430 4143 12431 4143 12432 4144 12433 4144 12434 4144 12435 4145 12436 4145 12437 4145 12438 4146 12439 4146 12440 4146 12441 4147 12442 4147 12443 4147 12444 4148 12445 4148 12446 4148 12447 4149 12448 4149 12449 4149 12450 4150 12451 4150 12452 4150 12453 4151 12454 4151 12455 4151 12456 4152 12457 4152 12458 4152 12459 4153 12460 4153 12461 4153 12462 4154 12463 4154 12464 4154 12465 4155 12466 4155 12467 4155 12468 4156 12469 4156 12470 4156 12471 4157 12472 4157 12473 4157 12474 4158 12475 4158 12476 4158 12477 4159 12478 4159 12479 4159 12480 4160 12481 4160 12482 4160 12483 4161 12484 4161 12485 4161 12486 4162 12487 4162 12488 4162 12489 4163 12490 4163 12491 4163 12492 4164 12493 4164 12494 4164 12495 4165 12496 4165 12497 4165 12498 4166 12499 4166 12500 4166 12501 4167 12502 4167 12503 4167 12504 4168 12505 4168 12506 4168 12507 4169 12508 4169 12509 4169 12510 4170 12511 4170 12512 4170 12513 4171 12514 4171 12515 4171 12516 4172 12517 4172 12518 4172 12519 4173 12520 4173 12521 4173 12522 4174 12523 4174 12524 4174 12525 4175 12526 4175 12527 4175 12528 4176 12529 4176 12530 4176 12531 4177 12532 4177 12533 4177 12534 4178 12535 4178 12536 4178 12537 4179 12538 4179 12539 4179 12540 4180 12541 4180 12542 4180 12543 4181 12544 4181 12545 4181 12546 4182 12547 4182 12548 4182 12549 4183 12550 4183 12551 4183 12552 4184 12553 4184 12554 4184 12555 4185 12556 4185 12557 4185 12558 4186 12559 4186 12560 4186 12561 4187 12562 4187 12563 4187 12564 4188 12565 4188 12566 4188 12567 4189 12568 4189 12569 4189 12570 4190 12571 4190 12572 4190 12573 4191 12574 4191 12575 4191 12576 4192 12577 4192 12578 4192 12579 4193 12580 4193 12581 4193 12582 4194 12583 4194 12584 4194 12585 4195 12586 4195 12587 4195 12588 4196 12589 4196 12590 4196 12591 4197 12592 4197 12593 4197 12594 4198 12595 4198 12596 4198 12597 4199 12598 4199 12599 4199 12600 4200 12601 4200 12602 4200 12603 4201 12604 4201 12605 4201 12606 4202 12607 4202 12608 4202 12609 4203 12610 4203 12611 4203 12612 4204 12613 4204 12614 4204 12615 4205 12616 4205 12617 4205 12618 4206 12619 4206 12620 4206 12621 4207 12622 4207 12623 4207 12624 4208 12625 4208 12626 4208 12627 4209 12628 4209 12629 4209 12630 4210 12631 4210 12632 4210 12633 4211 12634 4211 12635 4211 12636 4212 12637 4212 12638 4212 12639 4213 12640 4213 12641 4213 12642 4214 12643 4214 12644 4214 12645 4215 12646 4215 12647 4215 12648 4216 12649 4216 12650 4216 12651 4217 12652 4217 12653 4217 12654 4218 12655 4218 12656 4218 12657 4219 12658 4219 12659 4219 12660 4220 12661 4220 12662 4220 12663 4221 12664 4221 12665 4221 12666 4222 12667 4222 12668 4222 12669 4223 12670 4223 12671 4223 12672 4224 12673 4224 12674 4224 12675 4225 12676 4225 12677 4225 12678 4226 12679 4226 12680 4226 12681 4227 12682 4227 12683 4227 12684 4228 12685 4228 12686 4228 12687 4229 12688 4229 12689 4229 12690 4230 12691 4230 12692 4230 12693 4231 12694 4231 12695 4231 12696 4232 12697 4232 12698 4232 12699 4233 12700 4233 12701 4233 12702 4234 12703 4234 12704 4234 12705 4235 12706 4235 12707 4235 12708 4236 12709 4236 12710 4236 12711 4237 12712 4237 12713 4237 12714 4238 12715 4238 12716 4238 12717 4239 12718 4239 12719 4239 12720 4240 12721 4240 12722 4240 12723 4241 12724 4241 12725 4241 12726 4242 12727 4242 12728 4242 12729 4243 12730 4243 12731 4243 12732 4244 12733 4244 12734 4244 12735 4245 12736 4245 12737 4245 12738 4246 12739 4246 12740 4246 12741 4247 12742 4247 12743 4247 12744 4248 12745 4248 12746 4248 12747 4249 12748 4249 12749 4249 12750 4250 12751 4250 12752 4250 12753 4251 12754 4251 12755 4251 12756 4252 12757 4252 12758 4252 12759 4253 12760 4253 12761 4253 12762 4254 12763 4254 12764 4254 12765 4255 12766 4255 12767 4255 12768 4256 12769 4256 12770 4256 12771 4257 12772 4257 12773 4257 12774 4258 12775 4258 12776 4258 12777 4259 12778 4259 12779 4259 12780 4260 12781 4260 12782 4260 12783 4261 12784 4261 12785 4261 12786 4262 12787 4262 12788 4262 12789 4263 12790 4263 12791 4263 12792 4264 12793 4264 12794 4264 12795 4265 12796 4265 12797 4265 12798 4266 12799 4266 12800 4266 12801 4267 12802 4267 12803 4267 12804 4268 12805 4268 12806 4268 12807 4269 12808 4269 12809 4269 12810 4270 12811 4270 12812 4270 12813 4271 12814 4271 12815 4271 12816 4272 12817 4272 12818 4272 12819 4273 12820 4273 12821 4273 12822 4274 12823 4274 12824 4274 12825 4275 12826 4275 12827 4275 12828 4276 12829 4276 12830 4276 12831 4277 12832 4277 12833 4277 12834 4278 12835 4278 12836 4278 12837 4279 12838 4279 12839 4279 12840 4280 12841 4280 12842 4280 12843 4281 12844 4281 12845 4281 12846 4282 12847 4282 12848 4282 12849 4283 12850 4283 12851 4283 12852 4284 12853 4284 12854 4284 12855 4285 12856 4285 12857 4285 12858 4286 12859 4286 12860 4286 12861 4287 12862 4287 12863 4287 12864 4288 12865 4288 12866 4288 12867 4289 12868 4289 12869 4289 12870 4290 12871 4290 12872 4290 12873 4291 12874 4291 12875 4291 12876 4292 12877 4292 12878 4292 12879 4293 12880 4293 12881 4293 12882 4294 12883 4294 12884 4294 12885 4295 12886 4295 12887 4295 12888 4296 12889 4296 12890 4296 12891 4297 12892 4297 12893 4297 12894 4298 12895 4298 12896 4298 12897 4299 12898 4299 12899 4299 12900 4300 12901 4300 12902 4300 12903 4301 12904 4301 12905 4301 12906 4302 12907 4302 12908 4302 12909 4303 12910 4303 12911 4303 12912 4304 12913 4304 12914 4304 12915 4305 12916 4305 12917 4305 12918 4306 12919 4306 12920 4306 12921 4307 12922 4307 12923 4307 12924 4308 12925 4308 12926 4308 12927 4309 12928 4309 12929 4309 12930 4310 12931 4310 12932 4310 12933 4311 12934 4311 12935 4311 12936 4312 12937 4312 12938 4312 12939 4313 12940 4313 12941 4313 12942 4314 12943 4314 12944 4314 12945 4315 12946 4315 12947 4315 12948 4316 12949 4316 12950 4316 12951 4317 12952 4317 12953 4317 12954 4318 12955 4318 12956 4318 12957 4319 12958 4319 12959 4319 12960 4320 12961 4320 12962 4320 12963 4321 12964 4321 12965 4321 12966 4322 12967 4322 12968 4322 12969 4323 12970 4323 12971 4323 12972 4324 12973 4324 12974 4324 12975 4325 12976 4325 12977 4325 12978 4326 12979 4326 12980 4326 12981 4327 12982 4327 12983 4327 12984 4328 12985 4328 12986 4328 12987 4329 12988 4329 12989 4329 12990 4330 12991 4330 12992 4330 12993 4331 12994 4331 12995 4331 12996 4332 12997 4332 12998 4332 12999 4333 13000 4333 13001 4333 13002 4334 13003 4334 13004 4334 13005 4335 13006 4335 13007 4335 13008 4336 13009 4336 13010 4336 13011 4337 13012 4337 13013 4337 13014 4338 13015 4338 13016 4338 13017 4339 13018 4339 13019 4339 13020 4340 13021 4340 13022 4340 13023 4341 13024 4341 13025 4341 13026 4342 13027 4342 13028 4342 13029 4343 13030 4343 13031 4343 13032 4344 13033 4344 13034 4344 13035 4345 13036 4345 13037 4345 13038 4346 13039 4346 13040 4346 13041 4347 13042 4347 13043 4347 13044 4348 13045 4348 13046 4348 13047 4349 13048 4349 13049 4349 13050 4350 13051 4350 13052 4350 13053 4351 13054 4351 13055 4351 13056 4352 13057 4352 13058 4352 13059 4353 13060 4353 13061 4353 13062 4354 13063 4354 13064 4354 13065 4355 13066 4355 13067 4355 13068 4356 13069 4356 13070 4356 13071 4357 13072 4357 13073 4357 13074 4358 13075 4358 13076 4358 13077 4359 13078 4359 13079 4359 13080 4360 13081 4360 13082 4360 13083 4361 13084 4361 13085 4361 13086 4362 13087 4362 13088 4362 13089 4363 13090 4363 13091 4363 13092 4364 13093 4364 13094 4364 13095 4365 13096 4365 13097 4365 13098 4366 13099 4366 13100 4366 13101 4367 13102 4367 13103 4367 13104 4368 13105 4368 13106 4368 13107 4369 13108 4369 13109 4369 13110 4370 13111 4370 13112 4370 13113 4371 13114 4371 13115 4371 13116 4372 13117 4372 13118 4372 13119 4373 13120 4373 13121 4373 13122 4374 13123 4374 13124 4374 13125 4375 13126 4375 13127 4375 13128 4376 13129 4376 13130 4376 13131 4377 13132 4377 13133 4377 13134 4378 13135 4378 13136 4378 13137 4379 13138 4379 13139 4379 13140 4380 13141 4380 13142 4380 13143 4381 13144 4381 13145 4381 13146 4382 13147 4382 13148 4382 13149 4383 13150 4383 13151 4383 13152 4384 13153 4384 13154 4384 13155 4385 13156 4385 13157 4385 13158 4386 13159 4386 13160 4386 13161 4387 13162 4387 13163 4387 13164 4388 13165 4388 13166 4388 13167 4389 13168 4389 13169 4389 13170 4390 13171 4390 13172 4390 13173 4391 13174 4391 13175 4391 13176 4392 13177 4392 13178 4392 13179 4393 13180 4393 13181 4393 13182 4394 13183 4394 13184 4394 13185 4395 13186 4395 13187 4395 13188 4396 13189 4396 13190 4396 13191 4397 13192 4397 13193 4397 13194 4398 13195 4398 13196 4398 13197 4399 13198 4399 13199 4399 13200 4400 13201 4400 13202 4400 13203 4401 13204 4401 13205 4401 13206 4402 13207 4402 13208 4402 13209 4403 13210 4403 13211 4403 13212 4404 13213 4404 13214 4404 13215 4405 13216 4405 13217 4405 13218 4406 13219 4406 13220 4406 13221 4407 13222 4407 13223 4407 13224 4408 13225 4408 13226 4408 13227 4409 13228 4409 13229 4409 13230 4410 13231 4410 13232 4410 13233 4411 13234 4411 13235 4411 13236 4412 13237 4412 13238 4412 13239 4413 13240 4413 13241 4413 13242 4414 13243 4414 13244 4414 13245 4415 13246 4415 13247 4415 13248 4416 13249 4416 13250 4416 13251 4417 13252 4417 13253 4417 13254 4418 13255 4418 13256 4418 13257 4419 13258 4419 13259 4419 13260 4420 13261 4420 13262 4420 13263 4421 13264 4421 13265 4421 13266 4422 13267 4422 13268 4422 13269 4423 13270 4423 13271 4423 13272 4424 13273 4424 13274 4424 13275 4425 13276 4425 13277 4425 13278 4426 13279 4426 13280 4426 13281 4427 13282 4427 13283 4427 13284 4428 13285 4428 13286 4428 13287 4429 13288 4429 13289 4429 13290 4430 13291 4430 13292 4430 13293 4431 13294 4431 13295 4431 13296 4432 13297 4432 13298 4432 13299 4433 13300 4433 13301 4433 13302 4434 13303 4434 13304 4434 13305 4435 13306 4435 13307 4435 13308 4436 13309 4436 13310 4436 13311 4437 13312 4437 13313 4437 13314 4438 13315 4438 13316 4438 13317 4439 13318 4439 13319 4439 13320 4440 13321 4440 13322 4440 13323 4441 13324 4441 13325 4441 13326 4442 13327 4442 13328 4442 13329 4443 13330 4443 13331 4443 13332 4444 13333 4444 13334 4444 13335 4445 13336 4445 13337 4445 13338 4446 13339 4446 13340 4446 13341 4447 13342 4447 13343 4447 13344 4448 13345 4448 13346 4448 13347 4449 13348 4449 13349 4449 13350 4450 13351 4450 13352 4450 13353 4451 13354 4451 13355 4451 13356 4452 13357 4452 13358 4452 13359 4453 13360 4453 13361 4453 13362 4454 13363 4454 13364 4454 13365 4455 13366 4455 13367 4455 13368 4456 13369 4456 13370 4456 13371 4457 13372 4457 13373 4457 13374 4458 13375 4458 13376 4458 13377 4459 13378 4459 13379 4459 13380 4460 13381 4460 13382 4460 13383 4461 13384 4461 13385 4461 13386 4462 13387 4462 13388 4462 13389 4463 13390 4463 13391 4463 13392 4464 13393 4464 13394 4464 13395 4465 13396 4465 13397 4465 13398 4466 13399 4466 13400 4466 13401 4467 13402 4467 13403 4467 13404 4468 13405 4468 13406 4468 13407 4469 13408 4469 13409 4469 13410 4470 13411 4470 13412 4470 13413 4471 13414 4471 13415 4471 13416 4472 13417 4472 13418 4472 13419 4473 13420 4473 13421 4473 13422 4474 13423 4474 13424 4474 13425 4475 13426 4475 13427 4475 13428 4476 13429 4476 13430 4476 13431 4477 13432 4477 13433 4477 13434 4478 13435 4478 13436 4478 13437 4479 13438 4479 13439 4479 13440 4480 13441 4480 13442 4480 13443 4481 13444 4481 13445 4481 13446 4482 13447 4482 13448 4482 13449 4483 13450 4483 13451 4483 13452 4484 13453 4484 13454 4484 13455 4485 13456 4485 13457 4485 13458 4486 13459 4486 13460 4486 13461 4487 13462 4487 13463 4487 13464 4488 13465 4488 13466 4488 13467 4489 13468 4489 13469 4489 13470 4490 13471 4490 13472 4490 13473 4491 13474 4491 13475 4491 13476 4492 13477 4492 13478 4492 13479 4493 13480 4493 13481 4493 13482 4494 13483 4494 13484 4494 13485 4495 13486 4495 13487 4495 13488 4496 13489 4496 13490 4496 13491 4497 13492 4497 13493 4497 13494 4498 13495 4498 13496 4498 13497 4499 13498 4499 13499 4499 13500 4500 13501 4500 13502 4500 13503 4501 13504 4501 13505 4501 13506 4502 13507 4502 13508 4502 13509 4503 13510 4503 13511 4503 13512 4504 13513 4504 13514 4504 13515 4505 13516 4505 13517 4505 13518 4506 13519 4506 13520 4506 13521 4507 13522 4507 13523 4507 13524 4508 13525 4508 13526 4508 13527 4509 13528 4509 13529 4509 13530 4510 13531 4510 13532 4510 13533 4511 13534 4511 13535 4511 13536 4512 13537 4512 13538 4512 13539 4513 13540 4513 13541 4513 13542 4514 13543 4514 13544 4514 13545 4515 13546 4515 13547 4515 13548 4516 13549 4516 13550 4516 13551 4517 13552 4517 13553 4517 13554 4518 13555 4518 13556 4518 13557 4519 13558 4519 13559 4519 13560 4520 13561 4520 13562 4520 13563 4521 13564 4521 13565 4521 13566 4522 13567 4522 13568 4522 13569 4523 13570 4523 13571 4523 13572 4524 13573 4524 13574 4524 13575 4525 13576 4525 13577 4525 13578 4526 13579 4526 13580 4526 13581 4527 13582 4527 13583 4527 13584 4528 13585 4528 13586 4528 13587 4529 13588 4529 13589 4529 13590 4530 13591 4530 13592 4530 13593 4531 13594 4531 13595 4531 13596 4532 13597 4532 13598 4532 13599 4533 13600 4533 13601 4533 13602 4534 13603 4534 13604 4534 13605 4535 13606 4535 13607 4535 13608 4536 13609 4536 13610 4536 13611 4537 13612 4537 13613 4537 13614 4538 13615 4538 13616 4538 13617 4539 13618 4539 13619 4539 13620 4540 13621 4540 13622 4540 13623 4541 13624 4541 13625 4541 13626 4542 13627 4542 13628 4542 13629 4543 13630 4543 13631 4543 13632 4544 13633 4544 13634 4544 13635 4545 13636 4545 13637 4545 13638 4546 13639 4546 13640 4546 13641 4547 13642 4547 13643 4547 13644 4548 13645 4548 13646 4548 13647 4549 13648 4549 13649 4549 13650 4550 13651 4550 13652 4550 13653 4551 13654 4551 13655 4551 13656 4552 13657 4552 13658 4552 13659 4553 13660 4553 13661 4553 13662 4554 13663 4554 13664 4554 13665 4555 13666 4555 13667 4555 13668 4556 13669 4556 13670 4556 13671 4557 13672 4557 13673 4557 13674 4558 13675 4558 13676 4558 13677 4559 13678 4559 13679 4559 13680 4560 13681 4560 13682 4560 13683 4561 13684 4561 13685 4561 13686 4562 13687 4562 13688 4562 13689 4563 13690 4563 13691 4563 13692 4564 13693 4564 13694 4564 13695 4565 13696 4565 13697 4565 13698 4566 13699 4566 13700 4566 13701 4567 13702 4567 13703 4567 13704 4568 13705 4568 13706 4568 13707 4569 13708 4569 13709 4569 13710 4570 13711 4570 13712 4570 13713 4571 13714 4571 13715 4571 13716 4572 13717 4572 13718 4572 13719 4573 13720 4573 13721 4573 13722 4574 13723 4574 13724 4574 13725 4575 13726 4575 13727 4575 13728 4576 13729 4576 13730 4576 13731 4577 13732 4577 13733 4577 13734 4578 13735 4578 13736 4578 13737 4579 13738 4579 13739 4579 13740 4580 13741 4580 13742 4580 13743 4581 13744 4581 13745 4581 13746 4582 13747 4582 13748 4582 13749 4583 13750 4583 13751 4583 13752 4584 13753 4584 13754 4584 13755 4585 13756 4585 13757 4585 13758 4586 13759 4586 13760 4586 13761 4587 13762 4587 13763 4587 13764 4588 13765 4588 13766 4588 13767 4589 13768 4589 13769 4589 13770 4590 13771 4590 13772 4590 13773 4591 13774 4591 13775 4591 13776 4592 13777 4592 13778 4592 13779 4593 13780 4593 13781 4593 13782 4594 13783 4594 13784 4594 13785 4595 13786 4595 13787 4595 13788 4596 13789 4596 13790 4596 13791 4597 13792 4597 13793 4597 13794 4598 13795 4598 13796 4598 13797 4599 13798 4599 13799 4599 13800 4600 13801 4600 13802 4600 13803 4601 13804 4601 13805 4601 13806 4602 13807 4602 13808 4602 13809 4603 13810 4603 13811 4603 13812 4604 13813 4604 13814 4604 13815 4605 13816 4605 13817 4605 13818 4606 13819 4606 13820 4606 13821 4607 13822 4607 13823 4607 13824 4608 13825 4608 13826 4608 13827 4609 13828 4609 13829 4609 13830 4610 13831 4610 13832 4610 13833 4611 13834 4611 13835 4611 13836 4612 13837 4612 13838 4612 13839 4613 13840 4613 13841 4613 13842 4614 13843 4614 13844 4614 13845 4615 13846 4615 13847 4615 13848 4616 13849 4616 13850 4616 13851 4617 13852 4617 13853 4617 13854 4618 13855 4618 13856 4618 13857 4619 13858 4619 13859 4619 13860 4620 13861 4620 13862 4620 13863 4621 13864 4621 13865 4621 13866 4622 13867 4622 13868 4622 13869 4623 13870 4623 13871 4623 13872 4624 13873 4624 13874 4624 13875 4625 13876 4625 13877 4625 13878 4626 13879 4626 13880 4626 13881 4627 13882 4627 13883 4627 13884 4628 13885 4628 13886 4628 13887 4629 13888 4629 13889 4629 13890 4630 13891 4630 13892 4630 13893 4631 13894 4631 13895 4631 13896 4632 13897 4632 13898 4632 13899 4633 13900 4633 13901 4633 13902 4634 13903 4634 13904 4634 13905 4635 13906 4635 13907 4635 13908 4636 13909 4636 13910 4636 13911 4637 13912 4637 13913 4637 13914 4638 13915 4638 13916 4638 13917 4639 13918 4639 13919 4639 13920 4640 13921 4640 13922 4640 13923 4641 13924 4641 13925 4641 13926 4642 13927 4642 13928 4642 13929 4643 13930 4643 13931 4643 13932 4644 13933 4644 13934 4644 13935 4645 13936 4645 13937 4645 13938 4646 13939 4646 13940 4646 13941 4647 13942 4647 13943 4647 13944 4648 13945 4648 13946 4648 13947 4649 13948 4649 13949 4649 13950 4650 13951 4650 13952 4650 13953 4651 13954 4651 13955 4651 13956 4652 13957 4652 13958 4652 13959 4653 13960 4653 13961 4653 13962 4654 13963 4654 13964 4654 13965 4655 13966 4655 13967 4655 13968 4656 13969 4656 13970 4656 13971 4657 13972 4657 13973 4657 13974 4658 13975 4658 13976 4658 13977 4659 13978 4659 13979 4659 13980 4660 13981 4660 13982 4660 13983 4661 13984 4661 13985 4661 13986 4662 13987 4662 13988 4662 13989 4663 13990 4663 13991 4663 13992 4664 13993 4664 13994 4664 13995 4665 13996 4665 13997 4665 13998 4666 13999 4666 14000 4666 14001 4667 14002 4667 14003 4667 14004 4668 14005 4668 14006 4668 14007 4669 14008 4669 14009 4669 14010 4670 14011 4670 14012 4670 14013 4671 14014 4671 14015 4671 14016 4672 14017 4672 14018 4672 14019 4673 14020 4673 14021 4673 14022 4674 14023 4674 14024 4674 14025 4675 14026 4675 14027 4675 14028 4676 14029 4676 14030 4676 14031 4677 14032 4677 14033 4677 14034 4678 14035 4678 14036 4678 14037 4679 14038 4679 14039 4679 14040 4680 14041 4680 14042 4680 14043 4681 14044 4681 14045 4681 14046 4682 14047 4682 14048 4682 14049 4683 14050 4683 14051 4683 14052 4684 14053 4684 14054 4684 14055 4685 14056 4685 14057 4685 14058 4686 14059 4686 14060 4686 14061 4687 14062 4687 14063 4687 14064 4688 14065 4688 14066 4688 14067 4689 14068 4689 14069 4689 14070 4690 14071 4690 14072 4690 14073 4691 14074 4691 14075 4691 14076 4692 14077 4692 14078 4692 14079 4693 14080 4693 14081 4693 14082 4694 14083 4694 14084 4694 14085 4695 14086 4695 14087 4695 14088 4696 14089 4696 14090 4696 14091 4697 14092 4697 14093 4697 14094 4698 14095 4698 14096 4698 14097 4699 14098 4699 14099 4699 14100 4700 14101 4700 14102 4700 14103 4701 14104 4701 14105 4701 14106 4702 14107 4702 14108 4702 14109 4703 14110 4703 14111 4703 14112 4704 14113 4704 14114 4704 14115 4705 14116 4705 14117 4705 14118 4706 14119 4706 14120 4706 14121 4707 14122 4707 14123 4707 14124 4708 14125 4708 14126 4708 14127 4709 14128 4709 14129 4709 14130 4710 14131 4710 14132 4710 14133 4711 14134 4711 14135 4711 14136 4712 14137 4712 14138 4712 14139 4713 14140 4713 14141 4713 14142 4714 14143 4714 14144 4714 14145 4715 14146 4715 14147 4715 14148 4716 14149 4716 14150 4716 14151 4717 14152 4717 14153 4717 14154 4718 14155 4718 14156 4718 14157 4719 14158 4719 14159 4719 14160 4720 14161 4720 14162 4720 14163 4721 14164 4721 14165 4721 14166 4722 14167 4722 14168 4722 14169 4723 14170 4723 14171 4723 14172 4724 14173 4724 14174 4724 14175 4725 14176 4725 14177 4725 14178 4726 14179 4726 14180 4726 14181 4727 14182 4727 14183 4727 14184 4728 14185 4728 14186 4728 14187 4729 14188 4729 14189 4729 14190 4730 14191 4730 14192 4730 14193 4731 14194 4731 14195 4731 14196 4732 14197 4732 14198 4732 14199 4733 14200 4733 14201 4733 14202 4734 14203 4734 14204 4734 14205 4735 14206 4735 14207 4735 14208 4736 14209 4736 14210 4736 14211 4737 14212 4737 14213 4737 14214 4738 14215 4738 14216 4738 14217 4739 14218 4739 14219 4739 14220 4740 14221 4740 14222 4740 14223 4741 14224 4741 14225 4741 14226 4742 14227 4742 14228 4742 14229 4743 14230 4743 14231 4743 14232 4744 14233 4744 14234 4744 14235 4745 14236 4745 14237 4745 14238 4746 14239 4746 14240 4746 14241 4747 14242 4747 14243 4747 14244 4748 14245 4748 14246 4748 14247 4749 14248 4749 14249 4749 14250 4750 14251 4750 14252 4750 14253 4751 14254 4751 14255 4751 14256 4752 14257 4752 14258 4752 14259 4753 14260 4753 14261 4753 14262 4754 14263 4754 14264 4754 14265 4755 14266 4755 14267 4755 14268 4756 14269 4756 14270 4756 14271 4757 14272 4757 14273 4757 14274 4758 14275 4758 14276 4758 14277 4759 14278 4759 14279 4759 14280 4760 14281 4760 14282 4760 14283 4761 14284 4761 14285 4761 14286 4762 14287 4762 14288 4762 14289 4763 14290 4763 14291 4763 14292 4764 14293 4764 14294 4764 14295 4765 14296 4765 14297 4765 14298 4766 14299 4766 14300 4766 14301 4767 14302 4767 14303 4767 14304 4768 14305 4768 14306 4768 14307 4769 14308 4769 14309 4769 14310 4770 14311 4770 14312 4770 14313 4771 14314 4771 14315 4771 14316 4772 14317 4772 14318 4772 14319 4773 14320 4773 14321 4773 14322 4774 14323 4774 14324 4774 14325 4775 14326 4775 14327 4775 14328 4776 14329 4776 14330 4776 14331 4777 14332 4777 14333 4777 14334 4778 14335 4778 14336 4778 14337 4779 14338 4779 14339 4779 14340 4780 14341 4780 14342 4780 14343 4781 14344 4781 14345 4781 14346 4782 14347 4782 14348 4782 14349 4783 14350 4783 14351 4783 14352 4784 14353 4784 14354 4784 14355 4785 14356 4785 14357 4785 14358 4786 14359 4786 14360 4786 14361 4787 14362 4787 14363 4787 14364 4788 14365 4788 14366 4788 14367 4789 14368 4789 14369 4789 14370 4790 14371 4790 14372 4790 14373 4791 14374 4791 14375 4791 14376 4792 14377 4792 14378 4792 14379 4793 14380 4793 14381 4793 14382 4794 14383 4794 14384 4794 14385 4795 14386 4795 14387 4795 14388 4796 14389 4796 14390 4796 14391 4797 14392 4797 14393 4797 14394 4798 14395 4798 14396 4798 14397 4799 14398 4799 14399 4799 14400 4800 14401 4800 14402 4800 14403 4801 14404 4801 14405 4801 14406 4802 14407 4802 14408 4802 14409 4803 14410 4803 14411 4803 14412 4804 14413 4804 14414 4804 14415 4805 14416 4805 14417 4805 14418 4806 14419 4806 14420 4806 14421 4807 14422 4807 14423 4807 14424 4808 14425 4808 14426 4808 14427 4809 14428 4809 14429 4809 14430 4810 14431 4810 14432 4810 14433 4811 14434 4811 14435 4811 14436 4812 14437 4812 14438 4812 14439 4813 14440 4813 14441 4813 14442 4814 14443 4814 14444 4814 14445 4815 14446 4815 14447 4815 14448 4816 14449 4816 14450 4816 14451 4817 14452 4817 14453 4817 14454 4818 14455 4818 14456 4818 14457 4819 14458 4819 14459 4819 14460 4820 14461 4820 14462 4820 14463 4821 14464 4821 14465 4821 14466 4822 14467 4822 14468 4822 14469 4823 14470 4823 14471 4823 14472 4824 14473 4824 14474 4824 14475 4825 14476 4825 14477 4825 14478 4826 14479 4826 14480 4826 14481 4827 14482 4827 14483 4827 14484 4828 14485 4828 14486 4828 14487 4829 14488 4829 14489 4829 14490 4830 14491 4830 14492 4830 14493 4831 14494 4831 14495 4831 14496 4832 14497 4832 14498 4832 14499 4833 14500 4833 14501 4833 14502 4834 14503 4834 14504 4834 14505 4835 14506 4835 14507 4835 14508 4836 14509 4836 14510 4836 14511 4837 14512 4837 14513 4837 14514 4838 14515 4838 14516 4838 14517 4839 14518 4839 14519 4839 14520 4840 14521 4840 14522 4840 14523 4841 14524 4841 14525 4841 14526 4842 14527 4842 14528 4842 14529 4843 14530 4843 14531 4843 14532 4844 14533 4844 14534 4844 14535 4845 14536 4845 14537 4845 14538 4846 14539 4846 14540 4846 14541 4847 14542 4847 14543 4847 14544 4848 14545 4848 14546 4848 14547 4849 14548 4849 14549 4849 14550 4850 14551 4850 14552 4850 14553 4851 14554 4851 14555 4851 14556 4852 14557 4852 14558 4852 14559 4853 14560 4853 14561 4853 14562 4854 14563 4854 14564 4854 14565 4855 14566 4855 14567 4855 14568 4856 14569 4856 14570 4856 14571 4857 14572 4857 14573 4857 14574 4858 14575 4858 14576 4858 14577 4859 14578 4859 14579 4859 14580 4860 14581 4860 14582 4860 14583 4861 14584 4861 14585 4861 14586 4862 14587 4862 14588 4862 14589 4863 14590 4863 14591 4863 14592 4864 14593 4864 14594 4864 14595 4865 14596 4865 14597 4865 14598 4866 14599 4866 14600 4866 14601 4867 14602 4867 14603 4867 14604 4868 14605 4868 14606 4868 14607 4869 14608 4869 14609 4869 14610 4870 14611 4870 14612 4870 14613 4871 14614 4871 14615 4871 14616 4872 14617 4872 14618 4872 14619 4873 14620 4873 14621 4873 14622 4874 14623 4874 14624 4874 14625 4875 14626 4875 14627 4875 14628 4876 14629 4876 14630 4876 14631 4877 14632 4877 14633 4877 14634 4878 14635 4878 14636 4878 14637 4879 14638 4879 14639 4879 14640 4880 14641 4880 14642 4880 14643 4881 14644 4881 14645 4881 14646 4882 14647 4882 14648 4882 14649 4883 14650 4883 14651 4883 14652 4884 14653 4884 14654 4884 14655 4885 14656 4885 14657 4885 14658 4886 14659 4886 14660 4886 14661 4887 14662 4887 14663 4887 14664 4888 14665 4888 14666 4888 14667 4889 14668 4889 14669 4889 14670 4890 14671 4890 14672 4890 14673 4891 14674 4891 14675 4891 14676 4892 14677 4892 14678 4892 14679 4893 14680 4893 14681 4893 14682 4894 14683 4894 14684 4894 14685 4895 14686 4895 14687 4895 14688 4896 14689 4896 14690 4896 14691 4897 14692 4897 14693 4897 14694 4898 14695 4898 14696 4898 14697 4899 14698 4899 14699 4899 14700 4900 14701 4900 14702 4900 14703 4901 14704 4901 14705 4901 14706 4902 14707 4902 14708 4902 14709 4903 14710 4903 14711 4903 14712 4904 14713 4904 14714 4904 14715 4905 14716 4905 14717 4905 14718 4906 14719 4906 14720 4906 14721 4907 14722 4907 14723 4907 14724 4908 14725 4908 14726 4908 14727 4909 14728 4909 14729 4909 14730 4910 14731 4910 14732 4910 14733 4911 14734 4911 14735 4911 14736 4912 14737 4912 14738 4912 14739 4913 14740 4913 14741 4913 14742 4914 14743 4914 14744 4914 14745 4915 14746 4915 14747 4915 14748 4916 14749 4916 14750 4916 14751 4917 14752 4917 14753 4917 14754 4918 14755 4918 14756 4918 14757 4919 14758 4919 14759 4919 14760 4920 14761 4920 14762 4920 14763 4921 14764 4921 14765 4921 14766 4922 14767 4922 14768 4922 14769 4923 14770 4923 14771 4923 14772 4924 14773 4924 14774 4924 14775 4925 14776 4925 14777 4925 14778 4926 14779 4926 14780 4926 14781 4927 14782 4927 14783 4927 14784 4928 14785 4928 14786 4928 14787 4929 14788 4929 14789 4929 14790 4930 14791 4930 14792 4930 14793 4931 14794 4931 14795 4931 14796 4932 14797 4932 14798 4932 14799 4933 14800 4933 14801 4933 14802 4934 14803 4934 14804 4934 14805 4935 14806 4935 14807 4935 14808 4936 14809 4936 14810 4936 14811 4937 14812 4937 14813 4937 14814 4938 14815 4938 14816 4938 14817 4939 14818 4939 14819 4939 14820 4940 14821 4940 14822 4940 14823 4941 14824 4941 14825 4941 14826 4942 14827 4942 14828 4942 14829 4943 14830 4943 14831 4943 14832 4944 14833 4944 14834 4944 14835 4945 14836 4945 14837 4945 14838 4946 14839 4946 14840 4946 14841 4947 14842 4947 14843 4947 14844 4948 14845 4948 14846 4948 14847 4949 14848 4949 14849 4949 14850 4950 14851 4950 14852 4950 14853 4951 14854 4951 14855 4951 14856 4952 14857 4952 14858 4952 14859 4953 14860 4953 14861 4953 14862 4954 14863 4954 14864 4954 14865 4955 14866 4955 14867 4955 14868 4956 14869 4956 14870 4956 14871 4957 14872 4957 14873 4957 14874 4958 14875 4958 14876 4958 14877 4959 14878 4959 14879 4959 14880 4960 14881 4960 14882 4960 14883 4961 14884 4961 14885 4961 14886 4962 14887 4962 14888 4962 14889 4963 14890 4963 14891 4963 14892 4964 14893 4964 14894 4964 14895 4965 14896 4965 14897 4965 14898 4966 14899 4966 14900 4966 14901 4967 14902 4967 14903 4967 14904 4968 14905 4968 14906 4968 14907 4969 14908 4969 14909 4969 14910 4970 14911 4970 14912 4970 14913 4971 14914 4971 14915 4971 14916 4972 14917 4972 14918 4972 14919 4973 14920 4973 14921 4973 14922 4974 14923 4974 14924 4974 14925 4975 14926 4975 14927 4975 14928 4976 14929 4976 14930 4976 14931 4977 14932 4977 14933 4977 14934 4978 14935 4978 14936 4978 14937 4979 14938 4979 14939 4979 14940 4980 14941 4980 14942 4980 14943 4981 14944 4981 14945 4981 14946 4982 14947 4982 14948 4982 14949 4983 14950 4983 14951 4983 14952 4984 14953 4984 14954 4984 14955 4985 14956 4985 14957 4985 14958 4986 14959 4986 14960 4986 14961 4987 14962 4987 14963 4987 14964 4988 14965 4988 14966 4988 14967 4989 14968 4989 14969 4989 14970 4990 14971 4990 14972 4990 14973 4991 14974 4991 14975 4991 14976 4992 14977 4992 14978 4992 14979 4993 14980 4993 14981 4993 14982 4994 14983 4994 14984 4994 14985 4995 14986 4995 14987 4995 14988 4996 14989 4996 14990 4996 14991 4997 14992 4997 14993 4997 14994 4998 14995 4998 14996 4998 14997 4999 14998 4999 14999 4999 15000 5000 15001 5000 15002 5000 15003 5001 15004 5001 15005 5001 15006 5002 15007 5002 15008 5002 15009 5003 15010 5003 15011 5003 15012 5004 15013 5004 15014 5004 15015 5005 15016 5005 15017 5005 15018 5006 15019 5006 15020 5006 15021 5007 15022 5007 15023 5007 15024 5008 15025 5008 15026 5008 15027 5009 15028 5009 15029 5009 15030 5010 15031 5010 15032 5010 15033 5011 15034 5011 15035 5011 15036 5012 15037 5012 15038 5012 15039 5013 15040 5013 15041 5013 15042 5014 15043 5014 15044 5014 15045 5015 15046 5015 15047 5015 15048 5016 15049 5016 15050 5016 15051 5017 15052 5017 15053 5017 15054 5018 15055 5018 15056 5018 15057 5019 15058 5019 15059 5019 15060 5020 15061 5020 15062 5020 15063 5021 15064 5021 15065 5021 15066 5022 15067 5022 15068 5022 15069 5023 15070 5023 15071 5023 15072 5024 15073 5024 15074 5024 15075 5025 15076 5025 15077 5025 15078 5026 15079 5026 15080 5026 15081 5027 15082 5027 15083 5027 15084 5028 15085 5028 15086 5028 15087 5029 15088 5029 15089 5029 15090 5030 15091 5030 15092 5030 15093 5031 15094 5031 15095 5031 15096 5032 15097 5032 15098 5032 15099 5033 15100 5033 15101 5033 15102 5034 15103 5034 15104 5034 15105 5035 15106 5035 15107 5035 15108 5036 15109 5036 15110 5036 15111 5037 15112 5037 15113 5037 15114 5038 15115 5038 15116 5038 15117 5039 15118 5039 15119 5039 15120 5040 15121 5040 15122 5040 15123 5041 15124 5041 15125 5041 15126 5042 15127 5042 15128 5042 15129 5043 15130 5043 15131 5043 15132 5044 15133 5044 15134 5044 15135 5045 15136 5045 15137 5045 15138 5046 15139 5046 15140 5046 15141 5047 15142 5047 15143 5047 15144 5048 15145 5048 15146 5048 15147 5049 15148 5049 15149 5049 15150 5050 15151 5050 15152 5050 15153 5051 15154 5051 15155 5051 15156 5052 15157 5052 15158 5052 15159 5053 15160 5053 15161 5053 15162 5054 15163 5054 15164 5054 15165 5055 15166 5055 15167 5055 15168 5056 15169 5056 15170 5056 15171 5057 15172 5057 15173 5057 15174 5058 15175 5058 15176 5058 15177 5059 15178 5059 15179 5059 15180 5060 15181 5060 15182 5060 15183 5061 15184 5061 15185 5061 15186 5062 15187 5062 15188 5062 15189 5063 15190 5063 15191 5063 15192 5064 15193 5064 15194 5064 15195 5065 15196 5065 15197 5065 15198 5066 15199 5066 15200 5066 15201 5067 15202 5067 15203 5067 15204 5068 15205 5068 15206 5068 15207 5069 15208 5069 15209 5069 15210 5070 15211 5070 15212 5070 15213 5071 15214 5071 15215 5071 15216 5072 15217 5072 15218 5072 15219 5073 15220 5073 15221 5073 15222 5074 15223 5074 15224 5074 15225 5075 15226 5075 15227 5075 15228 5076 15229 5076 15230 5076 15231 5077 15232 5077 15233 5077 15234 5078 15235 5078 15236 5078 15237 5079 15238 5079 15239 5079 15240 5080 15241 5080 15242 5080 15243 5081 15244 5081 15245 5081 15246 5082 15247 5082 15248 5082 15249 5083 15250 5083 15251 5083 15252 5084 15253 5084 15254 5084 15255 5085 15256 5085 15257 5085 15258 5086 15259 5086 15260 5086 15261 5087 15262 5087 15263 5087 15264 5088 15265 5088 15266 5088 15267 5089 15268 5089 15269 5089 15270 5090 15271 5090 15272 5090 15273 5091 15274 5091 15275 5091 15276 5092 15277 5092 15278 5092 15279 5093 15280 5093 15281 5093 15282 5094 15283 5094 15284 5094 15285 5095 15286 5095 15287 5095 15288 5096 15289 5096 15290 5096 15291 5097 15292 5097 15293 5097 15294 5098 15295 5098 15296 5098 15297 5099 15298 5099 15299 5099 15300 5100 15301 5100 15302 5100 15303 5101 15304 5101 15305 5101 15306 5102 15307 5102 15308 5102 15309 5103 15310 5103 15311 5103 15312 5104 15313 5104 15314 5104 15315 5105 15316 5105 15317 5105 15318 5106 15319 5106 15320 5106 15321 5107 15322 5107 15323 5107 15324 5108 15325 5108 15326 5108 15327 5109 15328 5109 15329 5109 15330 5110 15331 5110 15332 5110 15333 5111 15334 5111 15335 5111 15336 5112 15337 5112 15338 5112 15339 5113 15340 5113 15341 5113 15342 5114 15343 5114 15344 5114 15345 5115 15346 5115 15347 5115 15348 5116 15349 5116 15350 5116 15351 5117 15352 5117 15353 5117 15354 5118 15355 5118 15356 5118 15357 5119 15358 5119 15359 5119 15360 5120 15361 5120 15362 5120 15363 5121 15364 5121 15365 5121 15366 5122 15367 5122 15368 5122 15369 5123 15370 5123 15371 5123 15372 5124 15373 5124 15374 5124 15375 5125 15376 5125 15377 5125 15378 5126 15379 5126 15380 5126 15381 5127 15382 5127 15383 5127 15384 5128 15385 5128 15386 5128 15387 5129 15388 5129 15389 5129 15390 5130 15391 5130 15392 5130 15393 5131 15394 5131 15395 5131 15396 5132 15397 5132 15398 5132 15399 5133 15400 5133 15401 5133 15402 5134 15403 5134 15404 5134 15405 5135 15406 5135 15407 5135 15408 5136 15409 5136 15410 5136 15411 5137 15412 5137 15413 5137 15414 5138 15415 5138 15416 5138 15417 5139 15418 5139 15419 5139 15420 5140 15421 5140 15422 5140 15423 5141 15424 5141 15425 5141 15426 5142 15427 5142 15428 5142 15429 5143 15430 5143 15431 5143 15432 5144 15433 5144 15434 5144 15435 5145 15436 5145 15437 5145 15438 5146 15439 5146 15440 5146 15441 5147 15442 5147 15443 5147 15444 5148 15445 5148 15446 5148 15447 5149 15448 5149 15449 5149 15450 5150 15451 5150 15452 5150 15453 5151 15454 5151 15455 5151 15456 5152 15457 5152 15458 5152 15459 5153 15460 5153 15461 5153 15462 5154 15463 5154 15464 5154 15465 5155 15466 5155 15467 5155 15468 5156 15469 5156 15470 5156 15471 5157 15472 5157 15473 5157 15474 5158 15475 5158 15476 5158 15477 5159 15478 5159 15479 5159 15480 5160 15481 5160 15482 5160 15483 5161 15484 5161 15485 5161 15486 5162 15487 5162 15488 5162 15489 5163 15490 5163 15491 5163 15492 5164 15493 5164 15494 5164 15495 5165 15496 5165 15497 5165 15498 5166 15499 5166 15500 5166 15501 5167 15502 5167 15503 5167 15504 5168 15505 5168 15506 5168 15507 5169 15508 5169 15509 5169 15510 5170 15511 5170 15512 5170 15513 5171 15514 5171 15515 5171 15516 5172 15517 5172 15518 5172 15519 5173 15520 5173 15521 5173 15522 5174 15523 5174 15524 5174 15525 5175 15526 5175 15527 5175 15528 5176 15529 5176 15530 5176 15531 5177 15532 5177 15533 5177 15534 5178 15535 5178 15536 5178 15537 5179 15538 5179 15539 5179 15540 5180 15541 5180 15542 5180 15543 5181 15544 5181 15545 5181 15546 5182 15547 5182 15548 5182 15549 5183 15550 5183 15551 5183 15552 5184 15553 5184 15554 5184 15555 5185 15556 5185 15557 5185 15558 5186 15559 5186 15560 5186 15561 5187 15562 5187 15563 5187 15564 5188 15565 5188 15566 5188 15567 5189 15568 5189 15569 5189 15570 5190 15571 5190 15572 5190 15573 5191 15574 5191 15575 5191 15576 5192 15577 5192 15578 5192 15579 5193 15580 5193 15581 5193 15582 5194 15583 5194 15584 5194 15585 5195 15586 5195 15587 5195 15588 5196 15589 5196 15590 5196 15591 5197 15592 5197 15593 5197 15594 5198 15595 5198 15596 5198 15597 5199 15598 5199 15599 5199 15600 5200 15601 5200 15602 5200 15603 5201 15604 5201 15605 5201 15606 5202 15607 5202 15608 5202 15609 5203 15610 5203 15611 5203 15612 5204 15613 5204 15614 5204 15615 5205 15616 5205 15617 5205 15618 5206 15619 5206 15620 5206 15621 5207 15622 5207 15623 5207 15624 5208 15625 5208 15626 5208 15627 5209 15628 5209 15629 5209 15630 5210 15631 5210 15632 5210 15633 5211 15634 5211 15635 5211 15636 5212 15637 5212 15638 5212 15639 5213 15640 5213 15641 5213 15642 5214 15643 5214 15644 5214 15645 5215 15646 5215 15647 5215 15648 5216 15649 5216 15650 5216 15651 5217 15652 5217 15653 5217 15654 5218 15655 5218 15656 5218 15657 5219 15658 5219 15659 5219 15660 5220 15661 5220 15662 5220 15663 5221 15664 5221 15665 5221 15666 5222 15667 5222 15668 5222 15669 5223 15670 5223 15671 5223 15672 5224 15673 5224 15674 5224 15675 5225 15676 5225 15677 5225 15678 5226 15679 5226 15680 5226 15681 5227 15682 5227 15683 5227 15684 5228 15685 5228 15686 5228 15687 5229 15688 5229 15689 5229 15690 5230 15691 5230 15692 5230 15693 5231 15694 5231 15695 5231 15696 5232 15697 5232 15698 5232 15699 5233 15700 5233 15701 5233 15702 5234 15703 5234 15704 5234 15705 5235 15706 5235 15707 5235 15708 5236 15709 5236 15710 5236 15711 5237 15712 5237 15713 5237 15714 5238 15715 5238 15716 5238 15717 5239 15718 5239 15719 5239 15720 5240 15721 5240 15722 5240 15723 5241 15724 5241 15725 5241 15726 5242 15727 5242 15728 5242 15729 5243 15730 5243 15731 5243 15732 5244 15733 5244 15734 5244 15735 5245 15736 5245 15737 5245 15738 5246 15739 5246 15740 5246 15741 5247 15742 5247 15743 5247 15744 5248 15745 5248 15746 5248 15747 5249 15748 5249 15749 5249 15750 5250 15751 5250 15752 5250 15753 5251 15754 5251 15755 5251 15756 5252 15757 5252 15758 5252 15759 5253 15760 5253 15761 5253 15762 5254 15763 5254 15764 5254 15765 5255 15766 5255 15767 5255 15768 5256 15769 5256 15770 5256 15771 5257 15772 5257 15773 5257 15774 5258 15775 5258 15776 5258 15777 5259 15778 5259 15779 5259 15780 5260 15781 5260 15782 5260 15783 5261 15784 5261 15785 5261 15786 5262 15787 5262 15788 5262 15789 5263 15790 5263 15791 5263 15792 5264 15793 5264 15794 5264 15795 5265 15796 5265 15797 5265 15798 5266 15799 5266 15800 5266 15801 5267 15802 5267 15803 5267 15804 5268 15805 5268 15806 5268 15807 5269 15808 5269 15809 5269 15810 5270 15811 5270 15812 5270 15813 5271 15814 5271 15815 5271 15816 5272 15817 5272 15818 5272 15819 5273 15820 5273 15821 5273 15822 5274 15823 5274 15824 5274 15825 5275 15826 5275 15827 5275 15828 5276 15829 5276 15830 5276 15831 5277 15832 5277 15833 5277 15834 5278 15835 5278 15836 5278 15837 5279 15838 5279 15839 5279 15840 5280 15841 5280 15842 5280 15843 5281 15844 5281 15845 5281 15846 5282 15847 5282 15848 5282 15849 5283 15850 5283 15851 5283 15852 5284 15853 5284 15854 5284 15855 5285 15856 5285 15857 5285 15858 5286 15859 5286 15860 5286 15861 5287 15862 5287 15863 5287 15864 5288 15865 5288 15866 5288 15867 5289 15868 5289 15869 5289 15870 5290 15871 5290 15872 5290 15873 5291 15874 5291 15875 5291 15876 5292 15877 5292 15878 5292 15879 5293 15880 5293 15881 5293 15882 5294 15883 5294 15884 5294 15885 5295 15886 5295 15887 5295 15888 5296 15889 5296 15890 5296 15891 5297 15892 5297 15893 5297 15894 5298 15895 5298 15896 5298 15897 5299 15898 5299 15899 5299 15900 5300 15901 5300 15902 5300 15903 5301 15904 5301 15905 5301 15906 5302 15907 5302 15908 5302 15909 5303 15910 5303 15911 5303 15912 5304 15913 5304 15914 5304 15915 5305 15916 5305 15917 5305 15918 5306 15919 5306 15920 5306 15921 5307 15922 5307 15923 5307 15924 5308 15925 5308 15926 5308 15927 5309 15928 5309 15929 5309 15930 5310 15931 5310 15932 5310 15933 5311 15934 5311 15935 5311 15936 5312 15937 5312 15938 5312 15939 5313 15940 5313 15941 5313 15942 5314 15943 5314 15944 5314 15945 5315 15946 5315 15947 5315 15948 5316 15949 5316 15950 5316 15951 5317 15952 5317 15953 5317 15954 5318 15955 5318 15956 5318 15957 5319 15958 5319 15959 5319 15960 5320 15961 5320 15962 5320 15963 5321 15964 5321 15965 5321 15966 5322 15967 5322 15968 5322 15969 5323 15970 5323 15971 5323 15972 5324 15973 5324 15974 5324 15975 5325 15976 5325 15977 5325 15978 5326 15979 5326 15980 5326 15981 5327 15982 5327 15983 5327 15984 5328 15985 5328 15986 5328 15987 5329 15988 5329 15989 5329 15990 5330 15991 5330 15992 5330 15993 5331 15994 5331 15995 5331 15996 5332 15997 5332 15998 5332 15999 5333 16000 5333 16001 5333 16002 5334 16003 5334 16004 5334 16005 5335 16006 5335 16007 5335 16008 5336 16009 5336 16010 5336 16011 5337 16012 5337 16013 5337 16014 5338 16015 5338 16016 5338 16017 5339 16018 5339 16019 5339 16020 5340 16021 5340 16022 5340 16023 5341 16024 5341 16025 5341 16026 5342 16027 5342 16028 5342 16029 5343 16030 5343 16031 5343 16032 5344 16033 5344 16034 5344 16035 5345 16036 5345 16037 5345 16038 5346 16039 5346 16040 5346 16041 5347 16042 5347 16043 5347 16044 5348 16045 5348 16046 5348 16047 5349 16048 5349 16049 5349 16050 5350 16051 5350 16052 5350 16053 5351 16054 5351 16055 5351 16056 5352 16057 5352 16058 5352 16059 5353 16060 5353 16061 5353 16062 5354 16063 5354 16064 5354 16065 5355 16066 5355 16067 5355 16068 5356 16069 5356 16070 5356 16071 5357 16072 5357 16073 5357 16074 5358 16075 5358 16076 5358 16077 5359 16078 5359 16079 5359 16080 5360 16081 5360 16082 5360 16083 5361 16084 5361 16085 5361 16086 5362 16087 5362 16088 5362 16089 5363 16090 5363 16091 5363 16092 5364 16093 5364 16094 5364 16095 5365 16096 5365 16097 5365 16098 5366 16099 5366 16100 5366 16101 5367 16102 5367 16103 5367 16104 5368 16105 5368 16106 5368 16107 5369 16108 5369 16109 5369 16110 5370 16111 5370 16112 5370 16113 5371 16114 5371 16115 5371 16116 5372 16117 5372 16118 5372 16119 5373 16120 5373 16121 5373 16122 5374 16123 5374 16124 5374 16125 5375 16126 5375 16127 5375 16128 5376 16129 5376 16130 5376 16131 5377 16132 5377 16133 5377 16134 5378 16135 5378 16136 5378 16137 5379 16138 5379 16139 5379 16140 5380 16141 5380 16142 5380 16143 5381 16144 5381 16145 5381 16146 5382 16147 5382 16148 5382 16149 5383 16150 5383 16151 5383 16152 5384 16153 5384 16154 5384 16155 5385 16156 5385 16157 5385 16158 5386 16159 5386 16160 5386 16161 5387 16162 5387 16163 5387 16164 5388 16165 5388 16166 5388 16167 5389 16168 5389 16169 5389 16170 5390 16171 5390 16172 5390 16173 5391 16174 5391 16175 5391 16176 5392 16177 5392 16178 5392 16179 5393 16180 5393 16181 5393 16182 5394 16183 5394 16184 5394 16185 5395 16186 5395 16187 5395 16188 5396 16189 5396 16190 5396 16191 5397 16192 5397 16193 5397 16194 5398 16195 5398 16196 5398 16197 5399 16198 5399 16199 5399 16200 5400 16201 5400 16202 5400 16203 5401 16204 5401 16205 5401 16206 5402 16207 5402 16208 5402 16209 5403 16210 5403 16211 5403 16212 5404 16213 5404 16214 5404 16215 5405 16216 5405 16217 5405 16218 5406 16219 5406 16220 5406 16221 5407 16222 5407 16223 5407 16224 5408 16225 5408 16226 5408 16227 5409 16228 5409 16229 5409 16230 5410 16231 5410 16232 5410 16233 5411 16234 5411 16235 5411 16236 5412 16237 5412 16238 5412 16239 5413 16240 5413 16241 5413 16242 5414 16243 5414 16244 5414 16245 5415 16246 5415 16247 5415 16248 5416 16249 5416 16250 5416 16251 5417 16252 5417 16253 5417 16254 5418 16255 5418 16256 5418 16257 5419 16258 5419 16259 5419 16260 5420 16261 5420 16262 5420 16263 5421 16264 5421 16265 5421 16266 5422 16267 5422 16268 5422 16269 5423 16270 5423 16271 5423 16272 5424 16273 5424 16274 5424 16275 5425 16276 5425 16277 5425 16278 5426 16279 5426 16280 5426 16281 5427 16282 5427 16283 5427 16284 5428 16285 5428 16286 5428 16287 5429 16288 5429 16289 5429 16290 5430 16291 5430 16292 5430 16293 5431 16294 5431 16295 5431 16296 5432 16297 5432 16298 5432 16299 5433 16300 5433 16301 5433 16302 5434 16303 5434 16304 5434 16305 5435 16306 5435 16307 5435 16308 5436 16309 5436 16310 5436 16311 5437 16312 5437 16313 5437 16314 5438 16315 5438 16316 5438 16317 5439 16318 5439 16319 5439 16320 5440 16321 5440 16322 5440 16323 5441 16324 5441 16325 5441 16326 5442 16327 5442 16328 5442 16329 5443 16330 5443 16331 5443 16332 5444 16333 5444 16334 5444 16335 5445 16336 5445 16337 5445 16338 5446 16339 5446 16340 5446 16341 5447 16342 5447 16343 5447 16344 5448 16345 5448 16346 5448 16347 5449 16348 5449 16349 5449 16350 5450 16351 5450 16352 5450 16353 5451 16354 5451 16355 5451 16356 5452 16357 5452 16358 5452 16359 5453 16360 5453 16361 5453 16362 5454 16363 5454 16364 5454 16365 5455 16366 5455 16367 5455 16368 5456 16369 5456 16370 5456 16371 5457 16372 5457 16373 5457 16374 5458 16375 5458 16376 5458 16377 5459 16378 5459 16379 5459 16380 5460 16381 5460 16382 5460 16383 5461 16384 5461 16385 5461 16386 5462 16387 5462 16388 5462 16389 5463 16390 5463 16391 5463 16392 5464 16393 5464 16394 5464 16395 5465 16396 5465 16397 5465 16398 5466 16399 5466 16400 5466 16401 5467 16402 5467 16403 5467 16404 5468 16405 5468 16406 5468 16407 5469 16408 5469 16409 5469 16410 5470 16411 5470 16412 5470 16413 5471 16414 5471 16415 5471 16416 5472 16417 5472 16418 5472 16419 5473 16420 5473 16421 5473 16422 5474 16423 5474 16424 5474 16425 5475 16426 5475 16427 5475 16428 5476 16429 5476 16430 5476 16431 5477 16432 5477 16433 5477 16434 5478 16435 5478 16436 5478 16437 5479 16438 5479 16439 5479 16440 5480 16441 5480 16442 5480 16443 5481 16444 5481 16445 5481 16446 5482 16447 5482 16448 5482 16449 5483 16450 5483 16451 5483 16452 5484 16453 5484 16454 5484 16455 5485 16456 5485 16457 5485 16458 5486 16459 5486 16460 5486 16461 5487 16462 5487 16463 5487 16464 5488 16465 5488 16466 5488 16467 5489 16468 5489 16469 5489 16470 5490 16471 5490 16472 5490 16473 5491 16474 5491 16475 5491 16476 5492 16477 5492 16478 5492 16479 5493 16480 5493 16481 5493 16482 5494 16483 5494 16484 5494 16485 5495 16486 5495 16487 5495 16488 5496 16489 5496 16490 5496 16491 5497 16492 5497 16493 5497 16494 5498 16495 5498 16496 5498 16497 5499 16498 5499 16499 5499 16500 5500 16501 5500 16502 5500 16503 5501 16504 5501 16505 5501 16506 5502 16507 5502 16508 5502 16509 5503 16510 5503 16511 5503 16512 5504 16513 5504 16514 5504 16515 5505 16516 5505 16517 5505 16518 5506 16519 5506 16520 5506 16521 5507 16522 5507 16523 5507 16524 5508 16525 5508 16526 5508 16527 5509 16528 5509 16529 5509 16530 5510 16531 5510 16532 5510 16533 5511 16534 5511 16535 5511 16536 5512 16537 5512 16538 5512 16539 5513 16540 5513 16541 5513 16542 5514 16543 5514 16544 5514 16545 5515 16546 5515 16547 5515 16548 5516 16549 5516 16550 5516 16551 5517 16552 5517 16553 5517 16554 5518 16555 5518 16556 5518 16557 5519 16558 5519 16559 5519 16560 5520 16561 5520 16562 5520 16563 5521 16564 5521 16565 5521 16566 5522 16567 5522 16568 5522 16569 5523 16570 5523 16571 5523 16572 5524 16573 5524 16574 5524 16575 5525 16576 5525 16577 5525 16578 5526 16579 5526 16580 5526 16581 5527 16582 5527 16583 5527 16584 5528 16585 5528 16586 5528 16587 5529 16588 5529 16589 5529 16590 5530 16591 5530 16592 5530 16593 5531 16594 5531 16595 5531 16596 5532 16597 5532 16598 5532 16599 5533 16600 5533 16601 5533 16602 5534 16603 5534 16604 5534 16605 5535 16606 5535 16607 5535 16608 5536 16609 5536 16610 5536 16611 5537 16612 5537 16613 5537 16614 5538 16615 5538 16616 5538 16617 5539 16618 5539 16619 5539 16620 5540 16621 5540 16622 5540 16623 5541 16624 5541 16625 5541 16626 5542 16627 5542 16628 5542 16629 5543 16630 5543 16631 5543 16632 5544 16633 5544 16634 5544 16635 5545 16636 5545 16637 5545 16638 5546 16639 5546 16640 5546 16641 5547 16642 5547 16643 5547 16644 5548 16645 5548 16646 5548 16647 5549 16648 5549 16649 5549 16650 5550 16651 5550 16652 5550 16653 5551 16654 5551 16655 5551 16656 5552 16657 5552 16658 5552 16659 5553 16660 5553 16661 5553 16662 5554 16663 5554 16664 5554 16665 5555 16666 5555 16667 5555 16668 5556 16669 5556 16670 5556 16671 5557 16672 5557 16673 5557 16674 5558 16675 5558 16676 5558 16677 5559 16678 5559 16679 5559 16680 5560 16681 5560 16682 5560 16683 5561 16684 5561 16685 5561 16686 5562 16687 5562 16688 5562 16689 5563 16690 5563 16691 5563 16692 5564 16693 5564 16694 5564 16695 5565 16696 5565 16697 5565 16698 5566 16699 5566 16700 5566 16701 5567 16702 5567 16703 5567 16704 5568 16705 5568 16706 5568 16707 5569 16708 5569 16709 5569 16710 5570 16711 5570 16712 5570 16713 5571 16714 5571 16715 5571 16716 5572 16717 5572 16718 5572 16719 5573 16720 5573 16721 5573 16722 5574 16723 5574 16724 5574 16725 5575 16726 5575 16727 5575 16728 5576 16729 5576 16730 5576 16731 5577 16732 5577 16733 5577 16734 5578 16735 5578 16736 5578 16737 5579 16738 5579 16739 5579 16740 5580 16741 5580 16742 5580 16743 5581 16744 5581 16745 5581 16746 5582 16747 5582 16748 5582 16749 5583 16750 5583 16751 5583 16752 5584 16753 5584 16754 5584 16755 5585 16756 5585 16757 5585 16758 5586 16759 5586 16760 5586 16761 5587 16762 5587 16763 5587 16764 5588 16765 5588 16766 5588 16767 5589 16768 5589 16769 5589 16770 5590 16771 5590 16772 5590 16773 5591 16774 5591 16775 5591 16776 5592 16777 5592 16778 5592 16779 5593 16780 5593 16781 5593 16782 5594 16783 5594 16784 5594 16785 5595 16786 5595 16787 5595 16788 5596 16789 5596 16790 5596 16791 5597 16792 5597 16793 5597 16794 5598 16795 5598 16796 5598 16797 5599 16798 5599 16799 5599 16800 5600 16801 5600 16802 5600 16803 5601 16804 5601 16805 5601 16806 5602 16807 5602 16808 5602 16809 5603 16810 5603 16811 5603 16812 5604 16813 5604 16814 5604 16815 5605 16816 5605 16817 5605 16818 5606 16819 5606 16820 5606 16821 5607 16822 5607 16823 5607 16824 5608 16825 5608 16826 5608 16827 5609 16828 5609 16829 5609 16830 5610 16831 5610 16832 5610 16833 5611 16834 5611 16835 5611 16836 5612 16837 5612 16838 5612 16839 5613 16840 5613 16841 5613 16842 5614 16843 5614 16844 5614 16845 5615 16846 5615 16847 5615 16848 5616 16849 5616 16850 5616 16851 5617 16852 5617 16853 5617 16854 5618 16855 5618 16856 5618 16857 5619 16858 5619 16859 5619 16860 5620 16861 5620 16862 5620 16863 5621 16864 5621 16865 5621 16866 5622 16867 5622 16868 5622 16869 5623 16870 5623 16871 5623 16872 5624 16873 5624 16874 5624 16875 5625 16876 5625 16877 5625 16878 5626 16879 5626 16880 5626 16881 5627 16882 5627 16883 5627 16884 5628 16885 5628 16886 5628 16887 5629 16888 5629 16889 5629 16890 5630 16891 5630 16892 5630 16893 5631 16894 5631 16895 5631 16896 5632 16897 5632 16898 5632 16899 5633 16900 5633 16901 5633 16902 5634 16903 5634 16904 5634 16905 5635 16906 5635 16907 5635 16908 5636 16909 5636 16910 5636 16911 5637 16912 5637 16913 5637 16914 5638 16915 5638 16916 5638 16917 5639 16918 5639 16919 5639 16920 5640 16921 5640 16922 5640 16923 5641 16924 5641 16925 5641 16926 5642 16927 5642 16928 5642 16929 5643 16930 5643 16931 5643 16932 5644 16933 5644 16934 5644 16935 5645 16936 5645 16937 5645 16938 5646 16939 5646 16940 5646 16941 5647 16942 5647 16943 5647 16944 5648 16945 5648 16946 5648 16947 5649 16948 5649 16949 5649 16950 5650 16951 5650 16952 5650 16953 5651 16954 5651 16955 5651 16956 5652 16957 5652 16958 5652 16959 5653 16960 5653 16961 5653 16962 5654 16963 5654 16964 5654 16965 5655 16966 5655 16967 5655 16968 5656 16969 5656 16970 5656 16971 5657 16972 5657 16973 5657 16974 5658 16975 5658 16976 5658 16977 5659 16978 5659 16979 5659 16980 5660 16981 5660 16982 5660 16983 5661 16984 5661 16985 5661 16986 5662 16987 5662 16988 5662 16989 5663 16990 5663 16991 5663 16992 5664 16993 5664 16994 5664 16995 5665 16996 5665 16997 5665 16998 5666 16999 5666 17000 5666 17001 5667 17002 5667 17003 5667 17004 5668 17005 5668 17006 5668 17007 5669 17008 5669 17009 5669 17010 5670 17011 5670 17012 5670 17013 5671 17014 5671 17015 5671 17016 5672 17017 5672 17018 5672 17019 5673 17020 5673 17021 5673 17022 5674 17023 5674 17024 5674 17025 5675 17026 5675 17027 5675 17028 5676 17029 5676 17030 5676 17031 5677 17032 5677 17033 5677 17034 5678 17035 5678 17036 5678 17037 5679 17038 5679 17039 5679 17040 5680 17041 5680 17042 5680 17043 5681 17044 5681 17045 5681 17046 5682 17047 5682 17048 5682 17049 5683 17050 5683 17051 5683 17052 5684 17053 5684 17054 5684 17055 5685 17056 5685 17057 5685 17058 5686 17059 5686 17060 5686 17061 5687 17062 5687 17063 5687 17064 5688 17065 5688 17066 5688 17067 5689 17068 5689 17069 5689 17070 5690 17071 5690 17072 5690 17073 5691 17074 5691 17075 5691 17076 5692 17077 5692 17078 5692 17079 5693 17080 5693 17081 5693 17082 5694 17083 5694 17084 5694 17085 5695 17086 5695 17087 5695 17088 5696 17089 5696 17090 5696 17091 5697 17092 5697 17093 5697 17094 5698 17095 5698 17096 5698 17097 5699 17098 5699 17099 5699 17100 5700 17101 5700 17102 5700 17103 5701 17104 5701 17105 5701 17106 5702 17107 5702 17108 5702 17109 5703 17110 5703 17111 5703 17112 5704 17113 5704 17114 5704 17115 5705 17116 5705 17117 5705 17118 5706 17119 5706 17120 5706 17121 5707 17122 5707 17123 5707 17124 5708 17125 5708 17126 5708 17127 5709 17128 5709 17129 5709 17130 5710 17131 5710 17132 5710 17133 5711 17134 5711 17135 5711 17136 5712 17137 5712 17138 5712 17139 5713 17140 5713 17141 5713 17142 5714 17143 5714 17144 5714 17145 5715 17146 5715 17147 5715 17148 5716 17149 5716 17150 5716 17151 5717 17152 5717 17153 5717 17154 5718 17155 5718 17156 5718 17157 5719 17158 5719 17159 5719 17160 5720 17161 5720 17162 5720 17163 5721 17164 5721 17165 5721 17166 5722 17167 5722 17168 5722 17169 5723 17170 5723 17171 5723 17172 5724 17173 5724 17174 5724 17175 5725 17176 5725 17177 5725 17178 5726 17179 5726 17180 5726 17181 5727 17182 5727 17183 5727 17184 5728 17185 5728 17186 5728 17187 5729 17188 5729 17189 5729 17190 5730 17191 5730 17192 5730 17193 5731 17194 5731 17195 5731 17196 5732 17197 5732 17198 5732 17199 5733 17200 5733 17201 5733 17202 5734 17203 5734 17204 5734 17205 5735 17206 5735 17207 5735 17208 5736 17209 5736 17210 5736 17211 5737 17212 5737 17213 5737 17214 5738 17215 5738 17216 5738 17217 5739 17218 5739 17219 5739 17220 5740 17221 5740 17222 5740 17223 5741 17224 5741 17225 5741 17226 5742 17227 5742 17228 5742 17229 5743 17230 5743 17231 5743 17232 5744 17233 5744 17234 5744 17235 5745 17236 5745 17237 5745 17238 5746 17239 5746 17240 5746 17241 5747 17242 5747 17243 5747 17244 5748 17245 5748 17246 5748 17247 5749 17248 5749 17249 5749 17250 5750 17251 5750 17252 5750 17253 5751 17254 5751 17255 5751 17256 5752 17257 5752 17258 5752 17259 5753 17260 5753 17261 5753 17262 5754 17263 5754 17264 5754 17265 5755 17266 5755 17267 5755 17268 5756 17269 5756 17270 5756 17271 5757 17272 5757 17273 5757 17274 5758 17275 5758 17276 5758 17277 5759 17278 5759 17279 5759 17280 5760 17281 5760 17282 5760 17283 5761 17284 5761 17285 5761 17286 5762 17287 5762 17288 5762 17289 5763 17290 5763 17291 5763 17292 5764 17293 5764 17294 5764 17295 5765 17296 5765 17297 5765 17298 5766 17299 5766 17300 5766 17301 5767 17302 5767 17303 5767 17304 5768 17305 5768 17306 5768 17307 5769 17308 5769 17309 5769 17310 5770 17311 5770 17312 5770 17313 5771 17314 5771 17315 5771 17316 5772 17317 5772 17318 5772 17319 5773 17320 5773 17321 5773 17322 5774 17323 5774 17324 5774 17325 5775 17326 5775 17327 5775 17328 5776 17329 5776 17330 5776 17331 5777 17332 5777 17333 5777 17334 5778 17335 5778 17336 5778 17337 5779 17338 5779 17339 5779 17340 5780 17341 5780 17342 5780 17343 5781 17344 5781 17345 5781 17346 5782 17347 5782 17348 5782 17349 5783 17350 5783 17351 5783 17352 5784 17353 5784 17354 5784 17355 5785 17356 5785 17357 5785 17358 5786 17359 5786 17360 5786 17361 5787 17362 5787 17363 5787 17364 5788 17365 5788 17366 5788 17367 5789 17368 5789 17369 5789 17370 5790 17371 5790 17372 5790 17373 5791 17374 5791 17375 5791 17376 5792 17377 5792 17378 5792 17379 5793 17380 5793 17381 5793 17382 5794 17383 5794 17384 5794 17385 5795 17386 5795 17387 5795 17388 5796 17389 5796 17390 5796 17391 5797 17392 5797 17393 5797 17394 5798 17395 5798 17396 5798 17397 5799 17398 5799 17399 5799 17400 5800 17401 5800 17402 5800 17403 5801 17404 5801 17405 5801 17406 5802 17407 5802 17408 5802 17409 5803 17410 5803 17411 5803 17412 5804 17413 5804 17414 5804 17415 5805 17416 5805 17417 5805 17418 5806 17419 5806 17420 5806 17421 5807 17422 5807 17423 5807 17424 5808 17425 5808 17426 5808 17427 5809 17428 5809 17429 5809 17430 5810 17431 5810 17432 5810 17433 5811 17434 5811 17435 5811 17436 5812 17437 5812 17438 5812 17439 5813 17440 5813 17441 5813 17442 5814 17443 5814 17444 5814 17445 5815 17446 5815 17447 5815 17448 5816 17449 5816 17450 5816 17451 5817 17452 5817 17453 5817 17454 5818 17455 5818 17456 5818 17457 5819 17458 5819 17459 5819 17460 5820 17461 5820 17462 5820 17463 5821 17464 5821 17465 5821 17466 5822 17467 5822 17468 5822 17469 5823 17470 5823 17471 5823 17472 5824 17473 5824 17474 5824 17475 5825 17476 5825 17477 5825 17478 5826 17479 5826 17480 5826 17481 5827 17482 5827 17483 5827 17484 5828 17485 5828 17486 5828 17487 5829 17488 5829 17489 5829 17490 5830 17491 5830 17492 5830 17493 5831 17494 5831 17495 5831 17496 5832 17497 5832 17498 5832 17499 5833 17500 5833 17501 5833 17502 5834 17503 5834 17504 5834 17505 5835 17506 5835 17507 5835 17508 5836 17509 5836 17510 5836 17511 5837 17512 5837 17513 5837 17514 5838 17515 5838 17516 5838 17517 5839 17518 5839 17519 5839 17520 5840 17521 5840 17522 5840 17523 5841 17524 5841 17525 5841 17526 5842 17527 5842 17528 5842 17529 5843 17530 5843 17531 5843 17532 5844 17533 5844 17534 5844 17535 5845 17536 5845 17537 5845 17538 5846 17539 5846 17540 5846 17541 5847 17542 5847 17543 5847 17544 5848 17545 5848 17546 5848 17547 5849 17548 5849 17549 5849 17550 5850 17551 5850 17552 5850 17553 5851 17554 5851 17555 5851 17556 5852 17557 5852 17558 5852 17559 5853 17560 5853 17561 5853 17562 5854 17563 5854 17564 5854 17565 5855 17566 5855 17567 5855 17568 5856 17569 5856 17570 5856 17571 5857 17572 5857 17573 5857 17574 5858 17575 5858 17576 5858 17577 5859 17578 5859 17579 5859 17580 5860 17581 5860 17582 5860 17583 5861 17584 5861 17585 5861 17586 5862 17587 5862 17588 5862 17589 5863 17590 5863 17591 5863 17592 5864 17593 5864 17594 5864 17595 5865 17596 5865 17597 5865 17598 5866 17599 5866 17600 5866 17601 5867 17602 5867 17603 5867 17604 5868 17605 5868 17606 5868 17607 5869 17608 5869 17609 5869 17610 5870 17611 5870 17612 5870 17613 5871 17614 5871 17615 5871 17616 5872 17617 5872 17618 5872 17619 5873 17620 5873 17621 5873 17622 5874 17623 5874 17624 5874 17625 5875 17626 5875 17627 5875 17628 5876 17629 5876 17630 5876 17631 5877 17632 5877 17633 5877 17634 5878 17635 5878 17636 5878 17637 5879 17638 5879 17639 5879 17640 5880 17641 5880 17642 5880 17643 5881 17644 5881 17645 5881 17646 5882 17647 5882 17648 5882 17649 5883 17650 5883 17651 5883 17652 5884 17653 5884 17654 5884 17655 5885 17656 5885 17657 5885 17658 5886 17659 5886 17660 5886 17661 5887 17662 5887 17663 5887 17664 5888 17665 5888 17666 5888 17667 5889 17668 5889 17669 5889 17670 5890 17671 5890 17672 5890 17673 5891 17674 5891 17675 5891 17676 5892 17677 5892 17678 5892 17679 5893 17680 5893 17681 5893 17682 5894 17683 5894 17684 5894 17685 5895 17686 5895 17687 5895 17688 5896 17689 5896 17690 5896 17691 5897 17692 5897 17693 5897 17694 5898 17695 5898 17696 5898 17697 5899 17698 5899 17699 5899 17700 5900 17701 5900 17702 5900 17703 5901 17704 5901 17705 5901 17706 5902 17707 5902 17708 5902 17709 5903 17710 5903 17711 5903 17712 5904 17713 5904 17714 5904 17715 5905 17716 5905 17717 5905 17718 5906 17719 5906 17720 5906 17721 5907 17722 5907 17723 5907 17724 5908 17725 5908 17726 5908 17727 5909 17728 5909 17729 5909 17730 5910 17731 5910 17732 5910 17733 5911 17734 5911 17735 5911 17736 5912 17737 5912 17738 5912 17739 5913 17740 5913 17741 5913 17742 5914 17743 5914 17744 5914 17745 5915 17746 5915 17747 5915 17748 5916 17749 5916 17750 5916 17751 5917 17752 5917 17753 5917 17754 5918 17755 5918 17756 5918 17757 5919 17758 5919 17759 5919 17760 5920 17761 5920 17762 5920 17763 5921 17764 5921 17765 5921 17766 5922 17767 5922 17768 5922 17769 5923 17770 5923 17771 5923 17772 5924 17773 5924 17774 5924 17775 5925 17776 5925 17777 5925 17778 5926 17779 5926 17780 5926 17781 5927 17782 5927 17783 5927 17784 5928 17785 5928 17786 5928 17787 5929 17788 5929 17789 5929 17790 5930 17791 5930 17792 5930 17793 5931 17794 5931 17795 5931 17796 5932 17797 5932 17798 5932 17799 5933 17800 5933 17801 5933 17802 5934 17803 5934 17804 5934 17805 5935 17806 5935 17807 5935 17808 5936 17809 5936 17810 5936 17811 5937 17812 5937 17813 5937 17814 5938 17815 5938 17816 5938 17817 5939 17818 5939 17819 5939 17820 5940 17821 5940 17822 5940 17823 5941 17824 5941 17825 5941 17826 5942 17827 5942 17828 5942 17829 5943 17830 5943 17831 5943 17832 5944 17833 5944 17834 5944 17835 5945 17836 5945 17837 5945 17838 5946 17839 5946 17840 5946 17841 5947 17842 5947 17843 5947 17844 5948 17845 5948 17846 5948 17847 5949 17848 5949 17849 5949 17850 5950 17851 5950 17852 5950 17853 5951 17854 5951 17855 5951 17856 5952 17857 5952 17858 5952 17859 5953 17860 5953 17861 5953 17862 5954 17863 5954 17864 5954 17865 5955 17866 5955 17867 5955 17868 5956 17869 5956 17870 5956 17871 5957 17872 5957 17873 5957 17874 5958 17875 5958 17876 5958 17877 5959 17878 5959 17879 5959 17880 5960 17881 5960 17882 5960 17883 5961 17884 5961 17885 5961 17886 5962 17887 5962 17888 5962 17889 5963 17890 5963 17891 5963 17892 5964 17893 5964 17894 5964 17895 5965 17896 5965 17897 5965 17898 5966 17899 5966 17900 5966 17901 5967 17902 5967 17903 5967 17904 5968 17905 5968 17906 5968 17907 5969 17908 5969 17909 5969 17910 5970 17911 5970 17912 5970 17913 5971 17914 5971 17915 5971 17916 5972 17917 5972 17918 5972 17919 5973 17920 5973 17921 5973 17922 5974 17923 5974 17924 5974 17925 5975 17926 5975 17927 5975 17928 5976 17929 5976 17930 5976 17931 5977 17932 5977 17933 5977 17934 5978 17935 5978 17936 5978 17937 5979 17938 5979 17939 5979 17940 5980 17941 5980 17942 5980 17943 5981 17944 5981 17945 5981 17946 5982 17947 5982 17948 5982 17949 5983 17950 5983 17951 5983 17952 5984 17953 5984 17954 5984 17955 5985 17956 5985 17957 5985 17958 5986 17959 5986 17960 5986 17961 5987 17962 5987 17963 5987 17964 5988 17965 5988 17966 5988 17967 5989 17968 5989 17969 5989 17970 5990 17971 5990 17972 5990 17973 5991 17974 5991 17975 5991 17976 5992 17977 5992 17978 5992 17979 5993 17980 5993 17981 5993 17982 5994 17983 5994 17984 5994 17985 5995 17986 5995 17987 5995 17988 5996 17989 5996 17990 5996 17991 5997 17992 5997 17993 5997 17994 5998 17995 5998 17996 5998 17997 5999 17998 5999 17999 5999 18000 6000 18001 6000 18002 6000 18003 6001 18004 6001 18005 6001 18006 6002 18007 6002 18008 6002 18009 6003 18010 6003 18011 6003 18012 6004 18013 6004 18014 6004 18015 6005 18016 6005 18017 6005 18018 6006 18019 6006 18020 6006 18021 6007 18022 6007 18023 6007 18024 6008 18025 6008 18026 6008 18027 6009 18028 6009 18029 6009 18030 6010 18031 6010 18032 6010 18033 6011 18034 6011 18035 6011 18036 6012 18037 6012 18038 6012 18039 6013 18040 6013 18041 6013 18042 6014 18043 6014 18044 6014 18045 6015 18046 6015 18047 6015 18048 6016 18049 6016 18050 6016 18051 6017 18052 6017 18053 6017 18054 6018 18055 6018 18056 6018 18057 6019 18058 6019 18059 6019 18060 6020 18061 6020 18062 6020 18063 6021 18064 6021 18065 6021 18066 6022 18067 6022 18068 6022 18069 6023 18070 6023 18071 6023 18072 6024 18073 6024 18074 6024 18075 6025 18076 6025 18077 6025 18078 6026 18079 6026 18080 6026 18081 6027 18082 6027 18083 6027 18084 6028 18085 6028 18086 6028 18087 6029 18088 6029 18089 6029 18090 6030 18091 6030 18092 6030 18093 6031 18094 6031 18095 6031 18096 6032 18097 6032 18098 6032 18099 6033 18100 6033 18101 6033 18102 6034 18103 6034 18104 6034 18105 6035 18106 6035 18107 6035 18108 6036 18109 6036 18110 6036 18111 6037 18112 6037 18113 6037 18114 6038 18115 6038 18116 6038 18117 6039 18118 6039 18119 6039 18120 6040 18121 6040 18122 6040 18123 6041 18124 6041 18125 6041 18126 6042 18127 6042 18128 6042 18129 6043 18130 6043 18131 6043 18132 6044 18133 6044 18134 6044 18135 6045 18136 6045 18137 6045 18138 6046 18139 6046 18140 6046 18141 6047 18142 6047 18143 6047 18144 6048 18145 6048 18146 6048 18147 6049 18148 6049 18149 6049 18150 6050 18151 6050 18152 6050 18153 6051 18154 6051 18155 6051 18156 6052 18157 6052 18158 6052 18159 6053 18160 6053 18161 6053 18162 6054 18163 6054 18164 6054 18165 6055 18166 6055 18167 6055 18168 6056 18169 6056 18170 6056 18171 6057 18172 6057 18173 6057 18174 6058 18175 6058 18176 6058 18177 6059 18178 6059 18179 6059 18180 6060 18181 6060 18182 6060 18183 6061 18184 6061 18185 6061 18186 6062 18187 6062 18188 6062 18189 6063 18190 6063 18191 6063 18192 6064 18193 6064 18194 6064 18195 6065 18196 6065 18197 6065 18198 6066 18199 6066 18200 6066 18201 6067 18202 6067 18203 6067 18204 6068 18205 6068 18206 6068 18207 6069 18208 6069 18209 6069 18210 6070 18211 6070 18212 6070 18213 6071 18214 6071 18215 6071 18216 6072 18217 6072 18218 6072 18219 6073 18220 6073 18221 6073 18222 6074 18223 6074 18224 6074 18225 6075 18226 6075 18227 6075 18228 6076 18229 6076 18230 6076 18231 6077 18232 6077 18233 6077 18234 6078 18235 6078 18236 6078 18237 6079 18238 6079 18239 6079 18240 6080 18241 6080 18242 6080 18243 6081 18244 6081 18245 6081 18246 6082 18247 6082 18248 6082 18249 6083 18250 6083 18251 6083 18252 6084 18253 6084 18254 6084 18255 6085 18256 6085 18257 6085 18258 6086 18259 6086 18260 6086 18261 6087 18262 6087 18263 6087 18264 6088 18265 6088 18266 6088 18267 6089 18268 6089 18269 6089 18270 6090 18271 6090 18272 6090 18273 6091 18274 6091 18275 6091 18276 6092 18277 6092 18278 6092 18279 6093 18280 6093 18281 6093 18282 6094 18283 6094 18284 6094 18285 6095 18286 6095 18287 6095 18288 6096 18289 6096 18290 6096 18291 6097 18292 6097 18293 6097 18294 6098 18295 6098 18296 6098 18297 6099 18298 6099 18299 6099 18300 6100 18301 6100 18302 6100 18303 6101 18304 6101 18305 6101 18306 6102 18307 6102 18308 6102 18309 6103 18310 6103 18311 6103 18312 6104 18313 6104 18314 6104 18315 6105 18316 6105 18317 6105 18318 6106 18319 6106 18320 6106 18321 6107 18322 6107 18323 6107 18324 6108 18325 6108 18326 6108 18327 6109 18328 6109 18329 6109 18330 6110 18331 6110 18332 6110 18333 6111 18334 6111 18335 6111 18336 6112 18337 6112 18338 6112 18339 6113 18340 6113 18341 6113 18342 6114 18343 6114 18344 6114 18345 6115 18346 6115 18347 6115 18348 6116 18349 6116 18350 6116 18351 6117 18352 6117 18353 6117 18354 6118 18355 6118 18356 6118 18357 6119 18358 6119 18359 6119 18360 6120 18361 6120 18362 6120 18363 6121 18364 6121 18365 6121 18366 6122 18367 6122 18368 6122 18369 6123 18370 6123 18371 6123 18372 6124 18373 6124 18374 6124 18375 6125 18376 6125 18377 6125 18378 6126 18379 6126 18380 6126 18381 6127 18382 6127 18383 6127 18384 6128 18385 6128 18386 6128 18387 6129 18388 6129 18389 6129 18390 6130 18391 6130 18392 6130 18393 6131 18394 6131 18395 6131 18396 6132 18397 6132 18398 6132 18399 6133 18400 6133 18401 6133 18402 6134 18403 6134 18404 6134 18405 6135 18406 6135 18407 6135 18408 6136 18409 6136 18410 6136 18411 6137 18412 6137 18413 6137 18414 6138 18415 6138 18416 6138 18417 6139 18418 6139 18419 6139 18420 6140 18421 6140 18422 6140 18423 6141 18424 6141 18425 6141 18426 6142 18427 6142 18428 6142 18429 6143 18430 6143 18431 6143 18432 6144 18433 6144 18434 6144 18435 6145 18436 6145 18437 6145 18438 6146 18439 6146 18440 6146 18441 6147 18442 6147 18443 6147 18444 6148 18445 6148 18446 6148 18447 6149 18448 6149 18449 6149 18450 6150 18451 6150 18452 6150 18453 6151 18454 6151 18455 6151 18456 6152 18457 6152 18458 6152 18459 6153 18460 6153 18461 6153 18462 6154 18463 6154 18464 6154 18465 6155 18466 6155 18467 6155 18468 6156 18469 6156 18470 6156 18471 6157 18472 6157 18473 6157 18474 6158 18475 6158 18476 6158 18477 6159 18478 6159 18479 6159 18480 6160 18481 6160 18482 6160 18483 6161 18484 6161 18485 6161 18486 6162 18487 6162 18488 6162 18489 6163 18490 6163 18491 6163 18492 6164 18493 6164 18494 6164 18495 6165 18496 6165 18497 6165 18498 6166 18499 6166 18500 6166 18501 6167 18502 6167 18503 6167 18504 6168 18505 6168 18506 6168 18507 6169 18508 6169 18509 6169 18510 6170 18511 6170 18512 6170 18513 6171 18514 6171 18515 6171 18516 6172 18517 6172 18518 6172 18519 6173 18520 6173 18521 6173 18522 6174 18523 6174 18524 6174 18525 6175 18526 6175 18527 6175 18528 6176 18529 6176 18530 6176 18531 6177 18532 6177 18533 6177 18534 6178 18535 6178 18536 6178 18537 6179 18538 6179 18539 6179 18540 6180 18541 6180 18542 6180 18543 6181 18544 6181 18545 6181 18546 6182 18547 6182 18548 6182 18549 6183 18550 6183 18551 6183 18552 6184 18553 6184 18554 6184 18555 6185 18556 6185 18557 6185 18558 6186 18559 6186 18560 6186 18561 6187 18562 6187 18563 6187 18564 6188 18565 6188 18566 6188 18567 6189 18568 6189 18569 6189 18570 6190 18571 6190 18572 6190 18573 6191 18574 6191 18575 6191 18576 6192 18577 6192 18578 6192 18579 6193 18580 6193 18581 6193 18582 6194 18583 6194 18584 6194 18585 6195 18586 6195 18587 6195 18588 6196 18589 6196 18590 6196 18591 6197 18592 6197 18593 6197 18594 6198 18595 6198 18596 6198 18597 6199 18598 6199 18599 6199 18600 6200 18601 6200 18602 6200 18603 6201 18604 6201 18605 6201 18606 6202 18607 6202 18608 6202 18609 6203 18610 6203 18611 6203 18612 6204 18613 6204 18614 6204 18615 6205 18616 6205 18617 6205 18618 6206 18619 6206 18620 6206 18621 6207 18622 6207 18623 6207 18624 6208 18625 6208 18626 6208 18627 6209 18628 6209 18629 6209 18630 6210 18631 6210 18632 6210 18633 6211 18634 6211 18635 6211 18636 6212 18637 6212 18638 6212 18639 6213 18640 6213 18641 6213 18642 6214 18643 6214 18644 6214 18645 6215 18646 6215 18647 6215 18648 6216 18649 6216 18650 6216 18651 6217 18652 6217 18653 6217 18654 6218 18655 6218 18656 6218 18657 6219 18658 6219 18659 6219 18660 6220 18661 6220 18662 6220 18663 6221 18664 6221 18665 6221 18666 6222 18667 6222 18668 6222 18669 6223 18670 6223 18671 6223 18672 6224 18673 6224 18674 6224 18675 6225 18676 6225 18677 6225 18678 6226 18679 6226 18680 6226 18681 6227 18682 6227 18683 6227 18684 6228 18685 6228 18686 6228 18687 6229 18688 6229 18689 6229 18690 6230 18691 6230 18692 6230 18693 6231 18694 6231 18695 6231 18696 6232 18697 6232 18698 6232 18699 6233 18700 6233 18701 6233 18702 6234 18703 6234 18704 6234 18705 6235 18706 6235 18707 6235 18708 6236 18709 6236 18710 6236 18711 6237 18712 6237 18713 6237 18714 6238 18715 6238 18716 6238 18717 6239 18718 6239 18719 6239 18720 6240 18721 6240 18722 6240 18723 6241 18724 6241 18725 6241 18726 6242 18727 6242 18728 6242 18729 6243 18730 6243 18731 6243 18732 6244 18733 6244 18734 6244 18735 6245 18736 6245 18737 6245 18738 6246 18739 6246 18740 6246 18741 6247 18742 6247 18743 6247 18744 6248 18745 6248 18746 6248 18747 6249 18748 6249 18749 6249 18750 6250 18751 6250 18752 6250 18753 6251 18754 6251 18755 6251 18756 6252 18757 6252 18758 6252 18759 6253 18760 6253 18761 6253 18762 6254 18763 6254 18764 6254 18765 6255 18766 6255 18767 6255 18768 6256 18769 6256 18770 6256 18771 6257 18772 6257 18773 6257 18774 6258 18775 6258 18776 6258 18777 6259 18778 6259 18779 6259 18780 6260 18781 6260 18782 6260 18783 6261 18784 6261 18785 6261 18786 6262 18787 6262 18788 6262 18789 6263 18790 6263 18791 6263 18792 6264 18793 6264 18794 6264 18795 6265 18796 6265 18797 6265 18798 6266 18799 6266 18800 6266 18801 6267 18802 6267 18803 6267 18804 6268 18805 6268 18806 6268 18807 6269 18808 6269 18809 6269 18810 6270 18811 6270 18812 6270 18813 6271 18814 6271 18815 6271 18816 6272 18817 6272 18818 6272 18819 6273 18820 6273 18821 6273 18822 6274 18823 6274 18824 6274 18825 6275 18826 6275 18827 6275 18828 6276 18829 6276 18830 6276 18831 6277 18832 6277 18833 6277 18834 6278 18835 6278 18836 6278 18837 6279 18838 6279 18839 6279 18840 6280 18841 6280 18842 6280 18843 6281 18844 6281 18845 6281 18846 6282 18847 6282 18848 6282 18849 6283 18850 6283 18851 6283 18852 6284 18853 6284 18854 6284 18855 6285 18856 6285 18857 6285 18858 6286 18859 6286 18860 6286 18861 6287 18862 6287 18863 6287 18864 6288 18865 6288 18866 6288 18867 6289 18868 6289 18869 6289 18870 6290 18871 6290 18872 6290 18873 6291 18874 6291 18875 6291 18876 6292 18877 6292 18878 6292 18879 6293 18880 6293 18881 6293 18882 6294 18883 6294 18884 6294 18885 6295 18886 6295 18887 6295 18888 6296 18889 6296 18890 6296 18891 6297 18892 6297 18893 6297 18894 6298 18895 6298 18896 6298 18897 6299 18898 6299 18899 6299 18900 6300 18901 6300 18902 6300 18903 6301 18904 6301 18905 6301 18906 6302 18907 6302 18908 6302 18909 6303 18910 6303 18911 6303 18912 6304 18913 6304 18914 6304 18915 6305 18916 6305 18917 6305 18918 6306 18919 6306 18920 6306 18921 6307 18922 6307 18923 6307 18924 6308 18925 6308 18926 6308 18927 6309 18928 6309 18929 6309 18930 6310 18931 6310 18932 6310 18933 6311 18934 6311 18935 6311 18936 6312 18937 6312 18938 6312 18939 6313 18940 6313 18941 6313 18942 6314 18943 6314 18944 6314 18945 6315 18946 6315 18947 6315 18948 6316 18949 6316 18950 6316 18951 6317 18952 6317 18953 6317 18954 6318 18955 6318 18956 6318 18957 6319 18958 6319 18959 6319 18960 6320 18961 6320 18962 6320 18963 6321 18964 6321 18965 6321 18966 6322 18967 6322 18968 6322 18969 6323 18970 6323 18971 6323 18972 6324 18973 6324 18974 6324 18975 6325 18976 6325 18977 6325 18978 6326 18979 6326 18980 6326 18981 6327 18982 6327 18983 6327 18984 6328 18985 6328 18986 6328 18987 6329 18988 6329 18989 6329 18990 6330 18991 6330 18992 6330 18993 6331 18994 6331 18995 6331 18996 6332 18997 6332 18998 6332 18999 6333 19000 6333 19001 6333 19002 6334 19003 6334 19004 6334 19005 6335 19006 6335 19007 6335 19008 6336 19009 6336 19010 6336 19011 6337 19012 6337 19013 6337 19014 6338 19015 6338 19016 6338 19017 6339 19018 6339 19019 6339 19020 6340 19021 6340 19022 6340 19023 6341 19024 6341 19025 6341 19026 6342 19027 6342 19028 6342 19029 6343 19030 6343 19031 6343 19032 6344 19033 6344 19034 6344 19035 6345 19036 6345 19037 6345 19038 6346 19039 6346 19040 6346 19041 6347 19042 6347 19043 6347 19044 6348 19045 6348 19046 6348 19047 6349 19048 6349 19049 6349 19050 6350 19051 6350 19052 6350 19053 6351 19054 6351 19055 6351 19056 6352 19057 6352 19058 6352 19059 6353 19060 6353 19061 6353 19062 6354 19063 6354 19064 6354 19065 6355 19066 6355 19067 6355 19068 6356 19069 6356 19070 6356 19071 6357 19072 6357 19073 6357 19074 6358 19075 6358 19076 6358 19077 6359 19078 6359 19079 6359 19080 6360 19081 6360 19082 6360 19083 6361 19084 6361 19085 6361 19086 6362 19087 6362 19088 6362 19089 6363 19090 6363 19091 6363 19092 6364 19093 6364 19094 6364 19095 6365 19096 6365 19097 6365 19098 6366 19099 6366 19100 6366 19101 6367 19102 6367 19103 6367 19104 6368 19105 6368 19106 6368 19107 6369 19108 6369 19109 6369 19110 6370 19111 6370 19112 6370 19113 6371 19114 6371 19115 6371 19116 6372 19117 6372 19118 6372 19119 6373 19120 6373 19121 6373 19122 6374 19123 6374 19124 6374 19125 6375 19126 6375 19127 6375 19128 6376 19129 6376 19130 6376 19131 6377 19132 6377 19133 6377 19134 6378 19135 6378 19136 6378 19137 6379 19138 6379 19139 6379 19140 6380 19141 6380 19142 6380 19143 6381 19144 6381 19145 6381 19146 6382 19147 6382 19148 6382 19149 6383 19150 6383 19151 6383 19152 6384 19153 6384 19154 6384 19155 6385 19156 6385 19157 6385 19158 6386 19159 6386 19160 6386 19161 6387 19162 6387 19163 6387 19164 6388 19165 6388 19166 6388 19167 6389 19168 6389 19169 6389 19170 6390 19171 6390 19172 6390 19173 6391 19174 6391 19175 6391 19176 6392 19177 6392 19178 6392 19179 6393 19180 6393 19181 6393 19182 6394 19183 6394 19184 6394 19185 6395 19186 6395 19187 6395 19188 6396 19189 6396 19190 6396 19191 6397 19192 6397 19193 6397 19194 6398 19195 6398 19196 6398 19197 6399 19198 6399 19199 6399 19200 6400 19201 6400 19202 6400 19203 6401 19204 6401 19205 6401 19206 6402 19207 6402 19208 6402 19209 6403 19210 6403 19211 6403 19212 6404 19213 6404 19214 6404 19215 6405 19216 6405 19217 6405 19218 6406 19219 6406 19220 6406 19221 6407 19222 6407 19223 6407 19224 6408 19225 6408 19226 6408 19227 6409 19228 6409 19229 6409 19230 6410 19231 6410 19232 6410 19233 6411 19234 6411 19235 6411 19236 6412 19237 6412 19238 6412 19239 6413 19240 6413 19241 6413 19242 6414 19243 6414 19244 6414 19245 6415 19246 6415 19247 6415 19248 6416 19249 6416 19250 6416 19251 6417 19252 6417 19253 6417 19254 6418 19255 6418 19256 6418 19257 6419 19258 6419 19259 6419 19260 6420 19261 6420 19262 6420 19263 6421 19264 6421 19265 6421 19266 6422 19267 6422 19268 6422 19269 6423 19270 6423 19271 6423 19272 6424 19273 6424 19274 6424 19275 6425 19276 6425 19277 6425 19278 6426 19279 6426 19280 6426 19281 6427 19282 6427 19283 6427 19284 6428 19285 6428 19286 6428 19287 6429 19288 6429 19289 6429 19290 6430 19291 6430 19292 6430 19293 6431 19294 6431 19295 6431 19296 6432 19297 6432 19298 6432 19299 6433 19300 6433 19301 6433 19302 6434 19303 6434 19304 6434 19305 6435 19306 6435 19307 6435 19308 6436 19309 6436 19310 6436 19311 6437 19312 6437 19313 6437 19314 6438 19315 6438 19316 6438 19317 6439 19318 6439 19319 6439 19320 6440 19321 6440 19322 6440 19323 6441 19324 6441 19325 6441 19326 6442 19327 6442 19328 6442 19329 6443 19330 6443 19331 6443 19332 6444 19333 6444 19334 6444 19335 6445 19336 6445 19337 6445 19338 6446 19339 6446 19340 6446 19341 6447 19342 6447 19343 6447 19344 6448 19345 6448 19346 6448 19347 6449 19348 6449 19349 6449 19350 6450 19351 6450 19352 6450 19353 6451 19354 6451 19355 6451 19356 6452 19357 6452 19358 6452 19359 6453 19360 6453 19361 6453 19362 6454 19363 6454 19364 6454 19365 6455 19366 6455 19367 6455 19368 6456 19369 6456 19370 6456 19371 6457 19372 6457 19373 6457 19374 6458 19375 6458 19376 6458 19377 6459 19378 6459 19379 6459 19380 6460 19381 6460 19382 6460 19383 6461 19384 6461 19385 6461 19386 6462 19387 6462 19388 6462 19389 6463 19390 6463 19391 6463 19392 6464 19393 6464 19394 6464 19395 6465 19396 6465 19397 6465 19398 6466 19399 6466 19400 6466 19401 6467 19402 6467 19403 6467 19404 6468 19405 6468 19406 6468 19407 6469 19408 6469 19409 6469 19410 6470 19411 6470 19412 6470 19413 6471 19414 6471 19415 6471 19416 6472 19417 6472 19418 6472 19419 6473 19420 6473 19421 6473 19422 6474 19423 6474 19424 6474 19425 6475 19426 6475 19427 6475 19428 6476 19429 6476 19430 6476 19431 6477 19432 6477 19433 6477 19434 6478 19435 6478 19436 6478 19437 6479 19438 6479 19439 6479 19440 6480 19441 6480 19442 6480 19443 6481 19444 6481 19445 6481 19446 6482 19447 6482 19448 6482 19449 6483 19450 6483 19451 6483 19452 6484 19453 6484 19454 6484 19455 6485 19456 6485 19457 6485 19458 6486 19459 6486 19460 6486 19461 6487 19462 6487 19463 6487 19464 6488 19465 6488 19466 6488 19467 6489 19468 6489 19469 6489 19470 6490 19471 6490 19472 6490 19473 6491 19474 6491 19475 6491 19476 6492 19477 6492 19478 6492 19479 6493 19480 6493 19481 6493 19482 6494 19483 6494 19484 6494 19485 6495 19486 6495 19487 6495 19488 6496 19489 6496 19490 6496 19491 6497 19492 6497 19493 6497 19494 6498 19495 6498 19496 6498 19497 6499 19498 6499 19499 6499 19500 6500 19501 6500 19502 6500 19503 6501 19504 6501 19505 6501 19506 6502 19507 6502 19508 6502 19509 6503 19510 6503 19511 6503 19512 6504 19513 6504 19514 6504 19515 6505 19516 6505 19517 6505 19518 6506 19519 6506 19520 6506 19521 6507 19522 6507 19523 6507 19524 6508 19525 6508 19526 6508 19527 6509 19528 6509 19529 6509 19530 6510 19531 6510 19532 6510 19533 6511 19534 6511 19535 6511 19536 6512 19537 6512 19538 6512 19539 6513 19540 6513 19541 6513 19542 6514 19543 6514 19544 6514 19545 6515 19546 6515 19547 6515 19548 6516 19549 6516 19550 6516 19551 6517 19552 6517 19553 6517 19554 6518 19555 6518 19556 6518 19557 6519 19558 6519 19559 6519 19560 6520 19561 6520 19562 6520 19563 6521 19564 6521 19565 6521 19566 6522 19567 6522 19568 6522 19569 6523 19570 6523 19571 6523 19572 6524 19573 6524 19574 6524 19575 6525 19576 6525 19577 6525 19578 6526 19579 6526 19580 6526 19581 6527 19582 6527 19583 6527 19584 6528 19585 6528 19586 6528 19587 6529 19588 6529 19589 6529 19590 6530 19591 6530 19592 6530 19593 6531 19594 6531 19595 6531 19596 6532 19597 6532 19598 6532 19599 6533 19600 6533 19601 6533 19602 6534 19603 6534 19604 6534 19605 6535 19606 6535 19607 6535 19608 6536 19609 6536 19610 6536 19611 6537 19612 6537 19613 6537 19614 6538 19615 6538 19616 6538 19617 6539 19618 6539 19619 6539 19620 6540 19621 6540 19622 6540 19623 6541 19624 6541 19625 6541 19626 6542 19627 6542 19628 6542 19629 6543 19630 6543 19631 6543 19632 6544 19633 6544 19634 6544 19635 6545 19636 6545 19637 6545 19638 6546 19639 6546 19640 6546 19641 6547 19642 6547 19643 6547 19644 6548 19645 6548 19646 6548 19647 6549 19648 6549 19649 6549 19650 6550 19651 6550 19652 6550 19653 6551 19654 6551 19655 6551 19656 6552 19657 6552 19658 6552 19659 6553 19660 6553 19661 6553 19662 6554 19663 6554 19664 6554 19665 6555 19666 6555 19667 6555 19668 6556 19669 6556 19670 6556 19671 6557 19672 6557 19673 6557 19674 6558 19675 6558 19676 6558 19677 6559 19678 6559 19679 6559 19680 6560 19681 6560 19682 6560 19683 6561 19684 6561 19685 6561 19686 6562 19687 6562 19688 6562 19689 6563 19690 6563 19691 6563 19692 6564 19693 6564 19694 6564 19695 6565 19696 6565 19697 6565 19698 6566 19699 6566 19700 6566 19701 6567 19702 6567 19703 6567 19704 6568 19705 6568 19706 6568 19707 6569 19708 6569 19709 6569 19710 6570 19711 6570 19712 6570 19713 6571 19714 6571 19715 6571 19716 6572 19717 6572 19718 6572 19719 6573 19720 6573 19721 6573 19722 6574 19723 6574 19724 6574 19725 6575 19726 6575 19727 6575 19728 6576 19729 6576 19730 6576 19731 6577 19732 6577 19733 6577 19734 6578 19735 6578 19736 6578 19737 6579 19738 6579 19739 6579 19740 6580 19741 6580 19742 6580 19743 6581 19744 6581 19745 6581 19746 6582 19747 6582 19748 6582 19749 6583 19750 6583 19751 6583 19752 6584 19753 6584 19754 6584 19755 6585 19756 6585 19757 6585 19758 6586 19759 6586 19760 6586 19761 6587 19762 6587 19763 6587 19764 6588 19765 6588 19766 6588 19767 6589 19768 6589 19769 6589 19770 6590 19771 6590 19772 6590 19773 6591 19774 6591 19775 6591 19776 6592 19777 6592 19778 6592 19779 6593 19780 6593 19781 6593 19782 6594 19783 6594 19784 6594 19785 6595 19786 6595 19787 6595 19788 6596 19789 6596 19790 6596 19791 6597 19792 6597 19793 6597 19794 6598 19795 6598 19796 6598 19797 6599 19798 6599 19799 6599 19800 6600 19801 6600 19802 6600 19803 6601 19804 6601 19805 6601 19806 6602 19807 6602 19808 6602 19809 6603 19810 6603 19811 6603 19812 6604 19813 6604 19814 6604 19815 6605 19816 6605 19817 6605 19818 6606 19819 6606 19820 6606 19821 6607 19822 6607 19823 6607 19824 6608 19825 6608 19826 6608 19827 6609 19828 6609 19829 6609 19830 6610 19831 6610 19832 6610 19833 6611 19834 6611 19835 6611 19836 6612 19837 6612 19838 6612 19839 6613 19840 6613 19841 6613 19842 6614 19843 6614 19844 6614 19845 6615 19846 6615 19847 6615 19848 6616 19849 6616 19850 6616 19851 6617 19852 6617 19853 6617 19854 6618 19855 6618 19856 6618 19857 6619 19858 6619 19859 6619 19860 6620 19861 6620 19862 6620 19863 6621 19864 6621 19865 6621 19866 6622 19867 6622 19868 6622 19869 6623 19870 6623 19871 6623 19872 6624 19873 6624 19874 6624 19875 6625 19876 6625 19877 6625 19878 6626 19879 6626 19880 6626 19881 6627 19882 6627 19883 6627 19884 6628 19885 6628 19886 6628 19887 6629 19888 6629 19889 6629 19890 6630 19891 6630 19892 6630 19893 6631 19894 6631 19895 6631 19896 6632 19897 6632 19898 6632 19899 6633 19900 6633 19901 6633 19902 6634 19903 6634 19904 6634 19905 6635 19906 6635 19907 6635 19908 6636 19909 6636 19910 6636 19911 6637 19912 6637 19913 6637 19914 6638 19915 6638 19916 6638 19917 6639 19918 6639 19919 6639 19920 6640 19921 6640 19922 6640 19923 6641 19924 6641 19925 6641 19926 6642 19927 6642 19928 6642 19929 6643 19930 6643 19931 6643 19932 6644 19933 6644 19934 6644 19935 6645 19936 6645 19937 6645 19938 6646 19939 6646 19940 6646 19941 6647 19942 6647 19943 6647 19944 6648 19945 6648 19946 6648 19947 6649 19948 6649 19949 6649 19950 6650 19951 6650 19952 6650 19953 6651 19954 6651 19955 6651 19956 6652 19957 6652 19958 6652 19959 6653 19960 6653 19961 6653 19962 6654 19963 6654 19964 6654 19965 6655 19966 6655 19967 6655 19968 6656 19969 6656 19970 6656 19971 6657 19972 6657 19973 6657 19974 6658 19975 6658 19976 6658 19977 6659 19978 6659 19979 6659 19980 6660 19981 6660 19982 6660 19983 6661 19984 6661 19985 6661 19986 6662 19987 6662 19988 6662 19989 6663 19990 6663 19991 6663 19992 6664 19993 6664 19994 6664 19995 6665 19996 6665 19997 6665 19998 6666 19999 6666 20000 6666 20001 6667 20002 6667 20003 6667 20004 6668 20005 6668 20006 6668 20007 6669 20008 6669 20009 6669 20010 6670 20011 6670 20012 6670 20013 6671 20014 6671 20015 6671 20016 6672 20017 6672 20018 6672 20019 6673 20020 6673 20021 6673 20022 6674 20023 6674 20024 6674 20025 6675 20026 6675 20027 6675 20028 6676 20029 6676 20030 6676 20031 6677 20032 6677 20033 6677 20034 6678 20035 6678 20036 6678 20037 6679 20038 6679 20039 6679 20040 6680 20041 6680 20042 6680 20043 6681 20044 6681 20045 6681 20046 6682 20047 6682 20048 6682 20049 6683 20050 6683 20051 6683 20052 6684 20053 6684 20054 6684 20055 6685 20056 6685 20057 6685 20058 6686 20059 6686 20060 6686 20061 6687 20062 6687 20063 6687 20064 6688 20065 6688 20066 6688 20067 6689 20068 6689 20069 6689 20070 6690 20071 6690 20072 6690 20073 6691 20074 6691 20075 6691 20076 6692 20077 6692 20078 6692 20079 6693 20080 6693 20081 6693 20082 6694 20083 6694 20084 6694 20085 6695 20086 6695 20087 6695 20088 6696 20089 6696 20090 6696 20091 6697 20092 6697 20093 6697 20094 6698 20095 6698 20096 6698 20097 6699 20098 6699 20099 6699 20100 6700 20101 6700 20102 6700 20103 6701 20104 6701 20105 6701 20106 6702 20107 6702 20108 6702 20109 6703 20110 6703 20111 6703 20112 6704 20113 6704 20114 6704 20115 6705 20116 6705 20117 6705 20118 6706 20119 6706 20120 6706 20121 6707 20122 6707 20123 6707 20124 6708 20125 6708 20126 6708 20127 6709 20128 6709 20129 6709 20130 6710 20131 6710 20132 6710 20133 6711 20134 6711 20135 6711 20136 6712 20137 6712 20138 6712 20139 6713 20140 6713 20141 6713 20142 6714 20143 6714 20144 6714 20145 6715 20146 6715 20147 6715 20148 6716 20149 6716 20150 6716 20151 6717 20152 6717 20153 6717 20154 6718 20155 6718 20156 6718 20157 6719 20158 6719 20159 6719 20160 6720 20161 6720 20162 6720 20163 6721 20164 6721 20165 6721 20166 6722 20167 6722 20168 6722 20169 6723 20170 6723 20171 6723 20172 6724 20173 6724 20174 6724 20175 6725 20176 6725 20177 6725 20178 6726 20179 6726 20180 6726 20181 6727 20182 6727 20183 6727 20184 6728 20185 6728 20186 6728 20187 6729 20188 6729 20189 6729 20190 6730 20191 6730 20192 6730 20193 6731 20194 6731 20195 6731 20196 6732 20197 6732 20198 6732 20199 6733 20200 6733 20201 6733 20202 6734 20203 6734 20204 6734 20205 6735 20206 6735 20207 6735 20208 6736 20209 6736 20210 6736 20211 6737 20212 6737 20213 6737 20214 6738 20215 6738 20216 6738 20217 6739 20218 6739 20219 6739 20220 6740 20221 6740 20222 6740 20223 6741 20224 6741 20225 6741 20226 6742 20227 6742 20228 6742 20229 6743 20230 6743 20231 6743 20232 6744 20233 6744 20234 6744 20235 6745 20236 6745 20237 6745 20238 6746 20239 6746 20240 6746 20241 6747 20242 6747 20243 6747 20244 6748 20245 6748 20246 6748 20247 6749 20248 6749 20249 6749 20250 6750 20251 6750 20252 6750 20253 6751 20254 6751 20255 6751 20256 6752 20257 6752 20258 6752 20259 6753 20260 6753 20261 6753 20262 6754 20263 6754 20264 6754 20265 6755 20266 6755 20267 6755 20268 6756 20269 6756 20270 6756 20271 6757 20272 6757 20273 6757 20274 6758 20275 6758 20276 6758 20277 6759 20278 6759 20279 6759 20280 6760 20281 6760 20282 6760 20283 6761 20284 6761 20285 6761 20286 6762 20287 6762 20288 6762 20289 6763 20290 6763 20291 6763 20292 6764 20293 6764 20294 6764 20295 6765 20296 6765 20297 6765 20298 6766 20299 6766 20300 6766 20301 6767 20302 6767 20303 6767 20304 6768 20305 6768 20306 6768 20307 6769 20308 6769 20309 6769 20310 6770 20311 6770 20312 6770 20313 6771 20314 6771 20315 6771 20316 6772 20317 6772 20318 6772 20319 6773 20320 6773 20321 6773 20322 6774 20323 6774 20324 6774 20325 6775 20326 6775 20327 6775 20328 6776 20329 6776 20330 6776 20331 6777 20332 6777 20333 6777 20334 6778 20335 6778 20336 6778 20337 6779 20338 6779 20339 6779 20340 6780 20341 6780 20342 6780 20343 6781 20344 6781 20345 6781 20346 6782 20347 6782 20348 6782 20349 6783 20350 6783 20351 6783 20352 6784 20353 6784 20354 6784 20355 6785 20356 6785 20357 6785 20358 6786 20359 6786 20360 6786 20361 6787 20362 6787 20363 6787 20364 6788 20365 6788 20366 6788 20367 6789 20368 6789 20369 6789 20370 6790 20371 6790 20372 6790 20373 6791 20374 6791 20375 6791 20376 6792 20377 6792 20378 6792 20379 6793 20380 6793 20381 6793 20382 6794 20383 6794 20384 6794 20385 6795 20386 6795 20387 6795 20388 6796 20389 6796 20390 6796 20391 6797 20392 6797 20393 6797 20394 6798 20395 6798 20396 6798 20397 6799 20398 6799 20399 6799 20400 6800 20401 6800 20402 6800 20403 6801 20404 6801 20405 6801 20406 6802 20407 6802 20408 6802 20409 6803 20410 6803 20411 6803 20412 6804 20413 6804 20414 6804 20415 6805 20416 6805 20417 6805 20418 6806 20419 6806 20420 6806 20421 6807 20422 6807 20423 6807 20424 6808 20425 6808 20426 6808 20427 6809 20428 6809 20429 6809 20430 6810 20431 6810 20432 6810 20433 6811 20434 6811 20435 6811 20436 6812 20437 6812 20438 6812 20439 6813 20440 6813 20441 6813 20442 6814 20443 6814 20444 6814 20445 6815 20446 6815 20447 6815 20448 6816 20449 6816 20450 6816 20451 6817 20452 6817 20453 6817 20454 6818 20455 6818 20456 6818 20457 6819 20458 6819 20459 6819 20460 6820 20461 6820 20462 6820 20463 6821 20464 6821 20465 6821 20466 6822 20467 6822 20468 6822 20469 6823 20470 6823 20471 6823 20472 6824 20473 6824 20474 6824 20475 6825 20476 6825 20477 6825 20478 6826 20479 6826 20480 6826 20481 6827 20482 6827 20483 6827 20484 6828 20485 6828 20486 6828 20487 6829 20488 6829 20489 6829 20490 6830 20491 6830 20492 6830 20493 6831 20494 6831 20495 6831 20496 6832 20497 6832 20498 6832 20499 6833 20500 6833 20501 6833 20502 6834 20503 6834 20504 6834 20505 6835 20506 6835 20507 6835 20508 6836 20509 6836 20510 6836 20511 6837 20512 6837 20513 6837 20514 6838 20515 6838 20516 6838 20517 6839 20518 6839 20519 6839 20520 6840 20521 6840 20522 6840 20523 6841 20524 6841 20525 6841 20526 6842 20527 6842 20528 6842 20529 6843 20530 6843 20531 6843 20532 6844 20533 6844 20534 6844 20535 6845 20536 6845 20537 6845 20538 6846 20539 6846 20540 6846 20541 6847 20542 6847 20543 6847 20544 6848 20545 6848 20546 6848 20547 6849 20548 6849 20549 6849 20550 6850 20551 6850 20552 6850 20553 6851 20554 6851 20555 6851 20556 6852 20557 6852 20558 6852 20559 6853 20560 6853 20561 6853 20562 6854 20563 6854 20564 6854 20565 6855 20566 6855 20567 6855 20568 6856 20569 6856 20570 6856 20571 6857 20572 6857 20573 6857 20574 6858 20575 6858 20576 6858 20577 6859 20578 6859 20579 6859 20580 6860 20581 6860 20582 6860 20583 6861 20584 6861 20585 6861 20586 6862 20587 6862 20588 6862 20589 6863 20590 6863 20591 6863 20592 6864 20593 6864 20594 6864 20595 6865 20596 6865 20597 6865 20598 6866 20599 6866 20600 6866 20601 6867 20602 6867 20603 6867 20604 6868 20605 6868 20606 6868 20607 6869 20608 6869 20609 6869 20610 6870 20611 6870 20612 6870 20613 6871 20614 6871 20615 6871 20616 6872 20617 6872 20618 6872 20619 6873 20620 6873 20621 6873 20622 6874 20623 6874 20624 6874 20625 6875 20626 6875 20627 6875 20628 6876 20629 6876 20630 6876 20631 6877 20632 6877 20633 6877 20634 6878 20635 6878 20636 6878 20637 6879 20638 6879 20639 6879 20640 6880 20641 6880 20642 6880 20643 6881 20644 6881 20645 6881 20646 6882 20647 6882 20648 6882 20649 6883 20650 6883 20651 6883 20652 6884 20653 6884 20654 6884 20655 6885 20656 6885 20657 6885 20658 6886 20659 6886 20660 6886 20661 6887 20662 6887 20663 6887 20664 6888 20665 6888 20666 6888 20667 6889 20668 6889 20669 6889 20670 6890 20671 6890 20672 6890 20673 6891 20674 6891 20675 6891 20676 6892 20677 6892 20678 6892 20679 6893 20680 6893 20681 6893 20682 6894 20683 6894 20684 6894 20685 6895 20686 6895 20687 6895 20688 6896 20689 6896 20690 6896 20691 6897 20692 6897 20693 6897 20694 6898 20695 6898 20696 6898 20697 6899 20698 6899 20699 6899 20700 6900 20701 6900 20702 6900 20703 6901 20704 6901 20705 6901 20706 6902 20707 6902 20708 6902 20709 6903 20710 6903 20711 6903 20712 6904 20713 6904 20714 6904 20715 6905 20716 6905 20717 6905 20718 6906 20719 6906 20720 6906 20721 6907 20722 6907 20723 6907 20724 6908 20725 6908 20726 6908 20727 6909 20728 6909 20729 6909 20730 6910 20731 6910 20732 6910 20733 6911 20734 6911 20735 6911 20736 6912 20737 6912 20738 6912 20739 6913 20740 6913 20741 6913 20742 6914 20743 6914 20744 6914 20745 6915 20746 6915 20747 6915 20748 6916 20749 6916 20750 6916 20751 6917 20752 6917 20753 6917 20754 6918 20755 6918 20756 6918 20757 6919 20758 6919 20759 6919 20760 6920 20761 6920 20762 6920 20763 6921 20764 6921 20765 6921 20766 6922 20767 6922 20768 6922 20769 6923 20770 6923 20771 6923 20772 6924 20773 6924 20774 6924 20775 6925 20776 6925 20777 6925 20778 6926 20779 6926 20780 6926 20781 6927 20782 6927 20783 6927 20784 6928 20785 6928 20786 6928 20787 6929 20788 6929 20789 6929 20790 6930 20791 6930 20792 6930 20793 6931 20794 6931 20795 6931 20796 6932 20797 6932 20798 6932 20799 6933 20800 6933 20801 6933 20802 6934 20803 6934 20804 6934 20805 6935 20806 6935 20807 6935 20808 6936 20809 6936 20810 6936 20811 6937 20812 6937 20813 6937 20814 6938 20815 6938 20816 6938 20817 6939 20818 6939 20819 6939 20820 6940 20821 6940 20822 6940 20823 6941 20824 6941 20825 6941 20826 6942 20827 6942 20828 6942 20829 6943 20830 6943 20831 6943 20832 6944 20833 6944 20834 6944 20835 6945 20836 6945 20837 6945 20838 6946 20839 6946 20840 6946 20841 6947 20842 6947 20843 6947 20844 6948 20845 6948 20846 6948 20847 6949 20848 6949 20849 6949 20850 6950 20851 6950 20852 6950 20853 6951 20854 6951 20855 6951 20856 6952 20857 6952 20858 6952 20859 6953 20860 6953 20861 6953 20862 6954 20863 6954 20864 6954 20865 6955 20866 6955 20867 6955 20868 6956 20869 6956 20870 6956 20871 6957 20872 6957 20873 6957 20874 6958 20875 6958 20876 6958 20877 6959 20878 6959 20879 6959 20880 6960 20881 6960 20882 6960 20883 6961 20884 6961 20885 6961 20886 6962 20887 6962 20888 6962 20889 6963 20890 6963 20891 6963 20892 6964 20893 6964 20894 6964 20895 6965 20896 6965 20897 6965 20898 6966 20899 6966 20900 6966 20901 6967 20902 6967 20903 6967 20904 6968 20905 6968 20906 6968 20907 6969 20908 6969 20909 6969 20910 6970 20911 6970 20912 6970 20913 6971 20914 6971 20915 6971 20916 6972 20917 6972 20918 6972 20919 6973 20920 6973 20921 6973 20922 6974 20923 6974 20924 6974 20925 6975 20926 6975 20927 6975 20928 6976 20929 6976 20930 6976 20931 6977 20932 6977 20933 6977 20934 6978 20935 6978 20936 6978 20937 6979 20938 6979 20939 6979 20940 6980 20941 6980 20942 6980 20943 6981 20944 6981 20945 6981 20946 6982 20947 6982 20948 6982 20949 6983 20950 6983 20951 6983 20952 6984 20953 6984 20954 6984 20955 6985 20956 6985 20957 6985 20958 6986 20959 6986 20960 6986 20961 6987 20962 6987 20963 6987 20964 6988 20965 6988 20966 6988 20967 6989 20968 6989 20969 6989 20970 6990 20971 6990 20972 6990 20973 6991 20974 6991 20975 6991 20976 6992 20977 6992 20978 6992 20979 6993 20980 6993 20981 6993 20982 6994 20983 6994 20984 6994 20985 6995 20986 6995 20987 6995 20988 6996 20989 6996 20990 6996 20991 6997 20992 6997 20993 6997 20994 6998 20995 6998 20996 6998 20997 6999 20998 6999 20999 6999 21000 7000 21001 7000 21002 7000 21003 7001 21004 7001 21005 7001 21006 7002 21007 7002 21008 7002 21009 7003 21010 7003 21011 7003 21012 7004 21013 7004 21014 7004 21015 7005 21016 7005 21017 7005 21018 7006 21019 7006 21020 7006 21021 7007 21022 7007 21023 7007 21024 7008 21025 7008 21026 7008 21027 7009 21028 7009 21029 7009 21030 7010 21031 7010 21032 7010 21033 7011 21034 7011 21035 7011 21036 7012 21037 7012 21038 7012 21039 7013 21040 7013 21041 7013 21042 7014 21043 7014 21044 7014 21045 7015 21046 7015 21047 7015 21048 7016 21049 7016 21050 7016 21051 7017 21052 7017 21053 7017 21054 7018 21055 7018 21056 7018 21057 7019 21058 7019 21059 7019 21060 7020 21061 7020 21062 7020 21063 7021 21064 7021 21065 7021 21066 7022 21067 7022 21068 7022 21069 7023 21070 7023 21071 7023 21072 7024 21073 7024 21074 7024 21075 7025 21076 7025 21077 7025 21078 7026 21079 7026 21080 7026 21081 7027 21082 7027 21083 7027 21084 7028 21085 7028 21086 7028 21087 7029 21088 7029 21089 7029 21090 7030 21091 7030 21092 7030 21093 7031 21094 7031 21095 7031</p>
    </triangles>
  </mesh></geometry></library_geometries>
  <library_visual_scenes><visual_scene id="scene"><node id="buildings-uav-node"><instance_geometry url="#buildings-uav-geometry">
    <bind_material><technique_common><instance_material symbol="building-material-symbol" target="#building-material"/></technique_common></bind_material>
  </instance_geometry></node></visual_scene></library_visual_scenes>
  <scene><instance_visual_scene url="#scene"/></scene>
</COLLADA>
